sentence_id	source	article_id	genre	topic	category	sent_idx	n_clean	url	text	in_quote	text_marked	member	label	izvor_oznake	pravilo
bli-10273523353-005	blic	10273523353	vest	pol-drustvo	drustvo	5	19	https://www.blic.rs/vesti/drustvo/sta-raditi-ako-dobijete-lazni-sms-za-kaznu-nova-prevara-kruzi-srbijom/4pwl9cp	Poruke stvarno deluju kao da dolaze od JKP "Putevi Srbije"		Poruke stvarno deluju kao da dolaze od JKP "Putevi Srbije"	../danas-blic/danas-blic/to_annotate_danas-blic.tsv	SUBJ	usaglaseno	P1
bli-10661856054-004	blic	10661856054	vest	pol-drustvo	drustvo	4	5	https://www.blic.rs/vesti/drustvo/auto-put-e-75-u-zastoju-nesrece-kod-vodnja-i-begaljickog-brda-usporavaju-saobracaj/4wbsks6	Na autoputu E-75 večeras se dogodila saobraćajna nezgoda kod Vodnja u smeru ka Nišu, a prema pisanjima pojedinih medija, jedno vozilo pretrpelo je veliku materijalnu štetu, odnosno prednji deo automobila je potpuno uništen.		Na autoputu E-75 večeras se dogodila saobraćajna nezgoda kod Vodnja u smeru ka Nišu, a prema pisanjima pojedinih medija, jedno vozilo pretrpelo je veliku materijalnu štetu, odnosno prednji deo automobila je potpuno uništen.	../danas-blic/danas-blic/to_annotate_danas-blic.tsv	OBJ	saglasnost	
bli-12250897430-021	blic	12250897430	kolumna	pol-drustvo	politika	21	68	https://www.blic.rs/vesti/politika/cedomir-antic-pise-za-blic-o-mrznji/5mlv8ye	Sa druge strane da li je politička pobeda moguća bez onih koji nemaju ispravne motive, kao i bez nesrećnih, uskraćenih, neiživljenih, glupih, nezrelnih, mentalno bolesnih…?		Sa druge strane da li je politička pobeda moguća bez onih koji nemaju ispravne motive, kao i bez nesrećnih, uskraćenih, neiživljenih, glupih, nezrelnih, mentalno bolesnih…?	../danas-blic/danas-blic/to_annotate_danas-blic.tsv	SUBJ	saglasnost	
bli-12874271836-003	blic	12874271836	vest	kultura	kultura	3	14	https://www.blic.rs/kultura/proslavljeni-reditelj-emir-kusturica-otkriva-detalje-o-svom-filmu-posvecenom-moskvi/5wx0bq4	Arhitektura je novi deo te percepcije, ali ljudi su uvek ono što je grad - rekao je Kusturica odgovarajući na pitanja novinara na Moskovskoj međunarodnoj nedelji filma.		Arhitektura je novi deo te percepcije, ali ljudi su uvek ono što je grad - rekao je Kusturica odgovarajući na pitanja novinara na Moskovskoj međunarodnoj nedelji filma.	../danas-blic/danas-blic/to_annotate_danas-blic.tsv	OBJ	saglasnost	
bli-13382985284-002	blic	13382985284	vest	pol-drustvo	politika	2	4	https://www.blic.rs/vesti/politika/nastavak-dijaloga-danas-u-briselu-delegaciju-beograda-predvodi-petkovic/65bvtj8	Dve strane bi trebalo da nastave razgovore o sprovođenju deklaracije o nestalim licima.		Dve strane bi trebalo da nastave razgovore o sprovođenju deklaracije o nestalim licima.	../danas-blic/danas-blic/to_annotate_danas-blic.tsv	OBJ	saglasnost	
bli-13582197086-003	blic	13582197086	vest	ekonomija	biznis	3	5	https://www.blic.rs/biznis/vesti/goc-dobija-novu-turisticku-atrakciju-evo-sta-se-tacno-gradi/68mhmce	Tubing staza, duga 92 metra, biće izrađena od posebne plastične podloge koja omogućava sankanje uz pomoć velikih guma i tokom leta i zime, bez obzira na vremenske uslove.		Tubing staza, duga 92 metra, biće izrađena od posebne plastične podloge koja omogućava sankanje uz pomoć velikih guma i tokom leta i zime, bez obzira na vremenske uslove.	../danas-blic/danas-blic/to_annotate_danas-blic.tsv	OBJ	saglasnost	
bli-14602151867-001	blic	14602151867	vest	pol-drustvo	politika	1	4	https://www.blic.rs/vesti/politika/petar-petkovic-cestitao-vidovdan-srbima-na-kim/6phqshn	Petković je ocenio da je Vidovdan trajno obeležio proces oblikovanja srpske nacionalne svesti, navodeći da Srbi ne bi preživeli brojna istorijska iskušenja da nije bilo tog praznika i ''vidovdanske etike''.	Y	„Petković je ocenio da je Vidovdan trajno obeležio proces oblikovanja srpske nacionalne svesti, navodeći da Srbi ne bi preživeli brojna istorijska iskušenja da nije bilo tog praznika i ''vidovdanske etike''.“	../danas-blic/danas-blic/to_annotate_danas-blic.tsv	OBJ	usaglaseno	P6
bli-15033754859-007	blic	15033754859	kolumna	pol-drustvo	politika	7	62	https://www.blic.rs/vesti/politika/cedomir-antic-pise-za-blic-nikada-nije-bilo-gore/6wmpjhn	Nepreciznost u nauci često predstavlja drugi naziv za netačnost.		Nepreciznost u nauci često predstavlja drugi naziv za netačnost.	../danas-blic/danas-blic/to_annotate_danas-blic.tsv	SUBJ	saglasnost	
bli-19175683882-005	blic	19175683882	vest	pol-drustvo	politika	5	6	https://www.blic.rs/vesti/politika/kfor-o-dronovima-mejd-in-kosovo-redovno-pratimo-vazdusni-prostor-kim/8t4pgdm	Oznaku "mejd in Kosovo“ dronovi brenda Skiferi (Soko) nosiće dva drona: prvi je dron kamikaza K1 koji dostiže maksimalno 180 kilometara na sat i visinu od 2.500 metara, drugi dostiže 5.000 metara visine i operativni domet od 20 kilometara, sa brzinom od 270 kilometara na čas.		Oznaku "mejd in Kosovo“ dronovi brenda Skiferi (Soko) nosiće dva drona: prvi je dron kamikaza K1 koji dostiže maksimalno 180 kilometara na sat i visinu od 2.500 metara, drugi dostiže 5.000 metara visine i operativni domet od 20 kilometara, sa brzinom od 270 kilometara na čas.	../danas-blic/danas-blic/to_annotate_danas-blic.tsv	OBJ	saglasnost	
bli-20798595648-014	blic	20798595648	kolumna	pol-drustvo	politika	14	116	https://www.blic.rs/vesti/politika/tatjana-macura-pise-za-blic-dijalog-nije-ustupak-dijalog-je-odgovornost/9jyy340	Čak i kada ne postoji potpuno slaganje, razgovor otvara mogućnost za kompromis.		Čak i kada ne postoji potpuno slaganje, razgovor otvara mogućnost za kompromis.	../danas-blic/danas-blic/to_annotate_danas-blic.tsv	OBJ	usaglaseno	P7
bli-26494592732-017	blic	26494592732	vest	pol-drustvo	politika	17	32	https://www.blic.rs/vesti/politika/osvanuo-tajni-dokument-nemacke-francuske-i-jos-tri-zemlje-ogranicava-pravo-veta/c6672l8	Nije prvo rešenje koji smo čuli a tiče se proširenja, a Subotić kaže da se ovaj predlog oslnanja na onaj koji smo čuli sedam dana ranije.		Nije prvo rešenje koji smo čuli a tiče se proširenja, a Subotić kaže da se ovaj predlog oslnanja na onaj koji smo čuli sedam dana ranije.	../danas-blic/danas-blic/to_annotate_danas-blic.tsv	OBJ	saglasnost	
bli-27138866441-001	blic	27138866441	vest	pol-drustvo	drustvo	1	5	https://www.blic.rs/vesti/drustvo/misteriozni-muskarac-u-crvenom-sokirao-prolaznike-u-novom-sadu-video/cgts3d5	Kako se vidi na snimku koji je objavila Instagram stranica 192_rs, misteriozni muškarac je bio od glave do pete obučen u crveno, sa crnim čizmama i crnom maskom koja mu je u potpunosti prekrivala lice.		Kako se vidi na snimku koji je objavila Instagram stranica 192_rs, misteriozni muškarac je bio od glave do pete obučen u crveno, sa crnim čizmama i crnom maskom koja mu je u potpunosti prekrivala lice.	../danas-blic/danas-blic/to_annotate_danas-blic.tsv	OBJ	saglasnost	
bli-27357956365-011	blic	27357956365	vest	pol-drustvo	drustvo	11	25	https://www.blic.rs/vesti/drustvo/mecava-na-zlatiboru-i-u-prijepolju-rhmz-u-upozorava-na-3-opasne-pojave/ckg7y8d	RHMZ u najnovijem upozorenju poziva na oprez sve učesnike u saobrćajau zbog snega, poledice i magle.		RHMZ u najnovijem upozorenju poziva na oprez sve učesnike u saobrćajau zbog snega, poledice i magle.	../danas-blic/danas-blic/to_annotate_danas-blic.tsv	OBJ	saglasnost	
bli-28702987466-008	blic	28702987466	vest	svet	svet	8	12	https://www.blic.rs/vesti/svet/vitkof-nema-vesti-o-napretku-u-oslobadjanju-talaca-iz-gaze/d6p0mve	Pregovori sa njim su bili frustrirajući, a sada mislimo da treba da uradimo sve ili ništa", istakao je on.	Y	„Pregovori sa njim su bili frustrirajući, a sada mislimo da treba da uradimo sve ili ništa", istakao je on.“	../danas-blic/danas-blic/to_annotate_danas-blic.tsv	OBJ	saglasnost	
bli-29621128562-005	blic	29621128562	vest	pol-drustvo	politika	5	15	https://www.blic.rs/vesti/politika/demonstranti-ispred-kuce-djura-macuta-blokada-autokomande-otkazana/dlvnl2q	Protest na Voždovcu završen je održavanjem komemorativne akcije "16 minuta tišine" za poginule u padu nadstrešnice na Železničkoj stanici Novi Sad.		Protest na Voždovcu završen je održavanjem komemorativne akcije "16 minuta tišine" za poginule u padu nadstrešnice na Železničkoj stanici Novi Sad.	../danas-blic/danas-blic/to_annotate_danas-blic.tsv	OBJ	saglasnost	
bli-3327590740-003	blic	3327590740	vest	ekonomija	biznis	3	8	https://www.blic.rs/biznis/vesti/hrvatska-povlaci-sa-trzista-deciju-hranu-griz-zbog-plastike/1j15tg4	EAN / MAN proizvod je 9000275500619 / 346834, serija RA25006601, a opoziv se odnosi na datum isteka 2.7.2026.		EAN / MAN proizvod je 9000275500619 / 346834, serija RA25006601, a opoziv se odnosi na datum isteka 2.7.2026.	../danas-blic/danas-blic/to_annotate_danas-blic.tsv	OBJ	saglasnost	
bli-33380391920-007	blic	33380391920	vest	pol-drustvo	drustvo	7	13	https://www.blic.rs/vesti/drustvo/policija-i-vatrogasci-pritekli-u-pomoc-gradjanima-vanredna-situacija-u-11-opstina-u/fc1tn8w	Podsetimo, u 11 opština u Srbiji proglašena je vanredna situacija i iz sata u sat, situacija na terenu se menja.	Y	„Podsetimo, u 11 opština u Srbiji proglašena je vanredna situacija i iz sata u sat, situacija na terenu se menja.“	../danas-blic/danas-blic/to_annotate_danas-blic.tsv	OBJ	saglasnost	
bli-34999235599-003	blic	34999235599	vest	svet	svet	3	12	https://www.blic.rs/vesti/svet/amerika-ostro-odbila-sokantnu-ponudu-teherana-ovo-je-kljucni-uslov-za-kraj-rata/g2tn30v	Oni ne mogu da prikažu normalnim, niti im mi to možemo tolerisati, sistem prema kojem su Iranci ti koji odlučuju ko će koristiti moreuz, rekao je američki državni sekretar u intervjuu za Foks njuz.		Oni ne mogu da prikažu normalnim, niti im mi to možemo tolerisati, sistem prema kojem su Iranci ti koji odlučuju ko će koristiti moreuz, rekao je američki državni sekretar u intervjuu za Foks njuz.	../danas-blic/danas-blic/to_annotate_danas-blic.tsv	OBJ	saglasnost	
bli-36009458462-005	blic	36009458462	vest	pol-drustvo	drustvo	5	16	https://www.blic.rs/vesti/drustvo/stravicni-prizori-nevremena-kod-cacka-vetar-cupao-drvece-i-krovove-osteceno-vise-kuca/gjj3nz2	Duvao je snažan vetar, a kiša i grad padali su pod uglom.		Duvao je snažan vetar, a kiša i grad padali su pod uglom.	../danas-blic/danas-blic/to_annotate_danas-blic.tsv	OBJ	saglasnost	
bli-36086159212-001	blic	36086159212	vest	kultura	kultura	1	5	https://www.blic.rs/kultura/retko-vidjena-slika-pjera-ogista-renoara-prodata-za-145-miliona-evra/gksrmng	Slika nazivana ''Dete sa igračkama - Gabrijela i umetnikov sin Žan'', koju je Renoar naslikao oko 1895. godine, slikar je poklonio Žani Bodo, svojoj jedinoj učenici i bliskoj prijateljici i od tada je slika bila u vlasništvu njene porodice, prenosi Rojters.		Slika nazivana ''Dete sa igračkama - Gabrijela i umetnikov sin Žan'', koju je Renoar naslikao oko 1895. godine, slikar je poklonio Žani Bodo, svojoj jedinoj učenici i bliskoj prijateljici i od tada je slika bila u vlasništvu njene porodice, prenosi Rojters.	../danas-blic/danas-blic/to_annotate_danas-blic.tsv	OBJ	saglasnost	
bli-36147663713-008	blic	36147663713	vest	pol-drustvo	drustvo	8	26	https://www.blic.rs/vesti/drustvo/strucnjaci-o-sprecavanju-femicida-treba-biti-na-oprezu-cak-i-kada-je-neko-osudjen/gltdvtt	Obično je to poslednji čin dugog niza nasilja, pretnji i nemoći.		Obično je to poslednji čin dugog niza nasilja, pretnji i nemoći.	../danas-blic/danas-blic/to_annotate_danas-blic.tsv	SUBJ	usaglaseno	P4
bli-41869799782-005	blic	41869799782	vest	pol-drustvo	drustvo	5	6	https://www.blic.rs/vesti/drustvo/dva-teretna-vagona-iskliznula-iz-sina-u-subotici-oglasili-se-iz-infrastrukture/j8g749y	Zahvaljujući dvoputom želenzičkom vozilu, posledice najvećeg broja nesreća i nezgoda otklanjaju se u veoma kratkom roku - navodi se.		Zahvaljujući dvoputom želenzičkom vozilu, posledice najvećeg broja nesreća i nezgoda otklanjaju se u veoma kratkom roku - navodi se.	../danas-blic/danas-blic/to_annotate_danas-blic.tsv	OBJ	saglasnost	
bli-44504394263-018	blic	44504394263	vest	pol-drustvo	politika	18	21	https://www.blic.rs/vesti/politika/zelenski-se-oglasio-po-dolasku-u-srbiju-otkrio-o-cemu-ce-razgovarati-s-vucicem/kg0rmdz	"Sa predsednikom Ukrajine Volodimirom Zelenskim razgovarao sam o odnosima naših zemalja i izrazio iskrenu zahvalnost na gostoprimstvu i srdačnom prijemu.		"Sa predsednikom Ukrajine Volodimirom Zelenskim razgovarao sam o odnosima naših zemalja i izrazio iskrenu zahvalnost na gostoprimstvu i srdačnom prijemu.	../danas-blic/danas-blic/to_annotate_danas-blic.tsv	OBJ	saglasnost	
bli-44931989013-005	blic	44931989013	vest	svet	svet	5	13	https://www.blic.rs/vesti/svet/sef-iaea-otkrio-u-kakvom-je-stanju-nuklearna-elektrana-zaporozje/kn3cglx	- U isto vreme bilo je neophodno obezbediti kontinuitet misije i stalno prisustvo naših eksperata na elektrani.		- U isto vreme bilo je neophodno obezbediti kontinuitet misije i stalno prisustvo naših eksperata na elektrani.	../danas-blic/danas-blic/to_annotate_danas-blic.tsv	OBJ	saglasnost	
bli-4501436039-004	blic	4501436039	vest	pol-drustvo	beograd	4	8	https://www.blic.rs/vesti/beograd/decaka-14-dvojica-vrsnjaka-brutalno-tukla-u-skoli-u-beogradu-treci-sve-snimao/22g1e9z	O slučaju je obavešteno nadležno tužilaštvo i to odeljenje za maloletnike kao i Centar za socijalni rad u Beogradu.		O slučaju je obavešteno nadležno tužilaštvo i to odeljenje za maloletnike kao i Centar za socijalni rad u Beogradu.	../danas-blic/danas-blic/to_annotate_danas-blic.tsv	OBJ	saglasnost	
bli-46800433886-005	blic	46800433886	vest	pol-drustvo	politika	5	6	https://www.blic.rs/vesti/politika/oglasio-se-mup-o-policajcu-marku-beljanskom-i-incidentima-na-protestu-u-novom-sadu/lhzrpwe	Apelujemo na građane da ne objavljuju neproverene informacije, a pogotovo da se uzdrže od pretnji bilo kome, jer time čine krivično delo i stvaraju atmosferu koja nije u interesu građana, bez obzira na prirodu njihovih političkih opredeljenja i ciljeve koje žele da ostvare - navodi se u saopštenju MUP.		Apelujemo na građane da ne objavljuju neproverene informacije, a pogotovo da se uzdrže od pretnji bilo kome, jer time čine krivično delo i stvaraju atmosferu koja nije u interesu građana, bez obzira na prirodu njihovih političkih opredeljenja i ciljeve koje žele da ostvare - navodi se u saopštenju MUP.	../danas-blic/danas-blic/to_annotate_danas-blic.tsv	OBJ	saglasnost	
bli-49788632110-003	blic	49788632110	vest	ekonomija	biznis	3	11	https://www.blic.rs/biznis/vesti/brent-nafta-pala-ispod-90-dolara-cena-najnizem-nivou-u-poslednja-2-meseca/mvev6em	Najširi MSCI indeks azijsko-pacifičkih akcija bez Japana porastao je za 3,2 odsto.		Najširi MSCI indeks azijsko-pacifičkih akcija bez Japana porastao je za 3,2 odsto.	../danas-blic/danas-blic/to_annotate_danas-blic.tsv	OBJ	saglasnost	
bli-50659446364-052	blic	50659446364	kolumna	pol-drustvo	politika	52	65	https://www.blic.rs/vesti/politika/cedomir-antic-pise-za-blic-izdaja-kroz-istoriju/n9tbqzg	Suze majke, žene i dece podstakle su ga da odvrati svoju vojsku ali je zbog toga ubijen.		Suze majke, žene i dece podstakle su ga da odvrati svoju vojsku ali je zbog toga ubijen.	../danas-blic/danas-blic/to_annotate_danas-blic.tsv	SUBJ	usaglaseno	P5
bli-50940487061-008	blic	50940487061	vest	pol-drustvo	beograd	8	36	https://www.blic.rs/vesti/beograd/popunjeni-skoro-svi-termini-za-vadjenje-pasosa-ako-ne-uspete-da-zakazete-ovo-vam-je/negnfdh	Situacija je još gora u PU Novi Sad 1, 2, i 3 u Bulevaru kralja Petra I, gde je prvi slobodan termin za zakazivanje za vađenje pasoša moguće naći od 12. avgusta.		Situacija je još gora u PU Novi Sad 1, 2, i 3 u Bulevaru kralja Petra I, gde je prvi slobodan termin za zakazivanje za vađenje pasoša moguće naći od 12. avgusta.	../danas-blic/danas-blic/to_annotate_danas-blic.tsv	OBJ	usaglaseno	P7
bli-51675881736-037	blic	51675881736	vest	svet	svet	37	44	https://www.blic.rs/vesti/svet/kako-je-dmitrij-medvedev-iskoristio-rat-u-ukrajini-da-uveca-svoje-bogatstvo/nqmhhjc	Prema Sistema, skoro svi ti posedi i dalje su pod kontrolom iste mreže organizacija - a u međuvremenu su stečeni i novi.		Prema Sistema, skoro svi ti posedi i dalje su pod kontrolom iste mreže organizacija - a u međuvremenu su stečeni i novi.	../danas-blic/danas-blic/to_annotate_danas-blic.tsv	OBJ	saglasnost	
bli-55144293120-004	blic	55144293120	vest	pol-drustvo	drustvo	4	7	https://www.blic.rs/vesti/drustvo/egzodus-srba-iz-grcke-haos-na-evzoniju-formira-se-kolona-i-na-dojranu/pbzhkw0	Jutros u 8.45h kako javljaju Srbi sa graničnog prelaza Evzoni, bilo je gužve, ali su turisti pretežno u ranim jutarnjim časovima bez muke prolazili najprometniji granični prelaz između Grčke i Severne Makedonije.		Jutros u 8.45h kako javljaju Srbi sa graničnog prelaza Evzoni, bilo je gužve, ali su turisti pretežno u ranim jutarnjim časovima bez muke prolazili najprometniji granični prelaz između Grčke i Severne Makedonije.	../danas-blic/danas-blic/to_annotate_danas-blic.tsv	OBJ	usaglaseno	P3
bli-56113552149-032	blic	56113552149	vest	pol-drustvo	beograd	32	39	https://www.blic.rs/vesti/beograd/uredjenje-beogradskog-priobalja-i-ciscenje-reka-iz-save-izvuceni-sporeti-i-frizideri/ps0k5xx	"Za 10 do 15 dana krećemo još jedan projekat da gradimo, a to je od 45. bloka do samog 'Ekspa', tako da se otvaraju pešačko-biciklističke staze i drugi sadržaji skoro tridesetak kilometara u jednom smeru", naglašava Puzović.		"Za 10 do 15 dana krećemo još jedan projekat da gradimo, a to je od 45. bloka do samog 'Ekspa', tako da se otvaraju pešačko-biciklističke staze i drugi sadržaji skoro tridesetak kilometara u jednom smeru", naglašava Puzović.	../danas-blic/danas-blic/to_annotate_danas-blic.tsv	OBJ	saglasnost	
bli-57014420107-007	blic	57014420107	vest	kultura	kultura	7	9	https://www.blic.rs/kultura/svetski-dan-pozorista-atelje-212-otvara-vrata-otkrijte-tajne-arhitekturu-i-nasledje/q6www3v	Šetnju vode prof. dr Radivoje Dinulović, Gordana Goncić, Marija Jevtić i Goran Mirković.		Šetnju vode prof. dr Radivoje Dinulović, Gordana Goncić, Marija Jevtić i Goran Mirković.	../danas-blic/danas-blic/to_annotate_danas-blic.tsv	OBJ	saglasnost	
bli-57393859413-003	blic	57393859413	vest	pol-drustvo	politika	3	9	https://www.blic.rs/vesti/politika/umro-rajko-danilovic-zastupao-porodicu-djindjic-nakon-ubistva-premijera/qd6tlcl	Bio je član je Programskog tima Instituta za javnu politiku.		Bio je član je Programskog tima Instituta za javnu politiku.	../danas-blic/danas-blic/to_annotate_danas-blic.tsv	OBJ	saglasnost	
bli-60543088098-006	blic	60543088098	vest	hronika	hronika	6	16	https://www.blic.rs/vesti/hronika/vracarci-ubili-vladimira-popovica-zvanog-vlada-pop-saradnika-luke-bojovica-u-punom/rt9shr6	Popović je ustao i nasrnuo na naoružanog napadača i njih dvojica ispali su iz kafića.		Popović je ustao i nasrnuo na naoružanog napadača i njih dvojica ispali su iz kafića.	../danas-blic/danas-blic/to_annotate_danas-blic.tsv	OBJ	saglasnost	
bli-60972962282-010	blic	60972962282	vest	pol-drustvo	drustvo	10	13	https://www.blic.rs/vesti/drustvo/uzas-u-novom-pazaru-jasmin-u-bazenu-na-vikendici-zatekao-jeziv-prizor/s0dq6sq	Jedan od komentara bio je i konkretan predlog da se slučaj prijavi nadležnima.		Jedan od komentara bio je i konkretan predlog da se slučaj prijavi nadležnima.	../danas-blic/danas-blic/to_annotate_danas-blic.tsv	OBJ	saglasnost	
bli-63006732976-002	blic	63006732976	vest	pol-drustvo	beograd	2	4	https://www.blic.rs/vesti/beograd/tri-osobe-povredjene-u-sudarima-pune-ruke-posla-za-hitnu-pomoc-u-beogradu/sy0kyb4	Ekipe Hitne pomoći intervenisale su 111 puta tokom noći, a od toga su 32 intervencije bile na javnom mestu uglavnom zbog osoba u alkoholisanom stanju.		Ekipe Hitne pomoći intervenisale su 111 puta tokom noći, a od toga su 32 intervencije bile na javnom mestu uglavnom zbog osoba u alkoholisanom stanju.	../danas-blic/danas-blic/to_annotate_danas-blic.tsv	OBJ	saglasnost	
bli-65121201597-002	blic	65121201597	vest	pol-drustvo	drustvo	2	8	https://www.blic.rs/vesti/drustvo/drama-kod-cacka-dvojica-monaha-i-vatrogasci-spasili-dete-sa-litice-visoke-15-metara/twzhcql	- Incident se dogodio sinoć oko 20 časova, kada se dete iz za sada neutvrđenih razloga popelo na liticu sa koje više nije moglo bezbedno da siđe.		- Incident se dogodio sinoć oko 20 časova, kada se dete iz za sada neutvrđenih razloga popelo na liticu sa koje više nije moglo bezbedno da siđe.	../danas-blic/danas-blic/to_annotate_danas-blic.tsv	OBJ	saglasnost	
bli-68156912677-058	blic	68156912677	kolumna	pol-drustvo	politika	58	67	https://www.blic.rs/vesti/politika/cedomir-antic-kolumna-zasto-ne-volim-radikale/vb6v6ed	Neobično je da je na tridesetu godišnjicu početka najvećeg izazova srpskom narodu posle osmanskog osvajanja (2020), pod jednom populističkom i delimično autoritarnom vladom SNS-a Srbija doživela da nekada duboko podeljena, oko svih velikih pitanja unutrašnje i spoljne politike bude saglasno između 80 i 90% njenih građana.		Neobično je da je na tridesetu godišnjicu početka najvećeg izazova srpskom narodu posle osmanskog osvajanja (2020), pod jednom populističkom i delimično autoritarnom vladom SNS-a Srbija doživela da nekada duboko podeljena, oko svih velikih pitanja unutrašnje i spoljne politike bude saglasno između 80 i 90% njenih građana.	../danas-blic/danas-blic/to_annotate_danas-blic.tsv	SUBJ	saglasnost	
bli-6905056231-005	blic	6905056231	vest	pol-drustvo	politika	5	6	https://www.blic.rs/vesti/politika/kurti-kandidat-samoopredeljenja-za-premijera-na-izbore-ce-i-vjosa-osmani-ali-bez/3673bhj	Vanredni izbori za skupštinu privremenih institucija samouprave u Prištini biće održani 7. juna, pošto skupština nije uspela da izabere predsednika privremenih institucija u roku koji je odredio ustavni sud.		Vanredni izbori za skupštinu privremenih institucija samouprave u Prištini biće održani 7. juna, pošto skupština nije uspela da izabere predsednika privremenih institucija u roku koji je odredio ustavni sud.	../danas-blic/danas-blic/to_annotate_danas-blic.tsv	OBJ	saglasnost	
bli-69573754796-024	blic	69573754796	kolumna	svet	politika	24	68	https://www.blic.rs/vesti/politika/cedomir-antic-pise-za-blic-u-crnoj-gori-je-moguce-biti-srbin-a-biti-protiv-srbije/vymf0rw	Nekada jedinstveni srpski narod Crne Gore, formalno se izjašnjavao kao nova nacija, ali su vremenom crnogorski i jugoslovenski identitet postali realnost, dok je srpstvo svedeno na folkor i jedno u Beogradu neverovatno, ali u Crnoj Gori fundamentalno, pitanje „hoće li nam izvanjci nešto određivati“.		Nekada jedinstveni srpski narod Crne Gore, formalno se izjašnjavao kao nova nacija, ali su vremenom crnogorski i jugoslovenski identitet postali realnost, dok je srpstvo svedeno na folkor i jedno u Beogradu neverovatno, ali u Crnoj Gori fundamentalno, pitanje „hoće li nam izvanjci nešto određivati“.	../danas-blic/danas-blic/to_annotate_danas-blic.tsv	SUBJ	usaglaseno	P13
bli-70949011516-004	blic	70949011516	vest	pol-drustvo	beograd	4	20	https://www.blic.rs/vesti/beograd/ministarka-sofronijevic-do-kraja-godine-bice-gotova-nova-zeleznicka-stanica-novi/wld7jng	"Ništa se ne urušava, radovi su bezbedni"		"Ništa se ne urušava, radovi su bezbedni"	../danas-blic/danas-blic/to_annotate_danas-blic.tsv	OBJ	saglasnost	
bli-71230383589-002	blic	71230383589	vest	pol-drustvo	politika	2	13	https://www.blic.rs/vesti/politika/drasko-stanivukovic-nakon-izlaska-iz-pritvora-u-hrvatskoj-od-koga-i-od-cega-stitite/wq0qbqd	- Nakon nove torture u Hrvatskoj, postavljam jednostavno pitanje: da li je ovo granični prelaz iz jedne zemlje u drugu, ili prelaz u neko drugo doba u kojem evropski zakoni i pravila više ne važe? - upitao je on.		- Nakon nove torture u Hrvatskoj, postavljam jednostavno pitanje: da li je ovo granični prelaz iz jedne zemlje u drugu, ili prelaz u neko drugo doba u kojem evropski zakoni i pravila više ne važe? - upitao je on.	../danas-blic/danas-blic/to_annotate_danas-blic.tsv	OBJ	saglasnost	
bli-73198626059-000	blic	73198626059	vest	hronika	hronika	0	7	https://www.blic.rs/vesti/hronika/decak-13-vozio-golf-pa-se-zakucao-u-vozilo-sa-bebom-uzas-kod-bijelog-polja/xmkklcb	Maloletnik (13) iz Bijelog Polja povredio je više osoba u saobraćajnoj nezgodi u Ravnoj Rijeci, upravljajući putničkim motornim vozilom.		Maloletnik (13) iz Bijelog Polja povredio je više osoba u saobraćajnoj nezgodi u Ravnoj Rijeci, upravljajući putničkim motornim vozilom.	../danas-blic/danas-blic/to_annotate_danas-blic.tsv	OBJ	saglasnost	
bli-7345015666-011	blic	7345015666	vest	pol-drustvo	drustvo	11	12	https://www.blic.rs/vesti/drustvo/micin-ocekujem-da-ce-deo-zeleznicke-stanice-u-novom-sadu-biti-otvoren-do-15-septembra/3dh16cy	Stanica u Petrovaradinu je preopterećena, nije projektovana za broj putnika koji trenutno preko nje koristi železnički saobraćaj.		Stanica u Petrovaradinu je preopterećena, nije projektovana za broj putnika koji trenutno preko nje koristi železnički saobraćaj.	../danas-blic/danas-blic/to_annotate_danas-blic.tsv	OBJ	saglasnost	
bli-73740714019-026	blic	73740714019	vest	pol-drustvo	politika	26	56	https://www.blic.rs/vesti/politika/milos-vucevic-na-pomenu-u-bratuncu-blokadama-nece-dovesti-do-politicke-promene/xvjbf37	- Ko im daje za pravo da razbijaju naše prostorije.		- Ko im daje za pravo da razbijaju naše prostorije.	../danas-blic/danas-blic/to_annotate_danas-blic.tsv	OBJ	saglasnost	
bli-73951088455-010	blic	73951088455	vest	pol-drustvo	drustvo	10	18	https://www.blic.rs/vesti/drustvo/jutro-na-blic-30-godina-od-velikih-studentskih-protesta/xz0kh1j	SPREMNI NA SVE, ZARAD ČEGA?		SPREMNI NA SVE, ZARAD ČEGA?	../danas-blic/danas-blic/to_annotate_danas-blic.tsv	SUBJ	saglasnost	
bli-74184149100-000	blic	74184149100	vest	pol-drustvo	politika	0	6	https://www.blic.rs/vesti/politika/tuzilastvo-u-subotici-obustavilo-istragu-protiv-arbnora-spahijua/y2vbrsc	Više javno tužilaštvo u Subotici obustavilo je istragu protiv bivšeg pripadnika Specijalne jedinice Kosovske policije Arbnora Spahijua koji je bio osumnjičen za teško ubistvo u selu Banjska na severu Kosova, piše RSE.		Više javno tužilaštvo u Subotici obustavilo je istragu protiv bivšeg pripadnika Specijalne jedinice Kosovske policije Arbnora Spahijua koji je bio osumnjičen za teško ubistvo u selu Banjska na severu Kosova, piše RSE.	../danas-blic/danas-blic/to_annotate_danas-blic.tsv	OBJ	saglasnost	
bli-74228882674-001	blic	74228882674	vest	pol-drustvo	drustvo	1	19	https://www.blic.rs/vesti/drustvo/jeziva-svedocenja-gradjana-nakon-snaznog-zemljotresa-na-kosovu/y3lykfm	Potres se dogodio 19 kilometara istočno od Prizrena i 15 kilometara severozapadno od Tetova.		Potres se dogodio 19 kilometara istočno od Prizrena i 15 kilometara severozapadno od Tetova.	../danas-blic/danas-blic/to_annotate_danas-blic.tsv	OBJ	saglasnost	
bli-74351411120-039	blic	74351411120	vest	pol-drustvo	beograd	39	55	https://www.blic.rs/vesti/beograd/kruzer-viktorija-uplovio-u-zemun-nemacki-turisti-odusevljeni-srpskim-gostoprimstvom/y5mwrzk	Kažu da im je vodič pričao o Đerdapu i klisuri kroz koju će proći.		Kažu da im je vodič pričao o Đerdapu i klisuri kroz koju će proći.	../danas-blic/danas-blic/to_annotate_danas-blic.tsv	OBJ	saglasnost	
bli-74432851928-001	blic	74432851928	vest	pol-drustvo	drustvo	1	6	https://www.blic.rs/vesti/drustvo/besana-noc-za-lekare-u-ovom-gradu-u-srbiji-pacijenti-sa-povredama-zvali-hitnu/y6zec48	- Tokom dana su najčešće pomoć tražili pacijenti sa povredama, ali i oni koji se bore sa teškim bolestima poput karcinoma.		- Tokom dana su najčešće pomoć tražili pacijenti sa povredama, ali i oni koji se bore sa teškim bolestima poput karcinoma.	../danas-blic/danas-blic/to_annotate_danas-blic.tsv	OBJ	saglasnost	
bli-74843587221-034	blic	74843587221	vest	pol-drustvo	politika	34	51	https://www.blic.rs/vesti/politika/nada-radovan-tomanic-je-ratna-zlocinka-kakva-se-ne-pamti-zlostavljala-srpske-civile/ydrxthx	Najmlađi zatvorenik je imao 13 godina, a najstariji 87.		Najmlađi zatvorenik je imao 13 godina, a najstariji 87.	../danas-blic/danas-blic/to_annotate_danas-blic.tsv	OBJ	saglasnost	
bli-78075228580-019	blic	78075228580	vest	pol-drustvo	beograd	19	35	https://www.blic.rs/vesti/beograd/zbog-nemanjinog-nestanka-redom-su-padale-glave-osumniceni-poubijani-misterija-traje/zv7z3xg	Drugi osumnjičeni za nestanak i ubistvo Medina ubijen je sredinom juna 2019. godine na Cetinju dok je sa prijateljima sedeo za stolom u jednom kafiću.		Drugi osumnjičeni za nestanak i ubistvo Medina ubijen je sredinom juna 2019. godine na Cetinju dok je sa prijateljima sedeo za stolom u jednom kafiću.	../danas-blic/danas-blic/to_annotate_danas-blic.tsv	OBJ	saglasnost	
bli-8050207320-001	blic	8050207320	vest	pol-drustvo	drustvo	1	6	https://www.blic.rs/vesti/drustvo/produzen-zimski-raspust-na-kosovu-zbog-obilnih-padavina-i-poplava/3p4vvq0	"Zbog poplava i pogoršane situacije u većini opština, kao i otežanog kretanja usled kontinuiranih padavina, odlučeno je da se zimski raspust produži za još dva dana“, navela je Arberie Nagavci na društvenim mrežama, prenosi KoSSev.		"Zbog poplava i pogoršane situacije u većini opština, kao i otežanog kretanja usled kontinuiranih padavina, odlučeno je da se zimski raspust produži za još dva dana“, navela je Arberie Nagavci na društvenim mrežama, prenosi KoSSev.	../danas-blic/danas-blic/to_annotate_danas-blic.tsv	OBJ	saglasnost	
bli-8162721914-003	blic	8162721914	vest	pol-drustvo	politika	3	6	https://www.blic.rs/vesti/politika/miodrag-linta-podici-spomenik-u-beogradu-deci-ubijenoj-u-ndh/3qzvgje	Kako navodi, NDH je bila jedina država u Evropi u kojoj su postojali logori za decu, i to u Sisku, Jastrebarskom, Reci kod Jastrebarskog i Gornjoj Rijeci kod Križevaca.		Kako navodi, NDH je bila jedina država u Evropi u kojoj su postojali logori za decu, i to u Sisku, Jastrebarskom, Reci kod Jastrebarskog i Gornjoj Rijeci kod Križevaca.	../danas-blic/danas-blic/to_annotate_danas-blic.tsv	OBJ	saglasnost	
bli-9099111866-001	blic	9099111866	vest	pol-drustvo	politika	1	5	https://www.blic.rs/vesti/politika/kosovska-policija-na-brnjaku-oduzela-pecat-i-dokumenta-na-srpskom-jeziku/46hdjne	Vozilom je upravljao muškarac sa Kosova i Metohije, a dokumenti i pečat su, po nalogu tužioca, oduzeti, prenosi Ekonomija onlajn.		Vozilom je upravljao muškarac sa Kosova i Metohije, a dokumenti i pečat su, po nalogu tužioca, oduzeti, prenosi Ekonomija onlajn.	../danas-blic/danas-blic/to_annotate_danas-blic.tsv	OBJ	saglasnost	
dan-1034138882983-014	danas	1034138882983	kolumna	ekonomija	kolumna	14	65	https://www.danas.rs/kolumna/misa-brkic/naftna-mrlja-isprljala-srbiju/	I zašto rafinerija (naftna kompanija) mora da bude državna, može li privatna rafinerija (naftna kompanija) da snabdeva tržište i obezbedi nacionalni interes?		I zašto rafinerija (naftna kompanija) mora da bude državna, može li privatna rafinerija (naftna kompanija) da snabdeva tržište i obezbedi nacionalni interes?	../danas-blic/danas-blic/to_annotate_danas-blic.tsv	SUBJ	saglasnost	
dan-1077299556444-012	danas	1077299556444	kolumna	kultura	kolumna	12	34	https://www.danas.rs/kolumna/dusko-bogdanovic/dekodiranje-diktatora/	Takva vladavina je zahtevala apsolutnu poslušnost i okruženost isključivo klimoglavacima koji su neprestano potvrđivali sve njegove odluke i tako mu, u svakoj prilici, pumpali eventualno poljuljano samopouzdanje.		Takva vladavina je zahtevala apsolutnu poslušnost i okruženost isključivo klimoglavacima koji su neprestano potvrđivali sve njegove odluke i tako mu, u svakoj prilici, pumpali eventualno poljuljano samopouzdanje.	../danas-blic/danas-blic/to_annotate_danas-blic.tsv	SUBJ	saglasnost	
dan-127084395572-001	danas	127084395572	vest	pol-drustvo	drustvo	1	10	https://www.danas.rs/vesti/drustvo/ubijen-muskarac-u-naselju-detelinara-u-novom-sadu-u-toku-potraga-za-pociniocem/	U toku je potraga za počionicem tog ubistva.		U toku je potraga za počionicem tog ubistva.	../danas-blic/danas-blic/to_annotate_danas-blic.tsv	OBJ	saglasnost	
dan-127370657318-029	danas	127370657318	kolumna	pol-drustvo	kolumna	29	97	https://www.danas.rs/kolumna/milan-st-protic/i-told-you-so-didnt-i/	Tako se u Srbiji pobeđuje i čuva vlast.		Tako se u Srbiji pobeđuje i čuva vlast.	../danas-blic/danas-blic/to_annotate_danas-blic.tsv	SUBJ	usaglaseno	P4
dan-195060797729-005	danas	195060797729	kolumna	sport	kolumna	5	14	https://www.danas.rs/kolumna/ziva-vekecki/stub-srbstva-bez-srba/	Zvezdan Terzić, prvi čovek kluba iz LJutice Bogdana, u jednom intervju objavljenom prošle godine negde u ovo vreme između ostalog je rekao: „Mi smo dominantni u srpskim uslovima.		Zvezdan Terzić, prvi čovek kluba iz LJutice Bogdana, u jednom intervju objavljenom prošle godine negde u ovo vreme između ostalog je rekao: „Mi smo dominantni u srpskim uslovima.	../danas-blic/danas-blic/to_annotate_danas-blic.tsv	OBJ	saglasnost	
dan-221656367654-018	danas	221656367654	kolumna	pol-drustvo	kolumna	18	23	https://www.danas.rs/kolumna/marko-vidojkovic/nenormalni-tv-program/	Bio bi to najbolji intervju koji je NDH1 ikada snimila.	Y	„Bio bi to najbolji intervju koji je NDH1 ikada snimila.“	../danas-blic/danas-blic/to_annotate_danas-blic.tsv	OBJ	usaglaseno	P6
dan-223022264918-008	danas	223022264918	kolumna	pol-drustvo	kolumna	8	24	https://www.danas.rs/kolumna/marko-vidojkovic/cale-i-cela-idu-iz-brisela/	Uostalom, kakvo je to ime za stranku, EPP?	Y	„Uostalom, kakvo je to ime za stranku, EPP?“	../danas-blic/danas-blic/to_annotate_danas-blic.tsv	OBJ	usaglaseno	P6
dan-273156172461-011	danas	273156172461	kolumna	pol-drustvo	kolumna	11	24	https://www.danas.rs/kolumna/dragoljub-petrovic/bio-jednom-jedan-misa-baculov/	Takođe, gledaoci će moći da vide kako Miša Bačulov šeta Las Vegasom dva dana pre nego što je Kolumbo otkrio Ameriku.		Takođe, gledaoci će moći da vide kako Miša Bačulov šeta Las Vegasom dva dana pre nego što je Kolumbo otkrio Ameriku.	../danas-blic/danas-blic/to_annotate_danas-blic.tsv	SUBJ	usaglaseno	—
dan-283305996123-005	danas	283305996123	vest	ekonomija	ekonomija	5	9	https://www.danas.rs/vesti/ekonomija/ministarka-trgovine-trgovinski-lanac-karfur-zainteresovan-za-ulazak-na-srpsko-trziste/	„Razgovarali smo o njihovim konkretnim planovima.		„Razgovarali smo o njihovim konkretnim planovima.	../danas-blic/danas-blic/to_annotate_danas-blic.tsv	OBJ	saglasnost	
dan-300071456986-004	danas	300071456986	vest	pol-drustvo	politika	4	25	https://www.danas.rs/vesti/politika/vucevic-o-izborima-i-pomeranju-satora-ispred-skupstine/	Po njegovim rečima, lista SNS je u Zaječaru ostvarila „čistu“ pobedu posle koje će moći samostalno da formira lokalnu vlast.		Po njegovim rečima, lista SNS je u Zaječaru ostvarila „čistu“ pobedu posle koje će moći samostalno da formira lokalnu vlast.	../danas-blic/danas-blic/to_annotate_danas-blic.tsv	OBJ	saglasnost	
dan-302863878731-007	danas	302863878731	kolumna	pol-drustvo	redakcijski-komentar	7	18	https://www.danas.rs/dijalog/redakcijski-komentar/neprijatelji-i-junaci/	Dok, kada ti isti „njegovi“ lome kosti studentima, oni postaju junaci.		Dok, kada ti isti „njegovi“ lome kosti studentima, oni postaju junaci.	../danas-blic/danas-blic/to_annotate_danas-blic.tsv	SUBJ	saglasnost	
dan-342624403880-003	danas	342624403880	kolumna	hronika	licni-stavovi	3	21	https://www.danas.rs/dijalog/licni-stavovi/sarena-prica-o-slucaju-senjak/	Događa se ubistvo u kojem je učestvovalo više lica, ispaljeno je desetak hitaca, ko zna iz koliko komada oružja i kojih kalibara.		Događa se ubistvo u kojem je učestvovalo više lica, ispaljeno je desetak hitaca, ko zna iz koliko komada oružja i kojih kalibara.	../danas-blic/danas-blic/to_annotate_danas-blic.tsv	OBJ	usaglaseno	P3
dan-349129965166-016	danas	349129965166	kolumna	pol-drustvo	licni-stavovi	16	34	https://www.danas.rs/dijalog/licni-stavovi/licni-stav-dragana-delica-u-cemu-je-jedini-spas-za-sadasnju-vlast/	Evidentan je i destruktivan upliv lažnih opozicionih partija, pripadnika raznih službi, propagandista, preletača i političkih hohštaplera u vidu nabeđenih političkih analitičara.		Evidentan je i destruktivan upliv lažnih opozicionih partija, pripadnika raznih službi, propagandista, preletača i političkih hohštaplera u vidu nabeđenih političkih analitičara.	../danas-blic/danas-blic/to_annotate_danas-blic.tsv	SUBJ	saglasnost	
dan-350606325793-014	danas	350606325793	kolumna	pol-drustvo	kolumna	14	24	https://www.danas.rs/kolumna/dragoljub-petrovic/covek-koga-brane-vucic-anus-i-penis/	Samo dan nakon što su blokaderi demolirali porodični dom Dragana J. Vučićevića, Draža Petrović je u blokaderskom Danasu objavio skandalozne stihove u kojima poziva na linč Vučićevića. ‘Već mu je Srbija odbrojala dane’, napisao je, između ostalog, Petrović“.	Y	„Samo dan nakon što su blokaderi demolirali porodični dom Dragana J. Vučićevića, Draža Petrović je u blokaderskom Danasu objavio skandalozne stihove u kojima poziva na linč Vučićevića. ‘Već mu je Srbija odbrojala dane’, napisao je, između ostalog, Petrović“.“	../danas-blic/danas-blic/to_annotate_danas-blic.tsv	OBJ	saglasnost	
dan-353908777753-008	danas	353908777753	kolumna	pol-drustvo	kolumna	8	28	https://www.danas.rs/kolumna/marko-vidojkovic/sta-sve-covek-radi-za-lajkove/	Za uspeh ove komplikovane operacije bilo je dovoljno da se uhvati (vodene) puške i njome pripuca na kola.		Za uspeh ove komplikovane operacije bilo je dovoljno da se uhvati (vodene) puške i njome pripuca na kola.	../danas-blic/danas-blic/to_annotate_danas-blic.tsv	SUBJ	usaglaseno	P10
dan-356165045608-002	danas	356165045608	vest	kultura	kultura	2	7	https://www.danas.rs/kultura/kultni-bend-the-necks-ponovo-u-beogradu-jedan-od-najvecih-bendova-na-svetu/	Sastav koji čine Chris Abrahams (klavir), Tony Buck (bubnjevi) i Lloyd Swanton (kontrabas), nastupa pred beogradskom publikom po četvrti put.		Sastav koji čine Chris Abrahams (klavir), Tony Buck (bubnjevi) i Lloyd Swanton (kontrabas), nastupa pred beogradskom publikom po četvrti put.	../danas-blic/danas-blic/to_annotate_danas-blic.tsv	OBJ	saglasnost	
dan-359298452358-004	danas	359298452358	kolumna	pol-drustvo	kolumna	4	19	https://www.danas.rs/kolumna/marko-vidojkovic/baba-zvanga/	Niko me nije slušao, išli su da se kupaju u Dubai, Marijanu sam lepo rekla drži se domaće stoke, šta si navalio, kamile pa kamile, a on ne sluša.	Y	„Niko me nije slušao, išli su da se kupaju u Dubai, Marijanu sam lepo rekla drži se domaće stoke, šta si navalio, kamile pa kamile, a on ne sluša.“	../danas-blic/danas-blic/to_annotate_danas-blic.tsv	OBJ	usaglaseno	P6
dan-371249651231-043	danas	371249651231	kolumna	pol-drustvo	kolumna	43	70	https://www.danas.rs/kolumna/aleksej-kisjuhas/revolucija-pa-sta/	U tim slučajevima, reforma nije bila moguća.		U tim slučajevima, reforma nije bila moguća.	../danas-blic/danas-blic/to_annotate_danas-blic.tsv	SUBJ	usaglaseno	P4
dan-374730168556-003	danas	374730168556	kolumna	pol-drustvo	kolumna	3	12	https://www.danas.rs/kolumna/bozidar-andrejic/ljudi-sa-soliter-porcijama-nikad-neobjavljeno-prica-o-katakombi-adeli-i-ljupkim-lesinarima-3/	NJih je Diklić zvao lešinarima i voleo bih da ih je on samo tako zvao, jer je ružno rugati se tuđoj nesreći.		NJih je Diklić zvao lešinarima i voleo bih da ih je on samo tako zvao, jer je ružno rugati se tuđoj nesreći.	../danas-blic/danas-blic/to_annotate_danas-blic.tsv	SUBJ	saglasnost	
dan-388455945945-006	danas	388455945945	kolumna	pol-drustvo	kolumna	6	35	https://www.danas.rs/kolumna/nemanja-rujevic/i-zlobog-je-bog/	Pre koji mesec sa ovoga mesta (kolumna: „La lista existe“) upozoreno je da se režim doduše drži o tankom koncu i prva košava ili izbori mogu da ga odnesu, ali da naša prokleta opoziciona čaršija ima priliku da stvar uprska, ponajpre svojim sujetama i surevnjivostima, ograđivanjima i uskogrudošću.		Pre koji mesec sa ovoga mesta (kolumna: „La lista existe“) upozoreno je da se režim doduše drži o tankom koncu i prva košava ili izbori mogu da ga odnesu, ali da naša prokleta opoziciona čaršija ima priliku da stvar uprska, ponajpre svojim sujetama i surevnjivostima, ograđivanjima i uskogrudošću.	../danas-blic/danas-blic/to_annotate_danas-blic.tsv	SUBJ	saglasnost	
dan-390414344818-024	danas	390414344818	kolumna	pol-drustvo	licni-stavovi	24	40	https://www.danas.rs/dijalog/licni-stavovi/doktorka-protiv-svojih-kolega/	Zašto se onda lekari ne bune?		Zašto se onda lekari ne bune?	../danas-blic/danas-blic/to_annotate_danas-blic.tsv	SUBJ	usaglaseno	—
dan-393301420124-013	danas	393301420124	kolumna	pol-drustvo	kolumna	13	25	https://www.danas.rs/kolumna/marko-vidojkovic/djubre-i-pare-za-hram/	„U jebem ti…“, mumlam i teturam se do posude sa svetom vodicom, da se umijem.		„U jebem ti…“, mumlam i teturam se do posude sa svetom vodicom, da se umijem.	../danas-blic/danas-blic/to_annotate_danas-blic.tsv	SUBJ	usaglaseno	P1
dan-41704243850-000	danas	41704243850	kolumna	svet	licni-stavovi	0	7	https://www.danas.rs/dijalog/licni-stavovi/pustiti-vucicevica-u-crnu-goru/	Crnogorska policija je 26. juna 2026. godine zabranila ulazak u Crnu Goru vlasniku „Informera“, Draganu J. Vučićeviću, uz obrazloženje da u kontinuitetu širi govor mržnje prema državi Crnoj Gori i njenim građanima.		Crnogorska policija je 26. juna 2026. godine zabranila ulazak u Crnu Goru vlasniku „Informera“, Draganu J. Vučićeviću, uz obrazloženje da u kontinuitetu širi govor mržnje prema državi Crnoj Gori i njenim građanima.	../danas-blic/danas-blic/to_annotate_danas-blic.tsv	OBJ	saglasnost	
dan-419895962630-006	danas	419895962630	kolumna	pol-drustvo	licni-stavovi	6	30	https://www.danas.rs/dijalog/licni-stavovi/tekst-aleksandra-dikica-napisan-u-pritvoru-sedam-hiljada-sibirskih-sekundi-kroz-tamnicki-prozor/	Sav novac izvadite iz novčanika i stavite u džep od pantalona.	Y	„Sav novac izvadite iz novčanika i stavite u džep od pantalona.“	../danas-blic/danas-blic/to_annotate_danas-blic.tsv	OBJ	saglasnost	
dan-451304427954-016	danas	451304427954	vest	sport	sport	16	19	https://www.danas.rs/sport/tadija-dragicevic-zvezda/	– Sigurno Sale (trener Obradović prim. aut.) zna zašto mu ne daje minute u Evroligi, iako se meni čini da to zaslužuje.		– Sigurno Sale (trener Obradović prim. aut.) zna zašto mu ne daje minute u Evroligi, iako se meni čini da to zaslužuje.	../danas-blic/danas-blic/to_annotate_danas-blic.tsv	OBJ	usaglaseno	P6
dan-472807206306-007	danas	472807206306	vest	pol-drustvo	politika	7	8	https://www.danas.rs/vesti/politika/evropska-komisija-srbija-prekrsila-briselski-sporazum-iz-2015/	U saopštenju policije se navodi da se M.L. „sumnjiči da je tokom 1998. i 1999. godine, kao pripadnik OVK, prošao selektivnu obuku, a potom učestvovao u napadima na pripadnike Ministarstva unutrašnjih poslova Srbije i Vojske Jugoslavije“.		U saopštenju policije se navodi da se M.L. „sumnjiči da je tokom 1998. i 1999. godine, kao pripadnik OVK, prošao selektivnu obuku, a potom učestvovao u napadima na pripadnike Ministarstva unutrašnjih poslova Srbije i Vojske Jugoslavije“.	../danas-blic/danas-blic/to_annotate_danas-blic.tsv	OBJ	saglasnost	
dan-473030740077-034	danas	473030740077	vest	pol-drustvo	drustvo	34	44	https://www.danas.rs/vesti/drustvo/katanci-otkazi-i-beg-od-medija-ko-je-celnica-niske-gimnazije-stevan-sremac-cija-se-ostavka-trazi-na-protestu/	Vlasnica je diplome master hemičara, a studirala je, po navodima dela zaposlenih, 16 godina.		Vlasnica je diplome master hemičara, a studirala je, po navodima dela zaposlenih, 16 godina.	../danas-blic/danas-blic/to_annotate_danas-blic.tsv	OBJ	usaglaseno	P7
dan-477652944950-002	danas	477652944950	vest	pol-drustvo	drustvo	2	20	https://www.danas.rs/vesti/drustvo/nis-protest-informativni-bilten/	Vukašin Stanojević sa Prirodno-matematičkog fakulteta istakao je na skupu da je opšte poznato još od 15. marta da aktuelni režim nema nikakav legitimitet.		Vukašin Stanojević sa Prirodno-matematičkog fakulteta istakao je na skupu da je opšte poznato još od 15. marta da aktuelni režim nema nikakav legitimitet.	../danas-blic/danas-blic/to_annotate_danas-blic.tsv	OBJ	saglasnost	
dan-485685474589-010	danas	485685474589	kolumna	pol-drustvo	kolumna	10	12	https://www.danas.rs/kolumna/vladimir-jokic/proslava/	Asistira mu još jedan iz plejade ontologa sa hroničnim metasemantizmom dr Gangula Šapić.		Asistira mu još jedan iz plejade ontologa sa hroničnim metasemantizmom dr Gangula Šapić.	../danas-blic/danas-blic/to_annotate_danas-blic.tsv	SUBJ	saglasnost	
dan-510123298899-000	danas	510123298899	kolumna	pol-drustvo	licni-stavovi	0	18	https://www.danas.rs/dijalog/licni-stavovi/buducnost-vucicevih-ljudi/	Da li je neko dao savet Vučićevim ljudima da će Prvog novembra, ili negde oko tog datuma, „asteroid udariti našu planetu“?		Da li je neko dao savet Vučićevim ljudima da će Prvog novembra, ili negde oko tog datuma, „asteroid udariti našu planetu“?	../danas-blic/danas-blic/to_annotate_danas-blic.tsv	SUBJ	saglasnost	
dan-52164773530-021	danas	52164773530	kolumna	pol-drustvo	kolumna	21	24	https://www.danas.rs/kolumna/marko-selic-marcelo/sifrovano-udvaranje/	Nazad na početak priče: deceniju i kusur publika je sistematski dovođena u pacijentsko stanje loženja na ovaj džiberski mačizam.		Nazad na početak priče: deceniju i kusur publika je sistematski dovođena u pacijentsko stanje loženja na ovaj džiberski mačizam.	../danas-blic/danas-blic/to_annotate_danas-blic.tsv	SUBJ	saglasnost	
dan-524955297269-002	danas	524955297269	vest	pol-drustvo	drustvo	2	4	https://www.danas.rs/vesti/drustvo/privedeni-drzavljani-bih-kod-cacilenda-nisu-imali-prijavljen-boravak-kod-jedne-osobe-nadjen-bokser/	Prilikom provere utvrđeno je da nemaju prijavljen boravak na teritoriji Srbije.		Prilikom provere utvrđeno je da nemaju prijavljen boravak na teritoriji Srbije.	../danas-blic/danas-blic/to_annotate_danas-blic.tsv	OBJ	usaglaseno	P7
dan-579711375602-013	danas	579711375602	kolumna	pol-drustvo	kolumna	13	25	https://www.danas.rs/kolumna/safeta-bisevac/pobeda-bez-porazenih/	NJihov procenat nije zanemarljiv i sigurno nisu svi „kompletni idioti“, što bi rekao Vučić.		NJihov procenat nije zanemarljiv i sigurno nisu svi „kompletni idioti“, što bi rekao Vučić.	../danas-blic/danas-blic/to_annotate_danas-blic.tsv	SUBJ	saglasnost	
dan-616629800977-008	danas	616629800977	kolumna	svet	kolumna	8	29	https://www.danas.rs/kolumna/pavle-simjanovic/vidimo-se-u-nekom-drugom-slobodnom-filmu/	Što je lepo, naročito ako ne podnosite turizam kao koncept, a još naročitije ako ne pominjete da vam se baba zvala Hagara Kajon.		Što je lepo, naročito ako ne podnosite turizam kao koncept, a još naročitije ako ne pominjete da vam se baba zvala Hagara Kajon.	../danas-blic/danas-blic/to_annotate_danas-blic.tsv	SUBJ	saglasnost	
dan-628001085166-015	danas	628001085166	kolumna	pol-drustvo	licni-stavovi	15	41	https://www.danas.rs/dijalog/licni-stavovi/prvi-put-vucic-nije-onako-huliganski-mahao-pesnicama/	A da vas onda pitam i zašto nije tako napisao i evo vi podneli i Zakon Roditelj-Negovatelj?		A da vas onda pitam i zašto nije tako napisao i evo vi podneli i Zakon Roditelj-Negovatelj?	../danas-blic/danas-blic/to_annotate_danas-blic.tsv	SUBJ	saglasnost	
dan-636811335761-001	danas	636811335761	vest	sport	sport	1	7	https://www.danas.rs/sport/srbija-saznala-poslednjeg-rivala-u-kvalifikacijama-za-mundobasket/	Srbija će biti u grupi sa Turskom, Bosnom i Hercegovinom, a sada je saznala ime i poslednjeg rivala u grupi.		Srbija će biti u grupi sa Turskom, Bosnom i Hercegovinom, a sada je saznala ime i poslednjeg rivala u grupi.	../danas-blic/danas-blic/to_annotate_danas-blic.tsv	OBJ	saglasnost	
dan-699151381405-019	danas	699151381405	kolumna	pol-drustvo	kolumna	19	33	https://www.danas.rs/kolumna/safeta-bisevac/reci-i-lazireci/	Ali nit je Srbija uređena nit je država.		Ali nit je Srbija uređena nit je država.	../danas-blic/danas-blic/to_annotate_danas-blic.tsv	SUBJ	saglasnost	
dan-738596140573-017	danas	738596140573	kolumna	kultura	kolumna	17	32	https://www.danas.rs/kolumna/pavle-simjanovic/zakoni-levitskog-uzasa/	Nije li pogrešno činiti bogougodne stvari zato što se nadate nagradi, i kloniti se greha samo zato što vodi ka kazni?		Nije li pogrešno činiti bogougodne stvari zato što se nadate nagradi, i kloniti se greha samo zato što vodi ka kazni?	../danas-blic/danas-blic/to_annotate_danas-blic.tsv	SUBJ	saglasnost	
dan-750327860714-007	danas	750327860714	kolumna	svet	licni-stavovi	7	25	https://www.danas.rs/dijalog/licni-stavovi/nema-plakanja-u-kazinu/	Ovakva retorika probudila je Evropsku uniju, koja se iznenada setila Povelje Ujedinjenih nacija, teritorijalne celovitosti i suvereniteta država.		Ovakva retorika probudila je Evropsku uniju, koja se iznenada setila Povelje Ujedinjenih nacija, teritorijalne celovitosti i suvereniteta država.	../danas-blic/danas-blic/to_annotate_danas-blic.tsv	SUBJ	saglasnost	
dan-755167115591-019	danas	755167115591	kolumna	pol-drustvo	kolumna	19	21	https://www.danas.rs/kolumna/bozidar-andrejic/ekskluziva-stara-50-godina-praksa-3/	Hteo sam još da opišem kako sam stresno u govoru „sa najvišeg mesta“ (nije Tito!) naučio sve o „pokrivalici“, a zaboravio sam potpuno da sam i posle radio montaže.		Hteo sam još da opišem kako sam stresno u govoru „sa najvišeg mesta“ (nije Tito!) naučio sve o „pokrivalici“, a zaboravio sam potpuno da sam i posle radio montaže.	../danas-blic/danas-blic/to_annotate_danas-blic.tsv	SUBJ	usaglaseno	P5
dan-760585665622-026	danas	760585665622	kolumna	pol-drustvo	licni-stavovi	26	40	https://www.danas.rs/dijalog/licni-stavovi/zar-to-nije-dovoljno-da-stanemo-uz-njih/	Ona ne želi građanina koji odlučuje, već onoga koji ponuđeno prihvata.		Ona ne želi građanina koji odlučuje, već onoga koji ponuđeno prihvata.	../danas-blic/danas-blic/to_annotate_danas-blic.tsv	SUBJ	saglasnost	
dan-762897715204-018	danas	762897715204	vest	ekonomija	ekonomija	18	37	https://www.danas.rs/vesti/ekonomija/djajic-ne-postoji-razlog-da-se-rusi-zgrada-zeleznicke-stanice/	„Neposredno nakon pada nadstrešnice apelovao sam da se zatvori zgrada za korišćenje, a posle je to tražio i nadzor, firma Utiber.		„Neposredno nakon pada nadstrešnice apelovao sam da se zatvori zgrada za korišćenje, a posle je to tražio i nadzor, firma Utiber.	../danas-blic/danas-blic/to_annotate_danas-blic.tsv	OBJ	saglasnost	
dan-799233598578-019	danas	799233598578	vest	svet	svet	19	28	https://www.danas.rs/svet/gordon-braun-optuznice-putin-ukrajina/	Zato ostaje samo poseban tribunal za gonjenje Putinovog osnovnog zločina – planiranja, pripreme i izvršenja invazije, okupacije i pokušaja aneksije Ukrajine, koji datiraju još od invazije na Krim 2014. godine.		Zato ostaje samo poseban tribunal za gonjenje Putinovog osnovnog zločina – planiranja, pripreme i izvršenja invazije, okupacije i pokušaja aneksije Ukrajine, koji datiraju još od invazije na Krim 2014. godine.	../danas-blic/danas-blic/to_annotate_danas-blic.tsv	SUBJ	usaglaseno	P4
dan-809962852959-015	danas	809962852959	vest	svet	svet	15	22	https://www.danas.rs/svet/ema-broks-dzefri-epstin-fajlovi/	„Ljudi govore stvari samo da bi što pre prekinuli razgoivor s nekim preko telefona“, rekla je, misleći na ponudu da uzme Epstinov mejl koji ga prikazuje u dobrom svetlu i „iskopa, nalepi i pošalje Arijani Hafington“.	Y	„Ljudi govore stvari samo da bi što pre prekinuli razgoivor s nekim preko telefona“, rekla je, misleći na ponudu da uzme Epstinov mejl koji ga prikazuje u dobrom svetlu i „iskopa, nalepi i pošalje Arijani Hafington“.	../danas-blic/danas-blic/to_annotate_danas-blic.tsv	OBJ	saglasnost	
dan-829739063252-004	danas	829739063252	vest	pol-drustvo	drustvo	4	8	https://www.danas.rs/vesti/drustvo/slobodan-univerzitet-centar-za-drustvenu-stabilnost-preti-profesorima-univerziteta-u-novom-sadu/	„Posebno zabrinjava činjenica da se u ovim napadima ne targetira samo profesionalni rad naših kolega, već se zadire i u njihov privatni život, čime se dodatno podstiče atmosfera linča i pritiska“, naveo je Slobodan univerzitet.		„Posebno zabrinjava činjenica da se u ovim napadima ne targetira samo profesionalni rad naših kolega, već se zadire i u njihov privatni život, čime se dodatno podstiče atmosfera linča i pritiska“, naveo je Slobodan univerzitet.	../danas-blic/danas-blic/to_annotate_danas-blic.tsv	OBJ	saglasnost	
dan-835985637654-001	danas	835985637654	vest	pol-drustvo	drustvo	1	4	https://www.danas.rs/vesti/drustvo/u-cacku-veceras-skup-podrske-dijani-hrka/	Skup će se održati pod sloganom „Majka nije sama, majka mora ostati među nama!“.		Skup će se održati pod sloganom „Majka nije sama, majka mora ostati među nama!“.	../danas-blic/danas-blic/to_annotate_danas-blic.tsv	OBJ	saglasnost	
dan-836641463989-012	danas	836641463989	kolumna	pol-drustvo	kolumna	12	55	https://www.danas.rs/kolumna/dusko-bogdanovic/letnje-seme-2/	Imao sam tih godina rukovodioce koji su razumeli moje letnje ludorije.		Imao sam tih godina rukovodioce koji su razumeli moje letnje ludorije.	../danas-blic/danas-blic/to_annotate_danas-blic.tsv	SUBJ	saglasnost	
dan-848007019343-023	danas	848007019343	kolumna	ekonomija	kolumna	23	46	https://www.danas.rs/kolumna/misa-brkic/istorijski-dogovor-srba-i-hrvata-oko-buducnosti-krasove-bajadere/	Ubrzo su „ljuti“ konkurenti shvatili da rat nije dobar ni za koga i da će mnogo da ih košta, pa su odlučili da zajedno nastupe na svoju i dobrobit Kraša.		Ubrzo su „ljuti“ konkurenti shvatili da rat nije dobar ni za koga i da će mnogo da ih košta, pa su odlučili da zajedno nastupe na svoju i dobrobit Kraša.	../danas-blic/danas-blic/to_annotate_danas-blic.tsv	SUBJ	usaglaseno	P1
dan-850853213181-024	danas	850853213181	kolumna	pol-drustvo	kolumna	24	53	https://www.danas.rs/kolumna/nemanja-rujevic/neke-se-pobede-ne-dobijaju-na-juris/	Dva ili tri meseca su kataklizma.		Dva ili tri meseca su kataklizma.	../danas-blic/danas-blic/to_annotate_danas-blic.tsv	SUBJ	saglasnost	
dan-861209451198-012	danas	861209451198	kolumna	pol-drustvo	kolumna	12	59	https://www.danas.rs/kolumna/aleksej-kisjuhas/najnovija-levica/	Dok se Stara levica još uvek fokusirala na industrijski rad, klasnu borbu i državnu kontrolu nad privredom, Nova levica je proširila svoja interesovanja i na građanska prava, feminizam, antikolonijalizam, antiratno delovanje, lične slobode i kritiku kulture konzumerizma.		Dok se Stara levica još uvek fokusirala na industrijski rad, klasnu borbu i državnu kontrolu nad privredom, Nova levica je proširila svoja interesovanja i na građanska prava, feminizam, antikolonijalizam, antiratno delovanje, lične slobode i kritiku kulture konzumerizma.	../danas-blic/danas-blic/to_annotate_danas-blic.tsv	OBJ	saglasnost	
dan-872698080602-008	danas	872698080602	kolumna	pol-drustvo	redakcijski-komentar	8	12	https://www.danas.rs/dijalog/redakcijski-komentar/kad-ce-beograd-prestati-da-bude-kazablanka/	Mnogi bi rekli da je i mnogo iskrenije oberčuke prihvatio ovaj izveštaj ruskih špijuna, nego izveštaje briselskih birokrata, ovi drugi se trude da daju okvir celom društvu, ovi prvi pak okvir opstanka njegove lične vlasti.		Mnogi bi rekli da je i mnogo iskrenije oberčuke prihvatio ovaj izveštaj ruskih špijuna, nego izveštaje briselskih birokrata, ovi drugi se trude da daju okvir celom društvu, ovi prvi pak okvir opstanka njegove lične vlasti.	../danas-blic/danas-blic/to_annotate_danas-blic.tsv	SUBJ	saglasnost	
dan-918945551232-030	danas	918945551232	kolumna	ekonomija	licni-stavovi	30	34	https://www.danas.rs/dijalog/licni-stavovi/zakociti-sa-infrastrukturnim-investicijama/	Strani investitori kojima za njihove programe treba jeftina radna snaga otići će tamo gde je ima više.		Strani investitori kojima za njihove programe treba jeftina radna snaga otići će tamo gde je ima više.	../danas-blic/danas-blic/to_annotate_danas-blic.tsv	OBJ	usaglaseno	P7
dan-960880264478-011	danas	960880264478	kolumna	sport	kolumna	11	20	https://www.danas.rs/kolumna/ziva-vekecki/od-trofeja-se-ne-zivi/	Mladi Kostov će poput Andrije Maksimovića, Koste Nedeljkovića, Ognjena Mimovića, Alekse Damjanovića… „trbuhom za kruhom“.		Mladi Kostov će poput Andrije Maksimovića, Koste Nedeljkovića, Ognjena Mimovića, Alekse Damjanovića… „trbuhom za kruhom“.	../danas-blic/danas-blic/to_annotate_danas-blic.tsv	OBJ	usaglaseno	P3
dan-974679248862-008	danas	974679248862	kolumna	sport	licni-stavovi	8	30	https://www.danas.rs/dijalog/licni-stavovi/olimpijski-komitet-mesni-odbor-sns/	Karakterom, vrednoćom, ozbiljnošću, istrajnošću, intelektualnom nadogradnjom nije se nametnuo ni publici, rigidnim moralizatorstvom zapao je za oko sigurno tek ponekom.		Karakterom, vrednoćom, ozbiljnošću, istrajnošću, intelektualnom nadogradnjom nije se nametnuo ni publici, rigidnim moralizatorstvom zapao je za oko sigurno tek ponekom.	../danas-blic/danas-blic/to_annotate_danas-blic.tsv	SUBJ	saglasnost	
dan-983130627570-010	danas	983130627570	kolumna	pol-drustvo	kolumna	10	16	https://www.danas.rs/kolumna/vladimir-jokic/uzaludan-ljubavni-trud/	I tako, Studentska lista ostaje otvorena.		I tako, Studentska lista ostaje otvorena.	../danas-blic/danas-blic/to_annotate_danas-blic.tsv	OBJ	saglasnost	
dan-991507817792-007	danas	991507817792	vest	pol-drustvo	drustvo	7	10	https://www.danas.rs/vesti/drustvo/skolsko-dvoriste-raskopano-direktorka-kaze-da-je-bezbedno-os-oslobodioci-beograda-pocela-sa-radom-posle-rekonstrukcije/	Predviđa se, da će se taj deo posla završiti u celosti do kraja meseca što je u skladu sa predviđenim školskim aktivnostima koje time nisu ugrožene.		Predviđa se, da će se taj deo posla završiti u celosti do kraja meseca što je u skladu sa predviđenim školskim aktivnostima koje time nisu ugrožene.	../danas-blic/danas-blic/to_annotate_danas-blic.tsv	OBJ	saglasnost	
dan-997701263776-009	danas	997701263776	kolumna	pol-drustvo	kolumna	9	15	https://www.danas.rs/kolumna/marko-vidojkovic/nasa-nova-predsednica/	Šarmiraću sve dame u predsedništvu.	Y	„Šarmiraću sve dame u predsedništvu.“	../danas-blic/danas-blic/to_annotate_danas-blic.tsv	OBJ	usaglaseno	P6
n1i-124956-004	n1info	124956	kolumna	pol-drustvo	Kolumne/draza-petrovic	4	12	https://n1info.rs/kolumne/draza-petrovic/svaki-svoga-ubite-pokojnika-kolumna-draza-petrovic/	„Na ovaj način blokaderi su pokazali da su spremni čak i da ubiju roditelje, jer politički ne misle kao oni.		„Na ovaj način blokaderi su pokazali da su spremni čak i da ubiju roditelje, jer politički ne misle kao oni.	to_annotate_n1info.tsv	OBJ	usaglaseno	P6
n1i-148573-009	n1info	148573	kolumna	svet	Kolumne	9	17	https://n1info.rs/kolumne/o-mojoj-majci-crkvi-i-bogu/	Čak i kad je shvatila da sam u tom koračanju kroz svetovne i duhovne vrleti otišao u nekom drugom smeru, to nije poljuljalo njenu veru u mene.	Y	„Čak i kad je shvatila da sam u tom koračanju kroz svetovne i duhovne vrleti otišao u nekom drugom smeru, to nije poljuljalo njenu veru u mene.“	to_annotate_n1info.tsv	SUBJ	usaglaseno	P4
n1i-154621-024	n1info	154621	kolumna	svet	Kolumne/ljubodrag-stojadinovic	24	43	https://n1info.rs/kolumne/ljubodrag-stojadinovic/barjak-boje-sutona/	Ona je samo simbol države, nastao konvencijom (dogovorom) o tome kako će barjak da izgleda.		Ona je samo simbol države, nastao konvencijom (dogovorom) o tome kako će barjak da izgleda.	to_annotate_n1info.tsv	OBJ	saglasnost	
n1i-173382-004	n1info	173382	vest	kultura	Kultura	4	7	https://n1info.rs/kultura/pronadjene-slike-ukradene-sezan-matis-renoar/	Pronađena dela su Sezanova „Šolja i tanjir sa trešnjama“ („Tasse et Plat de Cerises“), Renoarova „Ribe“ („Les Poissons“) i Matisova „Odaliska na terasi“ („Odalisque sur la Terrasse“).		Pronađena dela su Sezanova „Šolja i tanjir sa trešnjama“ („Tasse et Plat de Cerises“), Renoarova „Ribe“ („Les Poissons“) i Matisova „Odaliska na terasi“ („Odalisque sur la Terrasse“).	to_annotate_n1info.tsv	OBJ	saglasnost	
n1i-184573-004	n1info	184573	kolumna	pol-drustvo	Kolumne/boris-dezulovic	4	38	https://n1info.rs/kolumne/boris-dezulovic/nova-kolumna-borisa-dezulovica-apsolutna-odlucnost/	Pa objavio da se pripreme i predsjednik Kolumbije Gustavo Petro i predsjednik Kube Miguel Díaz-Canel .	Y	„Pa objavio da se pripreme i predsjednik Kolumbije Gustavo Petro i predsjednik Kube Miguel Díaz-Canel .“	to_annotate_n1info.tsv	OBJ	saglasnost	
n1i-194167-060	n1info	194167	vest	pol-drustvo	Ustavokrsitelj	60	62	https://n1info.rs/ustavokrsitelj/nenadlezni-predsednik-vucic-i-tuzioci-od-pada-nastresnice-do-danas-od-sugestija-do-pretnji-gonjenjem/	Korišćenje svog javnog položaja, medija i javnog istupanja predstavlja neprimeren uticaj na sve nosioce javnotužilačke funkcije u Republici Srbiji.	Y	„Korišćenje svog javnog položaja, medija i javnog istupanja predstavlja neprimeren uticaj na sve nosioce javnotužilačke funkcije u Republici Srbiji.“	to_annotate_n1info.tsv	OBJ	saglasnost	
n1i-244258-028	n1info	244258	kolumna	pol-drustvo	Kolumne/ljubodrag-stojadinovic	28	40	https://n1info.rs/kolumne/ljubodrag-stojadinovic/marfijev-zakon-u-vucijevoj-ludnici/	Zakon o ukidanju Marfijevog zakona: Narodni poslanik Uglješa Mrdić je predložio skupštinskom odboru zakon o ukidanju Marfijevog zakona koji je opasan po opstanak Srbije i nije ga moguće sprovesti, a smislio ga je blokader Marfi.		Zakon o ukidanju Marfijevog zakona: Narodni poslanik Uglješa Mrdić je predložio skupštinskom odboru zakon o ukidanju Marfijevog zakona koji je opasan po opstanak Srbije i nije ga moguće sprovesti, a smislio ga je blokader Marfi.	to_annotate_n1info.tsv	SUBJ	saglasnost	
n1i-261679-004	n1info	261679	vest	pol-drustvo	Ustavokrsitelj	4	20	https://n1info.rs/ustavokrsitelj/tanasije-marinkovic-jos-jedna-vuciceva-neustavna-ponuda-o-referendumu-o-razresenju/	Prema tumačenju profesora, ovo nije prvi put da Vučić čini tu ponudu, iz čega se može zaključiti da on zaista veruje da takva institucionalna mogućnost postoji.		Prema tumačenju profesora, ovo nije prvi put da Vučić čini tu ponudu, iz čega se može zaključiti da on zaista veruje da takva institucionalna mogućnost postoji.	to_annotate_n1info.tsv	OBJ	saglasnost	
n1i-272016-028	n1info	272016	kolumna	svet	Kolumne/ljubodrag-stojadinovic	28	56	https://n1info.rs/kolumne/ljubodrag-stojadinovic/sule-neodoljiv-neumoljiv/	Tamo su nekada bili Bogdan Crnobrnja, Marko Nikezić, Živorad Kovačević, Ivan Vujačić.		Tamo su nekada bili Bogdan Crnobrnja, Marko Nikezić, Živorad Kovačević, Ivan Vujačić.	to_annotate_n1info.tsv	OBJ	saglasnost	
n1i-286741-022	n1info	286741	kolumna	kultura	Kolumne/draza-petrovic	22	28	https://n1info.rs/kolumne/draza-petrovic/bulevari-vojvode-misica-i-corsokaci-ratka-mladica/	I imali su državne guslare da o njihovim časnim obrazima guslaju.		I imali su državne guslare da o njihovim časnim obrazima guslaju.	to_annotate_n1info.tsv	SUBJ	saglasnost	
n1i-288928-022	n1info	288928	kolumna	hronika	Kolumne/ljubodrag-stojadinovic	22	47	https://n1info.rs/kolumne/ljubodrag-stojadinovic/okostavanje-mozga-poslednji-stadijum-tiranije/	Tako je iz svog poplavljenog centra za mišljenje sudila naprednjačka diva.		Tako je iz svog poplavljenog centra za mišljenje sudila naprednjačka diva.	to_annotate_n1info.tsv	SUBJ	saglasnost	
n1i-289896-000	n1info	289896	kolumna	pol-drustvo	Kolumne/draza-petrovic	0	17	https://n1info.rs/kolumne/draza-petrovic/draza-petrovic-kolumna-novak-djokovic-cacilend-milos-pavlovic/	Pavlović se plasirao u polufinale Ćacilenda kada je pre neki dan dobio desetku na ispitu!		Pavlović se plasirao u polufinale Ćacilenda kada je pre neki dan dobio desetku na ispitu!	to_annotate_n1info.tsv	SUBJ	usaglaseno	P10
n1i-315167-018	n1info	315167	kolumna	svet	Kolumne/boris-dezulovic	18	27	https://n1info.rs/kolumne/boris-dezulovic/otkud-plenkovic-u-epsteinovim-mailovima/	U dirljivo ironičnom raspletu, članak o manekenki Miji i njenoj agentici, na koju je kliknuo napaljeni Epstein, upravo je priča iz - Jutarnjeg lista.	Y	„U dirljivo ironičnom raspletu, članak o manekenki Miji i njenoj agentici, na koju je kliknuo napaljeni Epstein, upravo je priča iz - Jutarnjeg lista.“	to_annotate_n1info.tsv	SUBJ	usaglaseno	P1
n1i-319384-027	n1info	319384	vest	pol-drustvo	Nase price	27	46	https://n1info.rs/svet/pravni-status-fetusa-kao-linosti-u-sad/	Proces vantelesne oplodnje po svojoj prirodi zahteva stvaranje znatno većeg broja embriona nego što će zapravo biti implantirano u matericu žene tokom jednog ciklusa.		Proces vantelesne oplodnje po svojoj prirodi zahteva stvaranje znatno većeg broja embriona nego što će zapravo biti implantirano u matericu žene tokom jednog ciklusa.	to_annotate_n1info.tsv	OBJ	saglasnost	
n1i-320280-015	n1info	320280	kolumna	pol-drustvo	Kolumne/ljubodrag-stojadinovic	15	48	https://n1info.rs/kolumne/ljubodrag-stojadinovic/umobolna-monodrama/	Takav je, jebi ga, odvratan i zao.		Takav je, jebi ga, odvratan i zao.	to_annotate_n1info.tsv	SUBJ	saglasnost	
n1i-328638-013	n1info	328638	kolumna	hronika	Kolumne/draza-petrovic	13	35	https://n1info.rs/kolumne/draza-petrovic/zivotopis-sinise-vucinica-vojvode-za-branje-kukuruza/	Čeda Jovanović je svojeveremeno pričao za medije da kada je te davne 2001. ušao u Vilu „Mir” da pregara sa Miloševićem, tamo je zatekao Sinišu Vučinića, pijanog, ispod nekog pulta.		Čeda Jovanović je svojeveremeno pričao za medije da kada je te davne 2001. ušao u Vilu „Mir” da pregara sa Miloševićem, tamo je zatekao Sinišu Vučinića, pijanog, ispod nekog pulta.	to_annotate_n1info.tsv	OBJ	usaglaseno	P6
n1i-330787-007	n1info	330787	kolumna	pol-drustvo	Kolumne/draza-petrovic	7	36	https://n1info.rs/kolumne/draza-petrovic/drzi-bure-vodju-dok-izbori-prodju/	To im je bila taktika.		To im je bila taktika.	to_annotate_n1info.tsv	OBJ	usaglaseno	P7
n1i-341790-000	n1info	341790	vest	svet	Region	0	6	https://n1info.rs/region/podgoricko-vise-drzavno-tuzilastvo-formiralo-predmet-protiv-mitropolita-metodija-zbog-velicanja-mladica/	Podgoričko Više državno tužilaštvo formiralo je predmet protiv mitropolita budimljansko-nikšićkog Metodija zbog veličanja osuđenog ratnog zločinca Ratka Mladića.		Podgoričko Više državno tužilaštvo formiralo je predmet protiv mitropolita budimljansko-nikšićkog Metodija zbog veličanja osuđenog ratnog zločinca Ratka Mladića.	to_annotate_n1info.tsv	OBJ	saglasnost	
n1i-362140-038	n1info	362140	kolumna	pol-drustvo	Kolumne/ljubodrag-stojadinovic	38	57	https://n1info.rs/kolumne/ljubodrag-stojadinovic/andjelkovi-sinovi/	Zbog toga ljudi postaju zavisnisci.		Zbog toga ljudi postaju zavisnisci.	to_annotate_n1info.tsv	OBJ	usaglaseno	P7
n1i-372766-003	n1info	372766	vest	pol-drustvo	Nase price	3	36	https://n1info.rs/vesti/priprema-za-skolu-sta-djak-prvak-treba-da-zna/	„Poznato je da kad se dete udari, kad padne, prvo pogleda kako će roditelj reagovati.		„Poznato je da kad se dete udari, kad padne, prvo pogleda kako će roditelj reagovati.	to_annotate_n1info.tsv	OBJ	saglasnost	
n1i-376228-008	n1info	376228	kolumna	pol-drustvo	Kolumne/draza-petrovic	8	16	https://n1info.rs/kolumne/draza-petrovic/kako-je-krug-dvojke-pobedio-naprednjake/	Još odavno je kolega Stojićević u Politici napisao kolumnu pod nazivom „Putnici ludog tramvaja“, ni ne znajući da će svi tramvaji, trolejbusi i autobusi u Beogradu jednog dana poludeti, dok putuju „podeljeni“ na dve grupacije putnika koji žive u ovom ggradu.		Još odavno je kolega Stojićević u Politici napisao kolumnu pod nazivom „Putnici ludog tramvaja“, ni ne znajući da će svi tramvaji, trolejbusi i autobusi u Beogradu jednog dana poludeti, dok putuju „podeljeni“ na dve grupacije putnika koji žive u ovom ggradu.	to_annotate_n1info.tsv	SUBJ	saglasnost	
n1i-378528-005	n1info	378528	vest	svet	Region	5	7	https://n1info.rs/region/vicepremijer-hrvatske-najavio-poteze-prema-srbiji-kada-se-dogovore-sabor-vlada-i-predsednik/	On je rekao da nije iznaneđen takvih ponašanjem, jer se njihova politika nije promenila.		On je rekao da nije iznaneđen takvih ponašanjem, jer se njihova politika nije promenila.	to_annotate_n1info.tsv	OBJ	usaglaseno	P6
n1i-394443-049	n1info	394443	vest	pol-drustvo	Ustavokrsitelj	49	62	https://n1info.rs/ustavokrsitelj/kako-je-predsednik-preuzeo-ulogu-premijera/	Našao se i način da se javne rasprave zaobilaze, pa je to uspešno primenjeno donošenjem lex specialisa za Generalštab.		Našao se i način da se javne rasprave zaobilaze, pa je to uspešno primenjeno donošenjem lex specialisa za Generalštab.	to_annotate_n1info.tsv	SUBJ	saglasnost	
n1i-413363-021	n1info	413363	vest	pol-drustvo	Nase price	21	37	https://n1info.rs/vesti/vucic-pristina-i-formiranje-zajednice-srpskih-opstina/	Na vlasti u Prištini, makar zvanično, nisu uspeli da utiču ni iz međunarodne zajednice, pre svega Evropske unije.	Y	„Na vlasti u Prištini, makar zvanično, nisu uspeli da utiču ni iz međunarodne zajednice, pre svega Evropske unije.“	to_annotate_n1info.tsv	SUBJ	usaglaseno	P4
n1i-413598-014	n1info	413598	kolumna	svet	Kolumne/boris-dezulovic	14	23	https://n1info.rs/kolumne/boris-dezulovic/balada-o-ronaldu-iz-knina/	Eh da, Ronaldo B. I njegova životna priča slična je priči Mehe, Tome i Brzog: rođen u Kninu prije dvadeset tri godine bio je talentirani nogometaš, viđen za buduću zvijezdu Dinama, zbog lakog koraka i jakog udarca mladi je Ronaldo Barišić uskoro i ponio nadimak Ronaldo.	Y	„Eh da, Ronaldo B. I njegova životna priča slična je priči Mehe, Tome i Brzog: rođen u Kninu prije dvadeset tri godine bio je talentirani nogometaš, viđen za buduću zvijezdu Dinama, zbog lakog koraka i jakog udarca mladi je Ronaldo Barišić uskoro i ponio nadimak Ronaldo.“	to_annotate_n1info.tsv	OBJ	saglasnost	
n1i-417709-039	n1info	417709	vest	pol-drustvo	Nase price	39	71	https://n1info.rs/vesti/nove-tehnologije-na-izborima-iskustva-region-srbija/	Odnosno, kako Jovanović kaže, reforma je sprovedena uprkos, a ne zahvaljujući državi i politici.		Odnosno, kako Jovanović kaže, reforma je sprovedena uprkos, a ne zahvaljujući državi i politici.	to_annotate_n1info.tsv	OBJ	saglasnost	
n1i-422531-061	n1info	422531	vest	svet	Nase price	61	88	https://n1info.rs/svet/legendarni-boks-mec-dzo-luis-maks-smeling-ruzvelt-hitler/	Nakon samo jednog minuta, Luis je pogodio Šmelinga u telo tako snažno da je nemački bokser bolno jeknuo, a taj zvuk je uhvaćen u živom radio prenosu širom sveta.	Y	„Nakon samo jednog minuta, Luis je pogodio Šmelinga u telo tako snažno da je nemački bokser bolno jeknuo, a taj zvuk je uhvaćen u živom radio prenosu širom sveta.“	to_annotate_n1info.tsv	OBJ	saglasnost	
n1i-425235-014	n1info	425235	kolumna	pol-drustvo	Kolumne	14	26	https://n1info.rs/kolumne/presslaganje-vuciceva-maturska-ekskurzija/	Dakle, državni aparat služi da bi u potpunosti olakšao funkcionisanje individua unutar društva i društva u celini.		Dakle, državni aparat služi da bi u potpunosti olakšao funkcionisanje individua unutar društva i društva u celini.	to_annotate_n1info.tsv	OBJ	saglasnost	
n1i-433443-010	n1info	433443	kolumna	pol-drustvo	Kolumne/ljubodrag-stojadinovic	10	50	https://n1info.rs/kolumne/ljubodrag-stojadinovic/cezar-svercer-turskih-gaca/	Tamo u Turskoj, kupovao sam neke stvari – patike, farmerke, šorceve, gaće i druge sitnice, i prodavao ovde.		Tamo u Turskoj, kupovao sam neke stvari – patike, farmerke, šorceve, gaće i druge sitnice, i prodavao ovde.	to_annotate_n1info.tsv	OBJ	saglasnost	
n1i-441823-052	n1info	441823	kolumna	svet	Kolumne/ljubodrag-stojadinovic	52	64	https://n1info.rs/kolumne/ljubodrag-stojadinovic/novogodisnja-arka/	Poneli smo pare za deset života za svakoga od nas.		Poneli smo pare za deset života za svakoga od nas.	to_annotate_n1info.tsv	OBJ	usaglaseno	P14
n1i-465919-024	n1info	465919	kolumna	sport	Kolumne/ljubodrag-stojadinovic	24	57	https://n1info.rs/kolumne/ljubodrag-stojadinovic/nemanja-iz-srbije/	Možda je u BiH, možda nije nigde.		Možda je u BiH, možda nije nigde.	to_annotate_n1info.tsv	SUBJ	usaglaseno	P4
n1i-467835-011	n1info	467835	kolumna	pol-drustvo	Kolumne/biljana-stepanovic	11	36	https://n1info.rs/kolumne/biljana-stepanovic/koliko-ce-jos-izdrzati-telesina-na-staklenim-nozicama-i-sta-cemo-u-danu-posle/	Bez toga nikako nema ravnoteže, koliko god se upinjao.		Bez toga nikako nema ravnoteže, koliko god se upinjao.	to_annotate_n1info.tsv	SUBJ	saglasnost	
n1i-501488-034	n1info	501488	kolumna	pol-drustvo	Kolumne/biljana-stepanovic	34	56	https://n1info.rs/kolumne/biljana-stepanovic/vasa-deca-nisu-vasa-deca-ona-lome-sudbinu-srbije/	Vrhovni guru novog poretka nije ništa razumeo, jer i ne može da razume.	Y	„Vrhovni guru novog poretka nije ništa razumeo, jer i ne može da razume.“	to_annotate_n1info.tsv	SUBJ	usaglaseno	P1
n1i-514975-009	n1info	514975	kolumna	pol-drustvo	Kolumne/ljubodrag-stojadinovic	9	57	https://n1info.rs/kolumne/ljubodrag-stojadinovic/usta-puna-zemlje/	I vladalac sa svojom svitom, pripada pre svega njima i ostvaruje sve svoje zagrobne naume njihovim nemim glasom.		I vladalac sa svojom svitom, pripada pre svega njima i ostvaruje sve svoje zagrobne naume njihovim nemim glasom.	to_annotate_n1info.tsv	SUBJ	saglasnost	
n1i-531933-007	n1info	531933	kolumna	pol-drustvo	Kolumne/draza-petrovic	7	19	https://n1info.rs/kolumne/draza-petrovic/bitka-kod-vulina-i-dobojena-revolucija/	Tako da je Srbija pod primarijusom Vučićem dostigla neverovatan napredak jer se u toj i takvoj Srbiji već unapred zna šta će bebe da budu kad porastu.		Tako da je Srbija pod primarijusom Vučićem dostigla neverovatan napredak jer se u toj i takvoj Srbiji već unapred zna šta će bebe da budu kad porastu.	to_annotate_n1info.tsv	SUBJ	saglasnost	
n1i-537390-003	n1info	537390	vest	pol-drustvo	Nase price	3	11	https://n1info.rs/vesti/spc-osniva-svoj-univerzitet-sta-je-jos-predvidjeno-izmenama-zakona-o-crkvama/	Na ovaj način, kako se ističe, "ujednačavaju se obrazovni standardi u svim poljima, jer se uvođenjem obaveze delovanja u svim obrazovno-naučnim, odnosno obrazovno-umetničkim poljima u skladu sa zakonom obezbeđuje da ove ustanove ispunjavaju potpuno iste standarde kvaliteta, programa, licenciranja i akreditacije kao i državne ili druge privatne škole i fakulteti".		Na ovaj način, kako se ističe, "ujednačavaju se obrazovni standardi u svim poljima, jer se uvođenjem obaveze delovanja u svim obrazovno-naučnim, odnosno obrazovno-umetničkim poljima u skladu sa zakonom obezbeđuje da ove ustanove ispunjavaju potpuno iste standarde kvaliteta, programa, licenciranja i akreditacije kao i državne ili druge privatne škole i fakulteti".	to_annotate_n1info.tsv	OBJ	saglasnost	
n1i-539601-006	n1info	539601	kolumna	pol-drustvo	Kolumne/draza-petrovic	6	29	https://n1info.rs/kolumne/draza-petrovic/cacilendologija-nauku-o-cacilendu-nova-kolumna-draze-petrovica/	Za razliku od Darvinovih beskičmenjaka, ovi ćacilendski bekičmenjaci nikada nisu postali kičmenjaci, jer su kičmenjaci živeli van Ćacilenda, i skupljali su se uglavnom na trgu Slavija, nedaleko odatle, ali i po celoj Srbiji, od Subotice do Novog Pazara.		Za razliku od Darvinovih beskičmenjaka, ovi ćacilendski bekičmenjaci nikada nisu postali kičmenjaci, jer su kičmenjaci živeli van Ćacilenda, i skupljali su se uglavnom na trgu Slavija, nedaleko odatle, ali i po celoj Srbiji, od Subotice do Novog Pazara.	to_annotate_n1info.tsv	SUBJ	usaglaseno	P1
n1i-546031-014	n1info	546031	kolumna	pol-drustvo	Kolumne	14	34	https://n1info.rs/kolumne/ana-na-litijumske-baterije/	Pomno je slušala verbalizovanje misli pred širokim auditorijumom od strane ekoloških aktivista, te se uhvatila za "neće se voditi ratovi oko litijuma, nego oko vode".		Pomno je slušala verbalizovanje misli pred širokim auditorijumom od strane ekoloških aktivista, te se uhvatila za "neće se voditi ratovi oko litijuma, nego oko vode".	to_annotate_n1info.tsv	SUBJ	saglasnost	
n1i-568445-000	n1info	568445	vest	pol-drustvo	Ustavokrsitelj	0	7	https://n1info.rs/ustavokrsitelj/akademska-zajednica-vucic-sprovodi-drzavni-udar-sudije-i-tuzioci-da-preduzmu-hitne-mere/	"Na delu je permanentni državni udar koji sprovodi predsednik Republike.		"Na delu je permanentni državni udar koji sprovodi predsednik Republike.	to_annotate_n1info.tsv	OBJ	usaglaseno	P6
n1i-580762-001	n1info	580762	kolumna	ekonomija	Kolumne/ljubodrag-stojadinovic	1	31	https://n1info.rs/kolumne/ljubodrag-stojadinovic/umobolna-drama-kolumna-ljubodrag-stojadinovic/	Ima ga mnogo manje nego što želi, nedohvatljiv za svoja čula koja su ga žudna u samoljubivoj pomami.		Ima ga mnogo manje nego što želi, nedohvatljiv za svoja čula koja su ga žudna u samoljubivoj pomami.	to_annotate_n1info.tsv	SUBJ	saglasnost	
n1i-583616-005	n1info	583616	kolumna	pol-drustvo	Kolumne/biljana-stepanovic	5	30	https://n1info.rs/kolumne/biljana-stepanovic/cena-odlaska-dotrajalog-rezima-kruze-razne-teorije/	Temperaturu su podigli i snajperisti na krovu Skupštine Srbije , zgodno postavljeni da se mogu lepo videti i slikati.		Temperaturu su podigli i snajperisti na krovu Skupštine Srbije , zgodno postavljeni da se mogu lepo videti i slikati.	to_annotate_n1info.tsv	SUBJ	saglasnost	
n1i-593928-022	n1info	593928	kolumna	pol-drustvo	Kolumne/biljana-stepanovic	22	82	https://n1info.rs/kolumne/biljana-stepanovic/da-li-se-to-vrhovni-caci-sprema-za-diktaturu-ili-se-samo-igra-vatrom/	I sad, u takvoj nezamislivoj situaciji, postalo je moguće da se apsurdni događaji odvijaju dalje – umesto da se hapse kriminalci koji kradu i kupuju izbore, radikalska pamet naređuje da se hapse profesori univerziteta i đaci pred maturu.		I sad, u takvoj nezamislivoj situaciji, postalo je moguće da se apsurdni događaji odvijaju dalje – umesto da se hapse kriminalci koji kradu i kupuju izbore, radikalska pamet naređuje da se hapse profesori univerziteta i đaci pred maturu.	to_annotate_n1info.tsv	SUBJ	saglasnost	
n1i-596397-024	n1info	596397	vest	svet	Region	24	37	https://n1info.rs/region/grahovo-pod-opsadom-crnogorska-policija-intenzivno-traga-za-ljubom-milovicem/	U spisima Evropola sumnjiči se još za odavanje informacija o policijskim akcijama.		U spisima Evropola sumnjiči se još za odavanje informacija o policijskim akcijama.	to_annotate_n1info.tsv	OBJ	saglasnost	
n1i-596877-002	n1info	596877	kolumna	pol-drustvo	Kolumne/draza-petrovic	2	29	https://n1info.rs/kolumne/draza-petrovic/vuk-i-dva-praseta-u-informeru-draza-kolumna/	Običaj u srpskom narodu je da u rano božićno jutro kolegijum Informera ode u šumu, u šumi nađe nekog četničkog vojvodu, i onda ga nose sve do studija.		Običaj u srpskom narodu je da u rano božićno jutro kolegijum Informera ode u šumu, u šumi nađe nekog četničkog vojvodu, i onda ga nose sve do studija.	to_annotate_n1info.tsv	SUBJ	usaglaseno	P10
n1i-597570-002	n1info	597570	vest	ekonomija	Biznis	2	20	https://n1info.rs/biznis/dokle-se-stiglo-sa-projektom-brze-pruge-beograd-nis/	Prijave se mogu podneti do 2. oktobra, posle čega sledi izbor izvođača.		Prijave se mogu podneti do 2. oktobra, posle čega sledi izbor izvođača.	to_annotate_n1info.tsv	OBJ	saglasnost	
n1i-609675-016	n1info	609675	kolumna	svet	Kolumne/boris-dezulovic	16	68	https://n1info.rs/kolumne/boris-dezulovic/zakon-o-javnom-lincu/	Boli me kurac, neka me uhite!		Boli me kurac, neka me uhite!	to_annotate_n1info.tsv	SUBJ	saglasnost	
n1i-648790-027	n1info	648790	kolumna	pol-drustvo	Kolumne/ljubodrag-stojadinovic	27	43	https://n1info.rs/kolumne/ljubodrag-stojadinovic/kolumna-ljubodraga-stojadinovica-izopaceno-lice-drzavne-prinude/	Izmoždeni klovn, očajan zbog ignorisanja njegove zablude o moći, želi da svima dokaže kako je još sve u njegovim rukama.		Izmoždeni klovn, očajan zbog ignorisanja njegove zablude o moći, želi da svima dokaže kako je još sve u njegovim rukama.	to_annotate_n1info.tsv	SUBJ	saglasnost	
n1i-657783-029	n1info	657783	kolumna	pol-drustvo	Kolumne/biljana-stepanovic	29	55	https://n1info.rs/kolumne/biljana-stepanovic/sta-to-videsmo-u-malom-zvorniku/	Neće predsednik o tome, važnije su stvari sad u pitanju.		Neće predsednik o tome, važnije su stvari sad u pitanju.	to_annotate_n1info.tsv	SUBJ	saglasnost	
n1i-660704-020	n1info	660704	kolumna	svet	Kolumne/boris-dezulovic	20	23	https://n1info.rs/kolumne/boris-dezulovic/kolumna-boris-dezulovic-kanye-west-na-hip-hopodromu/	Da, jasno, Kanye West, ispričavam se.		Da, jasno, Kanye West, ispričavam se.	to_annotate_n1info.tsv	SUBJ	saglasnost	
n1i-663709-007	n1info	663709	kolumna	svet	Kolumne/draza-petrovic	7	17	https://n1info.rs/kolumne/draza-petrovic/zitije-svetog-zeksa/	Ima tu pak još upraženjenih profesija i pojava koje bi mogle da se očešu o čudotvorne moći Svetog Žeksa i izaberu ga za zaštitnika.		Ima tu pak još upraženjenih profesija i pojava koje bi mogle da se očešu o čudotvorne moći Svetog Žeksa i izaberu ga za zaštitnika.	to_annotate_n1info.tsv	SUBJ	saglasnost	
n1i-668917-037	n1info	668917	kolumna	pol-drustvo	Kolumne/ljubodrag-stojadinovic	37	55	https://n1info.rs/kolumne/ljubodrag-stojadinovic/skitnica-mrzi-vozove-kolumna-ljubodrag-stojadinovic/	To su emocije koje nije u stanju da sažme i podnese.		To su emocije koje nije u stanju da sažme i podnese.	to_annotate_n1info.tsv	SUBJ	saglasnost	
n1i-716415-016	n1info	716415	vest	pol-drustvo	Nase price	16	36	https://n1info.rs/zeleni-kutak/javnost-i-dalje-nema-potpune-i-azurirane-podatke-sta-je-sa-katastrom-rudarskog-otpada/	Ova 41 lokacija čini približno 80 odsto ukupne zapremine rudarskog otpada identifikovanog na 250 lokacija posećenih tokom projekta”, navode iz EK za portal N1.		Ova 41 lokacija čini približno 80 odsto ukupne zapremine rudarskog otpada identifikovanog na 250 lokacija posećenih tokom projekta”, navode iz EK za portal N1.	to_annotate_n1info.tsv	OBJ	saglasnost	
n1i-717253-034	n1info	717253	kolumna	pol-drustvo	Kolumne	34	60	https://n1info.rs/kolumne/veliki-mestar-sviju-hulja-pretnje-nasoj-lepoj-deci/	Okreću se po prvi put oko sebe u čudu, ne znaju šta se događa, pa ne znaju ni kako to da spreče.		Okreću se po prvi put oko sebe u čudu, ne znaju šta se događa, pa ne znaju ni kako to da spreče.	to_annotate_n1info.tsv	SUBJ	saglasnost	
n1i-720270-034	n1info	720270	vest	pol-drustvo	Nase price	34	48	https://n1info.rs/vesti/opozicija-nekad-i-sad-avgust-1999-dos-nesloga/	On je predložio da se vlastima da rok od 15 dana da se sklone.		On je predložio da se vlastima da rok od 15 dana da se sklone.	to_annotate_n1info.tsv	OBJ	saglasnost	
n1i-722816-023	n1info	722816	kolumna	pol-drustvo	Kolumne/ljubodrag-stojadinovic	23	43	https://n1info.rs/kolumne/ljubodrag-stojadinovic/ostala-je-samo-ulica-kolumna-ljubodrag-stojadinovic/	Čak i ako ne mogu da izgube izbore u jednom času će izgubiti vlast.		Čak i ako ne mogu da izgube izbore u jednom času će izgubiti vlast.	to_annotate_n1info.tsv	SUBJ	saglasnost	
n1i-742971-007	n1info	742971	vest	pol-drustvo	Nase price	7	27	https://n1info.rs/vesti/pravac-potocari-zasto-niko-ne-kaznjava-slavljenje-ratnog-zlocinca-i-genocida/	Prema rečima advokata Aleksandra Olenika , razlog za nedelovanje državnih organa je u skladu sa politikom državnog vrha, odnosno Aleksandra Vučića, koji je, kako kaže, želeo da organizuje državnu sahranu za Ratka Mladić, ali nije smeo, znajući da ne sme da bude "samo" porodična sahrana.		Prema rečima advokata Aleksandra Olenika , razlog za nedelovanje državnih organa je u skladu sa politikom državnog vrha, odnosno Aleksandra Vučića, koji je, kako kaže, želeo da organizuje državnu sahranu za Ratka Mladić, ali nije smeo, znajući da ne sme da bude "samo" porodična sahrana.	to_annotate_n1info.tsv	OBJ	saglasnost	
n1i-746572-004	n1info	746572	vest	svet	Region	4	11	https://n1info.rs/region/cvijanovic-konakovic-ne-moze-da-proteruje-diplomate-srbije-saglasnost-daje-savet-ministara-bih/	Navela je da je za postupak uskraćivanja gostoprimstva potrebno imati dokaze za razloge na osnovu kojih se donosi takva odluka.	Y	„Navela je da je za postupak uskraćivanja gostoprimstva potrebno imati dokaze za razloge na osnovu kojih se donosi takva odluka.“	to_annotate_n1info.tsv	OBJ	saglasnost	
n1i-763930-017	n1info	763930	kolumna	svet	Kolumne/ljubodrag-stojadinovic	17	48	https://n1info.rs/kolumne/ljubodrag-stojadinovic/vatromet-u-mocvari/	Malo kasnije je postao sam sebi strah i trepet, vitez u glupim lažima.		Malo kasnije je postao sam sebi strah i trepet, vitez u glupim lažima.	to_annotate_n1info.tsv	SUBJ	saglasnost	
n1i-770591-017	n1info	770591	kolumna	pol-drustvo	Kolumne/draza-petrovic	17	31	https://n1info.rs/kolumne/draza-petrovic/besplatan-vodic-ukradi-sam-u-beogradu-kolumna-draze-petrovica/	Zanima li te kućica za pse sa nalepnicom Stari grad. – izgledalo je na nemom filmu bezbednosne kamere ko da je taj razgovor ličio na alanfordovsku komunikaciju sir Olivera i njegovog misterioznog prijatelja Binga.		Zanima li te kućica za pse sa nalepnicom Stari grad. – izgledalo je na nemom filmu bezbednosne kamere ko da je taj razgovor ličio na alanfordovsku komunikaciju sir Olivera i njegovog misterioznog prijatelja Binga.	to_annotate_n1info.tsv	SUBJ	saglasnost	
n1i-786986-042	n1info	786986	kolumna	pol-drustvo	Kolumne/ljubodrag-stojadinovic	42	53	https://n1info.rs/kolumne/ljubodrag-stojadinovic/nije-asad-ali-moze-da-leti/	Mogao je da kaže: Ako mislite da sam Mira Marković, ko bi ga znao, možda jesam njena muškobanjasta inkarnacija.		Mogao je da kaže: Ako mislite da sam Mira Marković, ko bi ga znao, možda jesam njena muškobanjasta inkarnacija.	to_annotate_n1info.tsv	SUBJ	saglasnost	
n1i-803780-009	n1info	803780	kolumna	ekonomija	Kolumne/draza-petrovic	9	18	https://n1info.rs/kolumne/draza-petrovic/memorandum-o-srpskim-naprednim-sirovinama/	I kako god bi se pojavilo neko novo lice među Srpskim Naprednim Sirovinama, vaskolko građanstvo se pitalo: “Gde li su ovog iskopali, bože me oprosti?		I kako god bi se pojavilo neko novo lice među Srpskim Naprednim Sirovinama, vaskolko građanstvo se pitalo: “Gde li su ovog iskopali, bože me oprosti?	to_annotate_n1info.tsv	SUBJ	saglasnost	
n1i-814434-010	n1info	814434	kolumna	pol-drustvo	Kolumne/draza-petrovic	10	23	https://n1info.rs/kolumne/draza-petrovic/predsednik-je-pod-video-nadzorom/	I taj odeljak bi se nalazio odmah pored odeljka “Leteći automobili”.		I taj odeljak bi se nalazio odmah pored odeljka “Leteći automobili”.	to_annotate_n1info.tsv	OBJ	usaglaseno	P7
n1i-818178-003	n1info	818178	kolumna	pol-drustvo	Kolumne/draza-petrovic	3	33	https://n1info.rs/kolumne/draza-petrovic/kolumna-draze-petrovica-mama-tata-predsednik-i-podkast/	Onda je Dino, samouvereno, prepričao događaj koji je u biti izgledao sasvim drugačije, mada je njegova priča bila uverljiva.		Onda je Dino, samouvereno, prepričao događaj koji je u biti izgledao sasvim drugačije, mada je njegova priča bila uverljiva.	to_annotate_n1info.tsv	SUBJ	saglasnost	
n1i-837189-014	n1info	837189	vest	ekonomija	Nase price	14	35	https://n1info.rs/vesti/kako-da-znate-da-vam-je-telefon-zarazen-spijunskim-softverom/	Da biste proverili da li je Apple obaveštenje o pretnji autentično, prijavite se na account.apple.com.		Da biste proverili da li je Apple obaveštenje o pretnji autentično, prijavite se na account.apple.com.	to_annotate_n1info.tsv	OBJ	saglasnost	
n1i-862314-043	n1info	862314	vest	pol-drustvo	Ustavokrsitelj	43	51	https://n1info.rs/ustavokrsitelj/profesor-tanasije-marinkovic-srbija-nedovrsena-drzava-ustav/	I jedno i drugo je važno, moramo da radimo i na formalno-pravnim institucijama, u smislu propisa, Ustava, zakona, sudijskih presuda, ali da bez odgovorne pedagogije i daljeg širenja tih vrednosti, bez te odgovornosti, institucije neće zaživeti", poručio je.	Y	„I jedno i drugo je važno, moramo da radimo i na formalno-pravnim institucijama, u smislu propisa, Ustava, zakona, sudijskih presuda, ali da bez odgovorne pedagogije i daljeg širenja tih vrednosti, bez te odgovornosti, institucije neće zaživeti", poručio je.“	to_annotate_n1info.tsv	OBJ	saglasnost	
n1i-865459-006	n1info	865459	kolumna	pol-drustvo	Kolumne/draza-petrovic	6	12	https://n1info.rs/kolumne/draza-petrovic/madjar-koji-je-lajao-av-av-av/	Tamo u Dnevniku, AV se setio da je njegov pad najavljivan još posle pada Kurca.		Tamo u Dnevniku, AV se setio da je njegov pad najavljivan još posle pada Kurca.	to_annotate_n1info.tsv	SUBJ	saglasnost	
n1i-884250-033	n1info	884250	kolumna	sport	Kolumne/ljubodrag-stojadinovic	33	46	https://n1info.rs/kolumne/ljubodrag-stojadinovic/ciji-si-ti-stojkovicu/	Majstori su ostali u istoriji.		Majstori su ostali u istoriji.	to_annotate_n1info.tsv	SUBJ	usaglaseno	P4
n1i-901147-007	n1info	901147	vest	svet	Region	7	8	https://n1info.rs/region/veritas-33-godine-od-napada-hrvatske-vojske-na-podvelebitska-srpska-sela-sada-je-tu-deponija/	Pozvali su javnost, ekološka udruženja i međunarodne institucije da reaguju.		Pozvali su javnost, ekološka udruženja i međunarodne institucije da reaguju.	to_annotate_n1info.tsv	OBJ	saglasnost	
n1i-917305-014	n1info	917305	kolumna	pol-drustvo	Kolumne/draza-petrovic	14	28	https://n1info.rs/kolumne/draza-petrovic/srbiji-treba-prelazni-predsednik/	I sa svima njima treba da se solidarišemo i nosimo majice.		I sa svima njima treba da se solidarišemo i nosimo majice.	to_annotate_n1info.tsv	SUBJ	saglasnost	
n1i-920465-006	n1info	920465	kolumna	pol-drustvo	Kolumne/draza-petrovic	6	26	https://n1info.rs/kolumne/draza-petrovic/dzeki-cen-u-odbrani-srpskih-pandi/	Što je jeftin trik koji su pokušali i sa pandama, ali pande su lukavije i inteligentnije, pa im to kod njih nije pošlo za rukom.		Što je jeftin trik koji su pokušali i sa pandama, ali pande su lukavije i inteligentnije, pa im to kod njih nije pošlo za rukom.	to_annotate_n1info.tsv	SUBJ	saglasnost	
n1i-927147-004	n1info	927147	kolumna	pol-drustvo	Kolumne	4	10	https://n1info.rs/kolumne/tri-i-po-godine-tehnicke-i-nestabilne-vladavine-naprednjaka/	A onda, krajem januara 2025. godine je Vučević podneo ostavku, a Đuro Macut izabran tek sredinom aprila (još 2,5 meseca bez Vlade u mandatu).		A onda, krajem januara 2025. godine je Vučević podneo ostavku, a Đuro Macut izabran tek sredinom aprila (još 2,5 meseca bez Vlade u mandatu).	to_annotate_n1info.tsv	OBJ	saglasnost	
n1i-928873-017	n1info	928873	kolumna	svet	Kolumne/ljubodrag-stojadinovic	17	44	https://n1info.rs/kolumne/ljubodrag-stojadinovic/kraj-evolucije-jelene-milic/	Iskre jakih emocija počele su u prividnom neskladu.		Iskre jakih emocija počele su u prividnom neskladu.	to_annotate_n1info.tsv	SUBJ	saglasnost	
n1i-933448-015	n1info	933448	kolumna	pol-drustvo	Kolumne/ljubodrag-stojadinovic	15	58	https://n1info.rs/kolumne/ljubodrag-stojadinovic/sezona-raspamecenih-kraljeva/	U svakom od njih misao se sapliće ili ne ide uopšte, i zbog toga su izabrani.		U svakom od njih misao se sapliće ili ne ide uopšte, i zbog toga su izabrani.	to_annotate_n1info.tsv	SUBJ	saglasnost	
n1i-968871-024	n1info	968871	kolumna	svet	Kolumne/boris-dezulovic	24	56	https://n1info.rs/kolumne/boris-dezulovic/boris-dezulovic-kolumne-marko-perkovic-thompson/	Je li to poljsko cvijeće iz "Samo je ljubav tajna dvaju svjetova", "kao cvijet u polju/ medju bijelim brezama", ili grm divljih ruža iz "Dan dolazi", "kada divlje ruže procvjetaju"?		Je li to poljsko cvijeće iz "Samo je ljubav tajna dvaju svjetova", "kao cvijet u polju/ medju bijelim brezama", ili grm divljih ruža iz "Dan dolazi", "kada divlje ruže procvjetaju"?	to_annotate_n1info.tsv	OBJ	usaglaseno	P3
n1i-976710-009	n1info	976710	kolumna	pol-drustvo	Kolumne/draza-petrovic	9	14	https://n1info.rs/kolumne/draza-petrovic/tri-lepe-ane-brnabic/	Go**ari odvratni!”, s tim što je prvi deo viknula u mikrofon, a drugi izgovorila kada je mikrofon isključila i udarila ga desnim krošeom.	Y	„Go**ari odvratni!”, s tim što je prvi deo viknula u mikrofon, a drugi izgovorila kada je mikrofon isključila i udarila ga desnim krošeom.“	to_annotate_n1info.tsv	SUBJ	usaglaseno	P1
n1i-992196-009	n1info	992196	kolumna	pol-drustvo	Kolumne/biljana-stepanovic	9	39	https://n1info.rs/kolumne/biljana-stepanovic/sent-ridzis-i-politicki-brutalizam/	Vi sve njih bahato ignorišete.		Vi sve njih bahato ignorišete.	to_annotate_n1info.tsv	SUBJ	saglasnost	
n1i-995339-004	n1info	995339	vest	pol-drustvo	Ustavokrsitelj	4	6	https://n1info.rs/ustavokrsitelj/birodi-vucic-kroz-stalne-medijske-nastupe-sprovodi-fakticku-izbornu-kampanju-krsi-ustav-i-zakone/	Kako bi sprečio takvo postupanje predsednika, Birodi je dostavio REM-u predlog Upustva o izveštavanju medija o predsedniku Republike, koje to regulatorno telo može da usvoji i primenjuje prema Zakonu o elektronskim medijima.		Kako bi sprečio takvo postupanje predsednika, Birodi je dostavio REM-u predlog Upustva o izveštavanju medija o predsedniku Republike, koje to regulatorno telo može da usvoji i primenjuje prema Zakonu o elektronskim medijima.	to_annotate_n1info.tsv	OBJ	saglasnost	
pol-715941-002	politika	715941	vest	pol-drustvo	srbija	2	24	https://www.politika.rs/sr/clanak/715941/kroz-zivot-uzicke-osmoletke-o-skolstvu-nekad-i-sad	Nastavom pripremani za kakav posao u uznapredovaloj privredi.		Nastavom pripremani za kakav posao u uznapredovaloj privredi.	../to_annotate_q.tsv	SUBJ	usaglaseno	P1
pol-718657-003	politika	718657	vest	pol-drustvo	srbija	3	22	https://www.politika.rs/sr/clanak/718657/sve-ma-nje-ce-stit-ki-s-du-som	Prodavac s druge strane samo što ne zadrema, ali mu ne dozvoljava hladnoća.		Prodavac s druge strane samo što ne zadrema, ali mu ne dozvoljava hladnoća.	../to_annotate_q.tsv	SUBJ	saglasnost	
pol-747221-022	politika	747221	kolumna	svet	pogledi	22	51	https://www.politika.rs/sr/clanak/747221/kako-su-nastali-petrodolari-i-rat-na-bliskom-istoku	Zemlje koje prodaju naftu (poput članica OPEK-a) ostvaruju velike dolarske viškove, koje zatim reinvestiraju u američke obveznice, akcije ili ih drže u bankama.		Zemlje koje prodaju naftu (poput članica OPEK-a) ostvaruju velike dolarske viškove, koje zatim reinvestiraju u američke obveznice, akcije ili ih drže u bankama.	../to_annotate_q.tsv	OBJ	saglasnost	
pol-748724-016	politika	748724	kolumna	pol-drustvo	pogledi	16	26	https://www.politika.rs/sr/clanak/748724/cemu-se-nadate	Kao da zaboravljaju da je baš Vučić taj koji je na svega jedan odsto razlike priznao i čestitao Nenadu Bogdanoviću pobedu u trci za gradonačelnika Beograda.		Kao da zaboravljaju da je baš Vučić taj koji je na svega jedan odsto razlike priznao i čestitao Nenadu Bogdanoviću pobedu u trci za gradonačelnika Beograda.	../to_annotate_q.tsv	SUBJ	saglasnost	
pol-749395-019	politika	749395	kolumna	pol-drustvo	pogledi	19	61	https://www.politika.rs/sr/clanak/749395/vidova-pravda	Profesor sam univerziteta, a i da to nisam – dovoljno sam imućan da do nekog srpskog sela na crnogorskoj obali dođem na nekoliko načina.		Profesor sam univerziteta, a i da to nisam – dovoljno sam imućan da do nekog srpskog sela na crnogorskoj obali dođem na nekoliko načina.	../to_annotate_q.tsv	SUBJ	usaglaseno	P4
pol-749400-032	politika	749400	kolumna	pol-drustvo	pogledi	32	37	https://www.politika.rs/sr/clanak/749400/haos-na-srpskim-univerzitetima-apsolutno-je-nezamisliv-u-americi	Za homo sapiense unutar univerziteta koji nemaju bedž brine se univerzitetska policija.	Y	„Za homo sapiense unutar univerziteta koji nemaju bedž brine se univerzitetska policija.“	../to_annotate_q.tsv	OBJ	usaglaseno	P6
pol-749912-013	politika	749912	kolumna	pol-drustvo	pogledi	13	23	https://www.politika.rs/sr/clanak/749912/evropske-sile-ne-cekaju-ekoloske-dozvole-sa-ulice	Zemlja koja raspolaže jednim od najkvalitetnijih nalazišta litijuma u Evropi, jedina je koja svesno odbija da koristi svoje resurse.		Zemlja koja raspolaže jednim od najkvalitetnijih nalazišta litijuma u Evropi, jedina je koja svesno odbija da koristi svoje resurse.	../to_annotate_q.tsv	SUBJ	saglasnost	
pol-750140-033	politika	750140	kolumna	pol-drustvo	pogledi	33	53	https://www.politika.rs/sr/clanak/750140/desmitovanje-bosne-i-hercegovine	Predsednik Austrije Van der Belen stigao je prošle nedelje u Sarajevo da, u odsustvu Željke Cvijanović, dvočlanom Predsedništvu BiH, Bećiroviću i Komšiću, podrži produžetak mandata OHR-a.		Predsednik Austrije Van der Belen stigao je prošle nedelje u Sarajevo da, u odsustvu Željke Cvijanović, dvočlanom Predsedništvu BiH, Bećiroviću i Komšiću, podrži produžetak mandata OHR-a.	../to_annotate_q.tsv	OBJ	saglasnost	
pol-750838-008	politika	750838	kolumna	pol-drustvo	pogledi	8	34	https://www.politika.rs/sr/clanak/750838/vandalizovanje-pravoslavne-svetinje-u-centru-zagreba	Povezan je s okolnim ulicama kroz šarmantne prolaze ispunjene prodavnicama, omiljeno je sastajalište građana, mesto uličnih svirača i čestih javnih promocija ili akcija udruženja građana.		Povezan je s okolnim ulicama kroz šarmantne prolaze ispunjene prodavnicama, omiljeno je sastajalište građana, mesto uličnih svirača i čestih javnih promocija ili akcija udruženja građana.	../to_annotate_q.tsv	OBJ	usaglaseno	P3
pol-752256-018	politika	752256	kolumna	pol-drustvo	pogledi	18	48	https://www.politika.rs/sr/clanak/752256/pravo-i-pravda-po-marti-kos	Naravno, to se nekako sve brzo zataška zbog različitih karijera, ali da li su to vrednosti koje mi želimo da prihvatimo?		Naravno, to se nekako sve brzo zataška zbog različitih karijera, ali da li su to vrednosti koje mi želimo da prihvatimo?	../to_annotate_q.tsv	SUBJ	saglasnost	
pol-754422-014	politika	754422	kolumna	pol-drustvo	pogledi	14	22	https://www.politika.rs/sr/clanak/754422/venecijanska-komisija-kao-medunarodni-ustavni-sud	U tom smislu standardna slika ustavnog prava kao zatvorenog sistema u kojem nacionalni ustavni sudovi imaju poslednju reč postepeno ustupa mesto jednoj mrežnoj strukturi u kojoj se argumenti, standardi i tumačenja kreću preko granica.		U tom smislu standardna slika ustavnog prava kao zatvorenog sistema u kojem nacionalni ustavni sudovi imaju poslednju reč postepeno ustupa mesto jednoj mrežnoj strukturi u kojoj se argumenti, standardi i tumačenja kreću preko granica.	../to_annotate_q.tsv	SUBJ	usaglaseno	P4
pol-756279-008	politika	756279	kolumna	pol-drustvo	pogledi	8	29	https://www.politika.rs/sr/clanak/756279/nekoliko-cinjenica-o-laznoj-studentskoj-listi	Lažna Studentska lista, kao svoju falangu, kao SA odrede, na nivou opština, osnovala je fašističke „Zborove” po ugledu na fašističku organizaciju Dimitrija Ljotića „Zbor” iz vremena Drugog svetskog rata.		Lažna Studentska lista, kao svoju falangu, kao SA odrede, na nivou opština, osnovala je fašističke „Zborove” po ugledu na fašističku organizaciju Dimitrija Ljotića „Zbor” iz vremena Drugog svetskog rata.	../to_annotate_q.tsv	SUBJ	saglasnost	
pol-756787-028	politika	756787	kolumna	pol-drustvo	pogledi	28	63	https://www.politika.rs/sr/clanak/756787/hladna-buducnost-toplih-zabluda	Vremenom oni oteraju najbolje, ne zato što su najbolji neposlušni, nego zato što njihovo prisustvo podseća da je nekada kriterijum bio stroži, rad ozbiljniji, a motiv manje prljav.		Vremenom oni oteraju najbolje, ne zato što su najbolji neposlušni, nego zato što njihovo prisustvo podseća da je nekada kriterijum bio stroži, rad ozbiljniji, a motiv manje prljav.	../to_annotate_q.tsv	SUBJ	saglasnost	
pol-756889-010	politika	756889	kolumna	pol-drustvo	pogledi	10	44	https://www.politika.rs/sr/clanak/756889/neuspela-drzava-crna-gora	"Ove poražavajuće činjenice, nekadašnje pristalice zajedničke države uvaljene pre par godina u fotelje pokušavaju da relativizuju floskulama ""mi smo mali, kolonija, šaka jada, moramo""."		"Ove poražavajuće činjenice, nekadašnje pristalice zajedničke države uvaljene pre par godina u fotelje pokušavaju da relativizuju floskulama ""mi smo mali, kolonija, šaka jada, moramo""."	../to_annotate_q.tsv	SUBJ	usaglaseno	P4
pol-757014-055	politika	757014	kolumna	svet	pogledi	55	69	https://www.politika.rs/sr/clanak/757014/tramp-ne-odustaje-od-grenlanda	Administracija traži i efektivno pravo veta nad stranim investicijama, pre svega kineskim i ruskim.		Administracija traži i efektivno pravo veta nad stranim investicijama, pre svega kineskim i ruskim.	../to_annotate_q.tsv	OBJ	saglasnost	
pol-759039-069	politika	759039	kolumna	pol-drustvo	pogledi	69	94	https://www.politika.rs/sr/clanak/759039/medijsko-nasilje-vijesti-protiv-srpskog-stava-o-kosovu-u-crnoj-gori	To otkriva selektivnost cele argumentacije., jer nije problem u pravnoj formi deklaracije, već u činjenici da ona dovodi u pitanje jednu od ključnih odluka bivšeg režima Mila Đukanovića.		To otkriva selektivnost cele argumentacije., jer nije problem u pravnoj formi deklaracije, već u činjenici da ona dovodi u pitanje jednu od ključnih odluka bivšeg režima Mila Đukanovića.	../to_annotate_q.tsv	SUBJ	saglasnost	
pol-759176-020	politika	759176	kolumna	svet	pogledi	20	55	https://www.politika.rs/sr/clanak/759176/rat-na-bliskom-istoku-asimetricni-globalni-sok	Za ekonomije koje uvoze gorivo negativni efekat je veliki.		Za ekonomije koje uvoze gorivo negativni efekat je veliki.	../to_annotate_q.tsv	OBJ	saglasnost	
pol-759678-001	politika	759678	kolumna	hronika	pogledi	1	54	https://www.politika.rs/sr/clanak/759678/ratni-zlocini-silovanjem-po-hrvatskom-modelu-2	Prvi (1970) se tereti da je u prvoj polovini 1992, u privremeno okupiranom selu na području Promine „s još šest naoružanih pripadnika iste srpske paravojne jedinice došao u kuću žrtve, tada maloletne ženske osobe, gde su je okrivljeni i ostali pripadnici srpske paravojne jedinice silovali”.		Prvi (1970) se tereti da je u prvoj polovini 1992, u privremeno okupiranom selu na području Promine „s još šest naoružanih pripadnika iste srpske paravojne jedinice došao u kuću žrtve, tada maloletne ženske osobe, gde su je okrivljeni i ostali pripadnici srpske paravojne jedinice silovali”.	../to_annotate_q.tsv	OBJ	saglasnost	
pol-761066-053	politika	761066	kolumna	pol-drustvo	pogledi	53	100	https://www.politika.rs/sr/clanak/761066/redovi-pred-svetinjom-i-lov-na-vernike	Ta istina je nekima neuobičajeno neprijatna.		Ta istina je nekima neuobičajeno neprijatna.	../to_annotate_q.tsv	SUBJ	saglasnost	
pol-761290-024	politika	761290	kolumna	pol-drustvo	pogledi	24	33	https://www.politika.rs/sr/clanak/761290/deca-kao-politicki-aktivisti	Dete do 14. godine je krivično neodgovorno, pa shodno tome posledice su gotovo nikakve kada učini krivično delo.		Dete do 14. godine je krivično neodgovorno, pa shodno tome posledice su gotovo nikakve kada učini krivično delo.	../to_annotate_q.tsv	OBJ	saglasnost	
pol-762474-028	politika	762474	kolumna	ekonomija	pogledi	28	44	https://www.politika.rs/sr/clanak/762474/akcije-vestacke-inteligencije-lete-u-svemir	„Antropik” se procenjuje na skoro trilion dolara, a „Open AI” na više od 850 milijardi.		„Antropik” se procenjuje na skoro trilion dolara, a „Open AI” na više od 850 milijardi.	../to_annotate_q.tsv	OBJ	saglasnost	
pol-763002-031	politika	763002	kolumna	sport	pogledi	31	61	https://www.politika.rs/sr/clanak/763002/sasa-ilic-srce-na-klupu	Posle dve godine u klubu su mu rekli da donese krštenicu i dve slike.		Posle dve godine u klubu su mu rekli da donese krštenicu i dve slike.	../to_annotate_q.tsv	OBJ	saglasnost	
pol-763223-052	politika	763223	kolumna	svet	pogledi	52	56	https://www.politika.rs/sr/clanak/763223/kina-najveca-laboratorija-za-modernizaciju-ikada-stvorena	Izveštaj ASPI kaže da je prednost NR Kine toliko značajna da čak i veliki napori SAD, poput prestiža u trci u svemiru, mogu potrajati oko 20 godina.		Izveštaj ASPI kaže da je prednost NR Kine toliko značajna da čak i veliki napori SAD, poput prestiža u trci u svemiru, mogu potrajati oko 20 godina.	../to_annotate_q.tsv	OBJ	saglasnost	
pol-764415-046	politika	764415	kolumna	pol-drustvo	pogledi	46	59	https://www.politika.rs/sr/clanak/764415/trampova-administracija-obraca-paznju-na-balkan	To što će svojoj zemlji možda za rođendan kupiti ostrvo na kojem je baza „Dijego Garsija”, kako je natuknuo pre neki dan, samo je potvrda da veliki mozgovi slično misle.		To što će svojoj zemlji možda za rođendan kupiti ostrvo na kojem je baza „Dijego Garsija”, kako je natuknuo pre neki dan, samo je potvrda da veliki mozgovi slično misle.	../to_annotate_q.tsv	SUBJ	saglasnost	
pol-765327-016	politika	765327	kolumna	pol-drustvo	pogledi	16	40	https://www.politika.rs/sr/clanak/765327/in-te-gra-ci-ja-isto-rij-skih-iz-be-gli-ca-u-sr-bi-ji	Regionalni stambeni program (RSP) jeste uradio lavovski deo posla, deleći cigle, ključeve od stanova i kupujući napuštena seoska domaćinstva.		Regionalni stambeni program (RSP) jeste uradio lavovski deo posla, deleći cigle, ključeve od stanova i kupujući napuštena seoska domaćinstva.	../to_annotate_q.tsv	SUBJ	saglasnost	
pol-766974-027	politika	766974	kolumna	pol-drustvo	pogledi	27	46	https://www.politika.rs/sr/clanak/766974/afe-ra-tompson-ko-je-ubica-pod-uzdoljskim-hrastom	Podsetimo, „Zagrepčanin” (koji je zapravo pričao na lokalnoj ikavici) eksplicitno joj je rekao da je to rođeni brat poznatog pevača Marka Perkovića Tompsona koji peva ustaške pesme.		Podsetimo, „Zagrepčanin” (koji je zapravo pričao na lokalnoj ikavici) eksplicitno joj je rekao da je to rođeni brat poznatog pevača Marka Perkovića Tompsona koji peva ustaške pesme.	../to_annotate_q.tsv	SUBJ	usaglaseno	P10
pol-767254-014	politika	767254	kolumna	pol-drustvo	pogledi	14	50	https://www.politika.rs/sr/clanak/767254/ujedinjenje-ili-podela	Centralni skup koji je ona organizovala 23. maja na Slaviji bio je, međutim, takav da je čak i TV N1, koja je događaj direktno prenosila, u više navrata isključivala kamere, a pažnju publike održavala razgovorom s gostom u studiju.		Centralni skup koji je ona organizovala 23. maja na Slaviji bio je, međutim, takav da je čak i TV N1, koja je događaj direktno prenosila, u više navrata isključivala kamere, a pažnju publike održavala razgovorom s gostom u studiju.	../to_annotate_q.tsv	OBJ	saglasnost	
pol-768048-007	politika	768048	kolumna	pol-drustvo	pogledi	7	49	https://www.politika.rs/sr/clanak/768048/sta-ce-biti-ishod-zamesateljstva-oko-visokog-predstavnika-u-bih	Da ne zaboravimo ono glavno.		Da ne zaboravimo ono glavno.	../to_annotate_q.tsv	OBJ	usaglaseno	P7
pol-770077-011	politika	770077	kolumna	pol-drustvo	pogledi	11	78	https://www.politika.rs/sr/clanak/770077/vucic-na-trampovoj-mrezi	Zato je u najmanju ruku zanimljivo što je već drugi put podelio intervjue Aleksandra Vučića.		Zato je u najmanju ruku zanimljivo što je već drugi put podelio intervjue Aleksandra Vučića.	../to_annotate_q.tsv	SUBJ	saglasnost	
pol-770279-020	politika	770279	kolumna	kultura	pogledi	20	54	https://www.politika.rs/sr/clanak/770279/osam-decenija-od-smrti-dzona-mejnarda-kejnsa	Američko odbacivanje ovog pristupa rezultiralo je Bretonvudskim sistemom usmerenim na dolar, uspostavljenim 1944, gde je samo američki dolar bio konvertibilan u zlato.		Američko odbacivanje ovog pristupa rezultiralo je Bretonvudskim sistemom usmerenim na dolar, uspostavljenim 1944, gde je samo američki dolar bio konvertibilan u zlato.	../to_annotate_q.tsv	OBJ	saglasnost	
pol-771085-002	politika	771085	vest	pol-drustvo	beograd	2	11	https://www.politika.rs/sr/clanak/771085/rehabilitacija-celicnog-pesackog-mosta	Njegov deo bliže stambenom bloku uz ulicu Dunavski kej obučen je u belo platno, zaštitu, iznad koje se nadvijao oblak prašine.		Njegov deo bliže stambenom bloku uz ulicu Dunavski kej obučen je u belo platno, zaštitu, iznad koje se nadvijao oblak prašine.	../to_annotate_q.tsv	OBJ	saglasnost	
pol-771171-037	politika	771171	kolumna	pol-drustvo	pogledi	37	53	https://www.politika.rs/sr/clanak/771171/ta-amerika	Oni stvaraju onu vrstu poverenja koja se ne ruši pri prvom nesporazumu.		Oni stvaraju onu vrstu poverenja koja se ne ruši pri prvom nesporazumu.	../to_annotate_q.tsv	SUBJ	saglasnost	
pol-772423-036	politika	772423	kolumna	pol-drustvo	pogledi	36	49	https://www.politika.rs/sr/clanak/772423/kafanska-pravda-i-frustracije-hrvatskog-modela	U svetlu moderne psihologije i analize devijacija moći, ovo saznanje predstavlja ključnu kariku.		U svetlu moderne psihologije i analize devijacija moći, ovo saznanje predstavlja ključnu kariku.	../to_annotate_q.tsv	SUBJ	usaglaseno	P4
pol-773024-012	politika	773024	kolumna	pol-drustvo	pogledi	12	44	https://www.politika.rs/sr/clanak/773024/kako-sam-zaboravio-da-plivam	Nisam je poslušao, sav srećan mlatarao sam rukama i nogama – ponosan što sam proplivao i što me je Morava primila u svoj zagrljaj.		Nisam je poslušao, sav srećan mlatarao sam rukama i nogama – ponosan što sam proplivao i što me je Morava primila u svoj zagrljaj.	../to_annotate_q.tsv	SUBJ	usaglaseno	P5
pol-773572-004	politika	773572	kolumna	pol-drustvo	pogledi	4	44	https://www.politika.rs/sr/clanak/773572/kako-je-moguca-bosna-posle-srebrenice	Uostalom, već Badinterova komisija potvrdila je validnost referenduma protiv volje jednog od tri konstitutivna naroda i priznala rezultat iako je bio ispod propisane dve trećine izašlih.		Uostalom, već Badinterova komisija potvrdila je validnost referenduma protiv volje jednog od tri konstitutivna naroda i priznala rezultat iako je bio ispod propisane dve trećine izašlih.	../to_annotate_q.tsv	OBJ	saglasnost	
pol-773910-005	politika	773910	vest	kultura	kultura	5	7	https://www.politika.rs/sr/clanak/773910/mirandolina-na-tvrdavi-mogren	U glumačkoj podeli su i: Vučić Perović, Lazar Dragojević , Goran Slavić, Goran Vujović, Lara Dragović i Julija Milačić Petrović Njegoš.		U glumačkoj podeli su i: Vučić Perović, Lazar Dragojević , Goran Slavić, Goran Vujović, Lara Dragović i Julija Milačić Petrović Njegoš.	../to_annotate_q.tsv	OBJ	saglasnost	
pol-774087-012	politika	774087	vest	pol-drustvo	beograd	12	37	https://www.politika.rs/sr/clanak/774087/sarenilo-velike-pijace	Njihova podozrivost išla je dotle da su redovno kontrolisali đule na kantaru, sumnjajući da je „prešlo” na stranu prodavca.		Njihova podozrivost išla je dotle da su redovno kontrolisali đule na kantaru, sumnjajući da je „prešlo” na stranu prodavca.	../to_annotate_q.tsv	SUBJ	usaglaseno	P5
pol-774327-018	politika	774327	kolumna	hronika	pogledi	18	52	https://www.politika.rs/sr/clanak/774327/svedoci-velebitskih-magli-gde-su-kosti-boze-latinovica	Ubrzo se saznalo da je Ilija Vincetić obukao uniformu ZNG-a, odmotavajući klupko porodične istorije u suprotnom smeru.		Ubrzo se saznalo da je Ilija Vincetić obukao uniformu ZNG-a, odmotavajući klupko porodične istorije u suprotnom smeru.	../to_annotate_q.tsv	SUBJ	usaglaseno	P4
pol-774641-010	politika	774641	vest	kultura	kultura	10	15	https://www.politika.rs/sr/clanak/774641/senzualnost-pisanja-u-dopunjenom-izdanju	Jedinstvenu vrednost knjige predstavlja autorovo promišljanje o Erosu stvaranja, koje se oslanja na filozofsku misao danskog mislioca Martinusa, prema kojoj senzualnost daleko prevazilazi usko shvaćenu seksualnost i obuhvata jedinstvo duhovnog, emotivnog i umetničkog iskustva.		Jedinstvenu vrednost knjige predstavlja autorovo promišljanje o Erosu stvaranja, koje se oslanja na filozofsku misao danskog mislioca Martinusa, prema kojoj senzualnost daleko prevazilazi usko shvaćenu seksualnost i obuhvata jedinstvo duhovnog, emotivnog i umetničkog iskustva.	../to_annotate_q.tsv	SUBJ	usaglaseno	P4
pol-775535-007	politika	775535	vest	pol-drustvo	beograd	7	8	https://www.politika.rs/sr/clanak/775535/puzovic-rekonstrukcija-savskog-nasipa-nastavlja-planiranom-dinamikom	Projekat obuhvata i izgradnju servisne saobraćajnice, čime će teški saobraćaj biti trajno izmešten sa krune nasipa, kao i nove pešačko-biciklističke staze i prostora za odmor i rekreaciju građana, prenosi Tanjug.		Projekat obuhvata i izgradnju servisne saobraćajnice, čime će teški saobraćaj biti trajno izmešten sa krune nasipa, kao i nove pešačko-biciklističke staze i prostora za odmor i rekreaciju građana, prenosi Tanjug.	../to_annotate_q.tsv	OBJ	saglasnost	
pol-775648-057	politika	775648	kolumna	svet	pogledi	57	94	https://www.politika.rs/sr/clanak/775648/novi-svet-ilona-marksa	Na početku nikada ne lažu.		Na početku nikada ne lažu.	../to_annotate_q.tsv	SUBJ	saglasnost	
pol-776155-004	politika	776155	vest	kultura	kultura	4	25	https://www.politika.rs/sr/clanak/776155/boj-dzordz-ne-ce-ponovo-igrati	Reklo bi se da je ipak bilo više osuda.		Reklo bi se da je ipak bilo više osuda.	../to_annotate_q.tsv	SUBJ	saglasnost	
pol-777373-010	politika	777373	kolumna	pol-drustvo	pogledi	10	81	https://www.politika.rs/sr/clanak/777373/jedinstvo-koje-ih-boli	Neću odustati ni onda kada je teško, ni onda kada je pritisak veliki, ni onda kada se od pojedinih delova Republike Srpske, zaslepljenih mržnjom ili uskogrudim interesima, pokušava napraviti prepreka narodnom interesu.		Neću odustati ni onda kada je teško, ni onda kada je pritisak veliki, ni onda kada se od pojedinih delova Republike Srpske, zaslepljenih mržnjom ili uskogrudim interesima, pokušava napraviti prepreka narodnom interesu.	../to_annotate_q.tsv	SUBJ	saglasnost	
pol-779307-000	politika	779307	vest	kultura	kultura	0	7	https://www.politika.rs/sr/clanak/779307/zan-klod-van-dam-poslao-poruku-srbiji-vidimo-se-25-avgusta-u-nisu	Proslavljeni belgijski glumac i jedna od najvećih zvezda akcionog filma Žan-Klod van Dam uputio je video-poruku publici u Srbiji i najavio svoj dolazak u Niš 25. avgusta, povodom Međunarodnog filmskog festivala.		Proslavljeni belgijski glumac i jedna od najvećih zvezda akcionog filma Žan-Klod van Dam uputio je video-poruku publici u Srbiji i najavio svoj dolazak u Niš 25. avgusta, povodom Međunarodnog filmskog festivala.	../to_annotate_q.tsv	OBJ	usaglaseno	P7
pol-779333-001	politika	779333	vest	hronika	hronika	1	7	https://www.politika.rs/sr/clanak/779333/u-knjazevcu-uhapsen-muskarac-koji-je-izazvao-pozar	U saopštenju Policijske uprave Zaječar navodi se da su akciju hapšenja sproveli pripadnici Ministarstva unutrašnjih poslova, po nalogu Osnovnog javnog tužilaštva u Zaječaru.		U saopštenju Policijske uprave Zaječar navodi se da su akciju hapšenja sproveli pripadnici Ministarstva unutrašnjih poslova, po nalogu Osnovnog javnog tužilaštva u Zaječaru.	../to_annotate_q.tsv	OBJ	saglasnost	
pol-781011-001	politika	781011	vest	ekonomija	ekonomija	1	7	https://www.politika.rs/sr/clanak/781011/bitkoin-pao-za-jedan-odsto-na-67-100-evra-manji-obim-trgovine-kripto-valutama	Indeks straha i pohlepe (Fear and Greed Index) za bitkoin se danas nalazi na nivou 65 u kategoriji „pohlepaˮ, manje u odnosu na jučerašnjih 74 u istoj kategoriji.		Indeks straha i pohlepe (Fear and Greed Index) za bitkoin se danas nalazi na nivou 65 u kategoriji „pohlepaˮ, manje u odnosu na jučerašnjih 74 u istoj kategoriji.	../to_annotate_q.tsv	OBJ	saglasnost	
pol-782395-004	politika	782395	vest	pol-drustvo	politika	4	5	https://www.politika.rs/sr/clanak/782395/blokaderi-posle-teksta-danasa-niko-u-ruzicu-ne-vidi-srpskog-petera-madara	Pokušaj da se Ružić predstavi kao mogući novi politički akter sposoban da okupi protivnike vlasti brzo je izazvala bes blokadera.		Pokušaj da se Ružić predstavi kao mogući novi politički akter sposoban da okupi protivnike vlasti brzo je izazvala bes blokadera.	../to_annotate_q.tsv	SUBJ	saglasnost	
pol-782624-006	politika	782624	vest	pol-drustvo	drustvo	6	9	https://www.politika.rs/sr/clanak/782624/pocinju-vojne-vezbe-pobednik-2026-na-poligonu-pester	U prvoj fazi, deo pešadijskih, artiljerijskih, mehanizovanih i tenkovskih jedinica već se nalazi na poligonu Pešter gde realizuju planirana gađanja i taktička uvežbavanja kao pripremu za vežbu.		U prvoj fazi, deo pešadijskih, artiljerijskih, mehanizovanih i tenkovskih jedinica već se nalazi na poligonu Pešter gde realizuju planirana gađanja i taktička uvežbavanja kao pripremu za vežbu.	../to_annotate_q.tsv	OBJ	saglasnost	
pol-782898-001	politika	782898	vest	pol-drustvo	drustvo	1	9	https://www.politika.rs/sr/clanak/782898/markovic-pozar-ne-menja-namenu-zemljista-i-nije-precica-do-gradnje	„Ovaj amandman nema nikakve veze sa vlasništvom nad zemljištem, već se isključivo odnosi na pitanje njegove namene i načina na koji se ona može menjatiˮ, rekao je Marković.		„Ovaj amandman nema nikakve veze sa vlasništvom nad zemljištem, već se isključivo odnosi na pitanje njegove namene i načina na koji se ona može menjatiˮ, rekao je Marković.	../to_annotate_q.tsv	OBJ	saglasnost	
pol-783067-000	politika	783067	vest	svet	Region	0	8	https://www.politika.rs/sr/clanak/783067/u-hrvatskoj-10-zarazenih-virusom-zapadnog-nila-sest-osoba-u-bolnici	Od 10 osoba zaraženih virusom Zapadnog Nila u Hrvatskoj, šest je hospitalizovano, zbog razvijene teže kliničke slike, informacije su iz Hrvatskog zavoda za javno zdravstvo, gde epidemiološku situaciju i dalje ocenjuju uobičajenom.		Od 10 osoba zaraženih virusom Zapadnog Nila u Hrvatskoj, šest je hospitalizovano, zbog razvijene teže kliničke slike, informacije su iz Hrvatskog zavoda za javno zdravstvo, gde epidemiološku situaciju i dalje ocenjuju uobičajenom.	../to_annotate_q.tsv	OBJ	saglasnost	
pol-783293-008	politika	783293	vest	pol-drustvo	politika	8	11	https://www.politika.rs/sr/clanak/783293/novih-18-000-kvadrata-za-nauku-i-privredu-vucic-obisao-fazu-2-naucno-tehnoloskog-parka-u-nisu	Nalazi se u neposrednoj blizini tehničkih fakulteta u Nišu.		Nalazi se u neposrednoj blizini tehničkih fakulteta u Nišu.	../to_annotate_q.tsv	OBJ	saglasnost	
pol-783303-007	politika	783303	vest	kultura	kultura	7	19	https://www.politika.rs/sr/clanak/783303/izlozba-25-godina-nagrade-dimitrije-basicevic-mangelos-otvorena-u-galeriji-flu	Taj ju je ulog postavio kao važnu instituciju srpske savremene umetničke scene koja je jedno vreme čak bila i jedina koja je pratila i podržavala rad mladih umetnika kod nas.	Y	„Taj ju je ulog postavio kao važnu instituciju srpske savremene umetničke scene koja je jedno vreme čak bila i jedina koja je pratila i podržavala rad mladih umetnika kod nas.“	../to_annotate_q.tsv	OBJ	saglasnost	
pol-783363-004	politika	783363	vest	svet	Svet	4	7	https://www.politika.rs/sr/clanak/783363/hakabi-ne-postoji-plan-da-se-palestinci-nateraju-da-napuste-gazu	Niko ne sugeriše da će biti prisilnog raseljavanja.	Y	„Niko ne sugeriše da će biti prisilnog raseljavanja.“	../to_annotate_q.tsv	OBJ	usaglaseno	P6
pol-783397-008	politika	783397	vest	pol-drustvo	politika	8	16	https://www.politika.rs/sr/clanak/783397/zavetnici-posveceni-daljem-razvoju-nisavskog-okruga	Raduje nas što je najavljen program koji će biti posebno plasiran za jugoistok naše zemlje, gde će se napraviti petogodišnji plan razvoja za jugoistok Srbije, i očigledno gde će svi resori, sve institucije, svi državni organi, kao imperativ, imati podršku upravo ovim krajevima”, rekla je Đurđević Stamenkovski.	Y	„Raduje nas što je najavljen program koji će biti posebno plasiran za jugoistok naše zemlje, gde će se napraviti petogodišnji plan razvoja za jugoistok Srbije, i očigledno gde će svi resori, sve institucije, svi državni organi, kao imperativ, imati podršku upravo ovim krajevima”, rekla je Đurđević Stamenkovski.“	../to_annotate_q.tsv	OBJ	saglasnost	
pol-783592-002	politika	783592	vest	pol-drustvo	drustvo	2	10	https://www.politika.rs/sr/clanak/783592/novi-sad-regionalni-centar-elektromobilnosti	Konferencija će u Master Centru Novosadskog sajma okupiti 30 govornika i panelista, kao i vodeće stručnjake iz automobilske industrije, energetike, tehnologije i akademske zajednice, saopštili su organizatori.		Konferencija će u Master Centru Novosadskog sajma okupiti 30 govornika i panelista, kao i vodeće stručnjake iz automobilske industrije, energetike, tehnologije i akademske zajednice, saopštili su organizatori.	../to_annotate_q.tsv	OBJ	saglasnost	
pol-783648-005	politika	783648	vest	svet	svet	5	10	https://www.politika.rs/sr/clanak/783648/premijer-poljske-samo-idioti-ili-izdajnici-kod-nas-mogu-da-se-raduju-trijumfu-afd-a	Konfederacija je poljska desničarska, nacionalistička i evroskeptična politička formacija.		Konfederacija je poljska desničarska, nacionalistička i evroskeptična politička formacija.	../to_annotate_q.tsv	OBJ	usaglaseno	P7
pol-783692-004	politika	783692	vest	pol-drustvo	politika	4	5	https://www.politika.rs/sr/clanak/783692/ivan-ivanovic-prozvao-nezadovoljne-blokadere-potrazite-znacenje-bezuslovne-podrske	Poruka je izazvala brojne reakcije korisnika društvenih mreža, od kojih su pojedini ocenili da je upravo „bezuslovna podrška” bila jedna od najispraznijih parola blokaderskog pokreta.		Poruka je izazvala brojne reakcije korisnika društvenih mreža, od kojih su pojedini ocenili da je upravo „bezuslovna podrška” bila jedna od najispraznijih parola blokaderskog pokreta.	../to_annotate_q.tsv	SUBJ	usaglaseno	P13
rts-5481808-007	rts	5481808	kolumna	svet	Smatracnica	7	33	https://www.rts.rs/vesti/smatracnica/5481808/tesla-1900-prvi-zamislio-internet--besplatni-bezicni-i-multimedijalni.html	U njemu se nabrajaju vaj-faj, mobilni telefoni, osnaživanje žena, dronovi i bežični prenos struje.		U njemu se nabrajaju vaj-faj, mobilni telefoni, osnaživanje žena, dronovi i bežični prenos struje.	to_annotate_rts_01.tsv	OBJ	saglasnost	
rts-5512009-012	rts	5512009	kolumna	ekonomija	Smatracnica	12	14	https://www.rts.rs/vesti/smatracnica/5512009/ranko-bugarski-profesor-in-memoriam.html	Rekla je da i dalje redovno dolazi u svoj kabinet.		Rekla je da i dalje redovno dolazi u svoj kabinet.	to_annotate_rts_01.tsv	OBJ	saglasnost	
rts-5521199-039	rts	5521199	kolumna	svet	Smatracnica	39	66	https://www.rts.rs/vesti/smatracnica/5521199/sta-bi-klauzevic-rekao-o-ukrajinskom-napadu-na-kursku-oblast.html	Slab odgovor Rusije uznemirio je lokalno stanovništvo, od kojih je više od 100.000 sada raseljeno.		Slab odgovor Rusije uznemirio je lokalno stanovništvo, od kojih je više od 100.000 sada raseljeno.	to_annotate_rts_01.tsv	SUBJ	saglasnost	
rts-5526817-045	rts	5526817	kolumna	kultura	Smatracnica	45	52	https://www.rts.rs/vesti/smatracnica/5526817/riblja-corba-arena-bora-djordjevic-najbolji-koncert.html	Posle „ Gladijatora u BG areni“ nisam bila ni na jednom nastupu „Riblje čorbe “ .		Posle „ Gladijatora u BG areni“ nisam bila ni na jednom nastupu „Riblje čorbe “ .	to_annotate_rts_01.tsv	OBJ	saglasnost	
rts-5548870-010	rts	5548870	kolumna	ekonomija	Smatracnica	10	55	https://www.rts.rs/vesti/smatracnica/5548870/putovanje-uzbekistan-avion-rat-iran-.html	Okružena sam veselom grupom, koja uglavnom zbija šale i smeje se.	Y	„Okružena sam veselom grupom, koja uglavnom zbija šale i smeje se.“	to_annotate_rts_01.tsv	SUBJ	usaglaseno	P1
rts-5560475-011	rts	5560475	kolumna	kultura	Smatracnica	11	37	https://www.rts.rs/vesti/smatracnica/5560475/secanja-u-slici--price-o-poginulima-nestalima-i-onima-koji-su-ostali-iza-njih.html	Čekaju uzalud već više od 30 godina informacije koje bi donele neizmernu tugu, ali i konačno smirenje.		Čekaju uzalud već više od 30 godina informacije koje bi donele neizmernu tugu, ali i konačno smirenje.	to_annotate_rts_01.tsv	SUBJ	saglasnost	
rts-5570266-017	rts	5570266	kolumna	svet	Smatracnica	17	31	https://www.rts.rs/vesti/smatracnica/5570266/sveti-luka-ili-noc-vestica---jos-jedna-uvezena-dilema.html	Kome još pada na pamet stradanje i odrubljena glava Svetog Valentina dok se prodaju tone cveća i slatkiša i plaćaju romantične večere, spa uživanja i putovanja?		Kome još pada na pamet stradanje i odrubljena glava Svetog Valentina dok se prodaju tone cveća i slatkiša i plaćaju romantične večere, spa uživanja i putovanja?	to_annotate_rts_01.tsv	SUBJ	saglasnost	
rts-5617257-033	rts	5617257	kolumna	pol-drustvo	Smatracnica	33	50	https://www.rts.rs/vesti/smatracnica/5617257/-u-novu-godinu-sa-staromodnim-rokovnikom-za-brojeve-telefona.html	Naravno, uz najavu drugoj strani, pa je sve po zakonu.		Naravno, uz najavu drugoj strani, pa je sve po zakonu.	to_annotate_rts_01.tsv	SUBJ	usaglaseno	P10
rts-5645158-018	rts	5645158	kolumna	pol-drustvo	Smatracnica	18	27	https://www.rts.rs/vesti/smatracnica/5645158/zoran-stanojevic-u-medijima-u-kojima-politicari-biraju-novinare-ja-nemam-sta-da-trazim.html	Tribina je bila javna, više medija je o njoj izvestilo, niko nije imao nikakve primedbe na naše učešće u tom događaju, sve do juče.		Tribina je bila javna, više medija je o njoj izvestilo, niko nije imao nikakve primedbe na naše učešće u tom događaju, sve do juče.	to_annotate_rts_01.tsv	OBJ	saglasnost	
rts-5863565-012	rts	5863565	kolumna	pol-drustvo	Smatracnica	12	47	https://www.rts.rs/vesti/smatracnica/5863565/zima-sneg-.html	Bili smo napolju dok nam majke, pretećim glasom, po treći, četvrti put ne viknu s prozora da se "kupimo kući".		Bili smo napolju dok nam majke, pretećim glasom, po treći, četvrti put ne viknu s prozora da se "kupimo kući".	to_annotate_rts_01.tsv	OBJ	saglasnost	
rts-5888434-003	rts	5888434	kolumna	svet	Smatracnica	3	38	https://www.rts.rs/vesti/smatracnica/5888434/rat-u-ukrajini-izbeglice.html	Područja u kojima moj tim i ja pružamo humanitarnu pomoć spadaju među najteže pogođena, jer se nalaze blizu linije fronta koja se stalno menja.		Područja u kojima moj tim i ja pružamo humanitarnu pomoć spadaju među najteže pogođena, jer se nalaze blizu linije fronta koja se stalno menja.	to_annotate_rts_01.tsv	OBJ	usaglaseno	P14
rts-5893107-015	rts	5893107	kolumna	hronika	Smatracnica	15	47	https://www.rts.rs/vesti/smatracnica/5893107/staracki-domovi-barajevo-poskupljenje.html	Onoga dana kad su ostavljeni u toj nedođiji, kad su sa prozora pogledom ispratili one koji o njima više nisu mogli ili hteli da brinu, znali su, makar krajičkom svojih umornih umova, da je kraj.		Onoga dana kad su ostavljeni u toj nedođiji, kad su sa prozora pogledom ispratili one koji o njima više nisu mogli ili hteli da brinu, znali su, makar krajičkom svojih umornih umova, da je kraj.	to_annotate_rts_01.tsv	SUBJ	saglasnost	
rts-5918793-015	rts	5918793	kolumna	sport	Smatracnica	15	23	https://www.rts.rs/vesti/smatracnica/5918793/vreme-je-da-se-sa-tribina-zapeva-zoanu-penjaroji.html	Svlačionicu je dobro i na vreme pretresao, proluftirao i sve posložio na svoje mesto.		Svlačionicu je dobro i na vreme pretresao, proluftirao i sve posložio na svoje mesto.	to_annotate_rts_01.tsv	SUBJ	usaglaseno	P1
rts-5922605-010	rts	5922605	kolumna	ekonomija	Smatracnica	10	19	https://www.rts.rs/vesti/smatracnica/5922605/dusko-vujosevic-kk-partizan-2026.html	Kad su bili mali, nekima su čitali Pinokija da ih nauče da se mukotrpnim i nesebičnim procesom rada, učenja i odricanja i od drveta može napraviti čovek (može i košarkaš).		Kad su bili mali, nekima su čitali Pinokija da ih nauče da se mukotrpnim i nesebičnim procesom rada, učenja i odricanja i od drveta može napraviti čovek (može i košarkaš).	to_annotate_rts_01.tsv	SUBJ	usaglaseno	P10
rts-5996881-012	rts	5996881	vest	kultura	Kultura	12	36	https://www.rts.rs/magazin/kultura/preporuka/5996881/partenopa-paolo-sorentino-knjiga-film.html	ŠEZDESETOGODIŠNjI AMERIKANAC: Vi možete da uzmete sve.	Y	„ŠEZDESETOGODIŠNjI AMERIKANAC: Vi možete da uzmete sve.“	to_annotate_rts_01.tsv	OBJ	saglasnost	
rts-6006306-257	rts	6006306	vest	kultura	Kultura	257	322	https://www.rts.rs/magazin/kultura/rokovnik/6006306/rokovnik-30-jul---5-avgust-odrzan-je-humanitarni-koncert-za-banglades.html	Od svog dolaska na svetsku scenu posle 1960. godine, rege je postao neverovatno popularan širom sveta.		Od svog dolaska na svetsku scenu posle 1960. godine, rege je postao neverovatno popularan širom sveta.	to_annotate_rts_01.tsv	SUBJ	usaglaseno	P1
rts-6011305-011	rts	6011305	vest	kultura	Kultura	11	20	https://www.rts.rs/magazin/kultura/nesto-drugo/6011305/in-memoriam-nikola-bertolino.html	Rođen u Argentini, sa španskim i italijanskim kao maternjim jezicima, Bertolino je u Jugoslaviju doneo osećaj za svet.		Rođen u Argentini, sa španskim i italijanskim kao maternjim jezicima, Bertolino je u Jugoslaviju doneo osećaj za svet.	to_annotate_rts_01.tsv	SUBJ	usaglaseno	P4
rts-6027067-008	rts	6027067	vest	sport	Sport	8	30	https://www.rts.rs/sport/vaterpolo/6027067/vaterpolo-reprezentacija-srbije-vladimir-vujasinovic-vasilije-martinovic-mediteranske-igre.html	U polufinale će se plasirati po dve najuspešnije reprezentacije iz obe grupe.		U polufinale će se plasirati po dve najuspešnije reprezentacije iz obe grupe.	to_annotate_rts_01.tsv	OBJ	saglasnost	
rts-6027577-013	rts	6027577	vest	hronika	Hronika	13	44	https://www.rts.rs/vesti/hronika/6027577/pozari-sumski-na-otvorenom-deliblatska-pescara-stolovi.html	Načelnik Sektora za vanredne situacije Luka Čaušić kaže da je trenutno u Srbiji 12 aktivnih požara. “Situacija je dosta povoljna.		Načelnik Sektora za vanredne situacije Luka Čaušić kaže da je trenutno u Srbiji 12 aktivnih požara. “Situacija je dosta povoljna.	to_annotate_rts_01.tsv	OBJ	saglasnost	
rts-6028727-008	rts	6028727	vest	ekonomija	Ekonomija	8	53	https://www.rts.rs/vesti/ekonomija/6028727/novi-rok-za-nis-do-kraja-septembra--da-li-je-konacno-resenje-na-vidiku.html	I ministarka je u svom saopštenju istakla tu jednu dozu optimizma", navodi Putnikovićeva.	Y	„I ministarka je u svom saopštenju istakla tu jednu dozu optimizma", navodi Putnikovićeva.“	to_annotate_rts_01.tsv	OBJ	saglasnost	
rts-6030572-002	rts	6030572	vest	sport	Sport	2	21	https://www.rts.rs/sport/auto-moto/F1vesti/6030572/monca-ferari-sumaher-specijalni-dizajn-bolid-formula-1-2026-monca.html	Njegov dolazak je u potpunosti preporodio tim, koji je do Šumaherovog prvog naslova 2000. godine čekao na vozačku titulu više od dve decenije.		Njegov dolazak je u potpunosti preporodio tim, koji je do Šumaherovog prvog naslova 2000. godine čekao na vozačku titulu više od dve decenije.	to_annotate_rts_01.tsv	SUBJ	usaglaseno	P4
rts-6030871-015	rts	6030871	vest	ekonomija	Ekonomija	15	23	https://www.rts.rs/vesti/ekonomija/6030871/nova-trka-za-afrikom-i-sansa-za-srbiju--pokret-nesvrstanih-put-ka-novim-trzistima.html	Navela je da je lično imala priliku da upozna neke od bivših stipendista koji danas zauzimaju visoke pozicije u zemljama Pokreta nesvrstanih, među kojima je i Stiven Hanington Džungo Čokve iz Kenije, osnivač mirovne nevladine organizacije "Jedinstveni forum za mir" i sin prvog predsednika parlamenta Kenije.		Navela je da je lično imala priliku da upozna neke od bivših stipendista koji danas zauzimaju visoke pozicije u zemljama Pokreta nesvrstanih, među kojima je i Stiven Hanington Džungo Čokve iz Kenije, osnivač mirovne nevladine organizacije "Jedinstveni forum za mir" i sin prvog predsednika parlamenta Kenije.	to_annotate_rts_01.tsv	OBJ	saglasnost	
rts-6032680-005	rts	6032680	vest	pol-drustvo	Politika	5	9	https://www.rts.rs/vesti/politika/6032680/macut-obisao-radove-na-ekspu-2027-i-razgovarao-sa-logarom-o-saradnji-srbije-i-slovenije.html	Macut je istakao da će Specijalizovana izložba i "Srpska kuća" biti značajna prilika za snažnije promovisanje Srbije na međunarodnom planu.		Macut je istakao da će Specijalizovana izložba i "Srpska kuća" biti značajna prilika za snažnije promovisanje Srbije na međunarodnom planu.	to_annotate_rts_01.tsv	OBJ	saglasnost	
rts-6032694-008	rts	6032694	vest	pol-drustvo	Politika	8	26	https://www.rts.rs/vesti/politika/6032694/eu-se-sprema-za-novo-prosirenje--sta-to-znaci-za-srbiju-crnu-goru-i-ukrajinu.html	Šta ako nove članice krše vladavinu prava i zloupotrebljavaju pravo veta?		Šta ako nove članice krše vladavinu prava i zloupotrebljavaju pravo veta?	to_annotate_rts_01.tsv	OBJ	saglasnost	
rts-6033299-059	rts	6033299	vest	pol-drustvo	Politika	59	172	https://www.rts.rs/vesti/politika/6033299/aleksandar-vucic-zapadnobacki-okrug-branko-babic.html	Oslanjaju se na domaće kompanije da pomognu, ali što se brzine rada tiče, to oni dođu, naprave kampus, brzo urade to", rekao je Vučić.		Oslanjaju se na domaće kompanije da pomognu, ali što se brzine rada tiče, to oni dođu, naprave kampus, brzo urade to", rekao je Vučić.	to_annotate_rts_01.tsv	OBJ	saglasnost	
rts-6034951-007	rts	6034951	vest	pol-drustvo	Politika	7	8	https://www.rts.rs/vesti/politika/6034951/ivica-dacic-srbija-bosna-hercegovina.html	Ministar spoljnih poslova Bosne i Hercegovine Elmedin Konaković na konferenciji za novinare organizovanoj povodom današnje sahrane generala Ratka Mladića izjavio je, da bi da ima nadležnost, prekinuo sve diplomatske odnose sa Srbijom , tvrdeći da predsednik Srbije krši zakon svoje zemlje.		Ministar spoljnih poslova Bosne i Hercegovine Elmedin Konaković na konferenciji za novinare organizovanoj povodom današnje sahrane generala Ratka Mladića izjavio je, da bi da ima nadležnost, prekinuo sve diplomatske odnose sa Srbijom , tvrdeći da predsednik Srbije krši zakon svoje zemlje.	to_annotate_rts_01.tsv	OBJ	saglasnost	
rts-6035021-104	rts	6035021	vest	pol-drustvo	Politika	104	145	https://www.rts.rs/vesti/politika/6035021/svecani-docek-predsednik-uzekistan.html	Predsednik Uzbekistana Šavkat Mirzijojev izjavio je u Beogradu da je uveren da će njegova poseta, kao prvog predsednika Uzbekistana u istoriji koji je posetio Srbiju, dati novi podsticaj i kvalitet odnosima dve zemlje.		Predsednik Uzbekistana Šavkat Mirzijojev izjavio je u Beogradu da je uveren da će njegova poseta, kao prvog predsednika Uzbekistana u istoriji koji je posetio Srbiju, dati novi podsticaj i kvalitet odnosima dve zemlje.	to_annotate_rts_01.tsv	OBJ	saglasnost	
rts-6035082-003	rts	6035082	vest	pol-drustvo	Politika	3	8	https://www.rts.rs/vesti/politika/6035082/ursula-fon-der-lajen-ratko-mladic-sahrana-sokantne-slike.html	Umro je dok je služio doživotnu kaznu za genocid u Srebrenici i druge zločine.	Y	„Umro je dok je služio doživotnu kaznu za genocid u Srebrenici i druge zločine.“	to_annotate_rts_01.tsv	OBJ	saglasnost	
rts-6035594-023	rts	6035594	vest	pol-drustvo	Politika	23	70	https://www.rts.rs/vesti/politika/6035594/predsednik-vucic-za-rts-izbori-ce-biti-25-oktobra-zelim-svima-demokratsku-utakmicu-.html	Govoreći o saopštenju, Vučić je naveo da je pažljivo sastavljeno.	Y	„Govoreći o saopštenju, Vučić je naveo da je pažljivo sastavljeno.“	to_annotate_rts_01.tsv	OBJ	saglasnost	
rts-6035638-061	rts	6035638	vest	pol-drustvo	Politika	61	122	https://www.rts.rs/vesti/politika/6035638/izbori-izmedju-dve-kule--ide-li-srbija-ka-referendumskoj-atmosferi.html	"Potrebno je da bude nekoliko imena koja simbolizuju taj pokret, odnosno tu politiku.		"Potrebno je da bude nekoliko imena koja simbolizuju taj pokret, odnosno tu politiku.	to_annotate_rts_01.tsv	OBJ	saglasnost	
rts-6035767-009	rts	6035767	vest	hronika	Hronika	9	32	https://www.rts.rs/vesti/hronika/6035767/aktivna-44-pozara-na-otvorenom--iljusin-i-helikopteri-mup-a-i-danas-iznad-suve-planine-voda-stize-u-rancevima-i-na-konjima.html	"Jutros je situacija za nijansu bolja nego tokom jučerašnjeg dana.		"Jutros je situacija za nijansu bolja nego tokom jučerašnjeg dana.	to_annotate_rts_01.tsv	OBJ	saglasnost	
rts-6036162-006	rts	6036162	vest	pol-drustvo	Politika	6	8	https://www.rts.rs/vesti/politika/6036162/pups-i-radnicka-partija-ce-na-izborima-ucestvovati-na-listi-aleksandar-vucic---ujedinjena-srbija.html	Dodaje se da je stav Radničke partije da pitanja rada, zarada, zaposlenosti, penzija i sigurnosti života moraju biti među prioritetima državne politike.		Dodaje se da je stav Radničke partije da pitanja rada, zarada, zaposlenosti, penzija i sigurnosti života moraju biti među prioritetima državne politike.	to_annotate_rts_01.tsv	OBJ	saglasnost	
rts-6036242-001	rts	6036242	vest	sport	Sport	1	22	https://www.rts.rs/sport/tenis/6036242/ju-es-open-selton-alkaraz-2026.html	Meč je završen u tri sata i 34 minuta nakon ponoći po lokalnom vremenu, a američki mediji navode da se nikada u istoriji turnira nije igralo do ovako kasno.		Meč je završen u tri sata i 34 minuta nakon ponoći po lokalnom vremenu, a američki mediji navode da se nikada u istoriji turnira nije igralo do ovako kasno.	to_annotate_rts_01.tsv	OBJ	saglasnost	
rts-6037115-027	rts	6037115	vest	svet	Svet	27	40	https://www.rts.rs/vesti/svet/6037115/tramp-donald-amerika-dalas-konvencija.html	Jedan od zapaženijih trenutaka prvog dana konvencije bilo je video-obraćanje demokratskog senatora iz Pensilvanije Džona Fetermana, koji je predstavio svog republikanskog kolegu iz te države Dejvida Mekormika.		Jedan od zapaženijih trenutaka prvog dana konvencije bilo je video-obraćanje demokratskog senatora iz Pensilvanije Džona Fetermana, koji je predstavio svog republikanskog kolegu iz te države Dejvida Mekormika.	to_annotate_rts_01.tsv	OBJ	saglasnost	
rts-6037180-030	rts	6037180	vest	pol-drustvo	Politika	30	33	https://www.rts.rs/vesti/politika/6037180/aleksandar-vucic-beltalks-stopa-rasta-srbija.html	To je pravi problem za nas i moramo da pronađemo neki drugi načini da se podrži i ohrabri naš rast u godinama koje dolaze", istakao je Vučić.	Y	„To je pravi problem za nas i moramo da pronađemo neki drugi načini da se podrži i ohrabri naš rast u godinama koje dolaze", istakao je Vučić.“	to_annotate_rts_01.tsv	OBJ	saglasnost	
vre-4912915-010	vreme	4912915	kolumna	pol-drustvo	komentar	10	25	https://vreme.com/komentar/cast-srbije-se-brani-u-kosjericu-i-zajecaru/	Stranka sa plaćenim jurišnim odredima batinaša, hrabrih samo kad im policija ili tajne službe stoje uz rame.		Stranka sa plaćenim jurišnim odredima batinaša, hrabrih samo kad im policija ili tajne službe stoje uz rame.	../to_annotate_q.tsv	SUBJ	saglasnost	
vre-4916591-010	vreme	4916591	vest	kultura	kultura	10	14	https://vreme.com/kultura/fotografije-nevidljivog-sveta-za-one-koji-ih-ne-vide/	Mi smo uspeli da se izborimo sa našim hendikepom i sigurni smo da će izložba „Nevidljivi svet“ biti još jedan prozor u svet kad je u pitanju naša populacija“ naglasio je na otvaranju Milan Stošić, predsednik Saveza slepih Srbije.	Y	„Mi smo uspeli da se izborimo sa našim hendikepom i sigurni smo da će izložba „Nevidljivi svet“ biti još jedan prozor u svet kad je u pitanju naša populacija“ naglasio je na otvaranju Milan Stošić, predsednik Saveza slepih Srbije.“	../to_annotate_q.tsv	OBJ	saglasnost	
vre-4918461-011	vreme	4918461	kolumna	pol-drustvo	komentar	11	31	https://vreme.com/komentar/vidovdan-dan-posle-studenti-hvala-i-nema-nazad/	Zašto nismo slušali studentkinju DUNP-a Eminu Spahić, koja je pre samo nedelju dana u Utisku nedelje rekla da Vidovdan za nju nema simboliku kakvu ima za većinski narod u Srbiji, ali da sada očekuje da ovaj datum dobije širu društvenu simboliku?		Zašto nismo slušali studentkinju DUNP-a Eminu Spahić, koja je pre samo nedelju dana u Utisku nedelje rekla da Vidovdan za nju nema simboliku kakvu ima za većinski narod u Srbiji, ali da sada očekuje da ovaj datum dobije širu društvenu simboliku?	../to_annotate_q.tsv	SUBJ	saglasnost	
vre-4922015-039	vreme	4922015	kolumna	kultura	mozaik	39	62	https://vreme.com/mozaik/od-solila-do-bjelila/	Pozvao me je i poslužio odličnom travaricom.		Pozvao me je i poslužio odličnom travaricom.	../to_annotate_q.tsv	SUBJ	usaglaseno	P1
vre-4922837-015	vreme	4922837	kolumna	pol-drustvo	komentar	15	30	https://vreme.com/komentar/nebulozni-govor-vlasti/	Drugim rečima, ne zna gde udara.		Drugim rečima, ne zna gde udara.	../to_annotate_q.tsv	SUBJ	saglasnost	
vre-4927972-030	vreme	4927972	kolumna	pol-drustvo	mozaik	30	60	https://vreme.com/mozaik/ivan-ivanovic-za-vreme-radio-sam-sta-hocu-godinu-dana/	Sada se videlo da su razumeli na teži način.		Sada se videlo da su razumeli na teži način.	../to_annotate_q.tsv	SUBJ	saglasnost	
vre-4928805-007	vreme	4928805	kolumna	kultura	kultura	7	15	https://vreme.com/kultura/zasto-na-festivalu-u-vrnjackoj-banji-dominiraju-filmovi-zeljka-mitrovica/	Prema podacima sa sajta Filmskog centra Srbije, ima još filmova koji su završeni između dva festivala, a nisu poslali prijavu za učešće na ovogodišnjoj Vrnjačkoj banji.		Prema podacima sa sajta Filmskog centra Srbije, ima još filmova koji su završeni između dva festivala, a nisu poslali prijavu za učešće na ovogodišnjoj Vrnjačkoj banji.	../to_annotate_q.tsv	OBJ	saglasnost	
vre-4929355-016	vreme	4929355	kolumna	pol-drustvo	komentar	16	30	https://vreme.com/komentar/hoce-li-vucic-pomilovati-dodika/	Sudska presuda maksimalno je izolirala predsjednika RS.		Sudska presuda maksimalno je izolirala predsjednika RS.	../to_annotate_q.tsv	SUBJ	usaglaseno	P1
vre-4929804-008	vreme	4929804	kolumna	pol-drustvo	komentar	8	19	https://vreme.com/komentar/patriote-cetke-u-ruke/	Niko ih se više ne plaši, poručio je čovek sa predsedničkim mandatom, pa neka se ubuduće pripreme za obračune gde god da se pojave da ruše državu.		Niko ih se više ne plaši, poručio je čovek sa predsedničkim mandatom, pa neka se ubuduće pripreme za obračune gde god da se pojave da ruše državu.	../to_annotate_q.tsv	OBJ	usaglaseno	P6
vre-4930037-018	vreme	4930037	kolumna	pol-drustvo	komentar	18	33	https://vreme.com/komentar/hleba-i-igara-to-jest-marzi-i-trobojki/	To režimu ništa ne smeta da građane koji misle da fasade treba da liče na fasade naziva svakojakim imenima.		To režimu ništa ne smeta da građane koji misle da fasade treba da liče na fasade naziva svakojakim imenima.	../to_annotate_q.tsv	SUBJ	saglasnost	
vre-4931176-024	vreme	4931176	kolumna	pol-drustvo	komentar	24	35	https://vreme.com/komentar/mup-srbije-d-o-o-privatno-obezbedjenje-za-batinase/	U to spada i registriranje uspona i proklizavanja kadrova iz podzemlja.		U to spada i registriranje uspona i proklizavanja kadrova iz podzemlja.	../to_annotate_q.tsv	OBJ	usaglaseno	P7
vre-4932680-045	vreme	4932680	kolumna	kultura	kultura	45	51	https://vreme.com/kultura/previse-pametni-da-bi-bili-zvezde/	Najlepši pop sa, doduše, jednim malim obrtom, suptilnom, začudnom stranputicom, koja ga je možda otela od mejnstrima i šire publike, ali i zauvek smestila u moje srce.		Najlepši pop sa, doduše, jednim malim obrtom, suptilnom, začudnom stranputicom, koja ga je možda otela od mejnstrima i šire publike, ali i zauvek smestila u moje srce.	../to_annotate_q.tsv	OBJ	usaglaseno	P6
vre-4933484-016	vreme	4933484	kolumna	pol-drustvo	komentar	16	30	https://vreme.com/komentar/kamo-dalje-vucicu/	Pozvao je teroriste, ustaše, izdajnike, fašiste, skotove, gamad, na razgovor, oprostiće im što ih je tukao (takav je on čovek), uz opasku da, eto, razgovaraju i Rusi i Ukrajinci.		Pozvao je teroriste, ustaše, izdajnike, fašiste, skotove, gamad, na razgovor, oprostiće im što ih je tukao (takav je on čovek), uz opasku da, eto, razgovaraju i Rusi i Ukrajinci.	../to_annotate_q.tsv	SUBJ	saglasnost	
vre-4934233-027	vreme	4934233	kolumna	kultura	kultura	27	43	https://vreme.com/kultura/preziveti-pesmu/	Istvudov režiserski debi Play Misty For Me (1971, kod nas kratko u bioskopima pod naslovom Jeza u noći, triler za preporuku ljubiteljima E. A. Poa i pijaniste Erola Garnera i njegovog standarda “Misty”), sadrži i romantičnu ljubavnu sekvencu koja se u ono vreme smatrala slobodnijom.		Istvudov režiserski debi Play Misty For Me (1971, kod nas kratko u bioskopima pod naslovom Jeza u noći, triler za preporuku ljubiteljima E. A. Poa i pijaniste Erola Garnera i njegovog standarda “Misty”), sadrži i romantičnu ljubavnu sekvencu koja se u ono vreme smatrala slobodnijom.	../to_annotate_q.tsv	OBJ	usaglaseno	P7
vre-4934520-012	vreme	4934520	kolumna	pol-drustvo	komentar	12	26	https://vreme.com/komentar/covek-zvani-afera/	Danas ovaj  nevidljivi premijer djeluje poput čovjeka pod starateljstvom pošto mu je oduzeta pravna i djelatna sposobnost.		Danas ovaj  nevidljivi premijer djeluje poput čovjeka pod starateljstvom pošto mu je oduzeta pravna i djelatna sposobnost.	../to_annotate_q.tsv	SUBJ	saglasnost	
vre-4937332-003	vreme	4937332	kolumna	pol-drustvo	komentar	3	35	https://vreme.com/komentar/samo-srbina-njegov-navijac-bije/	Neki od njih su pasionirani i za pojedine mečeve reprezentacije, pa znaju da budu nezgodni.		Neki od njih su pasionirani i za pojedine mečeve reprezentacije, pa znaju da budu nezgodni.	../to_annotate_q.tsv	SUBJ	saglasnost	
vre-4937484-004	vreme	4937484	kolumna	pol-drustvo	mozaik	4	17	https://vreme.com/mozaik/zasjace-palaci-a-mozda-vise-i-nece/	Znači, to je saobraćajni problem koji će građane Boke Kotorske – prvenstveno da zaboravimo turiste – da muči još mnogo, mnogo godina!”, izjavio je krajem jula ove godine crnogorski ministar prostornog planiranja, urbanizma i državne imovine Slaven Radunović.		Znači, to je saobraćajni problem koji će građane Boke Kotorske – prvenstveno da zaboravimo turiste – da muči još mnogo, mnogo godina!”, izjavio je krajem jula ove godine crnogorski ministar prostornog planiranja, urbanizma i državne imovine Slaven Radunović.	../to_annotate_q.tsv	OBJ	saglasnost	
vre-4937773-004	vreme	4937773	kolumna	pol-drustvo	komentar	4	23	https://vreme.com/komentar/vojna-parada-paradero-i-balansero/	A da bi sve ovo mogao, Vučić je umlatio elementarni integritet i profesionalnu autonomiju armije do mjere da ju je u posljednjih šest godina napustilo 15.000 pripadnika – preostali valjda nemaju kud otići.		A da bi sve ovo mogao, Vučić je umlatio elementarni integritet i profesionalnu autonomiju armije do mjere da ju je u posljednjih šest godina napustilo 15.000 pripadnika – preostali valjda nemaju kud otići.	../to_annotate_q.tsv	SUBJ	saglasnost	
vre-4939623-010	vreme	4939623	kolumna	kultura	kultura	10	21	https://vreme.com/kultura/od-ministarstva-kulture-samo-za-aju-jung-i-folklor/	Bogavac nabraja da „nakon toga sledi podrška SNS manifestacijama i imaginarnom GONGO triju koga čine Nevladina organizacija Džeger, Nevladina organizacija Lenon i Nevladina organizacija Artiva.		Bogavac nabraja da „nakon toga sledi podrška SNS manifestacijama i imaginarnom GONGO triju koga čine Nevladina organizacija Džeger, Nevladina organizacija Lenon i Nevladina organizacija Artiva.	../to_annotate_q.tsv	OBJ	saglasnost	
vre-4946062-042	vreme	4946062	kolumna	kultura	kultura	42	77	https://vreme.com/kultura/humor-kao-zastita-od-stetne-okoline/	Dva sata vašeg filma prolazi zapanjujućom brzinom.		Dva sata vašeg filma prolazi zapanjujućom brzinom.	../to_annotate_q.tsv	SUBJ	saglasnost	
vre-4948477-007	vreme	4948477	kolumna	kultura	kultura	7	24	https://vreme.com/kultura/kako-je-otvoren-sajam-knjiga-a-kako-alternativni-sajam/	Antić je poželeo da srpski narod živi dok je sveta i veka, kao i njegovi bliži i dalji susedi, dodavši da su ta dugovečnost i značaj nemogući bez knjige.		Antić je poželeo da srpski narod živi dok je sveta i veka, kao i njegovi bliži i dalji susedi, dodavši da su ta dugovečnost i značaj nemogući bez knjige.	../to_annotate_q.tsv	OBJ	usaglaseno	P6
vre-4950725-005	vreme	4950725	kolumna	kultura	kultura	5	11	https://vreme.com/kultura/bokanov-upravni-odbor-nema-legitimitet/	To je bila Nataša Madžarević Mijailović.		To je bila Nataša Madžarević Mijailović.	../to_annotate_q.tsv	OBJ	saglasnost	
vre-4952328-011	vreme	4952328	vest	kultura	kultura	11	19	https://vreme.com/kultura/lex-specialis-je-izglasan-iako-postoji-studija-o-sanaciji-generalstaba/	Procenjuje da bi sanacija koštala nekoliko desetina miliona evra i kaže da to nije užasno skupo kao što kaže vlast.		Procenjuje da bi sanacija koštala nekoliko desetina miliona evra i kaže da to nije užasno skupo kao što kaže vlast.	../to_annotate_q.tsv	OBJ	saglasnost	
vre-4956785-002	vreme	4956785	kolumna	pol-drustvo	komentar	2	22	https://vreme.com/komentar/na-odru-republike-srbije/	Njegov koncept je sljedeći: čim Republiku Srbiju polože na odar on će u svojoj ličnosti spojiti izvršnu, zakonodavnu i sudsku vlast.		Njegov koncept je sljedeći: čim Republiku Srbiju polože na odar on će u svojoj ličnosti spojiti izvršnu, zakonodavnu i sudsku vlast.	../to_annotate_q.tsv	SUBJ	usaglaseno	P13
vre-4957979-022	vreme	4957979	vest	svet	svet	22	62	https://vreme.com/svet/sta-rade-mocnici-dok-svet-ide-dodjavola/	Generalni sekretar UN Antonio Guteres upozorava na budućnost stalnog i sveprisutnog haosa nezamislivih razmera. “Kopamo vlastiti grob.		Generalni sekretar UN Antonio Guteres upozorava na budućnost stalnog i sveprisutnog haosa nezamislivih razmera. “Kopamo vlastiti grob.	../to_annotate_q.tsv	OBJ	saglasnost	
vre-4965461-004	vreme	4965461	kolumna	pol-drustvo	komentar	4	22	https://vreme.com/komentar/hola-maduro-adios-amigo/	U zemlji sa ovakvim braniocima poretka Vučić je zbog Venecuele sazvao sjednicu Savjeta za nacionalnu bezbjednost.		U zemlji sa ovakvim braniocima poretka Vučić je zbog Venecuele sazvao sjednicu Savjeta za nacionalnu bezbjednost.	../to_annotate_q.tsv	SUBJ	saglasnost	
vre-4965741-003	vreme	4965741	kolumna	kultura	kultura	3	21	https://vreme.com/kultura/niceg-ne-bi-bilo-da-neko-nije-otrovao-macke/	Zbog toga su ti crteži bukvalna ilustracija radnje, na primer ako glavni junaci romana u nekom momentu sednu na klupu da prijateljski proćaskaju, stranu sa tom scenom je crtež njih dvoje na klupi.		Zbog toga su ti crteži bukvalna ilustracija radnje, na primer ako glavni junaci romana u nekom momentu sednu na klupu da prijateljski proćaskaju, stranu sa tom scenom je crtež njih dvoje na klupi.	../to_annotate_q.tsv	OBJ	usaglaseno	P3
vre-4966200-014	vreme	4966200	kolumna	pol-drustvo	komentar	14	23	https://vreme.com/komentar/proklizavanje-po-ledu/	Režimski mediji poručuju da su pristojni građani – oni koji nisu zlobni blokaderi – uvideli da vlast čini sve što može i da se ne treba ljutiti zbog snega i leda tokom zime.		Režimski mediji poručuju da su pristojni građani – oni koji nisu zlobni blokaderi – uvideli da vlast čini sve što može i da se ne treba ljutiti zbog snega i leda tokom zime.	../to_annotate_q.tsv	SUBJ	saglasnost	
vre-4967138-016	vreme	4967138	kolumna	svet	mozaik	16	82	https://vreme.com/mozaik/svetski-bol-pojedinca/	Kada je Marx pisao o otuđenju, nije mogao ni da nasluti do koje će mere kapitalizam uspeti da kolonizuje ljudsku dušu.		Kada je Marx pisao o otuđenju, nije mogao ni da nasluti do koje će mere kapitalizam uspeti da kolonizuje ljudsku dušu.	../to_annotate_q.tsv	SUBJ	saglasnost	
vre-4969017-012	vreme	4969017	vest	svet	mozaik	12	16	https://vreme.com/mozaik/penjanje-uzivo-ludilo-od-hepeninga-na-netfliksu/	„Smatram da je direktan prenos potencijalno smrtonosnog događaja problematičan, jer mediji time više ne samo da dokumentuju, komentarišu i tumače, nego i aktivno učestvuju u kreiranju tog događaja kao spektakla“, ističe naučnica.		„Smatram da je direktan prenos potencijalno smrtonosnog događaja problematičan, jer mediji time više ne samo da dokumentuju, komentarišu i tumače, nego i aktivno učestvuju u kreiranju tog događaja kao spektakla“, ističe naučnica.	../to_annotate_q.tsv	OBJ	saglasnost	
vre-4970392-010	vreme	4970392	kolumna	pol-drustvo	komentar	10	30	https://vreme.com/komentar/pravda-za-sirotinju-srbije/	Oni žive bijedno kao njihovi roditelji, a sva je prilika da će im tako živjeti i djeca.		Oni žive bijedno kao njihovi roditelji, a sva je prilika da će im tako živjeti i djeca.	../to_annotate_q.tsv	SUBJ	saglasnost	
vre-4972996-010	vreme	4972996	kolumna	pol-drustvo	komentar	10	23	https://vreme.com/komentar/manja-grcic-rts-aleksandar-vucic-dragan-bujosevic-rezim/	Za sebe kaže da je „lider“, mada bi primereniji bio izraz „ratrak“, kako je sebe nazivala jedna druga sposobna dama iz režimske garniture.		Za sebe kaže da je „lider“, mada bi primereniji bio izraz „ratrak“, kako je sebe nazivala jedna druga sposobna dama iz režimske garniture.	../to_annotate_q.tsv	SUBJ	saglasnost	
vre-4973237-053	vreme	4973237	kolumna	svet	mozaik	53	84	https://vreme.com/mozaik/tajvan-zapad-sa-kapljicom-kine/	Često mu njihov XXL bude mali.		Često mu njihov XXL bude mali.	../to_annotate_q.tsv	SUBJ	usaglaseno	P4
vre-4973520-007	vreme	4973520	vest	pol-drustvo	drustvo	7	11	https://vreme.com/drustvo/loncar-obustavljene-hladne-operacije-u-istragu-o-dve-smrti-ukljuceno-i-tuzilastvo/	Pod nadzorom će biti ceo sistem, sve što se radi u bolnici, dok ne budemo 100 odsto uvereni da je sve sigurno, poručio je on.		Pod nadzorom će biti ceo sistem, sve što se radi u bolnici, dok ne budemo 100 odsto uvereni da je sve sigurno, poručio je on.	../to_annotate_q.tsv	OBJ	saglasnost	
vre-4973530-000	vreme	4973530	kolumna	kultura	kultura	0	22	https://vreme.com/kultura/bitef-pozoriste-odbor-bitefa-festival/	Oktobra prošle godine tri od pet članova Odbora Bitefa podneli su ostavke, pa je na sednici 22. decembra Skupština grada imenovala novi Odbor.		Oktobra prošle godine tri od pet članova Odbora Bitefa podneli su ostavke, pa je na sednici 22. decembra Skupština grada imenovala novi Odbor.	../to_annotate_q.tsv	OBJ	saglasnost	
vre-4975127-020	vreme	4975127	vest	svet	svet	20	23	https://vreme.com/svet/istorijska-odluka-vrhovni-sud-ukinuo-trampove-carine/	Gotovo je kao da je nisu napisali pametni ljudi.	Y	„Gotovo je kao da je nisu napisali pametni ljudi.“	../to_annotate_q.tsv	OBJ	saglasnost	
vre-4977044-019	vreme	4977044	kolumna	kultura	kultura	19	27	https://vreme.com/kultura/lista-7-najugrozenijih-je-nada-za-vajfertovu-pivaru-u-pancevu/	„Danas je ovaj izuzetni industrijski kompleks izložen kritičnom riziku.		„Danas je ovaj izuzetni industrijski kompleks izložen kritičnom riziku.	../to_annotate_q.tsv	OBJ	usaglaseno	P6
vre-4977512-007	vreme	4977512	kolumna	kultura	kultura	7	18	https://vreme.com/kultura/ko-je-korisnik-parcele-na-kojoj-ce-biti-rekonstruisana-zgrada-narodne-biblioteke/	U Katastru nepokretnosti trenutno nema podataka o njoj, tako da nismo saznali da li je ispravljen, iako se to traži još od 2013.godine.		U Katastru nepokretnosti trenutno nema podataka o njoj, tako da nismo saznali da li je ispravljen, iako se to traži još od 2013.godine.	../to_annotate_q.tsv	OBJ	saglasnost	
vre-4978189-000	vreme	4978189	vest	pol-drustvo	drustvo	0	4	https://vreme.com/drustvo/poljoprivrednici-dragan-glamocic-poljoprivreda/	Udruženje proizvođača mleka Šumadije i Pomoravlja i Udruženje poljoprivrednika „Šajkača“ odlučili su da prekinu protest, jer je u toku sezona radova, a o daljim koracima u svojoj borbi odlučiće nakon toga.		Udruženje proizvođača mleka Šumadije i Pomoravlja i Udruženje poljoprivrednika „Šajkača“ odlučili su da prekinu protest, jer je u toku sezona radova, a o daljim koracima u svojoj borbi odlučiće nakon toga.	../to_annotate_q.tsv	OBJ	saglasnost	
vre-4978208-020	vreme	4978208	vest	pol-drustvo	drustvo	20	35	https://vreme.com/drustvo/rat-i-putovanja-osiguranje/	To jeste moguće, ali osiguravajuće kuće imaju različite uslove.	Y	„To jeste moguće, ali osiguravajuće kuće imaju različite uslove.“	../to_annotate_q.tsv	OBJ	saglasnost	
vre-4981395-013	vreme	4981395	kolumna	pol-drustvo	komentar	13	24	https://vreme.com/komentar/bia-veran-matic-prisluskivanje-pracenje-pretnje/	Pa upravo je on vodio Komisiju za istraživanje ubistava novinara – Ćuruvije u Beogradu i Milana Pantića u Jagodini.		Pa upravo je on vodio Komisiju za istraživanje ubistava novinara – Ćuruvije u Beogradu i Milana Pantića u Jagodini.	../to_annotate_q.tsv	SUBJ	usaglaseno	P5
vre-4982089-013	vreme	4982089	vest	kultura	kultura	13	23	https://vreme.com/kultura/bitef-bez-selektora-predstave-biraju-spasoje-z-milovanovic-i-clanovi-odbora/	Skupština grada je za ovogodišnji Bitef odvojila 20.000.000 dinara, što je premalo za program kakav se očekuje od Bitefa.		Skupština grada je za ovogodišnji Bitef odvojila 20.000.000 dinara, što je premalo za program kakav se očekuje od Bitefa.	../to_annotate_q.tsv	SUBJ	saglasnost	
vre-4982828-015	vreme	4982828	vest	pol-drustvo	drustvo	15	25	https://vreme.com/drustvo/gorivo-dizel-benzin-gas-srbija/	Cene važe od 24. marta.		Cene važe od 24. marta.	../to_annotate_q.tsv	OBJ	saglasnost	
vre-4983057-000	vreme	4983057	vest	pol-drustvo	drustvo	0	6	https://vreme.com/drustvo/danka-ilic-optuznica/	Viši sud u Negotinu potvrdio je optužnicu Višeg javnog tužilaštva u Zaječaru protiv Dejana Dragijevića i Srđana Jankovića, zbog sumnje da su u blizini Bora ubili dvogodišnju devojčicu Danku Ilić.		Viši sud u Negotinu potvrdio je optužnicu Višeg javnog tužilaštva u Zaječaru protiv Dejana Dragijevića i Srđana Jankovića, zbog sumnje da su u blizini Bora ubili dvogodišnju devojčicu Danku Ilić.	../to_annotate_q.tsv	OBJ	saglasnost	
vre-4983491-018	vreme	4983491	kolumna	pol-drustvo	komentar	18	21	https://vreme.com/komentar/lokalni-izbori-2026-komentar/	Međutim, vidimo da se ona energija od 15. marta 2025. ne rasipa tako lako.		Međutim, vidimo da se ona energija od 15. marta 2025. ne rasipa tako lako.	../to_annotate_q.tsv	SUBJ	saglasnost	
vre-4984755-011	vreme	4984755	kolumna	kultura	kultura	11	14	https://vreme.com/kultura/zasto-je-matica-srpska-otkazala-koncert-katarine-jovanovic/	Tokom proslava 200 godine Matice srpske, prebijeni su studenti.		Tokom proslava 200 godine Matice srpske, prebijeni su studenti.	../to_annotate_q.tsv	OBJ	saglasnost	
vre-4991499-004	vreme	4991499	vest	pol-drustvo	drustvo	4	12	https://vreme.com/drustvo/odbrana-struke-vst-venecijanska-komisija-tuzilastvo/	Udruženje ukazuje i na to da je VST, suprotno stavovima stručne javnosti, nastavio praksu upućivanja tužilaca iz nižih u viša tužilaštva, konkretno u Više javno tužilaštvo u Beogradu.		Udruženje ukazuje i na to da je VST, suprotno stavovima stručne javnosti, nastavio praksu upućivanja tužilaca iz nižih u viša tužilaštva, konkretno u Više javno tužilaštvo u Beogradu.	../to_annotate_q.tsv	OBJ	saglasnost	
vre-4994180-010	vreme	4994180	vest	kultura	kultura	10	16	https://vreme.com/kultura/vec-cetvrta-operska-premijera-narodnog-pozorista-ove-sezone/	Narodno pozorište je 1. oktobra počelo sezonu premijernom obnovom opere Đuzepa Verdija Bal pod maskama, koja pre toga godinama nije bila na repertoaru zbog nepoznatih razloga.		Narodno pozorište je 1. oktobra počelo sezonu premijernom obnovom opere Đuzepa Verdija Bal pod maskama, koja pre toga godinama nije bila na repertoaru zbog nepoznatih razloga.	../to_annotate_q.tsv	OBJ	saglasnost	
vre-4994908-021	vreme	4994908	vest	pol-drustvo	drustvo	21	28	https://vreme.com/drustvo/srbija-ekoloski-dug/	Iako je to kasnije u poređenju sa Srbijom, ovo je najraniji zabeleženi datum, ali i prvi put da je svet ušao u ekološki dug već tokom jula.		Iako je to kasnije u poređenju sa Srbijom, ovo je najraniji zabeleženi datum, ali i prvi put da je svet ušao u ekološki dug već tokom jula.	../to_annotate_q.tsv	OBJ	usaglaseno	P7
vre-4998006-011	vreme	4998006	kolumna	pol-drustvo	mozaik	11	33	https://vreme.com/mozaik/zombiji-na-trotoaru-dokle-ce-po-srbiji-stajati-halo-govornice/	Tako danas više nema čekanja u redu da bi se saopštile dobre i loše vesti, ispričale anegdote, izjavila ljubav ili raskidale veze.		Tako danas više nema čekanja u redu da bi se saopštile dobre i loše vesti, ispričale anegdote, izjavila ljubav ili raskidale veze.	../to_annotate_q.tsv	OBJ	saglasnost	
vre-4998388-013	vreme	4998388	vest	pol-drustvo	drustvo	13	26	https://vreme.com/drustvo/ubiti-za-fotografiju-barbara-matejcic-dobitnica-specijalne-nagrade-evropske-nagrade-za-stampu/	„Otvorila sam eksel tablicu i popisala sve izvore koji su mi potrebni i sve potencijalne tragove.		„Otvorila sam eksel tablicu i popisala sve izvore koji su mi potrebni i sve potencijalne tragove.	../to_annotate_q.tsv	OBJ	saglasnost	
vre-4999756-014	vreme	4999756	kolumna	pol-drustvo	komentar	14	25	https://vreme.com/komentar/vucicev-sibicarski-autoportret/	Ovo je ključni razlog zbog kojeg Vučić neće zasjesti u fotelju koju mu je grijao Đuro Macut, dići noge na stol i otpiti čaj od kamilice.		Ovo je ključni razlog zbog kojeg Vučić neće zasjesti u fotelju koju mu je grijao Đuro Macut, dići noge na stol i otpiti čaj od kamilice.	../to_annotate_q.tsv	SUBJ	saglasnost	
vre-5000401-001	vreme	5000401	vest	pol-drustvo	drustvo	1	10	https://vreme.com/drustvo/majke-deca-invaliditet-smetnje-u-razvoju-becej/	Kažu da su godinama same plaćale prevoz svoje dece do škole i nazad, a da su im zahtevi za refundaciju tih troškova odbijeni, prenosi N1.		Kažu da su godinama same plaćale prevoz svoje dece do škole i nazad, a da su im zahtevi za refundaciju tih troškova odbijeni, prenosi N1.	../to_annotate_q.tsv	OBJ	saglasnost	
vre-5000424-007	vreme	5000424	vest	pol-drustvo	drustvo	7	19	https://vreme.com/drustvo/zidjin-majdanpek-rudarenje-rudarstvo/	Četvrta faza uključuje značajne prostorne izmene jer zahteva izmeštanje reke Mali Pek.		Četvrta faza uključuje značajne prostorne izmene jer zahteva izmeštanje reke Mali Pek.	../to_annotate_q.tsv	OBJ	saglasnost	
vre-5002583-007	vreme	5002583	vest	pol-drustvo	drustvo	7	26	https://vreme.com/drustvo/mediji-srbija-medijske-slobode-novinari/	Međutim, ovaj neinkluzivan i netransparentan proces je patio od odsustva demokratskih osnova i isključivanja javne rasprave.		Međutim, ovaj neinkluzivan i netransparentan proces je patio od odsustva demokratskih osnova i isključivanja javne rasprave.	../to_annotate_q.tsv	SUBJ	saglasnost	
vre-5002936-033	vreme	5002936	kolumna	kultura	kultura	33	103	https://vreme.com/kultura/brevijar-politicke-mudrosti/	Kako priznati sopstvene gubitke, a ne pretvoriti ih u trajni politički program?		Kako priznati sopstvene gubitke, a ne pretvoriti ih u trajni politički program?	../to_annotate_q.tsv	SUBJ	usaglaseno	P9
vre-5004078-031	vreme	5004078	kolumna	svet	mozaik	31	36	https://vreme.com/mozaik/trgovina-narkoticima-darknet-mdma-heroin-narko-banda/	Trio je zbog toga razotkriven posle vrlo kratkog vremena.		Trio je zbog toga razotkriven posle vrlo kratkog vremena.	../to_annotate_q.tsv	OBJ	saglasnost	
vre-5005332-047	vreme	5005332	kolumna	kultura	kultura	47	67	https://vreme.com/kultura/izmedju-inkluzije-istorije-i-kreativne-lenjosti/	Kultna franšiza osamdesetih, na kojoj je odraslo nekoliko generacija, u novoj inkarnaciji donosi radikalne izmene ključnih likova.		Kultna franšiza osamdesetih, na kojoj je odraslo nekoliko generacija, u novoj inkarnaciji donosi radikalne izmene ključnih likova.	../to_annotate_q.tsv	OBJ	saglasnost	
vre-5005780-003	vreme	5005780	vest	pol-drustvo	drustvo	3	14	https://vreme.com/drustvo/olivera-zekic-informer-studio-b-mediji-tabloidi/	„Ako ne budu izabrani predsednik i zamenik predsednika Saveta REM na konstitutivnoj sednici u ponedeljak, dužnost predsedavajućeg će imati najstariji član, a to je Dubravka Valić Nedeljković“, rekla je Olivera Zekić.		„Ako ne budu izabrani predsednik i zamenik predsednika Saveta REM na konstitutivnoj sednici u ponedeljak, dužnost predsedavajućeg će imati najstariji član, a to je Dubravka Valić Nedeljković“, rekla je Olivera Zekić.	../to_annotate_q.tsv	OBJ	saglasnost	
vre-5006296-011	vreme	5006296	kolumna	pol-drustvo	komentar	11	17	https://vreme.com/komentar/aleksandar-vucic-skoda-predizborna-kampanja-sns/	I, treće, potrebno je da ciljna publika ne uvidi koliko stvar loše govori o vladavini prvog među nama jer auto star dvadeset godina i vredan dve-tri hiljade evra i jeste srpski prosek posle petnaest godina ove vlasti.		I, treće, potrebno je da ciljna publika ne uvidi koliko stvar loše govori o vladavini prvog među nama jer auto star dvadeset godina i vredan dve-tri hiljade evra i jeste srpski prosek posle petnaest godina ove vlasti.	../to_annotate_q.tsv	SUBJ	saglasnost	
vre-5006760-029	vreme	5006760	kolumna	kultura	mozaik	29	52	https://vreme.com/mozaik/volite-li-qaghaq-tal-ghasel/	Palata Velikog majstora u centru Valete prva je zgrada koju su izgradili Vitezovi ordena Sv. Jovana.		Palata Velikog majstora u centru Valete prva je zgrada koju su izgradili Vitezovi ordena Sv. Jovana.	../to_annotate_q.tsv	OBJ	saglasnost	
vre-5006882-002	vreme	5006882	vest	pol-drustvo	drustvo	2	22	https://vreme.com/drustvo/turistilki-vauceri-penzioneri-prijava-uslovi/	Vlada Srbije usvojila je uredbu koja se odnosi na besplatne vaučere za odmor u Srbiji koja definiše načinu njihove dodele i korišćenje.		Vlada Srbije usvojila je uredbu koja se odnosi na besplatne vaučere za odmor u Srbiji koja definiše načinu njihove dodele i korišćenje.	../to_annotate_q.tsv	OBJ	saglasnost	
vre-5008262-016	vreme	5008262	kolumna	pol-drustvo	komentar	16	31	https://vreme.com/komentar/milic-krickak-sukob-policija-vucic-kriza-u-mup/	Kako je službeno utvrđeno, njegove tvrdnje polovično su bile točne.		Kako je službeno utvrđeno, njegove tvrdnje polovično su bile točne.	../to_annotate_q.tsv	OBJ	saglasnost	
vre-5009070-011	vreme	5009070	kolumna	kultura	kultura	11	19	https://vreme.com/kultura/ministarstvo-kulture-konkurs-za-finansiranje-muzicke-delatnosti/	Bemus je zaslužio manje i od Preduzeća za muzičku, scensku i TV produkciju Touchsound, d.o.o.		Bemus je zaslužio manje i od Preduzeća za muzičku, scensku i TV produkciju Touchsound, d.o.o.	../to_annotate_q.tsv	SUBJ	saglasnost	
vre-5009398-006	vreme	5009398	kolumna	pol-drustvo	komentar	6	13	https://vreme.com/komentar/studentska-lista-parlamentarni-izbori-opozicija-sns/	I da se kada, jednog dana, budu raspisani izbori, istog časa desetine hiljada studenata, onakvi neumorni i nasmejani kakvi jesu, rastrče po celoj Srbiji da šire dobru reč, u pešačkoj kampanji kakvu ova zemlja još videla nije.		I da se kada, jednog dana, budu raspisani izbori, istog časa desetine hiljada studenata, onakvi neumorni i nasmejani kakvi jesu, rastrče po celoj Srbiji da šire dobru reč, u pešačkoj kampanji kakvu ova zemlja još videla nije.	../to_annotate_q.tsv	SUBJ	saglasnost	
vre-5010643-006	vreme	5010643	vest	pol-drustvo	drustvo	6	16	https://vreme.com/drustvo/udruzenje-ekomorf-prodaje-se-privatna-vila-visnja-izgradjena-na-drzavnom-zemljistu/	Izostankom reakcije nadležne službe, na neki način dato je zeleno svetlo za nastavak divlje gradnje, čime je i afirmisana devastacija ove zelene oaze grada.		Izostankom reakcije nadležne službe, na neki način dato je zeleno svetlo za nastavak divlje gradnje, čime je i afirmisana devastacija ove zelene oaze grada.	../to_annotate_q.tsv	SUBJ	saglasnost	
vre-5011555-018	vreme	5011555	kolumna	kultura	kultura	18	35	https://vreme.com/kultura/osim-tanje-boskovic-vlast-smatra-da-ni-druge-glumce-ne-treba-nagradjivati/	Pavle Pekić očekuje da će monografija o Aniti Mančić biti završena do oktobra, a do kraja godine i monografija o Bogdanu Dikliću.		Pavle Pekić očekuje da će monografija o Aniti Mančić biti završena do oktobra, a do kraja godine i monografija o Bogdanu Dikliću.	../to_annotate_q.tsv	OBJ	saglasnost	
vre-5012460-018	vreme	5012460	kolumna	pol-drustvo	komentar	18	34	https://vreme.com/komentar/aleksandar-vucic-predizborna-kampanjatrijumf-volje-nad-rusevinama-republike/	Predsednik Republike je, naime, naložio direktorki RFZO da ga „ne maltrtira procedurama birokratskim“.		Predsednik Republike je, naime, naložio direktorki RFZO da ga „ne maltrtira procedurama birokratskim“.	../to_annotate_q.tsv	OBJ	saglasnost	
