sentence_id	source	article_id	genre	topic	category	sent_idx	n_clean	url	text	in_quote	text_marked
dan-393301420124-007	danas	393301420124	kolumna	pol-drustvo	kolumna	7	25	https://www.danas.rs/kolumna/marko-vidojkovic/djubre-i-pare-za-hram/	I dalje je veliki i beo.		I dalje je veliki i beo.
dan-393301420124-008	danas	393301420124	kolumna	pol-drustvo	kolumna	8	25	https://www.danas.rs/kolumna/marko-vidojkovic/djubre-i-pare-za-hram/	Ponekad mi je muka koliko para je bačeno na to sranje, ali to sranje istovremeno i donosi brdo para, pa sam, kad se sve sabere, zadovoljan prizorom.		Ponekad mi je muka koliko para je bačeno na to sranje, ali to sranje istovremeno i donosi brdo para, pa sam, kad se sve sabere, zadovoljan prizorom.
dan-393301420124-009	danas	393301420124	kolumna	pol-drustvo	kolumna	9	25	https://www.danas.rs/kolumna/marko-vidojkovic/djubre-i-pare-za-hram/	„Gde je Buđavi“, pitam popa koji mi ispred hrama ljubi ruku.		„Gde je Buđavi“, pitam popa koji mi ispred hrama ljubi ruku.
dan-393301420124-010	danas	393301420124	kolumna	pol-drustvo	kolumna	10	25	https://www.danas.rs/kolumna/marko-vidojkovic/djubre-i-pare-za-hram/	„Njegova svetost je morala hitno do manastira Rakovica, da obavi službu za…“, lupeta, sav se zarumenevši.		„Njegova svetost je morala hitno do manastira Rakovica, da obavi službu za…“, lupeta, sav se zarumenevši.
dan-393301420124-011	danas	393301420124	kolumna	pol-drustvo	kolumna	11	25	https://www.danas.rs/kolumna/marko-vidojkovic/djubre-i-pare-za-hram/	Plaši se da mu opet ne iščupam pola brade.	Y	„Plaši se da mu opet ne iščupam pola brade.“
dan-393301420124-012	danas	393301420124	kolumna	pol-drustvo	kolumna	12	25	https://www.danas.rs/kolumna/marko-vidojkovic/djubre-i-pare-za-hram/	„Da, da, izvolite, gospodine Dragiša“, propušta me da uđem, a meni se, čim sam prešao prag hrama, zavrtelo u glavi.		„Da, da, izvolite, gospodine Dragiša“, propušta me da uđem, a meni se, čim sam prešao prag hrama, zavrtelo u glavi.
dan-393301420124-013	danas	393301420124	kolumna	pol-drustvo	kolumna	13	25	https://www.danas.rs/kolumna/marko-vidojkovic/djubre-i-pare-za-hram/	„U jebem ti…“, mumlam i teturam se do posude sa svetom vodicom, da se umijem.		„U jebem ti…“, mumlam i teturam se do posude sa svetom vodicom, da se umijem.
dan-393301420124-014	danas	393301420124	kolumna	pol-drustvo	kolumna	14	25	https://www.danas.rs/kolumna/marko-vidojkovic/djubre-i-pare-za-hram/	„Gospodine Dragiša, da li je sve u redu?“, šatro je zabrinut pop, a najradije bi mi pevao opelo.		„Gospodine Dragiša, da li je sve u redu?“, šatro je zabrinut pop, a najradije bi mi pevao opelo.
dan-861209451198-012	danas	861209451198	kolumna	pol-drustvo	kolumna	12	59	https://www.danas.rs/kolumna/aleksej-kisjuhas/najnovija-levica/	Dok se Stara levica još uvek fokusirala na industrijski rad, klasnu borbu i državnu kontrolu nad privredom, Nova levica je proširila svoja interesovanja i na građanska prava, feminizam, antikolonijalizam, antiratno delovanje, lične slobode i kritiku kulture konzumerizma.		Dok se Stara levica još uvek fokusirala na industrijski rad, klasnu borbu i državnu kontrolu nad privredom, Nova levica je proširila svoja interesovanja i na građanska prava, feminizam, antikolonijalizam, antiratno delovanje, lične slobode i kritiku kulture konzumerizma.
dan-861209451198-013	danas	861209451198	kolumna	pol-drustvo	kolumna	13	59	https://www.danas.rs/kolumna/aleksej-kisjuhas/najnovija-levica/	I, umesto na radnika u plavom kombinezonu, fokusirala se na – studente i mlade uopšte.		I, umesto na radnika u plavom kombinezonu, fokusirala se na – studente i mlade uopšte.
dan-861209451198-014	danas	861209451198	kolumna	pol-drustvo	kolumna	14	59	https://www.danas.rs/kolumna/aleksej-kisjuhas/najnovija-levica/	Nova levica i studentski pokret su neodvojivi – Nova levica kao kritička teorijska paradigma ne bi postojala bez studentskih pokreta, a i studenti su bili pod zamašnim uticajem ovih ideja.		Nova levica i studentski pokret su neodvojivi – Nova levica kao kritička teorijska paradigma ne bi postojala bez studentskih pokreta, a i studenti su bili pod zamašnim uticajem ovih ideja.
dan-861209451198-015	danas	861209451198	kolumna	pol-drustvo	kolumna	15	59	https://www.danas.rs/kolumna/aleksej-kisjuhas/najnovija-levica/	Lideri Nove levice mahom su bili univerzitetski profesori i/ili aktivisti: Herbert Markuze (SAD), Rejmond Vilijams (Velika Britanija), Žan-Pol Sartr i Danijel Kon-Bendit (Francuska), Jirgen Habermas i Rudi Dučke (Nemačka) itd, iako je u pitanju bila neformalna mreža, a ne čvrsta organizacija intelektualaca.		Lideri Nove levice mahom su bili univerzitetski profesori i/ili aktivisti: Herbert Markuze (SAD), Rejmond Vilijams (Velika Britanija), Žan-Pol Sartr i Danijel Kon-Bendit (Francuska), Jirgen Habermas i Rudi Dučke (Nemačka) itd, iako je u pitanju bila neformalna mreža, a ne čvrsta organizacija intelektualaca.
dan-861209451198-016	danas	861209451198	kolumna	pol-drustvo	kolumna	16	59	https://www.danas.rs/kolumna/aleksej-kisjuhas/najnovija-levica/	Ipak, oni i drugi postali su svojevrsni „gurui“ studentskog pokreta ili „neocrvene revolucije“.		Ipak, oni i drugi postali su svojevrsni „gurui“ studentskog pokreta ili „neocrvene revolucije“.
dan-861209451198-017	danas	861209451198	kolumna	pol-drustvo	kolumna	17	59	https://www.danas.rs/kolumna/aleksej-kisjuhas/najnovija-levica/	Na primer, Markuzeova knjiga „Čovek jedne dimenzije“ (1964) oštro je kritikovala razvijena industrijska društva i ponašanje tzv. „pristojnog čoveka“, inspirišući mnoge studente.		Na primer, Markuzeova knjiga „Čovek jedne dimenzije“ (1964) oštro je kritikovala razvijena industrijska društva i ponašanje tzv. „pristojnog čoveka“, inspirišući mnoge studente.
dan-861209451198-018	danas	861209451198	kolumna	pol-drustvo	kolumna	18	59	https://www.danas.rs/kolumna/aleksej-kisjuhas/najnovija-levica/	Vođa Pokreta za slobodu govora na Berkliju, Mario Savio, bio je čuven po svom govoru u kojem poziva na otpor prema „mašineriji“ institucionalne moći.		Vođa Pokreta za slobodu govora na Berkliju, Mario Savio, bio je čuven po svom govoru u kojem poziva na otpor prema „mašineriji“ institucionalne moći.
dan-861209451198-019	danas	861209451198	kolumna	pol-drustvo	kolumna	19	59	https://www.danas.rs/kolumna/aleksej-kisjuhas/najnovija-levica/	Mnogi drugi mislioci i aktivisti pozivali su na radničko i studentsko samoupravljanje, odnosno direktnu demokratiju.		Mnogi drugi mislioci i aktivisti pozivali su na radničko i studentsko samoupravljanje, odnosno direktnu demokratiju.
dan-1077299556444-011	danas	1077299556444	kolumna	kultura	kolumna	11	34	https://www.danas.rs/kolumna/dusko-bogdanovic/dekodiranje-diktatora/	O svemu, zapravo, o čemu nije imao ni mrvicu elementarnog znanja, a nekmoli neophodnog obrazovanja.		O svemu, zapravo, o čemu nije imao ni mrvicu elementarnog znanja, a nekmoli neophodnog obrazovanja.
dan-1077299556444-012	danas	1077299556444	kolumna	kultura	kolumna	12	34	https://www.danas.rs/kolumna/dusko-bogdanovic/dekodiranje-diktatora/	Takva vladavina je zahtevala apsolutnu poslušnost i okruženost isključivo klimoglavacima koji su neprestano potvrđivali sve njegove odluke i tako mu, u svakoj prilici, pumpali eventualno poljuljano samopouzdanje.		Takva vladavina je zahtevala apsolutnu poslušnost i okruženost isključivo klimoglavacima koji su neprestano potvrđivali sve njegove odluke i tako mu, u svakoj prilici, pumpali eventualno poljuljano samopouzdanje.
dan-1077299556444-013	danas	1077299556444	kolumna	kultura	kolumna	13	34	https://www.danas.rs/kolumna/dusko-bogdanovic/dekodiranje-diktatora/	Manijakalno je prezirao svaku reč drugačijeg mišljenja ili alternativne političke akcije.		Manijakalno je prezirao svaku reč drugačijeg mišljenja ili alternativne političke akcije.
dan-1077299556444-014	danas	1077299556444	kolumna	kultura	kolumna	14	34	https://www.danas.rs/kolumna/dusko-bogdanovic/dekodiranje-diktatora/	Bez imalo dileme tome se na drastično surov način svetio eliminacijom sa političke, pa i životne pozornice.		Bez imalo dileme tome se na drastično surov način svetio eliminacijom sa političke, pa i životne pozornice.
dan-1077299556444-015	danas	1077299556444	kolumna	kultura	kolumna	15	34	https://www.danas.rs/kolumna/dusko-bogdanovic/dekodiranje-diktatora/	Čak i najstarijim i godinama najodanijim saradnicima, ako bi u njihovom ponašanju prepoznavao makar trunčicu samostalnog ponašanja.		Čak i najstarijim i godinama najodanijim saradnicima, ako bi u njihovom ponašanju prepoznavao makar trunčicu samostalnog ponašanja.
dan-1077299556444-016	danas	1077299556444	kolumna	kultura	kolumna	16	34	https://www.danas.rs/kolumna/dusko-bogdanovic/dekodiranje-diktatora/	Hitler je sebe video kao čoveka sa misijom.		Hitler je sebe video kao čoveka sa misijom.
dan-1077299556444-017	danas	1077299556444	kolumna	kultura	kolumna	17	34	https://www.danas.rs/kolumna/dusko-bogdanovic/dekodiranje-diktatora/	„Veliki Nemac“, iako je i po rođenju i po državljanstvu bio Austrijanac!		„Veliki Nemac“, iako je i po rođenju i po državljanstvu bio Austrijanac!
dan-1077299556444-018	danas	1077299556444	kolumna	kultura	kolumna	18	34	https://www.danas.rs/kolumna/dusko-bogdanovic/dekodiranje-diktatora/	Ispod složene mreže moći, obmane i lojalnosti koja je definisala tu vladavinu, ležale su dobro skrivene tajne koje su, zapravo, oblikovale Hitlerovu despotsku vlast.		Ispod složene mreže moći, obmane i lojalnosti koja je definisala tu vladavinu, ležale su dobro skrivene tajne koje su, zapravo, oblikovale Hitlerovu despotsku vlast.
dan-616629800977-004	danas	616629800977	kolumna	svet	kolumna	4	29	https://www.danas.rs/kolumna/pavle-simjanovic/vidimo-se-u-nekom-drugom-slobodnom-filmu/	Moglo se krenuti putem, pa nekako hvatati retke minibuseve, ali zabavnije je bilo presecati kroz priobalsku pustinju.		Moglo se krenuti putem, pa nekako hvatati retke minibuseve, ali zabavnije je bilo presecati kroz priobalsku pustinju.
dan-616629800977-005	danas	616629800977	kolumna	svet	kolumna	5	29	https://www.danas.rs/kolumna/pavle-simjanovic/vidimo-se-u-nekom-drugom-slobodnom-filmu/	Zatim bi vozač prolazećeg izubijanog automobila obavezno zastajao i insistirao da vas poveze (kojom prilikom biste u kolima prošli standardni „Tito, Jugoslavija“ tematski opseg).		Zatim bi vozač prolazećeg izubijanog automobila obavezno zastajao i insistirao da vas poveze (kojom prilikom biste u kolima prošli standardni „Tito, Jugoslavija“ tematski opseg).
dan-616629800977-006	danas	616629800977	kolumna	svet	kolumna	6	29	https://www.danas.rs/kolumna/pavle-simjanovic/vidimo-se-u-nekom-drugom-slobodnom-filmu/	A taj Šafar je nešto nalik pet puta glomaznijem Jazu, s tim što za razliku od izmučenog budvanskog rođaka služi (tada je barem tako bilo) isključivo lokalcima, žiteljima industrijskog grada Sfaksa.		A taj Šafar je nešto nalik pet puta glomaznijem Jazu, s tim što za razliku od izmučenog budvanskog rođaka služi (tada je barem tako bilo) isključivo lokalcima, žiteljima industrijskog grada Sfaksa.
dan-616629800977-007	danas	616629800977	kolumna	svet	kolumna	7	29	https://www.danas.rs/kolumna/pavle-simjanovic/vidimo-se-u-nekom-drugom-slobodnom-filmu/	Posledično, na kilometrima dugačkoj plaži ste jedini, da kažemo, Evropljanin među hiljadama Tunižana.		Posledično, na kilometrima dugačkoj plaži ste jedini, da kažemo, Evropljanin među hiljadama Tunižana.
dan-616629800977-008	danas	616629800977	kolumna	svet	kolumna	8	29	https://www.danas.rs/kolumna/pavle-simjanovic/vidimo-se-u-nekom-drugom-slobodnom-filmu/	Što je lepo, naročito ako ne podnosite turizam kao koncept, a još naročitije ako ne pominjete da vam se baba zvala Hagara Kajon.		Što je lepo, naročito ako ne podnosite turizam kao koncept, a još naročitije ako ne pominjete da vam se baba zvala Hagara Kajon.
dan-616629800977-009	danas	616629800977	kolumna	svet	kolumna	9	29	https://www.danas.rs/kolumna/pavle-simjanovic/vidimo-se-u-nekom-drugom-slobodnom-filmu/	Kako god, u arapskim zemljama sam uvek osećao da se, u nedostatku akademskije reči, nekako kapiramo.		Kako god, u arapskim zemljama sam uvek osećao da se, u nedostatku akademskije reči, nekako kapiramo.
dan-616629800977-010	danas	616629800977	kolumna	svet	kolumna	10	29	https://www.danas.rs/kolumna/pavle-simjanovic/vidimo-se-u-nekom-drugom-slobodnom-filmu/	Sad, iako u redakciji Danasa – gde sam, naravno, honorarni saradnik – teško da ima primerenije osobe za bavljenje ovim što sledi, osećam potrebu da i unutar teksta naglasim da su stavovi isključivo moji.		Sad, iako u redakciji Danasa – gde sam, naravno, honorarni saradnik – teško da ima primerenije osobe za bavljenje ovim što sledi, osećam potrebu da i unutar teksta naglasim da su stavovi isključivo moji.
dan-616629800977-011	danas	616629800977	kolumna	svet	kolumna	11	29	https://www.danas.rs/kolumna/pavle-simjanovic/vidimo-se-u-nekom-drugom-slobodnom-filmu/	Rat u Gazi je ovih dana dobio još jedno, intelektualno bojište, i to ispred beogradskog Doma omladine gde se imao održati Festival izraelskog filma.		Rat u Gazi je ovih dana dobio još jedno, intelektualno bojište, i to ispred beogradskog Doma omladine gde se imao održati Festival izraelskog filma.
dan-836641463989-012	danas	836641463989	kolumna	pol-drustvo	kolumna	12	55	https://www.danas.rs/kolumna/dusko-bogdanovic/letnje-seme-2/	Imao sam tih godina rukovodioce koji su razumeli moje letnje ludorije.		Imao sam tih godina rukovodioce koji su razumeli moje letnje ludorije.
dan-836641463989-013	danas	836641463989	kolumna	pol-drustvo	kolumna	13	55	https://www.danas.rs/kolumna/dusko-bogdanovic/letnje-seme-2/	Neke, sa razlogom, više nisam ponavljao.		Neke, sa razlogom, više nisam ponavljao.
dan-836641463989-014	danas	836641463989	kolumna	pol-drustvo	kolumna	14	55	https://www.danas.rs/kolumna/dusko-bogdanovic/letnje-seme-2/	Masovni redakcijski godišnji odmori su bili prilika da mlađi novinari – koji obično nisu imali pravu šansu za dokazivanje – pokažu šta znaju.		Masovni redakcijski godišnji odmori su bili prilika da mlađi novinari – koji obično nisu imali pravu šansu za dokazivanje – pokažu šta znaju.
dan-836641463989-015	danas	836641463989	kolumna	pol-drustvo	kolumna	15	55	https://www.danas.rs/kolumna/dusko-bogdanovic/letnje-seme-2/	Svakako ga možemo definisati, samo dosadno nije.		Svakako ga možemo definisati, samo dosadno nije.
dan-836641463989-016	danas	836641463989	kolumna	pol-drustvo	kolumna	16	55	https://www.danas.rs/kolumna/dusko-bogdanovic/letnje-seme-2/	Otvorila nam se kolektivna utroba.		Otvorila nam se kolektivna utroba.
dan-836641463989-017	danas	836641463989	kolumna	pol-drustvo	kolumna	17	55	https://www.danas.rs/kolumna/dusko-bogdanovic/letnje-seme-2/	Daleko smo, nažalost, od delotvorne hirurške intervencije.		Daleko smo, nažalost, od delotvorne hirurške intervencije.
dan-836641463989-018	danas	836641463989	kolumna	pol-drustvo	kolumna	18	55	https://www.danas.rs/kolumna/dusko-bogdanovic/letnje-seme-2/	Redakcije televizija N1 i Nova prate sva uzbudljiva događanja po ulicama srpskih gradova i varošica.		Redakcije televizija N1 i Nova prate sva uzbudljiva događanja po ulicama srpskih gradova i varošica.
dan-836641463989-019	danas	836641463989	kolumna	pol-drustvo	kolumna	19	55	https://www.danas.rs/kolumna/dusko-bogdanovic/letnje-seme-2/	Da se poslužim naslovom Tarantinovog filma, čine to „od sumraka do svitanja“.		Da se poslužim naslovom Tarantinovog filma, čine to „od sumraka do svitanja“.
dan-371249651231-040	danas	371249651231	kolumna	pol-drustvo	kolumna	40	70	https://www.danas.rs/kolumna/aleksej-kisjuhas/revolucija-pa-sta/	Ako su mehanizmi moći toliko ukorenjeni i zaštićeni, da postepenost postaje drugo ime za patnju i neodrživi status quo?		Ako su mehanizmi moći toliko ukorenjeni i zaštićeni, da postepenost postaje drugo ime za patnju i neodrživi status quo?
dan-371249651231-041	danas	371249651231	kolumna	pol-drustvo	kolumna	41	70	https://www.danas.rs/kolumna/aleksej-kisjuhas/revolucija-pa-sta/	Da li bi američke kolonije ikada stekle nezavisnost samo kroz pregovore s britanskom krunom?		Da li bi američke kolonije ikada stekle nezavisnost samo kroz pregovore s britanskom krunom?
dan-371249651231-042	danas	371249651231	kolumna	pol-drustvo	kolumna	42	70	https://www.danas.rs/kolumna/aleksej-kisjuhas/revolucija-pa-sta/	Da li bi robovlasnički sistem na Haitiju ikada bio mirno ukinut da nije bilo revolucije?		Da li bi robovlasnički sistem na Haitiju ikada bio mirno ukinut da nije bilo revolucije?
dan-371249651231-043	danas	371249651231	kolumna	pol-drustvo	kolumna	43	70	https://www.danas.rs/kolumna/aleksej-kisjuhas/revolucija-pa-sta/	U tim slučajevima, reforma nije bila moguća.		U tim slučajevima, reforma nije bila moguća.
dan-371249651231-044	danas	371249651231	kolumna	pol-drustvo	kolumna	44	70	https://www.danas.rs/kolumna/aleksej-kisjuhas/revolucija-pa-sta/	Bila je to revolucija ili ništa.		Bila je to revolucija ili ništa.
dan-371249651231-045	danas	371249651231	kolumna	pol-drustvo	kolumna	45	70	https://www.danas.rs/kolumna/aleksej-kisjuhas/revolucija-pa-sta/	Uz svu prolivenu krv i teror, svi smo mi deca Francuske revolucije.		Uz svu prolivenu krv i teror, svi smo mi deca Francuske revolucije.
dan-371249651231-046	danas	371249651231	kolumna	pol-drustvo	kolumna	46	70	https://www.danas.rs/kolumna/aleksej-kisjuhas/revolucija-pa-sta/	I nisu uvek potlačeni ti koji biraju revoluciju – često je to rezultat vlasti koja ignoriše i podsmeva se zahtevima naroda.		I nisu uvek potlačeni ti koji biraju revoluciju – često je to rezultat vlasti koja ignoriše i podsmeva se zahtevima naroda.
dan-371249651231-047	danas	371249651231	kolumna	pol-drustvo	kolumna	47	70	https://www.danas.rs/kolumna/aleksej-kisjuhas/revolucija-pa-sta/	Čuvena (iako izmišljena) rečenica Marije Antoanete „Neka jedu kolače“ simbolizuje istinu: revolucije nastaju tamo gde vlada ravnodušnost.		Čuvena (iako izmišljena) rečenica Marije Antoanete „Neka jedu kolače“ simbolizuje istinu: revolucije nastaju tamo gde vlada ravnodušnost.
dan-350606325793-014	danas	350606325793	kolumna	pol-drustvo	kolumna	14	24	https://www.danas.rs/kolumna/dragoljub-petrovic/covek-koga-brane-vucic-anus-i-penis/	Samo dan nakon što su blokaderi demolirali porodični dom Dragana J. Vučićevića, Draža Petrović je u blokaderskom Danasu objavio skandalozne stihove u kojima poziva na linč Vučićevića. ‘Već mu je Srbija odbrojala dane’, napisao je, između ostalog, Petrović“.	Y	„Samo dan nakon što su blokaderi demolirali porodični dom Dragana J. Vučićevića, Draža Petrović je u blokaderskom Danasu objavio skandalozne stihove u kojima poziva na linč Vučićevića. ‘Već mu je Srbija odbrojala dane’, napisao je, između ostalog, Petrović“.“
dan-350606325793-015	danas	350606325793	kolumna	pol-drustvo	kolumna	15	24	https://www.danas.rs/kolumna/dragoljub-petrovic/covek-koga-brane-vucic-anus-i-penis/	U odbranu Dragana J. Vučićevića odmah je ustala ugledna Asocijacija novinara Srbije, popularni ANUS, jer je ANUS osetio da je potrebno da Dragan J. Vučićević dobije podršku iz ANUS-a, gde ga mnogo vole i cene, za razliku od ostatka sveta.		U odbranu Dragana J. Vučićevića odmah je ustala ugledna Asocijacija novinara Srbije, popularni ANUS, jer je ANUS osetio da je potrebno da Dragan J. Vučićević dobije podršku iz ANUS-a, gde ga mnogo vole i cene, za razliku od ostatka sveta.
dan-350606325793-016	danas	350606325793	kolumna	pol-drustvo	kolumna	16	24	https://www.danas.rs/kolumna/dragoljub-petrovic/covek-koga-brane-vucic-anus-i-penis/	Zato se Dragan J. Vučićević u ANUS-u oseća ko svoj na svome.		Zato se Dragan J. Vučićević u ANUS-u oseća ko svoj na svome.
dan-350606325793-017	danas	350606325793	kolumna	pol-drustvo	kolumna	17	24	https://www.danas.rs/kolumna/dragoljub-petrovic/covek-koga-brane-vucic-anus-i-penis/	ANUS je izdao zvanično saopštenje koje prenosimo u celini: „Dragoljub Draža Petrović, urednik Danasa, javno je zapretio glavnom uredniku Informera Draganu J. Vučićeviću rečima: dani su ti odbrojani.		ANUS je izdao zvanično saopštenje koje prenosimo u celini: „Dragoljub Draža Petrović, urednik Danasa, javno je zapretio glavnom uredniku Informera Draganu J. Vučićeviću rečima: dani su ti odbrojani.
dan-350606325793-018	danas	350606325793	kolumna	pol-drustvo	kolumna	18	24	https://www.danas.rs/kolumna/dragoljub-petrovic/covek-koga-brane-vucic-anus-i-penis/	To je direktna pretnja smrću.	Y	„To je direktna pretnja smrću.“
dan-350606325793-019	danas	350606325793	kolumna	pol-drustvo	kolumna	19	24	https://www.danas.rs/kolumna/dragoljub-petrovic/covek-koga-brane-vucic-anus-i-penis/	Otvoreni poziv na ubistvo novinara!	Y	„Otvoreni poziv na ubistvo novinara!“
dan-350606325793-020	danas	350606325793	kolumna	pol-drustvo	kolumna	20	24	https://www.danas.rs/kolumna/dragoljub-petrovic/covek-koga-brane-vucic-anus-i-penis/	Samo dan nakon napada na Vučićevićev dom, Petrović dodatno raspiruje mržnju.	Y	„Samo dan nakon napada na Vučićevićev dom, Petrović dodatno raspiruje mržnju.“
dan-350606325793-021	danas	350606325793	kolumna	pol-drustvo	kolumna	21	24	https://www.danas.rs/kolumna/dragoljub-petrovic/covek-koga-brane-vucic-anus-i-penis/	Ovo je linč u najprljavijem obliku.	Y	„Ovo je linč u najprljavijem obliku.“
dan-850853213181-022	danas	850853213181	kolumna	pol-drustvo	kolumna	22	53	https://www.danas.rs/kolumna/nemanja-rujevic/neke-se-pobede-ne-dobijaju-na-juris/	Priče su sasvim srpske, obične – imaju decu koju treba nahraniti, obući, poslati na ekskurziju, u kreditima su do guše.		Priče su sasvim srpske, obične – imaju decu koju treba nahraniti, obući, poslati na ekskurziju, u kreditima su do guše.
dan-850853213181-023	danas	850853213181	kolumna	pol-drustvo	kolumna	23	53	https://www.danas.rs/kolumna/nemanja-rujevic/neke-se-pobede-ne-dobijaju-na-juris/	Mesec bez plate je za većinu frka.		Mesec bez plate je za većinu frka.
dan-850853213181-024	danas	850853213181	kolumna	pol-drustvo	kolumna	24	53	https://www.danas.rs/kolumna/nemanja-rujevic/neke-se-pobede-ne-dobijaju-na-juris/	Dva ili tri meseca su kataklizma.		Dva ili tri meseca su kataklizma.
dan-850853213181-025	danas	850853213181	kolumna	pol-drustvo	kolumna	25	53	https://www.danas.rs/kolumna/nemanja-rujevic/neke-se-pobede-ne-dobijaju-na-juris/	Pošto je ovo pobeda koja se ne dobija na juriš, možda se odatle mogu izvući pouke za dalje.		Pošto je ovo pobeda koja se ne dobija na juriš, možda se odatle mogu izvući pouke za dalje.
dan-850853213181-026	danas	850853213181	kolumna	pol-drustvo	kolumna	26	53	https://www.danas.rs/kolumna/nemanja-rujevic/neke-se-pobede-ne-dobijaju-na-juris/	Naime, čak i akademska elita mora da jede!		Naime, čak i akademska elita mora da jede!
dan-850853213181-027	danas	850853213181	kolumna	pol-drustvo	kolumna	27	53	https://www.danas.rs/kolumna/nemanja-rujevic/neke-se-pobede-ne-dobijaju-na-juris/	Prazan stomak je sto puta gori od uvređenog mozga.		Prazan stomak je sto puta gori od uvređenog mozga.
dan-850853213181-028	danas	850853213181	kolumna	pol-drustvo	kolumna	28	53	https://www.danas.rs/kolumna/nemanja-rujevic/neke-se-pobede-ne-dobijaju-na-juris/	Da sam profesor i da nemam od čega da platim račune i hranu, to bih navodio kao prvi razlog za prestanak blokada – a ne tek stidljivo, kao da je sramota ustuknuti malo da bi se preživelo.		Da sam profesor i da nemam od čega da platim račune i hranu, to bih navodio kao prvi razlog za prestanak blokada – a ne tek stidljivo, kao da je sramota ustuknuti malo da bi se preživelo.
dan-850853213181-029	danas	850853213181	kolumna	pol-drustvo	kolumna	29	53	https://www.danas.rs/kolumna/nemanja-rujevic/neke-se-pobede-ne-dobijaju-na-juris/	Prvi među nama, mahnit i ciničan, spreman da ljude izgladnjuje, sve to odlično zna.		Prvi među nama, mahnit i ciničan, spreman da ljude izgladnjuje, sve to odlično zna.
dan-234994195976-008	danas	234994195976	kolumna	pol-drustvo	kolumna	8	37	https://www.danas.rs/kolumna/safeta-bisevac/zamena-stanovnistva/	„Naši“ odlaze, kod nas dolaze iz Turske, Bangladeša, Nepala, Šri Lanke, spremaju se i iz Afrike, uglavnom zbog privremenih poslova, na „bauštelu“, prevozu i drugde.		„Naši“ odlaze, kod nas dolaze iz Turske, Bangladeša, Nepala, Šri Lanke, spremaju se i iz Afrike, uglavnom zbog privremenih poslova, na „bauštelu“, prevozu i drugde.
dan-234994195976-009	danas	234994195976	kolumna	pol-drustvo	kolumna	9	37	https://www.danas.rs/kolumna/safeta-bisevac/zamena-stanovnistva/	Preduzetnik iz Gane reklamira Srbiju, „zemlju na istoku Evrope“, koja traži radnike, posle pet godina daje državljanstvo i pasoše i onda mogu po celom Starom kontinentu da idu.		Preduzetnik iz Gane reklamira Srbiju, „zemlju na istoku Evrope“, koja traži radnike, posle pet godina daje državljanstvo i pasoše i onda mogu po celom Starom kontinentu da idu.
dan-234994195976-010	danas	234994195976	kolumna	pol-drustvo	kolumna	10	37	https://www.danas.rs/kolumna/safeta-bisevac/zamena-stanovnistva/	„Malo“ je preterao to sa pasošima, ali privlači čovek klijente.		„Malo“ je preterao to sa pasošima, ali privlači čovek klijente.
dan-234994195976-011	danas	234994195976	kolumna	pol-drustvo	kolumna	11	37	https://www.danas.rs/kolumna/safeta-bisevac/zamena-stanovnistva/	U delu građana Srbije usadio se strah, malo od očekivane nestašice energenata i hladne zime, više od dolaska stranaca tamnije puti.		U delu građana Srbije usadio se strah, malo od očekivane nestašice energenata i hladne zime, više od dolaska stranaca tamnije puti.
dan-234994195976-012	danas	234994195976	kolumna	pol-drustvo	kolumna	12	37	https://www.danas.rs/kolumna/safeta-bisevac/zamena-stanovnistva/	Primećuje se to na svakom koraku.		Primećuje se to na svakom koraku.
dan-234994195976-013	danas	234994195976	kolumna	pol-drustvo	kolumna	13	37	https://www.danas.rs/kolumna/safeta-bisevac/zamena-stanovnistva/	Starija gospođa u gradskom autobusu mi nedavno održala lekciju.		Starija gospođa u gradskom autobusu mi nedavno održala lekciju.
dan-234994195976-014	danas	234994195976	kolumna	pol-drustvo	kolumna	14	37	https://www.danas.rs/kolumna/safeta-bisevac/zamena-stanovnistva/	Počela od toga da ništa nije kao pre, ni veš-mašine ni autobusi, a došla do toga da ne sme na ulicu da izađe od stranaca kojih je sve više u Beogradu.		Počela od toga da ništa nije kao pre, ni veš-mašine ni autobusi, a došla do toga da ne sme na ulicu da izađe od stranaca kojih je sve više u Beogradu.
dan-234994195976-015	danas	234994195976	kolumna	pol-drustvo	kolumna	15	37	https://www.danas.rs/kolumna/safeta-bisevac/zamena-stanovnistva/	„Ma neka su Rusi“, kaže.		„Ma neka su Rusi“, kaže.
dan-388455945945-000	danas	388455945945	kolumna	pol-drustvo	kolumna	0	35	https://www.danas.rs/kolumna/nemanja-rujevic/i-zlobog-je-bog/	Prvi među nama, ako se nije sasvim odvojio od realnosti i ako je u privatnom interesu dalekovidiji nego što je recimo u pitanjima državnog snabdevanja naftom i gasom, već je spremio pribežište u egzilu.		Prvi među nama, ako se nije sasvim odvojio od realnosti i ako je u privatnom interesu dalekovidiji nego što je recimo u pitanjima državnog snabdevanja naftom i gasom, već je spremio pribežište u egzilu.
dan-388455945945-001	danas	388455945945	kolumna	pol-drustvo	kolumna	1	35	https://www.danas.rs/kolumna/nemanja-rujevic/i-zlobog-je-bog/	Za svaki slučaj, možda zatreba brzo.		Za svaki slučaj, možda zatreba brzo.
dan-388455945945-002	danas	388455945945	kolumna	pol-drustvo	kolumna	2	35	https://www.danas.rs/kolumna/nemanja-rujevic/i-zlobog-je-bog/	Ako tako bude, mnogo će koji sugrađanin pred televizorom kršiti prste i pitati se šta ćemo bez njega, hoće li sutra biti penzije, hoće li radijatori biti topli i da li će Sunce uopšte izaći iz pravca Negotina.		Ako tako bude, mnogo će koji sugrađanin pred televizorom kršiti prste i pitati se šta ćemo bez njega, hoće li sutra biti penzije, hoće li radijatori biti topli i da li će Sunce uopšte izaći iz pravca Negotina.
dan-388455945945-003	danas	388455945945	kolumna	pol-drustvo	kolumna	3	35	https://www.danas.rs/kolumna/nemanja-rujevic/i-zlobog-je-bog/	Ovaj kolumnista ima svojih bojazni, ali sve u javnome interesu pa izdržite do kraja kolumne.		Ovaj kolumnista ima svojih bojazni, ali sve u javnome interesu pa izdržite do kraja kolumne.
dan-388455945945-004	danas	388455945945	kolumna	pol-drustvo	kolumna	4	35	https://www.danas.rs/kolumna/nemanja-rujevic/i-zlobog-je-bog/	Naime, šta ćemo mi bez Vučića?		Naime, šta ćemo mi bez Vučića?
dan-388455945945-005	danas	388455945945	kolumna	pol-drustvo	kolumna	5	35	https://www.danas.rs/kolumna/nemanja-rujevic/i-zlobog-je-bog/	Mi, baš mi, ova, u najširem smislu, kritička i opoziciona čaršija koja sada čini dobrano više od pola Srbije?		Mi, baš mi, ova, u najširem smislu, kritička i opoziciona čaršija koja sada čini dobrano više od pola Srbije?
dan-388455945945-006	danas	388455945945	kolumna	pol-drustvo	kolumna	6	35	https://www.danas.rs/kolumna/nemanja-rujevic/i-zlobog-je-bog/	Pre koji mesec sa ovoga mesta (kolumna: „La lista existe“) upozoreno je da se režim doduše drži o tankom koncu i prva košava ili izbori mogu da ga odnesu, ali da naša prokleta opoziciona čaršija ima priliku da stvar uprska, ponajpre svojim sujetama i surevnjivostima, ograđivanjima i uskogrudošću.		Pre koji mesec sa ovoga mesta (kolumna: „La lista existe“) upozoreno je da se režim doduše drži o tankom koncu i prva košava ili izbori mogu da ga odnesu, ali da naša prokleta opoziciona čaršija ima priliku da stvar uprska, ponajpre svojim sujetama i surevnjivostima, ograđivanjima i uskogrudošću.
dan-388455945945-007	danas	388455945945	kolumna	pol-drustvo	kolumna	7	35	https://www.danas.rs/kolumna/nemanja-rujevic/i-zlobog-je-bog/	Naša opoziciona čaršija do sada je izuzetno koristila te prilike.		Naša opoziciona čaršija do sada je izuzetno koristila te prilike.
dan-273156172461-005	danas	273156172461	kolumna	pol-drustvo	kolumna	5	24	https://www.danas.rs/kolumna/dragoljub-petrovic/bio-jednom-jedan-misa-baculov/	Ali ko šiša Čak Norisa, nek vežba.		Ali ko šiša Čak Norisa, nek vežba.
dan-273156172461-006	danas	273156172461	kolumna	pol-drustvo	kolumna	6	24	https://www.danas.rs/kolumna/dragoljub-petrovic/bio-jednom-jedan-misa-baculov/	Samo je još falilo da u drugom post skriptumu doda da će za jednog gledaoca Hit tvita likvidirati sto gledalaca Utiska nedelje, što će lično obaviti Verica Bradić u pauzama za reklame, po njegovom naređenju, kao vrhovnog komandanta Hit tvita i Vojske Srbije.		Samo je još falilo da u drugom post skriptumu doda da će za jednog gledaoca Hit tvita likvidirati sto gledalaca Utiska nedelje, što će lično obaviti Verica Bradić u pauzama za reklame, po njegovom naređenju, kao vrhovnog komandanta Hit tvita i Vojske Srbije.
dan-273156172461-007	danas	273156172461	kolumna	pol-drustvo	kolumna	7	24	https://www.danas.rs/kolumna/dragoljub-petrovic/bio-jednom-jedan-misa-baculov/	I onda su svi zainteresovani seli pred televizor, neki su kupili kokice, a oni koji nisu imali para za kokice kupili su kokain kako bi lakše podneli Hit tvit, ili je, moguće, bilo obratno, te su dva sata gledali „mnogo stvari koje do sada niste čuli“.		I onda su svi zainteresovani seli pred televizor, neki su kupili kokice, a oni koji nisu imali para za kokice kupili su kokain kako bi lakše podneli Hit tvit, ili je, moguće, bilo obratno, te su dva sata gledali „mnogo stvari koje do sada niste čuli“.
dan-273156172461-008	danas	273156172461	kolumna	pol-drustvo	kolumna	8	24	https://www.danas.rs/kolumna/dragoljub-petrovic/bio-jednom-jedan-misa-baculov/	Najpre se mogao videti Miša Bačulov kako 1. novembra, pre pada nadstrešnice, prolazi pored Železničke stanice u Novom Sadu i gleda u svoj mobilni telefon.		Najpre se mogao videti Miša Bačulov kako 1. novembra, pre pada nadstrešnice, prolazi pored Železničke stanice u Novom Sadu i gleda u svoj mobilni telefon.
dan-273156172461-009	danas	273156172461	kolumna	pol-drustvo	kolumna	9	24	https://www.danas.rs/kolumna/dragoljub-petrovic/bio-jednom-jedan-misa-baculov/	Istina, Miša Bačulov nije rekao da je tuda prolazio i gledao u mobilni telefon, što jeste veoma sumnjivo.		Istina, Miša Bačulov nije rekao da je tuda prolazio i gledao u mobilni telefon, što jeste veoma sumnjivo.
dan-273156172461-010	danas	273156172461	kolumna	pol-drustvo	kolumna	10	24	https://www.danas.rs/kolumna/dragoljub-petrovic/bio-jednom-jedan-misa-baculov/	Ko još gleda u mobilni telefon dok ide na voz?		Ko još gleda u mobilni telefon dok ide na voz?
dan-273156172461-011	danas	273156172461	kolumna	pol-drustvo	kolumna	11	24	https://www.danas.rs/kolumna/dragoljub-petrovic/bio-jednom-jedan-misa-baculov/	Takođe, gledaoci će moći da vide kako Miša Bačulov šeta Las Vegasom dva dana pre nego što je Kolumbo otkrio Ameriku.		Takođe, gledaoci će moći da vide kako Miša Bačulov šeta Las Vegasom dva dana pre nego što je Kolumbo otkrio Ameriku.
dan-273156172461-012	danas	273156172461	kolumna	pol-drustvo	kolumna	12	24	https://www.danas.rs/kolumna/dragoljub-petrovic/bio-jednom-jedan-misa-baculov/	Biće prikazan i snimak kako se Miša Bačulov okreće oko svoje ose pola sata pre nego što je Galileo Galilej rekao: „Ipak se okreće“.		Biće prikazan i snimak kako se Miša Bačulov okreće oko svoje ose pola sata pre nego što je Galileo Galilej rekao: „Ipak se okreće“.
dan-52164773530-015	danas	52164773530	kolumna	pol-drustvo	kolumna	15	24	https://www.danas.rs/kolumna/marko-selic-marcelo/sifrovano-udvaranje/	Ne reče kako tačno, ali evo, da pomognemo: deli ga na pokvarenjake i one koji to nisu.		Ne reče kako tačno, ali evo, da pomognemo: deli ga na pokvarenjake i one koji to nisu.
dan-52164773530-016	danas	52164773530	kolumna	pol-drustvo	kolumna	16	24	https://www.danas.rs/kolumna/marko-selic-marcelo/sifrovano-udvaranje/	Na patriote i na one kojima ništa nije sveto.		Na patriote i na one kojima ništa nije sveto.
dan-52164773530-017	danas	52164773530	kolumna	pol-drustvo	kolumna	17	24	https://www.danas.rs/kolumna/marko-selic-marcelo/sifrovano-udvaranje/	A od toga da si izdajnik ima samo jedno gore: da si neuspeli izdajnik, jadovan koji bi da izda, ali ne može.		A od toga da si izdajnik ima samo jedno gore: da si neuspeli izdajnik, jadovan koji bi da izda, ali ne može.
dan-52164773530-018	danas	52164773530	kolumna	pol-drustvo	kolumna	18	24	https://www.danas.rs/kolumna/marko-selic-marcelo/sifrovano-udvaranje/	I tu veleposednik karakterne bede, književno rečeno, popizdi.		I tu veleposednik karakterne bede, književno rečeno, popizdi.
dan-52164773530-019	danas	52164773530	kolumna	pol-drustvo	kolumna	19	24	https://www.danas.rs/kolumna/marko-selic-marcelo/sifrovano-udvaranje/	Vrat mu pocrveni kao nikad dosad, i uzme da radi ono što najvoli: da histeriše na predstavnike medija koje ne uređuje.		Vrat mu pocrveni kao nikad dosad, i uzme da radi ono što najvoli: da histeriše na predstavnike medija koje ne uređuje.
dan-52164773530-020	danas	52164773530	kolumna	pol-drustvo	kolumna	20	24	https://www.danas.rs/kolumna/marko-selic-marcelo/sifrovano-udvaranje/	Naučiću vas ja, kaže, i ako zvuči kao javna pretnja, to je možda zato što jeste.		Naučiću vas ja, kaže, i ako zvuči kao javna pretnja, to je možda zato što jeste.
dan-52164773530-021	danas	52164773530	kolumna	pol-drustvo	kolumna	21	24	https://www.danas.rs/kolumna/marko-selic-marcelo/sifrovano-udvaranje/	Nazad na početak priče: deceniju i kusur publika je sistematski dovođena u pacijentsko stanje loženja na ovaj džiberski mačizam.		Nazad na početak priče: deceniju i kusur publika je sistematski dovođena u pacijentsko stanje loženja na ovaj džiberski mačizam.
dan-52164773530-022	danas	52164773530	kolumna	pol-drustvo	kolumna	22	24	https://www.danas.rs/kolumna/marko-selic-marcelo/sifrovano-udvaranje/	Svaki put kad su izbori, spominje se kako po mnogim mestima, zahvaljujući telehipnozi, ljudi nisu ni čuli za druge kandidate – a zapravo mnogo više zabrinjava njihova nereakcija na onoga kog čuju i vide svaki dan.		Svaki put kad su izbori, spominje se kako po mnogim mestima, zahvaljujući telehipnozi, ljudi nisu ni čuli za druge kandidate – a zapravo mnogo više zabrinjava njihova nereakcija na onoga kog čuju i vide svaki dan.
dan-223022264918-003	danas	223022264918	kolumna	pol-drustvo	kolumna	3	24	https://www.danas.rs/kolumna/marko-vidojkovic/cale-i-cela-idu-iz-brisela/	Nisi se oznojio od sramote nego jer previše zatežeš kravatu.	Y	„Nisi se oznojio od sramote nego jer previše zatežeš kravatu.“
dan-223022264918-004	danas	223022264918	kolumna	pol-drustvo	kolumna	4	24	https://www.danas.rs/kolumna/marko-vidojkovic/cale-i-cela-idu-iz-brisela/	Jednom ćeš tako samoga sebe obesiti, pa će Dragan Konjoglav da kaže kako su te vešali teroristi blokaderi.	Y	„Jednom ćeš tako samoga sebe obesiti, pa će Dragan Konjoglav da kaže kako su te vešali teroristi blokaderi.“
dan-223022264918-005	danas	223022264918	kolumna	pol-drustvo	kolumna	5	24	https://www.danas.rs/kolumna/marko-vidojkovic/cale-i-cela-idu-iz-brisela/	No, dobro, to će možda konačno biti uspešno paljenje rajhstaga, na kome vredno radimo.	Y	„No, dobro, to će možda konačno biti uspešno paljenje rajhstaga, na kome vredno radimo.“
dan-223022264918-006	danas	223022264918	kolumna	pol-drustvo	kolumna	6	24	https://www.danas.rs/kolumna/marko-vidojkovic/cale-i-cela-idu-iz-brisela/	Uzela sam jedan broj telefona, policajki koja me je privodila, kad sam onu plavušicu iz EPP štipnula za dupence.	Y	„Uzela sam jedan broj telefona, policajki koja me je privodila, kad sam onu plavušicu iz EPP štipnula za dupence.“
dan-223022264918-007	danas	223022264918	kolumna	pol-drustvo	kolumna	7	24	https://www.danas.rs/kolumna/marko-vidojkovic/cale-i-cela-idu-iz-brisela/	Izvini, ribo, nisam te prepoznala!	Y	„Izvini, ribo, nisam te prepoznala!“
dan-223022264918-008	danas	223022264918	kolumna	pol-drustvo	kolumna	8	24	https://www.danas.rs/kolumna/marko-vidojkovic/cale-i-cela-idu-iz-brisela/	Uostalom, kakvo je to ime za stranku, EPP?	Y	„Uostalom, kakvo je to ime za stranku, EPP?“
dan-223022264918-009	danas	223022264918	kolumna	pol-drustvo	kolumna	9	24	https://www.danas.rs/kolumna/marko-vidojkovic/cale-i-cela-idu-iz-brisela/	Hahaha, jake fore, ali u osnovnoj.	Y	„Hahaha, jake fore, ali u osnovnoj.“
dan-223022264918-010	danas	223022264918	kolumna	pol-drustvo	kolumna	10	24	https://www.danas.rs/kolumna/marko-vidojkovic/cale-i-cela-idu-iz-brisela/	Ko tako nazove svoju partiju, taj nije za SNS.	Y	„Ko tako nazove svoju partiju, taj nije za SNS.“
dan-699151381405-016	danas	699151381405	kolumna	pol-drustvo	kolumna	16	33	https://www.danas.rs/kolumna/safeta-bisevac/reci-i-lazireci/	Bitka za „lažireč“ kod nas je svake godine žestoka.		Bitka za „lažireč“ kod nas je svake godine žestoka.
dan-699151381405-017	danas	699151381405	kolumna	pol-drustvo	kolumna	17	33	https://www.danas.rs/kolumna/safeta-bisevac/reci-i-lazireci/	Čini mi se da su rezultati lokalnih izbora u Sečnju, Mionici, Negotinu za AV bili „mamac za bes“ i izazvali „bezrečicu“.		Čini mi se da su rezultati lokalnih izbora u Sečnju, Mionici, Negotinu za AV bili „mamac za bes“ i izazvali „bezrečicu“.
dan-699151381405-018	danas	699151381405	kolumna	pol-drustvo	kolumna	18	33	https://www.danas.rs/kolumna/safeta-bisevac/reci-i-lazireci/	Ne sokolimo se previše, lista koju je predsednik Srbije predvodio i čija je okosnica njegova Srpska napredna stranka osvojila je većinu na nečemu što izborima zovemo, a što očigledno po standardima uređene države to nije.		Ne sokolimo se previše, lista koju je predsednik Srbije predvodio i čija je okosnica njegova Srpska napredna stranka osvojila je većinu na nečemu što izborima zovemo, a što očigledno po standardima uređene države to nije.
dan-699151381405-019	danas	699151381405	kolumna	pol-drustvo	kolumna	19	33	https://www.danas.rs/kolumna/safeta-bisevac/reci-i-lazireci/	Ali nit je Srbija uređena nit je država.		Ali nit je Srbija uređena nit je država.
dan-699151381405-020	danas	699151381405	kolumna	pol-drustvo	kolumna	20	33	https://www.danas.rs/kolumna/safeta-bisevac/reci-i-lazireci/	Jer ne znamo joj granice, državne institucije zvanično postoje ali ne rade, nemamo ni policiju, pa ni demokratske izbore ne možemo da očekujemo.		Jer ne znamo joj granice, državne institucije zvanično postoje ali ne rade, nemamo ni policiju, pa ni demokratske izbore ne možemo da očekujemo.
dan-699151381405-021	danas	699151381405	kolumna	pol-drustvo	kolumna	21	33	https://www.danas.rs/kolumna/safeta-bisevac/reci-i-lazireci/	Šteta što sam zakasnila za prijavu „lažireči“ godine, mogu to da budu i „državne institucije“ i „policija“.		Šteta što sam zakasnila za prijavu „lažireči“ godine, mogu to da budu i „državne institucije“ i „policija“.
dan-699151381405-022	danas	699151381405	kolumna	pol-drustvo	kolumna	22	33	https://www.danas.rs/kolumna/safeta-bisevac/reci-i-lazireci/	Kakvi da su, izbore treba očekivati i na njima glasati, pošto je to najbezbolniji način smene vlasti.		Kakvi da su, izbore treba očekivati i na njima glasati, pošto je to najbezbolniji način smene vlasti.
dan-699151381405-023	danas	699151381405	kolumna	pol-drustvo	kolumna	23	33	https://www.danas.rs/kolumna/safeta-bisevac/reci-i-lazireci/	Posle izbora u ove tri opštine slavili su i vlast i oni koji su protiv, studenti, opozicija, „blokaderi“.		Posle izbora u ove tri opštine slavili su i vlast i oni koji su protiv, studenti, opozicija, „blokaderi“.
dan-1034138882983-013	danas	1034138882983	kolumna	ekonomija	kolumna	13	65	https://www.danas.rs/kolumna/misa-brkic/naftna-mrlja-isprljala-srbiju/	Ujedinjeni suverenisti svih političkih boja koji nemaju odgovor na pitanje kako, na primer, funkcioniše Finska koja nema rafineriju ili Hrvatska koja je ima, ali ona više ne radi nego što radi.		Ujedinjeni suverenisti svih političkih boja koji nemaju odgovor na pitanje kako, na primer, funkcioniše Finska koja nema rafineriju ili Hrvatska koja je ima, ali ona više ne radi nego što radi.
dan-1034138882983-014	danas	1034138882983	kolumna	ekonomija	kolumna	14	65	https://www.danas.rs/kolumna/misa-brkic/naftna-mrlja-isprljala-srbiju/	I zašto rafinerija (naftna kompanija) mora da bude državna, može li privatna rafinerija (naftna kompanija) da snabdeva tržište i obezbedi nacionalni interes?		I zašto rafinerija (naftna kompanija) mora da bude državna, može li privatna rafinerija (naftna kompanija) da snabdeva tržište i obezbedi nacionalni interes?
dan-1034138882983-015	danas	1034138882983	kolumna	ekonomija	kolumna	15	65	https://www.danas.rs/kolumna/misa-brkic/naftna-mrlja-isprljala-srbiju/	Usput, hrvatsko tržište je primer kako benzin i dizel nisu ništa skuplji nego u Srbiji iako Hrvatska uvozi naftne derivate.		Usput, hrvatsko tržište je primer kako benzin i dizel nisu ništa skuplji nego u Srbiji iako Hrvatska uvozi naftne derivate.
dan-1034138882983-016	danas	1034138882983	kolumna	ekonomija	kolumna	16	65	https://www.danas.rs/kolumna/misa-brkic/naftna-mrlja-isprljala-srbiju/	Tako otpada argument da bi uvoz benzina i dizela skupo koštao potrošače u Srbiji.		Tako otpada argument da bi uvoz benzina i dizela skupo koštao potrošače u Srbiji.
dan-1034138882983-017	danas	1034138882983	kolumna	ekonomija	kolumna	17	65	https://www.danas.rs/kolumna/misa-brkic/naftna-mrlja-isprljala-srbiju/	Nije bilo tako davno kad je aktuelni predsednik države, braneći se od kritika, isticao da je „država suverena samo kad ima svoju aviokompaniju“.		Nije bilo tako davno kad je aktuelni predsednik države, braneći se od kritika, isticao da je „država suverena samo kad ima svoju aviokompaniju“.
dan-1034138882983-018	danas	1034138882983	kolumna	ekonomija	kolumna	18	65	https://www.danas.rs/kolumna/misa-brkic/naftna-mrlja-isprljala-srbiju/	Svi smo svedoci kako je, pogonjena političkim umom, nastala današnja srpska aviokompanija i koliko nas je koštao taj udeo u suverenitetu.		Svi smo svedoci kako je, pogonjena političkim umom, nastala današnja srpska aviokompanija i koliko nas je koštao taj udeo u suverenitetu.
dan-1034138882983-019	danas	1034138882983	kolumna	ekonomija	kolumna	19	65	https://www.danas.rs/kolumna/misa-brkic/naftna-mrlja-isprljala-srbiju/	I nekadašnja Jugoslavija imala je nacionalnu aviokompaniju kao „deo suvereniteta države“.		I nekadašnja Jugoslavija imala je nacionalnu aviokompaniju kao „deo suvereniteta države“.
dan-1034138882983-020	danas	1034138882983	kolumna	ekonomija	kolumna	20	65	https://www.danas.rs/kolumna/misa-brkic/naftna-mrlja-isprljala-srbiju/	Ali, tada je postojalo još „suverenističkih“ obeležja države.		Ali, tada je postojalo još „suverenističkih“ obeležja države.
dan-195160670087-026	danas	195160670087	kolumna	pol-drustvo	kolumna	26	41	https://www.danas.rs/kolumna/nenad-kulacin/otvoreno-pismo-studentima/	Nema potrebe za tim stvarima, ali stvarno.		Nema potrebe za tim stvarima, ali stvarno.
dan-195160670087-027	danas	195160670087	kolumna	pol-drustvo	kolumna	27	41	https://www.danas.rs/kolumna/nenad-kulacin/otvoreno-pismo-studentima/	Da bismo došli u situaciju da raspravljamo o EU, Rusiji, Srebrenici, Kosovu, RS… potrebno je skloniti ovu vlast.		Da bismo došli u situaciju da raspravljamo o EU, Rusiji, Srebrenici, Kosovu, RS… potrebno je skloniti ovu vlast.
dan-195160670087-028	danas	195160670087	kolumna	pol-drustvo	kolumna	28	41	https://www.danas.rs/kolumna/nenad-kulacin/otvoreno-pismo-studentima/	Tek tada, pod uslovom da se obezbedi potreban stepen demokratije, možemo da pokrenemo dijalog o svim tim stvarima.		Tek tada, pod uslovom da se obezbedi potreban stepen demokratije, možemo da pokrenemo dijalog o svim tim stvarima.
dan-195160670087-029	danas	195160670087	kolumna	pol-drustvo	kolumna	29	41	https://www.danas.rs/kolumna/nenad-kulacin/otvoreno-pismo-studentima/	U krajnjoj liniji i da se suočimo sa istinom i zabludama po svim pitanjima.		U krajnjoj liniji i da se suočimo sa istinom i zabludama po svim pitanjima.
dan-195160670087-030	danas	195160670087	kolumna	pol-drustvo	kolumna	30	41	https://www.danas.rs/kolumna/nenad-kulacin/otvoreno-pismo-studentima/	Vi niste dozvolili zastave EU na vašim protestima i mi smo to prihvatili, ali ne možete da očekujete od nas da ćutimo o tome da se na tim skupovima vijore zastave iz nekih ratnih pohoda Rusije.		Vi niste dozvolili zastave EU na vašim protestima i mi smo to prihvatili, ali ne možete da očekujete od nas da ćutimo o tome da se na tim skupovima vijore zastave iz nekih ratnih pohoda Rusije.
dan-195160670087-031	danas	195160670087	kolumna	pol-drustvo	kolumna	31	41	https://www.danas.rs/kolumna/nenad-kulacin/otvoreno-pismo-studentima/	Neka ovo bude samo jedan od primera.		Neka ovo bude samo jedan od primera.
dan-195160670087-032	danas	195160670087	kolumna	pol-drustvo	kolumna	32	41	https://www.danas.rs/kolumna/nenad-kulacin/otvoreno-pismo-studentima/	Zar vam nije interesantnije da komentarišete i izvrgnete ruglu onaj dvodnevni skandal na Informeru sa državnim vrhom i pevanjem čoveka koji je ubio suprugu staru 18 godina i proveo desetak godina u zatvoru.		Zar vam nije interesantnije da komentarišete i izvrgnete ruglu onaj dvodnevni skandal na Informeru sa državnim vrhom i pevanjem čoveka koji je ubio suprugu staru 18 godina i proveo desetak godina u zatvoru.
dan-195160670087-033	danas	195160670087	kolumna	pol-drustvo	kolumna	33	41	https://www.danas.rs/kolumna/nenad-kulacin/otvoreno-pismo-studentima/	Šta bi sa onim silovateljem muškarca koji čuva predsednika i zaklinje se njemu i Srbiji na vernost.		Šta bi sa onim silovateljem muškarca koji čuva predsednika i zaklinje se njemu i Srbiji na vernost.
dan-221656367654-013	danas	221656367654	kolumna	pol-drustvo	kolumna	13	23	https://www.danas.rs/kolumna/marko-vidojkovic/nenormalni-tv-program/	Upali ste u bunar sa iluzijama i paranojom.	Y	„Upali ste u bunar sa iluzijama i paranojom.“
dan-221656367654-014	danas	221656367654	kolumna	pol-drustvo	kolumna	14	23	https://www.danas.rs/kolumna/marko-vidojkovic/nenormalni-tv-program/	Nikada neću biti normalan, čak ni kad vas ne bude, svih vas u paketu!	Y	„Nikada neću biti normalan, čak ni kad vas ne bude, svih vas u paketu!“
dan-221656367654-015	danas	221656367654	kolumna	pol-drustvo	kolumna	15	23	https://www.danas.rs/kolumna/marko-vidojkovic/nenormalni-tv-program/	Predugo ste mi zagorčavali život, vi ste krivci za uništenje sedamsto osamdeset tri kvale!	Y	„Predugo ste mi zagorčavali život, vi ste krivci za uništenje sedamsto osamdeset tri kvale!“
dan-221656367654-016	danas	221656367654	kolumna	pol-drustvo	kolumna	16	23	https://www.danas.rs/kolumna/marko-vidojkovic/nenormalni-tv-program/	Četiri godine kujem plan kako da vas uništim i konačno ću uspeti.	Y	„Četiri godine kujem plan kako da vas uništim i konačno ću uspeti.“
dan-221656367654-017	danas	221656367654	kolumna	pol-drustvo	kolumna	17	23	https://www.danas.rs/kolumna/marko-vidojkovic/nenormalni-tv-program/	„Da, ali da ga vodi Dragan Konjdilom Vučićević.		„Da, ali da ga vodi Dragan Konjdilom Vučićević.
dan-221656367654-018	danas	221656367654	kolumna	pol-drustvo	kolumna	18	23	https://www.danas.rs/kolumna/marko-vidojkovic/nenormalni-tv-program/	Bio bi to najbolji intervju koji je NDH1 ikada snimila.	Y	„Bio bi to najbolji intervju koji je NDH1 ikada snimila.“
dan-221656367654-019	danas	221656367654	kolumna	pol-drustvo	kolumna	19	23	https://www.danas.rs/kolumna/marko-vidojkovic/nenormalni-tv-program/	Pored toga, voleo bih da svakog dana snimam svoj uvodnik na početku dnevnika Nova S, da vidite malo i vi šta je pasivnoagresivni cinizam prožet otrovnim foricama.	Y	„Pored toga, voleo bih da svakog dana snimam svoj uvodnik na početku dnevnika Nova S, da vidite malo i vi šta je pasivnoagresivni cinizam prožet otrovnim foricama.“
dan-221656367654-020	danas	221656367654	kolumna	pol-drustvo	kolumna	20	23	https://www.danas.rs/kolumna/marko-vidojkovic/nenormalni-tv-program/	Tek kad budem vodio „Utisak nedelje“, videće ona Bradićka šta je prava konkurencija.	Y	„Tek kad budem vodio „Utisak nedelje“, videće ona Bradićka šta je prava konkurencija.“
dan-755167115591-013	danas	755167115591	kolumna	pol-drustvo	kolumna	13	21	https://www.danas.rs/kolumna/bozidar-andrejic/ekskluziva-stara-50-godina-praksa-3/	Jedan sa molbom da se postara za slanje tekstova iz postrevolucionarne Angole.		Jedan sa molbom da se postara za slanje tekstova iz postrevolucionarne Angole.
dan-755167115591-014	danas	755167115591	kolumna	pol-drustvo	kolumna	14	21	https://www.danas.rs/kolumna/bozidar-andrejic/ekskluziva-stara-50-godina-praksa-3/	Ali godinama nisam zaboravio scenu kad naveče idemo kroz zaječarski bogati drvored prema Kraljevici i Domu omladine, a Telmo se svaki čas trza, podseća ga na prašumu u kojoj su pucali na njih sa sličnog, ali većeg drveća.		Ali godinama nisam zaboravio scenu kad naveče idemo kroz zaječarski bogati drvored prema Kraljevici i Domu omladine, a Telmo se svaki čas trza, podseća ga na prašumu u kojoj su pucali na njih sa sličnog, ali većeg drveća.
dan-755167115591-015	danas	755167115591	kolumna	pol-drustvo	kolumna	15	21	https://www.danas.rs/kolumna/bozidar-andrejic/ekskluziva-stara-50-godina-praksa-3/	Budi Žoze, da te ceo svet poznaje!		Budi Žoze, da te ceo svet poznaje!
dan-755167115591-016	danas	755167115591	kolumna	pol-drustvo	kolumna	16	21	https://www.danas.rs/kolumna/bozidar-andrejic/ekskluziva-stara-50-godina-praksa-3/	Naučio sam gotovo sve o procesu rada na TV, ne samo da se „bečim u kameru“ kako Jovan, na novinarskim školicama govorio za one prve najave, već i kako se montira.		Naučio sam gotovo sve o procesu rada na TV, ne samo da se „bečim u kameru“ kako Jovan, na novinarskim školicama govorio za one prve najave, već i kako se montira.
dan-755167115591-017	danas	755167115591	kolumna	pol-drustvo	kolumna	17	21	https://www.danas.rs/kolumna/bozidar-andrejic/ekskluziva-stara-50-godina-praksa-3/	A bile su dve trake, bela za off i filmska iz kamere… rezač, makaze, selotejp.		A bile su dve trake, bela za off i filmska iz kamere… rezač, makaze, selotejp.
dan-755167115591-018	danas	755167115591	kolumna	pol-drustvo	kolumna	18	21	https://www.danas.rs/kolumna/bozidar-andrejic/ekskluziva-stara-50-godina-praksa-3/	Nije kao danas kad montažeru na kompu skakuću one raznobojne cik-cak crtice poput na EKG-u kardiologa.		Nije kao danas kad montažeru na kompu skakuću one raznobojne cik-cak crtice poput na EKG-u kardiologa.
dan-755167115591-019	danas	755167115591	kolumna	pol-drustvo	kolumna	19	21	https://www.danas.rs/kolumna/bozidar-andrejic/ekskluziva-stara-50-godina-praksa-3/	Hteo sam još da opišem kako sam stresno u govoru „sa najvišeg mesta“ (nije Tito!) naučio sve o „pokrivalici“, a zaboravio sam potpuno da sam i posle radio montaže.		Hteo sam još da opišem kako sam stresno u govoru „sa najvišeg mesta“ (nije Tito!) naučio sve o „pokrivalici“, a zaboravio sam potpuno da sam i posle radio montaže.
dan-755167115591-020	danas	755167115591	kolumna	pol-drustvo	kolumna	20	21	https://www.danas.rs/kolumna/bozidar-andrejic/ekskluziva-stara-50-godina-praksa-3/	I eto, ako nije baš dosadno to će sledeće subote, ako imam gde, a rekao sam da neću da me Onaj zaposli kao PIARA!		I eto, ako nije baš dosadno to će sledeće subote, ako imam gde, a rekao sam da neću da me Onaj zaposli kao PIARA!
dan-485685474589-004	danas	485685474589	kolumna	pol-drustvo	kolumna	4	12	https://www.danas.rs/kolumna/vladimir-jokic/proslava/	U srcu Kampusa, tik uz impresivni toi-toi artefakt, studenti na malom odmoru slušaju zanosne zvuke Divertimenta ‘Karlobage nema moje drage, Oguline nema moje strine’ u izvođenju maestra Baje Malog Knindže.		U srcu Kampusa, tik uz impresivni toi-toi artefakt, studenti na malom odmoru slušaju zanosne zvuke Divertimenta ‘Karlobage nema moje drage, Oguline nema moje strine’ u izvođenju maestra Baje Malog Knindže.
dan-485685474589-005	danas	485685474589	kolumna	pol-drustvo	kolumna	5	12	https://www.danas.rs/kolumna/vladimir-jokic/proslava/	Malo dalje, pod šatrom Nove Muzičke Omladine, nastup ima primadona Ana Bekuta sa arijom iz opere ‘Jače-brže-bolje’.		Malo dalje, pod šatrom Nove Muzičke Omladine, nastup ima primadona Ana Bekuta sa arijom iz opere ‘Jače-brže-bolje’.
dan-485685474589-006	danas	485685474589	kolumna	pol-drustvo	kolumna	6	12	https://www.danas.rs/kolumna/vladimir-jokic/proslava/	Muzička omladina ne zna šta će od sreće.		Muzička omladina ne zna šta će od sreće.
dan-485685474589-007	danas	485685474589	kolumna	pol-drustvo	kolumna	7	12	https://www.danas.rs/kolumna/vladimir-jokic/proslava/	Ispod cirade Pravnog fakulteta, pod budnim okom dr Šešelja, budući čuvari zakona vredno ponavljaju ‘Na vrh brda sedi Mrda, na vrh brda sudi Mrda’.		Ispod cirade Pravnog fakulteta, pod budnim okom dr Šešelja, budući čuvari zakona vredno ponavljaju ‘Na vrh brda sedi Mrda, na vrh brda sudi Mrda’.
dan-485685474589-008	danas	485685474589	kolumna	pol-drustvo	kolumna	8	12	https://www.danas.rs/kolumna/vladimir-jokic/proslava/	Dekan dr Vladan Petrov daje takt a Kebara toči pivo.		Dekan dr Vladan Petrov daje takt a Kebara toči pivo.
dan-485685474589-009	danas	485685474589	kolumna	pol-drustvo	kolumna	9	12	https://www.danas.rs/kolumna/vladimir-jokic/proslava/	Oh, eno još jednog dragog lica – to na katedri Čista filozofija predavanje drži osvedočeni mislilac i vizionar dr prof. Simo Spasić.		Oh, eno još jednog dragog lica – to na katedri Čista filozofija predavanje drži osvedočeni mislilac i vizionar dr prof. Simo Spasić.
dan-485685474589-010	danas	485685474589	kolumna	pol-drustvo	kolumna	10	12	https://www.danas.rs/kolumna/vladimir-jokic/proslava/	Asistira mu još jedan iz plejade ontologa sa hroničnim metasemantizmom dr Gangula Šapić.		Asistira mu još jedan iz plejade ontologa sa hroničnim metasemantizmom dr Gangula Šapić.
dan-485685474589-011	danas	485685474589	kolumna	pol-drustvo	kolumna	11	12	https://www.danas.rs/kolumna/vladimir-jokic/proslava/	I dalje, odmah iza kontejnera sa ocilima, nalazi se Katedra za srbistiku gde studenti koji hoće da uče stiču nova znanja iz prve ruke – od dr Vesne Zmijanac.		I dalje, odmah iza kontejnera sa ocilima, nalazi se Katedra za srbistiku gde studenti koji hoće da uče stiču nova znanja iz prve ruke – od dr Vesne Zmijanac.
dan-127370657318-025	danas	127370657318	kolumna	pol-drustvo	kolumna	25	97	https://www.danas.rs/kolumna/milan-st-protic/i-told-you-so-didnt-i/	Lepo zvuči, ama ništa ne menja.		Lepo zvuči, ama ništa ne menja.
dan-127370657318-026	danas	127370657318	kolumna	pol-drustvo	kolumna	26	97	https://www.danas.rs/kolumna/milan-st-protic/i-told-you-so-didnt-i/	Videli smo brutalniju represiju i drastičnije zloupotrebe nego ikad ranije.		Videli smo brutalniju represiju i drastičnije zloupotrebe nego ikad ranije.
dan-127370657318-027	danas	127370657318	kolumna	pol-drustvo	kolumna	27	97	https://www.danas.rs/kolumna/milan-st-protic/i-told-you-so-didnt-i/	Već viđeno, samo još gore.		Već viđeno, samo još gore.
dan-127370657318-028	danas	127370657318	kolumna	pol-drustvo	kolumna	28	97	https://www.danas.rs/kolumna/milan-st-protic/i-told-you-so-didnt-i/	Namerno se stvara stanje u kom se kod ljudi bude intimidacija, nesigurnost, bojazan.		Namerno se stvara stanje u kom se kod ljudi bude intimidacija, nesigurnost, bojazan.
dan-127370657318-029	danas	127370657318	kolumna	pol-drustvo	kolumna	29	97	https://www.danas.rs/kolumna/milan-st-protic/i-told-you-so-didnt-i/	Tako se u Srbiji pobeđuje i čuva vlast.		Tako se u Srbiji pobeđuje i čuva vlast.
dan-127370657318-030	danas	127370657318	kolumna	pol-drustvo	kolumna	30	97	https://www.danas.rs/kolumna/milan-st-protic/i-told-you-so-didnt-i/	Jasno je da u fer izbornim uslovima režim nema većinu.		Jasno je da u fer izbornim uslovima režim nema većinu.
dan-127370657318-031	danas	127370657318	kolumna	pol-drustvo	kolumna	31	97	https://www.danas.rs/kolumna/milan-st-protic/i-told-you-so-didnt-i/	Jasno je i to da se od negdašnje masovnosti malo šta zadržalo.		Jasno je i to da se od negdašnje masovnosti malo šta zadržalo.
dan-127370657318-032	danas	127370657318	kolumna	pol-drustvo	kolumna	32	97	https://www.danas.rs/kolumna/milan-st-protic/i-told-you-so-didnt-i/	Režim vlada nasiljem i parama.		Režim vlada nasiljem i parama.
dan-359298452358-003	danas	359298452358	kolumna	pol-drustvo	kolumna	3	19	https://www.danas.rs/kolumna/marko-vidojkovic/baba-zvanga/	Baba Žvanga je jedina prorekla da će biti strašnog rata na Bliskom istoku.	Y	„Baba Žvanga je jedina prorekla da će biti strašnog rata na Bliskom istoku.“
dan-359298452358-004	danas	359298452358	kolumna	pol-drustvo	kolumna	4	19	https://www.danas.rs/kolumna/marko-vidojkovic/baba-zvanga/	Niko me nije slušao, išli su da se kupaju u Dubai, Marijanu sam lepo rekla drži se domaće stoke, šta si navalio, kamile pa kamile, a on ne sluša.	Y	„Niko me nije slušao, išli su da se kupaju u Dubai, Marijanu sam lepo rekla drži se domaće stoke, šta si navalio, kamile pa kamile, a on ne sluša.“
dan-359298452358-005	danas	359298452358	kolumna	pol-drustvo	kolumna	5	19	https://www.danas.rs/kolumna/marko-vidojkovic/baba-zvanga/	„Eh, ima baba tu moć odavno.		„Eh, ima baba tu moć odavno.
dan-359298452358-006	danas	359298452358	kolumna	pol-drustvo	kolumna	6	19	https://www.danas.rs/kolumna/marko-vidojkovic/baba-zvanga/	Ne sećate se vi, bilo je to pre čak šest godina, rekla sam da će nam groblja biti tesna da sahranimo sve mrtve u pandemiji – i šta je bilo?	Y	„Ne sećate se vi, bilo je to pre čak šest godina, rekla sam da će nam groblja biti tesna da sahranimo sve mrtve u pandemiji – i šta je bilo?“
dan-359298452358-007	danas	359298452358	kolumna	pol-drustvo	kolumna	7	19	https://www.danas.rs/kolumna/marko-vidojkovic/baba-zvanga/	Groblja bila tesna, mrtvih bilo na desetine hiljada.	Y	„Groblja bila tesna, mrtvih bilo na desetine hiljada.“
dan-359298452358-008	danas	359298452358	kolumna	pol-drustvo	kolumna	8	19	https://www.danas.rs/kolumna/marko-vidojkovic/baba-zvanga/	„Da, ali do toga je došlo neviđenom represijom nad demonstrantima.		„Da, ali do toga je došlo neviđenom represijom nad demonstrantima.
dan-359298452358-009	danas	359298452358	kolumna	pol-drustvo	kolumna	9	19	https://www.danas.rs/kolumna/marko-vidojkovic/baba-zvanga/	Ukinuli ste im plate, davali otkaze.	Y	„Ukinuli ste im plate, davali otkaze.“
dan-359298452358-010	danas	359298452358	kolumna	pol-drustvo	kolumna	10	19	https://www.danas.rs/kolumna/marko-vidojkovic/baba-zvanga/	„Ništa baba nije uradila, ja sam samo prorekla i desilo se.		„Ništa baba nije uradila, ja sam samo prorekla i desilo se.
dan-579711375602-013	danas	579711375602	kolumna	pol-drustvo	kolumna	13	25	https://www.danas.rs/kolumna/safeta-bisevac/pobeda-bez-porazenih/	NJihov procenat nije zanemarljiv i sigurno nisu svi „kompletni idioti“, što bi rekao Vučić.		NJihov procenat nije zanemarljiv i sigurno nisu svi „kompletni idioti“, što bi rekao Vučić.
dan-579711375602-014	danas	579711375602	kolumna	pol-drustvo	kolumna	14	25	https://www.danas.rs/kolumna/safeta-bisevac/pobeda-bez-porazenih/	Po meni, nezasluženo i pogrešno, ali veruju mu.		Po meni, nezasluženo i pogrešno, ali veruju mu.
dan-579711375602-015	danas	579711375602	kolumna	pol-drustvo	kolumna	15	25	https://www.danas.rs/kolumna/safeta-bisevac/pobeda-bez-porazenih/	Živimo u zemlji u kojoj mnogi veruju i Informeru i DJV, i to je jedno s drugim povezano.		Živimo u zemlji u kojoj mnogi veruju i Informeru i DJV, i to je jedno s drugim povezano.
dan-579711375602-016	danas	579711375602	kolumna	pol-drustvo	kolumna	16	25	https://www.danas.rs/kolumna/safeta-bisevac/pobeda-bez-porazenih/	Šta nam je onda činiti, sem da kukamo da Vučić neće birati sredstva da ostane na vlasti?		Šta nam je onda činiti, sem da kukamo da Vučić neće birati sredstva da ostane na vlasti?
dan-579711375602-017	danas	579711375602	kolumna	pol-drustvo	kolumna	17	25	https://www.danas.rs/kolumna/safeta-bisevac/pobeda-bez-porazenih/	Budući odbornici studentskih ili opozicionih lista u ovih 10 lokalnih sredina građanima treba da pokažu da umeju i mogu drugačije i pošteno da vode svoje opštine.		Budući odbornici studentskih ili opozicionih lista u ovih 10 lokalnih sredina građanima treba da pokažu da umeju i mogu drugačije i pošteno da vode svoje opštine.
dan-579711375602-018	danas	579711375602	kolumna	pol-drustvo	kolumna	18	25	https://www.danas.rs/kolumna/safeta-bisevac/pobeda-bez-porazenih/	Teško je verovati da će parlamentarnih izbora biti do kraja godine, ali kada god da budu, studenti i opozicija moraju da budu spremni.		Teško je verovati da će parlamentarnih izbora biti do kraja godine, ali kada god da budu, studenti i opozicija moraju da budu spremni.
dan-579711375602-019	danas	579711375602	kolumna	pol-drustvo	kolumna	19	25	https://www.danas.rs/kolumna/safeta-bisevac/pobeda-bez-porazenih/	Naši građani vole da se vežu za ličnosti i koliko god da se to studentskom pokretu ne dopada, čini mi se da ne bi bilo loše da se i među njima neko takav profiliše.		Naši građani vole da se vežu za ličnosti i koliko god da se to studentskom pokretu ne dopada, čini mi se da ne bi bilo loše da se i među njima neko takav profiliše.
dan-579711375602-020	danas	579711375602	kolumna	pol-drustvo	kolumna	20	25	https://www.danas.rs/kolumna/safeta-bisevac/pobeda-bez-porazenih/	Izbori, ipak, ne treba da potisnu i neke druge skoro svakodnevne teme, te podsećam da su studenti Hamza Ziljkić i Nikola Marjanović iz Novog Pazara i dalje u pritvoru.		Izbori, ipak, ne treba da potisnu i neke druge skoro svakodnevne teme, te podsećam da su studenti Hamza Ziljkić i Nikola Marjanović iz Novog Pazara i dalje u pritvoru.
dan-983130627570-006	danas	983130627570	kolumna	pol-drustvo	kolumna	6	16	https://www.danas.rs/kolumna/vladimir-jokic/uzaludan-ljubavni-trud/	S neskrivenom ljubavlju i divljenjem gledali u svog razrednog.		S neskrivenom ljubavlju i divljenjem gledali u svog razrednog.
dan-983130627570-007	danas	983130627570	kolumna	pol-drustvo	kolumna	7	16	https://www.danas.rs/kolumna/vladimir-jokic/uzaludan-ljubavni-trud/	A on je odmah na početku pokazao da će, kao i uvek, biti strog ali pravičan.		A on je odmah na početku pokazao da će, kao i uvek, biti strog ali pravičan.
dan-983130627570-008	danas	983130627570	kolumna	pol-drustvo	kolumna	8	16	https://www.danas.rs/kolumna/vladimir-jokic/uzaludan-ljubavni-trud/	Strogo je ocenio njihovo zalaganje i vladanje, ali pravično raspodelio odgovornost: većina je dobila minuse, neke je poslao u ćoše, nekima je dao keca iz vladanja, a neki su dobili opomene pred isključenje.		Strogo je ocenio njihovo zalaganje i vladanje, ali pravično raspodelio odgovornost: većina je dobila minuse, neke je poslao u ćoše, nekima je dao keca iz vladanja, a neki su dobili opomene pred isključenje.
dan-983130627570-009	danas	983130627570	kolumna	pol-drustvo	kolumna	9	16	https://www.danas.rs/kolumna/vladimir-jokic/uzaludan-ljubavni-trud/	Na kraju je podelio planove i obaveze za novo polugođe i zadužio predsednika odeljenske zajednice za njihovo sprovođenje.		Na kraju je podelio planove i obaveze za novo polugođe i zadužio predsednika odeljenske zajednice za njihovo sprovođenje.
dan-983130627570-010	danas	983130627570	kolumna	pol-drustvo	kolumna	10	16	https://www.danas.rs/kolumna/vladimir-jokic/uzaludan-ljubavni-trud/	I tako, Studentska lista ostaje otvorena.		I tako, Studentska lista ostaje otvorena.
dan-983130627570-011	danas	983130627570	kolumna	pol-drustvo	kolumna	11	16	https://www.danas.rs/kolumna/vladimir-jokic/uzaludan-ljubavni-trud/	Voleli smo, imali smo BITEF, sad imamo Spasoja Ž. Milovanovića na čelu bitefa.		Voleli smo, imali smo BITEF, sad imamo Spasoja Ž. Milovanovića na čelu bitefa.
dan-983130627570-012	danas	983130627570	kolumna	pol-drustvo	kolumna	12	16	https://www.danas.rs/kolumna/vladimir-jokic/uzaludan-ljubavni-trud/	Voleli smo imali smo BEMUS, sad imamo Jelu Cello na čellu Uprave bemusa.		Voleli smo imali smo BEMUS, sad imamo Jelu Cello na čellu Uprave bemusa.
dan-983130627570-013	danas	983130627570	kolumna	pol-drustvo	kolumna	13	16	https://www.danas.rs/kolumna/vladimir-jokic/uzaludan-ljubavni-trud/	Voleli smo, imami smo FEST, juče počeo Beograd Film Festival.		Voleli smo, imami smo FEST, juče počeo Beograd Film Festival.
dan-374730168556-002	danas	374730168556	kolumna	pol-drustvo	kolumna	2	12	https://www.danas.rs/kolumna/bozidar-andrejic/ljudi-sa-soliter-porcijama-nikad-neobjavljeno-prica-o-katakombi-adeli-i-ljupkim-lesinarima-3/	Oni se i njima slični mogu još naći po gradskim kupatilima, kafanama oko menze, staničnim čekaonicama.		Oni se i njima slični mogu još naći po gradskim kupatilima, kafanama oko menze, staničnim čekaonicama.
dan-374730168556-003	danas	374730168556	kolumna	pol-drustvo	kolumna	3	12	https://www.danas.rs/kolumna/bozidar-andrejic/ljudi-sa-soliter-porcijama-nikad-neobjavljeno-prica-o-katakombi-adeli-i-ljupkim-lesinarima-3/	NJih je Diklić zvao lešinarima i voleo bih da ih je on samo tako zvao, jer je ružno rugati se tuđoj nesreći.		NJih je Diklić zvao lešinarima i voleo bih da ih je on samo tako zvao, jer je ružno rugati se tuđoj nesreći.
dan-374730168556-004	danas	374730168556	kolumna	pol-drustvo	kolumna	4	12	https://www.danas.rs/kolumna/bozidar-andrejic/ljudi-sa-soliter-porcijama-nikad-neobjavljeno-prica-o-katakombi-adeli-i-ljupkim-lesinarima-3/	Oni su tu stajali da podele našu sreću koja nam se slučajno osmehnula time što nas je neki novootkriveni rođak ili kolega iz Beograda pozvao na ručak, ili se spremamo na put kućama.		Oni su tu stajali da podele našu sreću koja nam se slučajno osmehnula time što nas je neki novootkriveni rođak ili kolega iz Beograda pozvao na ručak, ili se spremamo na put kućama.
dan-374730168556-005	danas	374730168556	kolumna	pol-drustvo	kolumna	5	12	https://www.danas.rs/kolumna/bozidar-andrejic/ljudi-sa-soliter-porcijama-nikad-neobjavljeno-prica-o-katakombi-adeli-i-ljupkim-lesinarima-3/	Tada bismo im mi prodavali svoje bonove za četiri dinara i oni bi ušli u red srećnika koji se nazivaju abonentima.		Tada bismo im mi prodavali svoje bonove za četiri dinara i oni bi ušli u red srećnika koji se nazivaju abonentima.
dan-374730168556-006	danas	374730168556	kolumna	pol-drustvo	kolumna	6	12	https://www.danas.rs/kolumna/bozidar-andrejic/ljudi-sa-soliter-porcijama-nikad-neobjavljeno-prica-o-katakombi-adeli-i-ljupkim-lesinarima-3/	Nekima su redovni studenti koji ne jedu u menzi kupovali na svoje ime mesečne blokove bonova, pa su oni tako predstavljali beskućničku aristokratiju i svoje kolege su sačekivali za stolom, čuvajući im mesta.		Nekima su redovni studenti koji ne jedu u menzi kupovali na svoje ime mesečne blokove bonova, pa su oni tako predstavljali beskućničku aristokratiju i svoje kolege su sačekivali za stolom, čuvajući im mesta.
dan-374730168556-007	danas	374730168556	kolumna	pol-drustvo	kolumna	7	12	https://www.danas.rs/kolumna/bozidar-andrejic/ljudi-sa-soliter-porcijama-nikad-neobjavljeno-prica-o-katakombi-adeli-i-ljupkim-lesinarima-3/	A ovi su, čim bi nabavili bon, silazili u podrum i sedali na svoja mesta, ostavljali cekere na podu i dobijali srećniji izraz lica jer su obavili dobro svoj najvažniji dnevni posaao.		A ovi su, čim bi nabavili bon, silazili u podrum i sedali na svoja mesta, ostavljali cekere na podu i dobijali srećniji izraz lica jer su obavili dobro svoj najvažniji dnevni posaao.
dan-374730168556-008	danas	374730168556	kolumna	pol-drustvo	kolumna	8	12	https://www.danas.rs/kolumna/bozidar-andrejic/ljudi-sa-soliter-porcijama-nikad-neobjavljeno-prica-o-katakombi-adeli-i-ljupkim-lesinarima-3/	Bilo je među njima i tvrdica koji su ovde jeli da bi uštedei od penzija.		Bilo je među njima i tvrdica koji su ovde jeli da bi uštedei od penzija.
dan-374730168556-009	danas	374730168556	kolumna	pol-drustvo	kolumna	9	12	https://www.danas.rs/kolumna/bozidar-andrejic/ljudi-sa-soliter-porcijama-nikad-neobjavljeno-prica-o-katakombi-adeli-i-ljupkim-lesinarima-3/	Najveći štos novca kao brucoš video sam kod jednog od te gospode.		Najveći štos novca kao brucoš video sam kod jednog od te gospode.
dan-738596140573-012	danas	738596140573	kolumna	kultura	kolumna	12	32	https://www.danas.rs/kolumna/pavle-simjanovic/zakoni-levitskog-uzasa/	Povređeni Naim obelodanjuje svoja saznanja Rajanovim roditeljima, pa otac sveštenik u pomoć poziva „iscelitelja“ koji na Rajanu i njegovom prvobitnom ljubavniku primenjuje hipnotišući, u trans bacajući obred.		Povređeni Naim obelodanjuje svoja saznanja Rajanovim roditeljima, pa otac sveštenik u pomoć poziva „iscelitelja“ koji na Rajanu i njegovom prvobitnom ljubavniku primenjuje hipnotišući, u trans bacajući obred.
dan-738596140573-013	danas	738596140573	kolumna	kultura	kolumna	13	32	https://www.danas.rs/kolumna/pavle-simjanovic/zakoni-levitskog-uzasa/	Narednih dana se počinju odvijati psihotični ili fantastični razvoji događaja, sa Rajanom koji prvo opčinjeno komunicira sa nevidljivim sagovornikom, zatim preživljava ubistveni napad iz istog izvora.		Narednih dana se počinju odvijati psihotični ili fantastični razvoji događaja, sa Rajanom koji prvo opčinjeno komunicira sa nevidljivim sagovornikom, zatim preživljava ubistveni napad iz istog izvora.
dan-738596140573-014	danas	738596140573	kolumna	kultura	kolumna	14	32	https://www.danas.rs/kolumna/pavle-simjanovic/zakoni-levitskog-uzasa/	Istovetno se, saznajemo kroz Naimove uhodničke delatnosti, dešava i Rajanovom lokalnom dečku, čime „Leviti“ kroz horor prizmu otvaraju teme za razmišljanje.		Istovetno se, saznajemo kroz Naimove uhodničke delatnosti, dešava i Rajanovom lokalnom dečku, čime „Leviti“ kroz horor prizmu otvaraju teme za razmišljanje.
dan-738596140573-015	danas	738596140573	kolumna	kultura	kolumna	15	32	https://www.danas.rs/kolumna/pavle-simjanovic/zakoni-levitskog-uzasa/	Naime, efekat obreda je stvaranje preteće (ne)ljudske kopije objekta žudnje, čime se želi postići strah koji bi na duže staze kod žrtve obreda trebalo da stvori uslovljenu oslobođenost od žudnje.		Naime, efekat obreda je stvaranje preteće (ne)ljudske kopije objekta žudnje, čime se želi postići strah koji bi na duže staze kod žrtve obreda trebalo da stvori uslovljenu oslobođenost od žudnje.
dan-738596140573-016	danas	738596140573	kolumna	kultura	kolumna	16	32	https://www.danas.rs/kolumna/pavle-simjanovic/zakoni-levitskog-uzasa/	Jasno je koliko je sve to zlo i naopako, dok mladi autor debitant gledaoca između ostalog usmerava ka razmišljanju o postulatima hrišćanskog učenja.		Jasno je koliko je sve to zlo i naopako, dok mladi autor debitant gledaoca između ostalog usmerava ka razmišljanju o postulatima hrišćanskog učenja.
dan-738596140573-017	danas	738596140573	kolumna	kultura	kolumna	17	32	https://www.danas.rs/kolumna/pavle-simjanovic/zakoni-levitskog-uzasa/	Nije li pogrešno činiti bogougodne stvari zato što se nadate nagradi, i kloniti se greha samo zato što vodi ka kazni?		Nije li pogrešno činiti bogougodne stvari zato što se nadate nagradi, i kloniti se greha samo zato što vodi ka kazni?
dan-738596140573-018	danas	738596140573	kolumna	kultura	kolumna	18	32	https://www.danas.rs/kolumna/pavle-simjanovic/zakoni-levitskog-uzasa/	Zar nije mnogo časnije voditi ispravan život zarad čistote trenutka?		Zar nije mnogo časnije voditi ispravan život zarad čistote trenutka?
dan-738596140573-019	danas	738596140573	kolumna	kultura	kolumna	19	32	https://www.danas.rs/kolumna/pavle-simjanovic/zakoni-levitskog-uzasa/	Eto, odavno sam izjavio da ću, ako potpuno odlepim, u starosti postati budista i držim se datog predviđanja.		Eto, odavno sam izjavio da ću, ako potpuno odlepim, u starosti postati budista i držim se datog predviđanja.
dan-69919169093-005	danas	69919169093	kolumna	pol-drustvo	kolumna	5	39	https://www.danas.rs/kolumna/bratislav-braca-markovic/zasto-pises-i-mislis-kad-nisi-pavle/	Što je mnogo, mnogo je.		Što je mnogo, mnogo je.
dan-69919169093-006	danas	69919169093	kolumna	pol-drustvo	kolumna	6	39	https://www.danas.rs/kolumna/bratislav-braca-markovic/zasto-pises-i-mislis-kad-nisi-pavle/	Srbija se deli na ljude koji imaju tri oštro suprotstavljena stava i nema ništa između.		Srbija se deli na ljude koji imaju tri oštro suprotstavljena stava i nema ništa između.
dan-69919169093-007	danas	69919169093	kolumna	pol-drustvo	kolumna	7	39	https://www.danas.rs/kolumna/bratislav-braca-markovic/zasto-pises-i-mislis-kad-nisi-pavle/	Prvi stav je stav predsednika Vučića, to je promenljiv, ali neopterećujući stav, jer samo slušaš šta on priča (što je slažem se sve teže) i to bespogovorno prihvataš.		Prvi stav je stav predsednika Vučića, to je promenljiv, ali neopterećujući stav, jer samo slušaš šta on priča (što je slažem se sve teže) i to bespogovorno prihvataš.
dan-69919169093-008	danas	69919169093	kolumna	pol-drustvo	kolumna	8	39	https://www.danas.rs/kolumna/bratislav-braca-markovic/zasto-pises-i-mislis-kad-nisi-pavle/	Drugi stav imaju „nedavači Kosova“.		Drugi stav imaju „nedavači Kosova“.
dan-69919169093-009	danas	69919169093	kolumna	pol-drustvo	kolumna	9	39	https://www.danas.rs/kolumna/bratislav-braca-markovic/zasto-pises-i-mislis-kad-nisi-pavle/	To je ekipa koja bi oružjem da vrati Kosovo.		To je ekipa koja bi oružjem da vrati Kosovo.
dan-69919169093-010	danas	69919169093	kolumna	pol-drustvo	kolumna	10	39	https://www.danas.rs/kolumna/bratislav-braca-markovic/zasto-pises-i-mislis-kad-nisi-pavle/	Jedini problem je što neki od njih zalutaju i na Autokomandi, a o Velikoj Plani da ne pričam.		Jedini problem je što neki od njih zalutaju i na Autokomandi, a o Velikoj Plani da ne pričam.
dan-69919169093-011	danas	69919169093	kolumna	pol-drustvo	kolumna	11	39	https://www.danas.rs/kolumna/bratislav-braca-markovic/zasto-pises-i-mislis-kad-nisi-pavle/	Što se Kosova tiče, ovoj grupaciji ništa nije sporno, njega smo odavno morali da priznamo, uz naravno pristojno pitanje da l’ im se dopada još neki deo Srbije, kako ne bismo došli u neprijatnu situaciju da uvredimo stanovnike južne pokrajine, ili ne dao bog međunarodnu zajednicu.		Što se Kosova tiče, ovoj grupaciji ništa nije sporno, njega smo odavno morali da priznamo, uz naravno pristojno pitanje da l’ im se dopada još neki deo Srbije, kako ne bismo došli u neprijatnu situaciju da uvredimo stanovnike južne pokrajine, ili ne dao bog međunarodnu zajednicu.
dan-69919169093-012	danas	69919169093	kolumna	pol-drustvo	kolumna	12	39	https://www.danas.rs/kolumna/bratislav-braca-markovic/zasto-pises-i-mislis-kad-nisi-pavle/	I tako je nestašni Draganče zbog svog teksta „Neiskrena podrška opozicije studentima“ dopao u nemilost ove druge grupacije.		I tako je nestašni Draganče zbog svog teksta „Neiskrena podrška opozicije studentima“ dopao u nemilost ove druge grupacije.
dan-837524141234-001	danas	837524141234	kolumna	pol-drustvo	kolumna	1	24	https://www.danas.rs/kolumna/nemanja-rujevic/kvadratura-lompara/	Neka u preambuli ove kolumne bude rečeno da nije problem sujeta – ko je u javnom poslu nema, neka baci prvi kamen – nego trenuci i povodi njenog izbivanja na površinu te što niču teške reči koje mute, valjda, glavni cilj opozicione čaršije.		Neka u preambuli ove kolumne bude rečeno da nije problem sujeta – ko je u javnom poslu nema, neka baci prvi kamen – nego trenuci i povodi njenog izbivanja na površinu te što niču teške reči koje mute, valjda, glavni cilj opozicione čaršije.
dan-837524141234-002	danas	837524141234	kolumna	pol-drustvo	kolumna	2	24	https://www.danas.rs/kolumna/nemanja-rujevic/kvadratura-lompara/	Takođe, ko se bavi politikom valja da ima političke stavove, ali nije obavezan da ih sve stalno iznosi.		Takođe, ko se bavi politikom valja da ima političke stavove, ali nije obavezan da ih sve stalno iznosi.
dan-837524141234-003	danas	837524141234	kolumna	pol-drustvo	kolumna	3	24	https://www.danas.rs/kolumna/nemanja-rujevic/kvadratura-lompara/	Nekada je ćutanje političkije nego isticanje političkih podela.		Nekada je ćutanje političkije nego isticanje političkih podela.
dan-837524141234-004	danas	837524141234	kolumna	pol-drustvo	kolumna	4	24	https://www.danas.rs/kolumna/nemanja-rujevic/kvadratura-lompara/	Marinika Tepić je, u ime svoje partije, i proevropske „grupacije koja se koncentriše sada sa namerom da izađe na izbore“, rekla da „neko kao Milo Lompar“ ne može da bude predsednik Srbije „uprkos onome – ili Srbija ili mafija“.		Marinika Tepić je, u ime svoje partije, i proevropske „grupacije koja se koncentriše sada sa namerom da izađe na izbore“, rekla da „neko kao Milo Lompar“ ne može da bude predsednik Srbije „uprkos onome – ili Srbija ili mafija“.
dan-837524141234-005	danas	837524141234	kolumna	pol-drustvo	kolumna	5	24	https://www.danas.rs/kolumna/nemanja-rujevic/kvadratura-lompara/	Podržali bi, možda, studentskog kandidata, ali prvo da vide ko će taj biti.		Podržali bi, možda, studentskog kandidata, ali prvo da vide ko će taj biti.
dan-837524141234-006	danas	837524141234	kolumna	pol-drustvo	kolumna	6	24	https://www.danas.rs/kolumna/nemanja-rujevic/kvadratura-lompara/	Zamislimo sledeću situaciju – studenti se sa nekim ko je „kao Milo Lompar“, recimo sa Milom Lomparom, dogovore da bude predsednički kandidat.		Zamislimo sledeću situaciju – studenti se sa nekim ko je „kao Milo Lompar“, recimo sa Milom Lomparom, dogovore da bude predsednički kandidat.
dan-837524141234-007	danas	837524141234	kolumna	pol-drustvo	kolumna	7	24	https://www.danas.rs/kolumna/nemanja-rujevic/kvadratura-lompara/	Proevropska „grupacija“ odluči da ima svog kandidata koji nije „kao Milo Lompar“ i odabere da to bude Marinika Tepić.		Proevropska „grupacija“ odluči da ima svog kandidata koji nije „kao Milo Lompar“ i odabere da to bude Marinika Tepić.
dan-837524141234-008	danas	837524141234	kolumna	pol-drustvo	kolumna	8	24	https://www.danas.rs/kolumna/nemanja-rujevic/kvadratura-lompara/	Kako bi uz podršku studenata i luftbalon sa nacrtanim očima i ustima bio najjači opozicioni kandidat, to bi Lompar dobio tri ili pet ili deset puta više glasova nego Marinika Tepić.		Kako bi uz podršku studenata i luftbalon sa nacrtanim očima i ustima bio najjači opozicioni kandidat, to bi Lompar dobio tri ili pet ili deset puta više glasova nego Marinika Tepić.
dan-195060797729-005	danas	195060797729	kolumna	sport	kolumna	5	14	https://www.danas.rs/kolumna/ziva-vekecki/stub-srbstva-bez-srba/	Zvezdan Terzić, prvi čovek kluba iz LJutice Bogdana, u jednom intervju objavljenom prošle godine negde u ovo vreme između ostalog je rekao: „Mi smo dominantni u srpskim uslovima.		Zvezdan Terzić, prvi čovek kluba iz LJutice Bogdana, u jednom intervju objavljenom prošle godine negde u ovo vreme između ostalog je rekao: „Mi smo dominantni u srpskim uslovima.
dan-195060797729-006	danas	195060797729	kolumna	sport	kolumna	6	14	https://www.danas.rs/kolumna/ziva-vekecki/stub-srbstva-bez-srba/	Mi nismo samo prvaci u seniorskoj konkurenciji, mi smo prvaci i u juniorskoj, kadetskoj i pionirskog konkurenciji.	Y	„Mi nismo samo prvaci u seniorskoj konkurenciji, mi smo prvaci i u juniorskoj, kadetskoj i pionirskog konkurenciji.“
dan-195060797729-007	danas	195060797729	kolumna	sport	kolumna	7	14	https://www.danas.rs/kolumna/ziva-vekecki/stub-srbstva-bez-srba/	Pokupili smo sve što valja u Srbiji od 10 do 12 godina, okupili smo sve najbolje trenere“.	Y	„Pokupili smo sve što valja u Srbiji od 10 do 12 godina, okupili smo sve najbolje trenere“.“
dan-195060797729-008	danas	195060797729	kolumna	sport	kolumna	8	14	https://www.danas.rs/kolumna/ziva-vekecki/stub-srbstva-bez-srba/	Ako je Terzić u pravu, a plašim se da jeste, onda se srpskom fudbalu „crno piše“.		Ako je Terzić u pravu, a plašim se da jeste, onda se srpskom fudbalu „crno piše“.
dan-195060797729-009	danas	195060797729	kolumna	sport	kolumna	9	14	https://www.danas.rs/kolumna/ziva-vekecki/stub-srbstva-bez-srba/	Jer, ako se od najtalentovanije dece sa kojom rade najkvalitetniji treneri, ne mogu napraviti više od dva igrača za „veliku scenu“ , kako li je tek u ostalim klubovima.		Jer, ako se od najtalentovanije dece sa kojom rade najkvalitetniji treneri, ne mogu napraviti više od dva igrača za „veliku scenu“ , kako li je tek u ostalim klubovima.
dan-195060797729-010	danas	195060797729	kolumna	sport	kolumna	10	14	https://www.danas.rs/kolumna/ziva-vekecki/stub-srbstva-bez-srba/	Za novog trenera angažovan je Španac Albert Rijera.		Za novog trenera angažovan je Španac Albert Rijera.
dan-195060797729-011	danas	195060797729	kolumna	sport	kolumna	11	14	https://www.danas.rs/kolumna/ziva-vekecki/stub-srbstva-bez-srba/	Dakle, nemamo ni trenere za „velike rezultate“.		Dakle, nemamo ni trenere za „velike rezultate“.
dan-195060797729-012	danas	195060797729	kolumna	sport	kolumna	12	14	https://www.danas.rs/kolumna/ziva-vekecki/stub-srbstva-bez-srba/	Ne sumnjam da će Rijera biti uspešan ove sezone.		Ne sumnjam da će Rijera biti uspešan ove sezone.
dan-997701263776-006	danas	997701263776	kolumna	pol-drustvo	kolumna	6	15	https://www.danas.rs/kolumna/marko-vidojkovic/nasa-nova-predsednica/	Vreme je da to popravimo.	Y	„Vreme je da to popravimo.“
dan-997701263776-007	danas	997701263776	kolumna	pol-drustvo	kolumna	7	15	https://www.danas.rs/kolumna/marko-vidojkovic/nasa-nova-predsednica/	„A sa čim ima veze?		„A sa čim ima veze?
dan-997701263776-008	danas	997701263776	kolumna	pol-drustvo	kolumna	8	15	https://www.danas.rs/kolumna/marko-vidojkovic/nasa-nova-predsednica/	Naravno da nisam, ovaj, jesam.	Y	„Naravno da nisam, ovaj, jesam.“
dan-997701263776-009	danas	997701263776	kolumna	pol-drustvo	kolumna	9	15	https://www.danas.rs/kolumna/marko-vidojkovic/nasa-nova-predsednica/	Šarmiraću sve dame u predsedništvu.	Y	„Šarmiraću sve dame u predsedništvu.“
dan-997701263776-010	danas	997701263776	kolumna	pol-drustvo	kolumna	10	15	https://www.danas.rs/kolumna/marko-vidojkovic/nasa-nova-predsednica/	Da li će vojska pod vašom komandom da se vrati na Kosovo?	Y	„Da li će vojska pod vašom komandom da se vrati na Kosovo?“
dan-997701263776-011	danas	997701263776	kolumna	pol-drustvo	kolumna	11	15	https://www.danas.rs/kolumna/marko-vidojkovic/nasa-nova-predsednica/	„Moja vojska će imati isključivo regrutkinje, koje će se baviti ritmičkom gimnastikom.		„Moja vojska će imati isključivo regrutkinje, koje će se baviti ritmičkom gimnastikom.
dan-997701263776-012	danas	997701263776	kolumna	pol-drustvo	kolumna	12	15	https://www.danas.rs/kolumna/marko-vidojkovic/nasa-nova-predsednica/	„Iskoristiću ga da snizim cenu bureka.		„Iskoristiću ga da snizim cenu bureka.
dan-997701263776-013	danas	997701263776	kolumna	pol-drustvo	kolumna	13	15	https://www.danas.rs/kolumna/marko-vidojkovic/nasa-nova-predsednica/	„A sa čime ima veze?		„A sa čime ima veze?
dan-353908777753-002	danas	353908777753	kolumna	pol-drustvo	kolumna	2	28	https://www.danas.rs/kolumna/marko-vidojkovic/sta-sve-covek-radi-za-lajkove/	U plavoj majici, koja košta verovatno kao i škoda koju vozi, on je beskompromisno vozio, govorio i utišavao muziku sa radio aparata.		U plavoj majici, koja košta verovatno kao i škoda koju vozi, on je beskompromisno vozio, govorio i utišavao muziku sa radio aparata.
dan-353908777753-003	danas	353908777753	kolumna	pol-drustvo	kolumna	3	28	https://www.danas.rs/kolumna/marko-vidojkovic/sta-sve-covek-radi-za-lajkove/	Već to je bilo dovoljno da odlepim od iznenađenja, jer sam bio uveren da on nije u stanju uraditi više od jedne stvari istovremeno.		Već to je bilo dovoljno da odlepim od iznenađenja, jer sam bio uveren da on nije u stanju uraditi više od jedne stvari istovremeno.
dan-353908777753-004	danas	353908777753	kolumna	pol-drustvo	kolumna	4	28	https://www.danas.rs/kolumna/marko-vidojkovic/sta-sve-covek-radi-za-lajkove/	Opravdano, predsednik se javno pitao hoće li uspeti da se snađe sa žetonima i ostalim misterijama sveta samouslužnih perionica, a onda je stigao na odredište.		Opravdano, predsednik se javno pitao hoće li uspeti da se snađe sa žetonima i ostalim misterijama sveta samouslužnih perionica, a onda je stigao na odredište.
dan-353908777753-005	danas	353908777753	kolumna	pol-drustvo	kolumna	5	28	https://www.danas.rs/kolumna/marko-vidojkovic/sta-sve-covek-radi-za-lajkove/	Šta je bilo sa žetonima nismo videli, ali videli smo ga kako upravlja kišobranom, čuj mene, stativom za kameru, ovaj, puškom koja ispaljuje snažan mlaz tečnosti na škodu.		Šta je bilo sa žetonima nismo videli, ali videli smo ga kako upravlja kišobranom, čuj mene, stativom za kameru, ovaj, puškom koja ispaljuje snažan mlaz tečnosti na škodu.
dan-353908777753-006	danas	353908777753	kolumna	pol-drustvo	kolumna	6	28	https://www.danas.rs/kolumna/marko-vidojkovic/sta-sve-covek-radi-za-lajkove/	Bio je vrlo vešt, svega dvaput mu je puška zamalo ispala iz ruku, ali na kraju je auto nekako bio opran.		Bio je vrlo vešt, svega dvaput mu je puška zamalo ispala iz ruku, ali na kraju je auto nekako bio opran.
dan-353908777753-007	danas	353908777753	kolumna	pol-drustvo	kolumna	7	28	https://www.danas.rs/kolumna/marko-vidojkovic/sta-sve-covek-radi-za-lajkove/	Zbog silnih rezova i montiranja klipa sekirom, pitamo se da li je prao sve vreme ili su mu pomagale kobre, ali to nije bitno.		Zbog silnih rezova i montiranja klipa sekirom, pitamo se da li je prao sve vreme ili su mu pomagale kobre, ali to nije bitno.
dan-353908777753-008	danas	353908777753	kolumna	pol-drustvo	kolumna	8	28	https://www.danas.rs/kolumna/marko-vidojkovic/sta-sve-covek-radi-za-lajkove/	Za uspeh ove komplikovane operacije bilo je dovoljno da se uhvati (vodene) puške i njome pripuca na kola.		Za uspeh ove komplikovane operacije bilo je dovoljno da se uhvati (vodene) puške i njome pripuca na kola.
dan-353908777753-009	danas	353908777753	kolumna	pol-drustvo	kolumna	9	28	https://www.danas.rs/kolumna/marko-vidojkovic/sta-sve-covek-radi-za-lajkove/	Nije bezveze on i vrhovni komandant, jedva čekam da krene srpsku nejač da brani uspešno kao što je prao kola u prigradskoj perionici.		Nije bezveze on i vrhovni komandant, jedva čekam da krene srpsku nejač da brani uspešno kao što je prao kola u prigradskoj perionici.
dan-848007019343-017	danas	848007019343	kolumna	ekonomija	kolumna	17	46	https://www.danas.rs/kolumna/misa-brkic/istorijski-dogovor-srba-i-hrvata-oko-buducnosti-krasove-bajadere/	Zato je svaka Šaranovićeva kupovina Krašovih akcija, makar i minimalna, pomno praćena uz precizne izračune može li i kako postati većinski vlasnik te kompanije.		Zato je svaka Šaranovićeva kupovina Krašovih akcija, makar i minimalna, pomno praćena uz precizne izračune može li i kako postati većinski vlasnik te kompanije.
dan-848007019343-018	danas	848007019343	kolumna	ekonomija	kolumna	18	46	https://www.danas.rs/kolumna/misa-brkic/istorijski-dogovor-srba-i-hrvata-oko-buducnosti-krasove-bajadere/	Šaranović je vlasništvo u Krašu započeo kupovinom 15 odsto akcija, zatim ga je povećao na 16,67 odsto, pa na 25,6 i na kraju na 32,25 odsto.		Šaranović je vlasništvo u Krašu započeo kupovinom 15 odsto akcija, zatim ga je povećao na 16,67 odsto, pa na 25,6 i na kraju na 32,25 odsto.
dan-848007019343-019	danas	848007019343	kolumna	ekonomija	kolumna	19	46	https://www.danas.rs/kolumna/misa-brkic/istorijski-dogovor-srba-i-hrvata-oko-buducnosti-krasove-bajadere/	Sve to vreme javnosti su servirane razne vrste „fake news“ – od navodnog masovnog otpuštanja radnika kad postane vlasnik do preseljenja fabrike u Srbiju.		Sve to vreme javnosti su servirane razne vrste „fake news“ – od navodnog masovnog otpuštanja radnika kad postane vlasnik do preseljenja fabrike u Srbiju.
dan-848007019343-020	danas	848007019343	kolumna	ekonomija	kolumna	20	46	https://www.danas.rs/kolumna/misa-brkic/istorijski-dogovor-srba-i-hrvata-oko-buducnosti-krasove-bajadere/	Šaranović je godinama strpljivo kupovao udele u Krašu.		Šaranović je godinama strpljivo kupovao udele u Krašu.
dan-848007019343-021	danas	848007019343	kolumna	ekonomija	kolumna	21	46	https://www.danas.rs/kolumna/misa-brkic/istorijski-dogovor-srba-i-hrvata-oko-buducnosti-krasove-bajadere/	U jednom momentu dostigao je maksimum i sve što bi se dalje događalo na Berzi i u javnosti značilo bi rat sa Pivcem.		U jednom momentu dostigao je maksimum i sve što bi se dalje događalo na Berzi i u javnosti značilo bi rat sa Pivcem.
dan-848007019343-022	danas	848007019343	kolumna	ekonomija	kolumna	22	46	https://www.danas.rs/kolumna/misa-brkic/istorijski-dogovor-srba-i-hrvata-oko-buducnosti-krasove-bajadere/	U početku njegova kupovina izazivala je konsternaciju javnosti ali je on uspeo da je smiri, spusti loptu i u prvi plan isturi biznis interese u šta je uspeo da ubedi Miljenka Pivca.		U početku njegova kupovina izazivala je konsternaciju javnosti ali je on uspeo da je smiri, spusti loptu i u prvi plan isturi biznis interese u šta je uspeo da ubedi Miljenka Pivca.
dan-848007019343-023	danas	848007019343	kolumna	ekonomija	kolumna	23	46	https://www.danas.rs/kolumna/misa-brkic/istorijski-dogovor-srba-i-hrvata-oko-buducnosti-krasove-bajadere/	Ubrzo su „ljuti“ konkurenti shvatili da rat nije dobar ni za koga i da će mnogo da ih košta, pa su odlučili da zajedno nastupe na svoju i dobrobit Kraša.		Ubrzo su „ljuti“ konkurenti shvatili da rat nije dobar ni za koga i da će mnogo da ih košta, pa su odlučili da zajedno nastupe na svoju i dobrobit Kraša.
dan-848007019343-024	danas	848007019343	kolumna	ekonomija	kolumna	24	46	https://www.danas.rs/kolumna/misa-brkic/istorijski-dogovor-srba-i-hrvata-oko-buducnosti-krasove-bajadere/	Sve do prošle godine Miljenko Pivac i Nebojša Šaranović bili su na suprotnim stranama i „ljuti“ konkurenti za kontrolu nad Krašom.		Sve do prošle godine Miljenko Pivac i Nebojša Šaranović bili su na suprotnim stranama i „ljuti“ konkurenti za kontrolu nad Krašom.
dan-960880264478-007	danas	960880264478	kolumna	sport	kolumna	7	20	https://www.danas.rs/kolumna/ziva-vekecki/od-trofeja-se-ne-zivi/	Osvajanje trofeja ne zadovoljava apetite navijača oni očekuju i iskorak na evropskoj sceni, a to je sa postojećim igračkim kadrom praktično nemoguće.		Osvajanje trofeja ne zadovoljava apetite navijača oni očekuju i iskorak na evropskoj sceni, a to je sa postojećim igračkim kadrom praktično nemoguće.
dan-960880264478-008	danas	960880264478	kolumna	sport	kolumna	8	20	https://www.danas.rs/kolumna/ziva-vekecki/od-trofeja-se-ne-zivi/	Pafos je bio nepremostiva prepreka u kvalifikacijama z Ligu šampiona, a Lil u plej-ofu Lige Evrope.		Pafos je bio nepremostiva prepreka u kvalifikacijama z Ligu šampiona, a Lil u plej-ofu Lige Evrope.
dan-960880264478-009	danas	960880264478	kolumna	sport	kolumna	9	20	https://www.danas.rs/kolumna/ziva-vekecki/od-trofeja-se-ne-zivi/	Potrebno je osvežiti tj. pojačati igrački kadar, pre svega zbog činjenice da Dejan Stanković sledeće sezone neće moći da računa na Aleksandra Kataija i Vasilija Kostova, dvojicu fudbalera koji su najzaslužniji za osvajanje trofeja i minuloj sezoni.		Potrebno je osvežiti tj. pojačati igrački kadar, pre svega zbog činjenice da Dejan Stanković sledeće sezone neće moći da računa na Aleksandra Kataija i Vasilija Kostova, dvojicu fudbalera koji su najzaslužniji za osvajanje trofeja i minuloj sezoni.
dan-960880264478-010	danas	960880264478	kolumna	sport	kolumna	10	20	https://www.danas.rs/kolumna/ziva-vekecki/od-trofeja-se-ne-zivi/	Katai neće biti ni mlađi ni brži, niti jači u delima, a defanziva mu nikad nije ni bila jača strana.		Katai neće biti ni mlađi ni brži, niti jači u delima, a defanziva mu nikad nije ni bila jača strana.
dan-960880264478-011	danas	960880264478	kolumna	sport	kolumna	11	20	https://www.danas.rs/kolumna/ziva-vekecki/od-trofeja-se-ne-zivi/	Mladi Kostov će poput Andrije Maksimovića, Koste Nedeljkovića, Ognjena Mimovića, Alekse Damjanovića… „trbuhom za kruhom“.		Mladi Kostov će poput Andrije Maksimovića, Koste Nedeljkovića, Ognjena Mimovića, Alekse Damjanovića… „trbuhom za kruhom“.
dan-960880264478-012	danas	960880264478	kolumna	sport	kolumna	12	20	https://www.danas.rs/kolumna/ziva-vekecki/od-trofeja-se-ne-zivi/	NJegovo fudbalsko znanje (zapravo talenat) rukovodstvo Crvene zvezde će dobro unovčiti, navodno dvadeset miliona evra.		NJegovo fudbalsko znanje (zapravo talenat) rukovodstvo Crvene zvezde će dobro unovčiti, navodno dvadeset miliona evra.
dan-960880264478-013	danas	960880264478	kolumna	sport	kolumna	13	20	https://www.danas.rs/kolumna/ziva-vekecki/od-trofeja-se-ne-zivi/	Lično sam protiv prodaje mladih igrača (nadam se da Kostov neće doživeti sudbinu svojih prethodnika i sedeti na klupi), ali to je, nažalost, surova realnost srpskog fudbala.		Lično sam protiv prodaje mladih igrača (nadam se da Kostov neće doživeti sudbinu svojih prethodnika i sedeti na klupi), ali to je, nažalost, surova realnost srpskog fudbala.
dan-960880264478-014	danas	960880264478	kolumna	sport	kolumna	14	20	https://www.danas.rs/kolumna/ziva-vekecki/od-trofeja-se-ne-zivi/	Ne živi se od trofeja, prihodi od prodaje ulaznica, TV prenosa i marketinga su nedovoljni i za puko preživljavanje.		Ne živi se od trofeja, prihodi od prodaje ulaznica, TV prenosa i marketinga su nedovoljni i za puko preživljavanje.
dan-628001085166-011	danas	628001085166	kolumna	pol-drustvo	licni-stavovi	11	41	https://www.danas.rs/dijalog/licni-stavovi/prvi-put-vucic-nije-onako-huliganski-mahao-pesnicama/	Pa upravo zato što je i ovo bio panični iskorak uoči velikog protesta 15. marta u Beogradu.		Pa upravo zato što je i ovo bio panični iskorak uoči velikog protesta 15. marta u Beogradu.
dan-628001085166-012	danas	628001085166	kolumna	pol-drustvo	licni-stavovi	12	41	https://www.danas.rs/dijalog/licni-stavovi/prvi-put-vucic-nije-onako-huliganski-mahao-pesnicama/	Pa sam Vučić je to i priznao.		Pa sam Vučić je to i priznao.
dan-628001085166-013	danas	628001085166	kolumna	pol-drustvo	licni-stavovi	13	41	https://www.danas.rs/dijalog/licni-stavovi/prvi-put-vucic-nije-onako-huliganski-mahao-pesnicama/	Pazite kakva smo mi to zemlja kada predsednik Republike kaže u kameru – „sinoć sam završio pisanje Zakona o Alimentacionom fondu i nadam se da će za sedam dana da se nađe u proceduri“.		Pazite kakva smo mi to zemlja kada predsednik Republike kaže u kameru – „sinoć sam završio pisanje Zakona o Alimentacionom fondu i nadam se da će za sedam dana da se nađe u proceduri“.
dan-628001085166-014	danas	628001085166	kolumna	pol-drustvo	licni-stavovi	14	41	https://www.danas.rs/dijalog/licni-stavovi/prvi-put-vucic-nije-onako-huliganski-mahao-pesnicama/	Ubi se čovek od procedura!		Ubi se čovek od procedura!
dan-628001085166-015	danas	628001085166	kolumna	pol-drustvo	licni-stavovi	15	41	https://www.danas.rs/dijalog/licni-stavovi/prvi-put-vucic-nije-onako-huliganski-mahao-pesnicama/	A da vas onda pitam i zašto nije tako napisao i evo vi podneli i Zakon Roditelj-Negovatelj?		A da vas onda pitam i zašto nije tako napisao i evo vi podneli i Zakon Roditelj-Negovatelj?
dan-628001085166-016	danas	628001085166	kolumna	pol-drustvo	licni-stavovi	16	41	https://www.danas.rs/dijalog/licni-stavovi/prvi-put-vucic-nije-onako-huliganski-mahao-pesnicama/	Ako već kažete da toliko brinete naročito o majkama?!		Ako već kažete da toliko brinete naročito o majkama?!
dan-628001085166-017	danas	628001085166	kolumna	pol-drustvo	licni-stavovi	17	41	https://www.danas.rs/dijalog/licni-stavovi/prvi-put-vucic-nije-onako-huliganski-mahao-pesnicama/	I taj Zakon smo podneli prvi put pre više od dve godine, tačnije izmene Zakona o socijalnoj zaštiti kojima se uspostavlja status Roditelj-Negovatelj za roditelje dece sa smetnjama u razvoju.		I taj Zakon smo podneli prvi put pre više od dve godine, tačnije izmene Zakona o socijalnoj zaštiti kojima se uspostavlja status Roditelj-Negovatelj za roditelje dece sa smetnjama u razvoju.
dan-628001085166-018	danas	628001085166	kolumna	pol-drustvo	licni-stavovi	18	41	https://www.danas.rs/dijalog/licni-stavovi/prvi-put-vucic-nije-onako-huliganski-mahao-pesnicama/	Evo kažite nam zašto niste i to?		Evo kažite nam zašto niste i to?
dan-41978470888-000	danas	41978470888	kolumna	pol-drustvo	licni-stavovi	0	4	https://www.danas.rs/dijalog/licni-stavovi/nema-dijaloga-sa-jurisnim-odredima/	Gradonačelnik Novog Sada Žarko Mićin zalaže se da Železnička stanica u Novom Sadu, mesto nezapamćene tragedije, što pre stavi u funkciju, ističući da je spreman na dijalog sa predstavnicima opozicije.		Gradonačelnik Novog Sada Žarko Mićin zalaže se da Železnička stanica u Novom Sadu, mesto nezapamćene tragedije, što pre stavi u funkciju, ističući da je spreman na dijalog sa predstavnicima opozicije.
dan-41978470888-001	danas	41978470888	kolumna	pol-drustvo	licni-stavovi	1	4	https://www.danas.rs/dijalog/licni-stavovi/nema-dijaloga-sa-jurisnim-odredima/	Kolika je ironija da o dijalogu pričaju oni čiji jurišni odredi lome vilice, razbijaju glave i gaze Novosađane, hapse i tuku odbornike, studente i građane.		Kolika je ironija da o dijalogu pričaju oni čiji jurišni odredi lome vilice, razbijaju glave i gaze Novosađane, hapse i tuku odbornike, studente i građane.
dan-41978470888-002	danas	41978470888	kolumna	pol-drustvo	licni-stavovi	2	4	https://www.danas.rs/dijalog/licni-stavovi/nema-dijaloga-sa-jurisnim-odredima/	Pre bilo čega obavezna je temeljna sudska istraga uloge sadašnjeg gradonačelnika, kao šefa kabineta Miloša Vučevića u renoviranju Železničke stanice i analiza ozbiljnih stručnjaka da li je stanica bezbedna.		Pre bilo čega obavezna je temeljna sudska istraga uloge sadašnjeg gradonačelnika, kao šefa kabineta Miloša Vučevića u renoviranju Železničke stanice i analiza ozbiljnih stručnjaka da li je stanica bezbedna.
dan-41978470888-003	danas	41978470888	kolumna	pol-drustvo	licni-stavovi	3	4	https://www.danas.rs/dijalog/licni-stavovi/nema-dijaloga-sa-jurisnim-odredima/	Nakon toga možemo pričati jedino o tehničkim detaljima za slobodne izbore u Novom Sadu.		Nakon toga možemo pričati jedino o tehničkim detaljima za slobodne izbore u Novom Sadu.
dan-510123298899-000	danas	510123298899	kolumna	pol-drustvo	licni-stavovi	0	18	https://www.danas.rs/dijalog/licni-stavovi/buducnost-vucicevih-ljudi/	Da li je neko dao savet Vučićevim ljudima da će Prvog novembra, ili negde oko tog datuma, „asteroid udariti našu planetu“?		Da li je neko dao savet Vučićevim ljudima da će Prvog novembra, ili negde oko tog datuma, „asteroid udariti našu planetu“?
dan-510123298899-001	danas	510123298899	kolumna	pol-drustvo	licni-stavovi	1	18	https://www.danas.rs/dijalog/licni-stavovi/buducnost-vucicevih-ljudi/	Da podsetim, pre 66 miliona godina, u periodu Krede, asteroid je udario u Zemlju i izbrisao njene dominantne stanovnike – dinosaure, pa i nekoliko miliona velikih i ružnih ptica grabljivica.		Da podsetim, pre 66 miliona godina, u periodu Krede, asteroid je udario u Zemlju i izbrisao njene dominantne stanovnike – dinosaure, pa i nekoliko miliona velikih i ružnih ptica grabljivica.
dan-510123298899-002	danas	510123298899	kolumna	pol-drustvo	licni-stavovi	2	18	https://www.danas.rs/dijalog/licni-stavovi/buducnost-vucicevih-ljudi/	Udarom velike svemirske stene definitivno je stavljena tačka na četiri vrste dinosaurusa i njihovih nečovekolikih komšijskih stvorenja.		Udarom velike svemirske stene definitivno je stavljena tačka na četiri vrste dinosaurusa i njihovih nečovekolikih komšijskih stvorenja.
dan-510123298899-003	danas	510123298899	kolumna	pol-drustvo	licni-stavovi	3	18	https://www.danas.rs/dijalog/licni-stavovi/buducnost-vucicevih-ljudi/	I pre ovog udara dinosaurusi su bili osuđeni na propast i izumiranje.		I pre ovog udara dinosaurusi su bili osuđeni na propast i izumiranje.
dan-510123298899-004	danas	510123298899	kolumna	pol-drustvo	licni-stavovi	4	18	https://www.danas.rs/dijalog/licni-stavovi/buducnost-vucicevih-ljudi/	Nisam paleontolog, ali imam poruku za Vučićeve ljude koji će možda čuti savet da ne čuče i čekaju udarac „kosmičkog asteroida“, s obzirom na to da njihov vladar „see no evil, hear no evil“, a za nas je to dugo očekivana pravda i svi vidimo i čujemo da dolazi.		Nisam paleontolog, ali imam poruku za Vučićeve ljude koji će možda čuti savet da ne čuče i čekaju udarac „kosmičkog asteroida“, s obzirom na to da njihov vladar „see no evil, hear no evil“, a za nas je to dugo očekivana pravda i svi vidimo i čujemo da dolazi.
dan-510123298899-005	danas	510123298899	kolumna	pol-drustvo	licni-stavovi	5	18	https://www.danas.rs/dijalog/licni-stavovi/buducnost-vucicevih-ljudi/	Da li Vučićevi ljudi čekaju udar asteroida i fosilizaciju, ili su već namešteni u zalet za sprint, pa kud koji „mili moji“.		Da li Vučićevi ljudi čekaju udar asteroida i fosilizaciju, ili su već namešteni u zalet za sprint, pa kud koji „mili moji“.
dan-510123298899-006	danas	510123298899	kolumna	pol-drustvo	licni-stavovi	6	18	https://www.danas.rs/dijalog/licni-stavovi/buducnost-vucicevih-ljudi/	Verovatno će ponovo postati hit muzička numera „piši mi, brate, i čuvaj mi rozi…“ Daleko je Amerika, ali više strahujem da me ne dostigne sudbina dinosaurusa.		Verovatno će ponovo postati hit muzička numera „piši mi, brate, i čuvaj mi rozi…“ Daleko je Amerika, ali više strahujem da me ne dostigne sudbina dinosaurusa.
dan-510123298899-007	danas	510123298899	kolumna	pol-drustvo	licni-stavovi	7	18	https://www.danas.rs/dijalog/licni-stavovi/buducnost-vucicevih-ljudi/	Udarilo je jednom, i zato osluškujem – zašto bih ja bio T. rex sa dugačkim repom, sit i ugojen, gde ću se sakriti?		Udarilo je jednom, i zato osluškujem – zašto bih ja bio T. rex sa dugačkim repom, sit i ugojen, gde ću se sakriti?
dan-750327860714-002	danas	750327860714	kolumna	svet	licni-stavovi	2	25	https://www.danas.rs/dijalog/licni-stavovi/nema-plakanja-u-kazinu/	Samo kidnapovanje sada već bivšeg predsednika Venecuele Nikolasa Madura je ne samo protivno svim međunarodnim i domaćim pravnim normama, već i okidač u učvršćivanju američke kontrole nad onim teritorijama koje smatraju neophodnim za očuvanje svojih vitalnih nacionalnih interesa.		Samo kidnapovanje sada već bivšeg predsednika Venecuele Nikolasa Madura je ne samo protivno svim međunarodnim i domaćim pravnim normama, već i okidač u učvršćivanju američke kontrole nad onim teritorijama koje smatraju neophodnim za očuvanje svojih vitalnih nacionalnih interesa.
dan-750327860714-003	danas	750327860714	kolumna	svet	licni-stavovi	3	25	https://www.danas.rs/dijalog/licni-stavovi/nema-plakanja-u-kazinu/	Kao u istorijskim Rimskim trijumfima, paradira se fotografijama Madura u lisicama kako biva prebačen u NJujork da mu se sudi za trgovinom opijatima, svedočanstvo pobede hegemona nad prkosnim neprijateljem.		Kao u istorijskim Rimskim trijumfima, paradira se fotografijama Madura u lisicama kako biva prebačen u NJujork da mu se sudi za trgovinom opijatima, svedočanstvo pobede hegemona nad prkosnim neprijateljem.
dan-750327860714-004	danas	750327860714	kolumna	svet	licni-stavovi	4	25	https://www.danas.rs/dijalog/licni-stavovi/nema-plakanja-u-kazinu/	Venecuela kao država sa najvećom rezervom sirove nafte na svetu je logičan prvi korak ka uspostavljanju direktne američke hegemonije nad zapadnom hemisferom, ali sama po sebi ne bi izazvala dugoročni tektonski udar kakav jeste kada bi ostala izolovan slučaj.		Venecuela kao država sa najvećom rezervom sirove nafte na svetu je logičan prvi korak ka uspostavljanju direktne američke hegemonije nad zapadnom hemisferom, ali sama po sebi ne bi izazvala dugoročni tektonski udar kakav jeste kada bi ostala izolovan slučaj.
dan-750327860714-005	danas	750327860714	kolumna	svet	licni-stavovi	5	25	https://www.danas.rs/dijalog/licni-stavovi/nema-plakanja-u-kazinu/	Deklaracija državnog sekretara Marka Rubija „da je zapadna hemisfera američka zona interesa“ predstavlja uvod u stidljivo najavljivanu podelu interesnih zona između tri najveće vojne sile na svetu, a to su SAD, Rusija i Kina.		Deklaracija državnog sekretara Marka Rubija „da je zapadna hemisfera američka zona interesa“ predstavlja uvod u stidljivo najavljivanu podelu interesnih zona između tri najveće vojne sile na svetu, a to su SAD, Rusija i Kina.
dan-750327860714-006	danas	750327860714	kolumna	svet	licni-stavovi	6	25	https://www.danas.rs/dijalog/licni-stavovi/nema-plakanja-u-kazinu/	Predsednik SAD je iz predsedničkog aviona vrlo direktno poslao poruku da će i Grenland morati da pripadne Americi kao strateški vitalna teritorija sa rezervama minerala i nafte koje „ne smeju potpasti pod kontrolu protivnika Amerike“.		Predsednik SAD je iz predsedničkog aviona vrlo direktno poslao poruku da će i Grenland morati da pripadne Americi kao strateški vitalna teritorija sa rezervama minerala i nafte koje „ne smeju potpasti pod kontrolu protivnika Amerike“.
dan-750327860714-007	danas	750327860714	kolumna	svet	licni-stavovi	7	25	https://www.danas.rs/dijalog/licni-stavovi/nema-plakanja-u-kazinu/	Ovakva retorika probudila je Evropsku uniju, koja se iznenada setila Povelje Ujedinjenih nacija, teritorijalne celovitosti i suvereniteta država.		Ovakva retorika probudila je Evropsku uniju, koja se iznenada setila Povelje Ujedinjenih nacija, teritorijalne celovitosti i suvereniteta država.
dan-750327860714-008	danas	750327860714	kolumna	svet	licni-stavovi	8	25	https://www.danas.rs/dijalog/licni-stavovi/nema-plakanja-u-kazinu/	Čuju se čak i pozivanja na kolektivnu bezbednost i mehanizme Severnoatlantskog saveza.		Čuju se čak i pozivanja na kolektivnu bezbednost i mehanizme Severnoatlantskog saveza.
dan-750327860714-009	danas	750327860714	kolumna	svet	licni-stavovi	9	25	https://www.danas.rs/dijalog/licni-stavovi/nema-plakanja-u-kazinu/	Međutim, istorija nas uči da se pravo uvek najglasnije brani tek onda kada sila zakuca na sopstvena vrata.		Međutim, istorija nas uči da se pravo uvek najglasnije brani tek onda kada sila zakuca na sopstvena vrata.
dan-974679248862-003	danas	974679248862	kolumna	sport	licni-stavovi	3	30	https://www.danas.rs/dijalog/licni-stavovi/olimpijski-komitet-mesni-odbor-sns/	Lojalisti se poklanja prilika da dovrši uništavanje sporta u Srbiji.		Lojalisti se poklanja prilika da dovrši uništavanje sporta u Srbiji.
dan-974679248862-004	danas	974679248862	kolumna	sport	licni-stavovi	4	30	https://www.danas.rs/dijalog/licni-stavovi/olimpijski-komitet-mesni-odbor-sns/	Njegovu sportsku karijeru nisu obeležili redak dar, virtuoznost na terenu, imaginacija, kolektivni duh, posvećenost timu, postupnost.		Njegovu sportsku karijeru nisu obeležili redak dar, virtuoznost na terenu, imaginacija, kolektivni duh, posvećenost timu, postupnost.
dan-974679248862-005	danas	974679248862	kolumna	sport	licni-stavovi	5	30	https://www.danas.rs/dijalog/licni-stavovi/olimpijski-komitet-mesni-odbor-sns/	Bio je kalibrisan za korisnog.		Bio je kalibrisan za korisnog.
dan-974679248862-006	danas	974679248862	kolumna	sport	licni-stavovi	6	30	https://www.danas.rs/dijalog/licni-stavovi/olimpijski-komitet-mesni-odbor-sns/	Uprkos činjenici da se okitio medaljama, ostao je upamćen kao košarkaš koji iz Zvezde prelazi u Partizan (konvertitstvo se kod naprednjaka predano neguje), na balkonu gradske skupštine sriče šovinističke stihove koje Šešelj može da sklepa, ali ne može da izgovori, i o klin patike kači bez oproštaja od publike.		Uprkos činjenici da se okitio medaljama, ostao je upamćen kao košarkaš koji iz Zvezde prelazi u Partizan (konvertitstvo se kod naprednjaka predano neguje), na balkonu gradske skupštine sriče šovinističke stihove koje Šešelj može da sklepa, ali ne može da izgovori, i o klin patike kači bez oproštaja od publike.
dan-974679248862-007	danas	974679248862	kolumna	sport	licni-stavovi	7	30	https://www.danas.rs/dijalog/licni-stavovi/olimpijski-komitet-mesni-odbor-sns/	Odveć otuđen za vedre mladiće, previše nadobudan za sredovečne politikante.		Odveć otuđen za vedre mladiće, previše nadobudan za sredovečne politikante.
dan-974679248862-008	danas	974679248862	kolumna	sport	licni-stavovi	8	30	https://www.danas.rs/dijalog/licni-stavovi/olimpijski-komitet-mesni-odbor-sns/	Karakterom, vrednoćom, ozbiljnošću, istrajnošću, intelektualnom nadogradnjom nije se nametnuo ni publici, rigidnim moralizatorstvom zapao je za oko sigurno tek ponekom.		Karakterom, vrednoćom, ozbiljnošću, istrajnošću, intelektualnom nadogradnjom nije se nametnuo ni publici, rigidnim moralizatorstvom zapao je za oko sigurno tek ponekom.
dan-974679248862-009	danas	974679248862	kolumna	sport	licni-stavovi	9	30	https://www.danas.rs/dijalog/licni-stavovi/olimpijski-komitet-mesni-odbor-sns/	Bez oreola najboljeg ili bar poštovanog, na draftu za SNS nije kupljen u prvom krugu.		Bez oreola najboljeg ili bar poštovanog, na draftu za SNS nije kupljen u prvom krugu.
dan-974679248862-010	danas	974679248862	kolumna	sport	licni-stavovi	10	30	https://www.danas.rs/dijalog/licni-stavovi/olimpijski-komitet-mesni-odbor-sns/	Kada smo postali država u kojoj je jedina neograničena sloboda – sloboda za laž – pojavljuje se i Tomašević sa klupe za rezervne igrače.		Kada smo postali država u kojoj je jedina neograničena sloboda – sloboda za laž – pojavljuje se i Tomašević sa klupe za rezervne igrače.
dan-419895962630-006	danas	419895962630	kolumna	pol-drustvo	licni-stavovi	6	30	https://www.danas.rs/dijalog/licni-stavovi/tekst-aleksandra-dikica-napisan-u-pritvoru-sedam-hiljada-sibirskih-sekundi-kroz-tamnicki-prozor/	Sav novac izvadite iz novčanika i stavite u džep od pantalona.	Y	„Sav novac izvadite iz novčanika i stavite u džep od pantalona.“
dan-419895962630-007	danas	419895962630	kolumna	pol-drustvo	licni-stavovi	7	30	https://www.danas.rs/dijalog/licni-stavovi/tekst-aleksandra-dikica-napisan-u-pritvoru-sedam-hiljada-sibirskih-sekundi-kroz-tamnicki-prozor/	Misao o slobodi otvara vrata onostanog sveta, ona neprestano luta kroz beskonačnost ljudskost uma; razum, savest i emocije određuju joj koordinate unutar te neistražene beskrajnosti.		Misao o slobodi otvara vrata onostanog sveta, ona neprestano luta kroz beskonačnost ljudskost uma; razum, savest i emocije određuju joj koordinate unutar te neistražene beskrajnosti.
dan-419895962630-008	danas	419895962630	kolumna	pol-drustvo	licni-stavovi	8	30	https://www.danas.rs/dijalog/licni-stavovi/tekst-aleksandra-dikica-napisan-u-pritvoru-sedam-hiljada-sibirskih-sekundi-kroz-tamnicki-prozor/	„Uzmite jastuk, čaršav i dva ćebeta.		„Uzmite jastuk, čaršav i dva ćebeta.
dan-419895962630-009	danas	419895962630	kolumna	pol-drustvo	licni-stavovi	9	30	https://www.danas.rs/dijalog/licni-stavovi/tekst-aleksandra-dikica-napisan-u-pritvoru-sedam-hiljada-sibirskih-sekundi-kroz-tamnicki-prozor/	Čovek kao slobodno biće ograničen je fizičkim i prirodnim zakonima spoljašnjeg sveta.		Čovek kao slobodno biće ograničen je fizičkim i prirodnim zakonima spoljašnjeg sveta.
dan-419895962630-010	danas	419895962630	kolumna	pol-drustvo	licni-stavovi	10	30	https://www.danas.rs/dijalog/licni-stavovi/tekst-aleksandra-dikica-napisan-u-pritvoru-sedam-hiljada-sibirskih-sekundi-kroz-tamnicki-prozor/	Taj nedostatak je nepopravljivi defekt spoljašnjih znakova slobode, nasuprot misli i slobodi koja uprkos gravitaciji leti, uprkos vremenu traje, uprkos prolaznosti menja se i utvrđuje.		Taj nedostatak je nepopravljivi defekt spoljašnjih znakova slobode, nasuprot misli i slobodi koja uprkos gravitaciji leti, uprkos vremenu traje, uprkos prolaznosti menja se i utvrđuje.
dan-419895962630-011	danas	419895962630	kolumna	pol-drustvo	licni-stavovi	11	30	https://www.danas.rs/dijalog/licni-stavovi/tekst-aleksandra-dikica-napisan-u-pritvoru-sedam-hiljada-sibirskih-sekundi-kroz-tamnicki-prozor/	„Vrata se ne otključavaju bez prethodnog poziva kroz otvoreni prozorčić preko kojeg jedino možete da komunicirate sa službenim licima.		„Vrata se ne otključavaju bez prethodnog poziva kroz otvoreni prozorčić preko kojeg jedino možete da komunicirate sa službenim licima.
dan-419895962630-012	danas	419895962630	kolumna	pol-drustvo	licni-stavovi	12	30	https://www.danas.rs/dijalog/licni-stavovi/tekst-aleksandra-dikica-napisan-u-pritvoru-sedam-hiljada-sibirskih-sekundi-kroz-tamnicki-prozor/	Sloboda ne prestaje pretećim zveketom ključaonice, nje nema onda kada strah, očaj ili krivica čoveka onesposobe za bilo koju vrstu intelektualne operacije.		Sloboda ne prestaje pretećim zveketom ključaonice, nje nema onda kada strah, očaj ili krivica čoveka onesposobe za bilo koju vrstu intelektualne operacije.
dan-419895962630-013	danas	419895962630	kolumna	pol-drustvo	licni-stavovi	13	30	https://www.danas.rs/dijalog/licni-stavovi/tekst-aleksandra-dikica-napisan-u-pritvoru-sedam-hiljada-sibirskih-sekundi-kroz-tamnicki-prozor/	Kada je čovek nasilno odvojen od sopstvene spoznaje sebe kao misaonog bića, kada je sveden na broj, kada zidovi koji ga okružuju postanu barijere unutar njegovog razuma – tada on postaje pravi zarobljenik.		Kada je čovek nasilno odvojen od sopstvene spoznaje sebe kao misaonog bića, kada je sveden na broj, kada zidovi koji ga okružuju postanu barijere unutar njegovog razuma – tada on postaje pravi zarobljenik.
dan-760585665622-023	danas	760585665622	kolumna	pol-drustvo	licni-stavovi	23	40	https://www.danas.rs/dijalog/licni-stavovi/zar-to-nije-dovoljno-da-stanemo-uz-njih/	Gospodareve sluge koriste i specifičan jezik kao filter za oblikovanje dozvoljenog mišljenja.		Gospodareve sluge koriste i specifičan jezik kao filter za oblikovanje dozvoljenog mišljenja.
dan-760585665622-024	danas	760585665622	kolumna	pol-drustvo	licni-stavovi	24	40	https://www.danas.rs/dijalog/licni-stavovi/zar-to-nije-dovoljno-da-stanemo-uz-njih/	Termini poput: ustaše, blokaderi, izdajnici, obojena revolucija, rušenje ustavnog poretka – brišu razlike između činjenica i mišljenja i poništavaju odgovornost za izgovorene reči.		Termini poput: ustaše, blokaderi, izdajnici, obojena revolucija, rušenje ustavnog poretka – brišu razlike između činjenica i mišljenja i poništavaju odgovornost za izgovorene reči.
dan-760585665622-025	danas	760585665622	kolumna	pol-drustvo	licni-stavovi	25	40	https://www.danas.rs/dijalog/licni-stavovi/zar-to-nije-dovoljno-da-stanemo-uz-njih/	Ta ideologija, uostalom, ne traži da joj verujemo, već da joj se prilagodimo.		Ta ideologija, uostalom, ne traži da joj verujemo, već da joj se prilagodimo.
dan-760585665622-026	danas	760585665622	kolumna	pol-drustvo	licni-stavovi	26	40	https://www.danas.rs/dijalog/licni-stavovi/zar-to-nije-dovoljno-da-stanemo-uz-njih/	Ona ne želi građanina koji odlučuje, već onoga koji ponuđeno prihvata.		Ona ne želi građanina koji odlučuje, već onoga koji ponuđeno prihvata.
dan-760585665622-027	danas	760585665622	kolumna	pol-drustvo	licni-stavovi	27	40	https://www.danas.rs/dijalog/licni-stavovi/zar-to-nije-dovoljno-da-stanemo-uz-njih/	Moć koju su stekli ne deluje samo represivno, već i produktivno – proizvodi diskurse, kategorije i obrasce mišljenja koje pojedinac često ne može da prepozna.		Moć koju su stekli ne deluje samo represivno, već i produktivno – proizvodi diskurse, kategorije i obrasce mišljenja koje pojedinac često ne može da prepozna.
dan-760585665622-028	danas	760585665622	kolumna	pol-drustvo	licni-stavovi	28	40	https://www.danas.rs/dijalog/licni-stavovi/zar-to-nije-dovoljno-da-stanemo-uz-njih/	Ideologija koju nameću oblikuje okvir u kojem konstrukcije dobijaju značenje aksioma.		Ideologija koju nameću oblikuje okvir u kojem konstrukcije dobijaju značenje aksioma.
dan-760585665622-029	danas	760585665622	kolumna	pol-drustvo	licni-stavovi	29	40	https://www.danas.rs/dijalog/licni-stavovi/zar-to-nije-dovoljno-da-stanemo-uz-njih/	Ona opstaje ne samo kroz zabranu govora, već i kroz inflaciju narativa.		Ona opstaje ne samo kroz zabranu govora, već i kroz inflaciju narativa.
dan-760585665622-030	danas	760585665622	kolumna	pol-drustvo	licni-stavovi	30	40	https://www.danas.rs/dijalog/licni-stavovi/zar-to-nije-dovoljno-da-stanemo-uz-njih/	Ne traži slepu veru, već navikavanje.		Ne traži slepu veru, već navikavanje.
dan-349129965166-009	danas	349129965166	kolumna	pol-drustvo	licni-stavovi	9	34	https://www.danas.rs/dijalog/licni-stavovi/licni-stav-dragana-delica-u-cemu-je-jedini-spas-za-sadasnju-vlast/	Ukoliko ovome dodamo glasove lažnih opozicionih i novostvorenih stranaka, koje neće proći cenzus ali će „pokloniti“ skupštinske mandate SNS koaliciji, dolazimo do četrdeset odsto glasačkog tela.		Ukoliko ovome dodamo glasove lažnih opozicionih i novostvorenih stranaka, koje neće proći cenzus ali će „pokloniti“ skupštinske mandate SNS koaliciji, dolazimo do četrdeset odsto glasačkog tela.
dan-349129965166-010	danas	349129965166	kolumna	pol-drustvo	licni-stavovi	10	34	https://www.danas.rs/dijalog/licni-stavovi/licni-stav-dragana-delica-u-cemu-je-jedini-spas-za-sadasnju-vlast/	Takođe, ne zaboravimo da deset do petnaest odsto glasača neće izaći na glasanje iz različitih razloga (npr. godinama egzistira dubokoraširena floskula „svi ste vi isti“).		Takođe, ne zaboravimo da deset do petnaest odsto glasača neće izaći na glasanje iz različitih razloga (npr. godinama egzistira dubokoraširena floskula „svi ste vi isti“).
dan-349129965166-011	danas	349129965166	kolumna	pol-drustvo	licni-stavovi	11	34	https://www.danas.rs/dijalog/licni-stavovi/licni-stav-dragana-delica-u-cemu-je-jedini-spas-za-sadasnju-vlast/	I pored svih kontrola, ne isključujem neki procenat ukradenih glasova od strane SNS mašinerije – po pravilu, koliko im bude trebalo.		I pored svih kontrola, ne isključujem neki procenat ukradenih glasova od strane SNS mašinerije – po pravilu, koliko im bude trebalo.
dan-349129965166-012	danas	349129965166	kolumna	pol-drustvo	licni-stavovi	12	34	https://www.danas.rs/dijalog/licni-stavovi/licni-stav-dragana-delica-u-cemu-je-jedini-spas-za-sadasnju-vlast/	Ključ uspeha na izborima je da ovo „koliko im bude trebalo“ bude što brojnije (veće) i praktično neostvarivo.		Ključ uspeha na izborima je da ovo „koliko im bude trebalo“ bude što brojnije (veće) i praktično neostvarivo.
dan-349129965166-013	danas	349129965166	kolumna	pol-drustvo	licni-stavovi	13	34	https://www.danas.rs/dijalog/licni-stavovi/licni-stav-dragana-delica-u-cemu-je-jedini-spas-za-sadasnju-vlast/	U vremenu preispitivanja i svođenja računa, moram da iznesem i sledeće političke stavove.		U vremenu preispitivanja i svođenja računa, moram da iznesem i sledeće političke stavove.
dan-349129965166-014	danas	349129965166	kolumna	pol-drustvo	licni-stavovi	14	34	https://www.danas.rs/dijalog/licni-stavovi/licni-stav-dragana-delica-u-cemu-je-jedini-spas-za-sadasnju-vlast/	Samo hrabrošću i istinom nijedna politička pobeda nije izvojevana, pa neće ni sada u Srbiji.		Samo hrabrošću i istinom nijedna politička pobeda nije izvojevana, pa neće ni sada u Srbiji.
dan-349129965166-015	danas	349129965166	kolumna	pol-drustvo	licni-stavovi	15	34	https://www.danas.rs/dijalog/licni-stavovi/licni-stav-dragana-delica-u-cemu-je-jedini-spas-za-sadasnju-vlast/	Istina je da nas je značajno više, ali smo podeljeni, neorganizovani i oslabljeni unutrašnjim razlikama.		Istina je da nas je značajno više, ali smo podeljeni, neorganizovani i oslabljeni unutrašnjim razlikama.
dan-349129965166-016	danas	349129965166	kolumna	pol-drustvo	licni-stavovi	16	34	https://www.danas.rs/dijalog/licni-stavovi/licni-stav-dragana-delica-u-cemu-je-jedini-spas-za-sadasnju-vlast/	Evidentan je i destruktivan upliv lažnih opozicionih partija, pripadnika raznih službi, propagandista, preletača i političkih hohštaplera u vidu nabeđenih političkih analitičara.		Evidentan je i destruktivan upliv lažnih opozicionih partija, pripadnika raznih službi, propagandista, preletača i političkih hohštaplera u vidu nabeđenih političkih analitičara.
dan-918945551232-025	danas	918945551232	kolumna	ekonomija	licni-stavovi	25	34	https://www.danas.rs/dijalog/licni-stavovi/zakociti-sa-infrastrukturnim-investicijama/	A i za njih kao i naše potencijalne investitore neophodna je prepoznatljiva razvojna politika.		A i za njih kao i naše potencijalne investitore neophodna je prepoznatljiva razvojna politika.
dan-918945551232-026	danas	918945551232	kolumna	ekonomija	licni-stavovi	26	34	https://www.danas.rs/dijalog/licni-stavovi/zakociti-sa-infrastrukturnim-investicijama/	Potrebna je i za izbor pravca u obrazovanju.		Potrebna je i za izbor pravca u obrazovanju.
dan-918945551232-027	danas	918945551232	kolumna	ekonomija	licni-stavovi	27	34	https://www.danas.rs/dijalog/licni-stavovi/zakociti-sa-infrastrukturnim-investicijama/	Naravno, za velike domaće investicije neophodan je i veliki domaći investicioni kapital.		Naravno, za velike domaće investicije neophodan je i veliki domaći investicioni kapital.
dan-918945551232-028	danas	918945551232	kolumna	ekonomija	licni-stavovi	28	34	https://www.danas.rs/dijalog/licni-stavovi/zakociti-sa-infrastrukturnim-investicijama/	To podrazumeva strogo poštovanje zlatnog ekonomskog pravila da sredstva za ličnu potrošnju rastu u skladu sa rastom privredne aktivnosti i stimulativan sistem štednje, što je put i do niže inflacije.		To podrazumeva strogo poštovanje zlatnog ekonomskog pravila da sredstva za ličnu potrošnju rastu u skladu sa rastom privredne aktivnosti i stimulativan sistem štednje, što je put i do niže inflacije.
dan-918945551232-029	danas	918945551232	kolumna	ekonomija	licni-stavovi	29	34	https://www.danas.rs/dijalog/licni-stavovi/zakociti-sa-infrastrukturnim-investicijama/	Ne krenemo li tim putem, brzo ćemo udariti u zid.		Ne krenemo li tim putem, brzo ćemo udariti u zid.
dan-918945551232-030	danas	918945551232	kolumna	ekonomija	licni-stavovi	30	34	https://www.danas.rs/dijalog/licni-stavovi/zakociti-sa-infrastrukturnim-investicijama/	Strani investitori kojima za njihove programe treba jeftina radna snaga otići će tamo gde je ima više.		Strani investitori kojima za njihove programe treba jeftina radna snaga otići će tamo gde je ima više.
dan-918945551232-031	danas	918945551232	kolumna	ekonomija	licni-stavovi	31	34	https://www.danas.rs/dijalog/licni-stavovi/zakociti-sa-infrastrukturnim-investicijama/	Sve manji budžetski kapacitet za vraćanje dospelih dugova i sve veće zaziranje stranih kreditora od ovakvog političkog ambijenta i ovog modela razvoja, suziće mogućnost novog zaduživanja.		Sve manji budžetski kapacitet za vraćanje dospelih dugova i sve veće zaziranje stranih kreditora od ovakvog političkog ambijenta i ovog modela razvoja, suziće mogućnost novog zaduživanja.
dan-918945551232-032	danas	918945551232	kolumna	ekonomija	licni-stavovi	32	34	https://www.danas.rs/dijalog/licni-stavovi/zakociti-sa-infrastrukturnim-investicijama/	Sve veći broj „gastarbajtera“ ne znači i veći priliv doznaka iz inostranstva, već sve veće porodično integrisanje u nove životne sredine, te smanjenje korisnika doznaka.		Sve veći broj „gastarbajtera“ ne znači i veći priliv doznaka iz inostranstva, već sve veće porodično integrisanje u nove životne sredine, te smanjenje korisnika doznaka.
dan-390414344818-023	danas	390414344818	kolumna	pol-drustvo	licni-stavovi	23	40	https://www.danas.rs/dijalog/licni-stavovi/doktorka-protiv-svojih-kolega/	Ili isplata ide na ruke ministru zdravlja?		Ili isplata ide na ruke ministru zdravlja?
dan-390414344818-024	danas	390414344818	kolumna	pol-drustvo	licni-stavovi	24	40	https://www.danas.rs/dijalog/licni-stavovi/doktorka-protiv-svojih-kolega/	Zašto se onda lekari ne bune?		Zašto se onda lekari ne bune?
dan-390414344818-025	danas	390414344818	kolumna	pol-drustvo	licni-stavovi	25	40	https://www.danas.rs/dijalog/licni-stavovi/doktorka-protiv-svojih-kolega/	Poznato je da bi ovaj svet bio mnogo mračnije, rizičnije i tragičnije mesto za život da nije vakcinacije.		Poznato je da bi ovaj svet bio mnogo mračnije, rizičnije i tragičnije mesto za život da nije vakcinacije.
dan-390414344818-026	danas	390414344818	kolumna	pol-drustvo	licni-stavovi	26	40	https://www.danas.rs/dijalog/licni-stavovi/doktorka-protiv-svojih-kolega/	Svetska zdravstvena organizacija (SZO) ju je označila kao najveći doprinos savremene medicine čovečanstvu.		Svetska zdravstvena organizacija (SZO) ju je označila kao najveći doprinos savremene medicine čovečanstvu.
dan-390414344818-027	danas	390414344818	kolumna	pol-drustvo	licni-stavovi	27	40	https://www.danas.rs/dijalog/licni-stavovi/doktorka-protiv-svojih-kolega/	Ispred nje je, istorijski gledano, stavila snabdevanje čistom vodom.		Ispred nje je, istorijski gledano, stavila snabdevanje čistom vodom.
dan-390414344818-028	danas	390414344818	kolumna	pol-drustvo	licni-stavovi	28	40	https://www.danas.rs/dijalog/licni-stavovi/doktorka-protiv-svojih-kolega/	Međutim, to je doprinos medicine iz vremena sanitarnog buđenja i rađanja moderne epidemiologije pre 150-200 godina.		Međutim, to je doprinos medicine iz vremena sanitarnog buđenja i rađanja moderne epidemiologije pre 150-200 godina.
dan-390414344818-029	danas	390414344818	kolumna	pol-drustvo	licni-stavovi	29	40	https://www.danas.rs/dijalog/licni-stavovi/doktorka-protiv-svojih-kolega/	Vodom se danas bave sanitarni inženjeri.		Vodom se danas bave sanitarni inženjeri.
dan-390414344818-030	danas	390414344818	kolumna	pol-drustvo	licni-stavovi	30	40	https://www.danas.rs/dijalog/licni-stavovi/doktorka-protiv-svojih-kolega/	Lekari je ne propisuju na recept, ali njihovo zalaganje za vakcinaciju održava ovu civilizaciju na, bar što se zaraza tiče, relativno bezbednom nivou.		Lekari je ne propisuju na recept, ali njihovo zalaganje za vakcinaciju održava ovu civilizaciju na, bar što se zaraza tiče, relativno bezbednom nivou.
dan-41704243850-000	danas	41704243850	kolumna	svet	licni-stavovi	0	7	https://www.danas.rs/dijalog/licni-stavovi/pustiti-vucicevica-u-crnu-goru/	Crnogorska policija je 26. juna 2026. godine zabranila ulazak u Crnu Goru vlasniku „Informera“, Draganu J. Vučićeviću, uz obrazloženje da u kontinuitetu širi govor mržnje prema državi Crnoj Gori i njenim građanima.		Crnogorska policija je 26. juna 2026. godine zabranila ulazak u Crnu Goru vlasniku „Informera“, Draganu J. Vučićeviću, uz obrazloženje da u kontinuitetu širi govor mržnje prema državi Crnoj Gori i njenim građanima.
dan-41704243850-001	danas	41704243850	kolumna	svet	licni-stavovi	1	7	https://www.danas.rs/dijalog/licni-stavovi/pustiti-vucicevica-u-crnu-goru/	Predsednik Srbije stao je u zaštitu Dragana Vučićevića i ocenio da bi Srbija mogla da uvede recipročne mere prema Crnoj Gori nakon zabrane njegovog ulaska.		Predsednik Srbije stao je u zaštitu Dragana Vučićevića i ocenio da bi Srbija mogla da uvede recipročne mere prema Crnoj Gori nakon zabrane njegovog ulaska.
dan-41704243850-002	danas	41704243850	kolumna	svet	licni-stavovi	2	7	https://www.danas.rs/dijalog/licni-stavovi/pustiti-vucicevica-u-crnu-goru/	Izjavio je da tu odluku smatra „velikom greškom“, da očekuje da je crnogorske vlasti preispitaju i dodao: „Možda ćemo morati da pristupimo recipročnim merama“, navodeći da bi one mogle da pogode i građane Crne Gore ukoliko zabrana ostane na snazi.		Izjavio je da tu odluku smatra „velikom greškom“, da očekuje da je crnogorske vlasti preispitaju i dodao: „Možda ćemo morati da pristupimo recipročnim merama“, navodeći da bi one mogle da pogode i građane Crne Gore ukoliko zabrana ostane na snazi.
dan-41704243850-003	danas	41704243850	kolumna	svet	licni-stavovi	3	7	https://www.danas.rs/dijalog/licni-stavovi/pustiti-vucicevica-u-crnu-goru/	Nezavisno od stava predsednika Srbije, smatram da je Crna Gora pogrešila što nije dozvolila Draganu Vučićeviću da uđe u tu zemlju.		Nezavisno od stava predsednika Srbije, smatram da je Crna Gora pogrešila što nije dozvolila Draganu Vučićeviću da uđe u tu zemlju.
dan-41704243850-004	danas	41704243850	kolumna	svet	licni-stavovi	4	7	https://www.danas.rs/dijalog/licni-stavovi/pustiti-vucicevica-u-crnu-goru/	Uveren sam da bi ga građani Crne Gore zaustavljali i tražili da im u lice ponovi ono što je rekao na televiziji – „crnogorska stoko“.		Uveren sam da bi ga građani Crne Gore zaustavljali i tražili da im u lice ponovi ono što je rekao na televiziji – „crnogorska stoko“.
dan-41704243850-005	danas	41704243850	kolumna	svet	licni-stavovi	5	7	https://www.danas.rs/dijalog/licni-stavovi/pustiti-vucicevica-u-crnu-goru/	Takve uvrede se ne izgovaraju svakoga dana, a još ređe neko ima priliku da ih ponovi onima kojima su upućene.		Takve uvrede se ne izgovaraju svakoga dana, a još ređe neko ima priliku da ih ponovi onima kojima su upućene.
dan-41704243850-006	danas	41704243850	kolumna	svet	licni-stavovi	6	7	https://www.danas.rs/dijalog/licni-stavovi/pustiti-vucicevica-u-crnu-goru/	Ako već nekoga nazivate stokom, red je da budete spremni da to kažete i kada se nađete među ljudima koje ste uvredili.		Ako već nekoga nazivate stokom, red je da budete spremni da to kažete i kada se nađete među ljudima koje ste uvredili.
dan-342624403880-001	danas	342624403880	kolumna	hronika	licni-stavovi	1	21	https://www.danas.rs/dijalog/licni-stavovi/sarena-prica-o-slucaju-senjak/	S jedne strane imate tri policajca koji obezbeđuju šefa beogradske policije Veselina Milića, a u istom objektu dvojica policajaca čuvaju Sašu Vukovića Bosketa.		S jedne strane imate tri policajca koji obezbeđuju šefa beogradske policije Veselina Milića, a u istom objektu dvojica policajaca čuvaju Sašu Vukovića Bosketa.
dan-342624403880-002	danas	342624403880	kolumna	hronika	licni-stavovi	2	21	https://www.danas.rs/dijalog/licni-stavovi/sarena-prica-o-slucaju-senjak/	Normalno je da to zna i vidi šef beogradske policije.		Normalno je da to zna i vidi šef beogradske policije.
dan-342624403880-003	danas	342624403880	kolumna	hronika	licni-stavovi	3	21	https://www.danas.rs/dijalog/licni-stavovi/sarena-prica-o-slucaju-senjak/	Događa se ubistvo u kojem je učestvovalo više lica, ispaljeno je desetak hitaca, ko zna iz koliko komada oružja i kojih kalibara.		Događa se ubistvo u kojem je učestvovalo više lica, ispaljeno je desetak hitaca, ko zna iz koliko komada oružja i kojih kalibara.
dan-342624403880-004	danas	342624403880	kolumna	hronika	licni-stavovi	4	21	https://www.danas.rs/dijalog/licni-stavovi/sarena-prica-o-slucaju-senjak/	Onda sledi iznošenje Nešovića, mrtvog ili polumrtvog, iz restorana.		Onda sledi iznošenje Nešovića, mrtvog ili polumrtvog, iz restorana.
dan-342624403880-005	danas	342624403880	kolumna	hronika	licni-stavovi	5	21	https://www.danas.rs/dijalog/licni-stavovi/sarena-prica-o-slucaju-senjak/	Tome svemu prisustvuje desetak osoba i svi su svedoci čitavog događaja.		Tome svemu prisustvuje desetak osoba i svi su svedoci čitavog događaja.
dan-342624403880-006	danas	342624403880	kolumna	hronika	licni-stavovi	6	21	https://www.danas.rs/dijalog/licni-stavovi/sarena-prica-o-slucaju-senjak/	Znači, šest policajaca, uključujući i Milića, kelneri, navodni vlasnik restorana, diplomate i slučajni gosti.		Znači, šest policajaca, uključujući i Milića, kelneri, navodni vlasnik restorana, diplomate i slučajni gosti.
dan-342624403880-007	danas	342624403880	kolumna	hronika	licni-stavovi	7	21	https://www.danas.rs/dijalog/licni-stavovi/sarena-prica-o-slucaju-senjak/	Počinju scene kao iz filma Maratonci trče počasni krug.		Počinju scene kao iz filma Maratonci trče počasni krug.
dan-342624403880-008	danas	342624403880	kolumna	hronika	licni-stavovi	8	21	https://www.danas.rs/dijalog/licni-stavovi/sarena-prica-o-slucaju-senjak/	Pakovanje leša, traženje bureta, spaljivanje u nekom prostoru, betoniranje, transport i zakopavanje.		Pakovanje leša, traženje bureta, spaljivanje u nekom prostoru, betoniranje, transport i zakopavanje.
dan-302863878731-005	danas	302863878731	kolumna	pol-drustvo	redakcijski-komentar	5	18	https://www.danas.rs/dijalog/redakcijski-komentar/neprijatelji-i-junaci/	Naravno, policija je – za razliku od napada na studente u blokadi – hitno reagovala i pohapsila 18 studenata, korisnika Studentskog grada.		Naravno, policija je – za razliku od napada na studente u blokadi – hitno reagovala i pohapsila 18 studenata, korisnika Studentskog grada.
dan-302863878731-006	danas	302863878731	kolumna	pol-drustvo	redakcijski-komentar	6	18	https://www.danas.rs/dijalog/redakcijski-komentar/neprijatelji-i-junaci/	U celokupnoj situaciji ponovo se istakao Vučić, pokazavši da je svako ko napadne „njegove“ – neprijatelj nacije.		U celokupnoj situaciji ponovo se istakao Vučić, pokazavši da je svako ko napadne „njegove“ – neprijatelj nacije.
dan-302863878731-007	danas	302863878731	kolumna	pol-drustvo	redakcijski-komentar	7	18	https://www.danas.rs/dijalog/redakcijski-komentar/neprijatelji-i-junaci/	Dok, kada ti isti „njegovi“ lome kosti studentima, oni postaju junaci.		Dok, kada ti isti „njegovi“ lome kosti studentima, oni postaju junaci.
dan-302863878731-008	danas	302863878731	kolumna	pol-drustvo	redakcijski-komentar	8	18	https://www.danas.rs/dijalog/redakcijski-komentar/neprijatelji-i-junaci/	Ne samo da većinu napada na studente u blokadi nije osudio, Vučić ih je podstrekivao, opravdavao nasilnike i davao im još veći kredibilitet.		Ne samo da većinu napada na studente u blokadi nije osudio, Vučić ih je podstrekivao, opravdavao nasilnike i davao im još veći kredibilitet.
dan-302863878731-009	danas	302863878731	kolumna	pol-drustvo	redakcijski-komentar	9	18	https://www.danas.rs/dijalog/redakcijski-komentar/neprijatelji-i-junaci/	Za njegovog ljubimca sistem je morao da radi ekspresno brzo, da hapsi i one koji nikada nisu zaslužili da budu iza rešetaka.		Za njegovog ljubimca sistem je morao da radi ekspresno brzo, da hapsi i one koji nikada nisu zaslužili da budu iza rešetaka.
dan-302863878731-010	danas	302863878731	kolumna	pol-drustvo	redakcijski-komentar	10	18	https://www.danas.rs/dijalog/redakcijski-komentar/neprijatelji-i-junaci/	Slučaj Miloša Pavlovića još je jedna potvrda da ne živimo svi u istoj Srbiji.		Slučaj Miloša Pavlovića još je jedna potvrda da ne živimo svi u istoj Srbiji.
dan-302863878731-011	danas	302863878731	kolumna	pol-drustvo	redakcijski-komentar	11	18	https://www.danas.rs/dijalog/redakcijski-komentar/neprijatelji-i-junaci/	Dan pre nego što se dogodio incident u Studentskom gradu, na Zvezdari je napadnut student Pravnog fakulteta Petar Živković, koji je zadobio povrede glave usled napada.		Dan pre nego što se dogodio incident u Studentskom gradu, na Zvezdari je napadnut student Pravnog fakulteta Petar Živković, koji je zadobio povrede glave usled napada.
dan-302863878731-012	danas	302863878731	kolumna	pol-drustvo	redakcijski-komentar	12	18	https://www.danas.rs/dijalog/redakcijski-komentar/neprijatelji-i-junaci/	Na poziv Petrovog oca policija nije odmah reagovala, a prorežimski tabloidi pokušavaju napad da prikažu kao navijačku tuču, iako Petar nije nosio obeležja nijednog kluba.		Na poziv Petrovog oca policija nije odmah reagovala, a prorežimski tabloidi pokušavaju napad da prikažu kao navijačku tuču, iako Petar nije nosio obeležja nijednog kluba.
dan-872698080602-004	danas	872698080602	kolumna	pol-drustvo	redakcijski-komentar	4	12	https://www.danas.rs/dijalog/redakcijski-komentar/kad-ce-beograd-prestati-da-bude-kazablanka/	Sada to očito više ne važi, a u ruskim izvorima, kruže strateške analize, sa zaključcima da Zapad više ne poštuje ni jedno „staro“ pravilo i da primenjuje strategiju: glumi pregovore, izenada udari, obezglavi, povuci se, i opet glumi pregovore.		Sada to očito više ne važi, a u ruskim izvorima, kruže strateške analize, sa zaključcima da Zapad više ne poštuje ni jedno „staro“ pravilo i da primenjuje strategiju: glumi pregovore, izenada udari, obezglavi, povuci se, i opet glumi pregovore.
dan-872698080602-005	danas	872698080602	kolumna	pol-drustvo	redakcijski-komentar	5	12	https://www.danas.rs/dijalog/redakcijski-komentar/kad-ce-beograd-prestati-da-bude-kazablanka/	U tom duhu se može posmatrati i čudan presedan, da je na zvaničnom sajtu ruske bezbednosne službe, objavljena kratka procena političkog stanja u Srbiji sa upozoravajućom prognozom o mogućim nasilnim neredima 1. novembra, na godišnjicu pada nadstrešnice u Novom Sadu.		U tom duhu se može posmatrati i čudan presedan, da je na zvaničnom sajtu ruske bezbednosne službe, objavljena kratka procena političkog stanja u Srbiji sa upozoravajućom prognozom o mogućim nasilnim neredima 1. novembra, na godišnjicu pada nadstrešnice u Novom Sadu.
dan-872698080602-006	danas	872698080602	kolumna	pol-drustvo	redakcijski-komentar	6	12	https://www.danas.rs/dijalog/redakcijski-komentar/kad-ce-beograd-prestati-da-bude-kazablanka/	Predsednik Vučić, koji se toliko često pred kamerama busa u grudi da vodi samostalnu politiku, i da nema naredbodavca ni u Briselu, ni u Londonu, ni u Moskvi, međutim, komentarisao je ovaj izveštaj tonom otprilike kao što i komentariše izveštaje Evropske komisije o napretku Srbije ka članstvu u EU.		Predsednik Vučić, koji se toliko često pred kamerama busa u grudi da vodi samostalnu politiku, i da nema naredbodavca ni u Briselu, ni u Londonu, ni u Moskvi, međutim, komentarisao je ovaj izveštaj tonom otprilike kao što i komentariše izveštaje Evropske komisije o napretku Srbije ka članstvu u EU.
dan-872698080602-007	danas	872698080602	kolumna	pol-drustvo	redakcijski-komentar	7	12	https://www.danas.rs/dijalog/redakcijski-komentar/kad-ce-beograd-prestati-da-bude-kazablanka/	A to je da je primio k znanju na najzvaničniji mogući način i da će ozbiljno „analizirati“, dok će „naše bezbednosne agencije razgovarati o tome sa njima“ (ruskim obaveštajcima).		A to je da je primio k znanju na najzvaničniji mogući način i da će ozbiljno „analizirati“, dok će „naše bezbednosne agencije razgovarati o tome sa njima“ (ruskim obaveštajcima).
dan-872698080602-008	danas	872698080602	kolumna	pol-drustvo	redakcijski-komentar	8	12	https://www.danas.rs/dijalog/redakcijski-komentar/kad-ce-beograd-prestati-da-bude-kazablanka/	Mnogi bi rekli da je i mnogo iskrenije oberčuke prihvatio ovaj izveštaj ruskih špijuna, nego izveštaje briselskih birokrata, ovi drugi se trude da daju okvir celom društvu, ovi prvi pak okvir opstanka njegove lične vlasti.		Mnogi bi rekli da je i mnogo iskrenije oberčuke prihvatio ovaj izveštaj ruskih špijuna, nego izveštaje briselskih birokrata, ovi drugi se trude da daju okvir celom društvu, ovi prvi pak okvir opstanka njegove lične vlasti.
dan-872698080602-009	danas	872698080602	kolumna	pol-drustvo	redakcijski-komentar	9	12	https://www.danas.rs/dijalog/redakcijski-komentar/kad-ce-beograd-prestati-da-bude-kazablanka/	„Oni (koji protestuju u Srbiji, prim. ured.) moraju da naprave jedan veliki pokušaj, koji će biti manji nego onaj na Vidovdan, kada su skupili oko 30.000 ljudi”, kaže Vučić, upotrebljavajući u unutrašnjoj borbi taj ruski izveštaj što jače i što češće može.		„Oni (koji protestuju u Srbiji, prim. ured.) moraju da naprave jedan veliki pokušaj, koji će biti manji nego onaj na Vidovdan, kada su skupili oko 30.000 ljudi”, kaže Vučić, upotrebljavajući u unutrašnjoj borbi taj ruski izveštaj što jače i što češće može.
dan-872698080602-010	danas	872698080602	kolumna	pol-drustvo	redakcijski-komentar	10	12	https://www.danas.rs/dijalog/redakcijski-komentar/kad-ce-beograd-prestati-da-bude-kazablanka/	Tako smiruje revolt građana i tako dodaje ubedljivost i svemu što sam govori i izmišlja o antirežimskih protestima.		Tako smiruje revolt građana i tako dodaje ubedljivost i svemu što sam govori i izmišlja o antirežimskih protestima.
dan-872698080602-011	danas	872698080602	kolumna	pol-drustvo	redakcijski-komentar	11	12	https://www.danas.rs/dijalog/redakcijski-komentar/kad-ce-beograd-prestati-da-bude-kazablanka/	Tako i pospešuje teorije zavere kako se u Srbiji odvija uživo eksperiment, u kome su njeni stanovnici svrstani u dve grupe – eksperimentalnu, to je ona koju predvodi Vučić, i kontrolnu, onu koja je protiv njega.		Tako i pospešuje teorije zavere kako se u Srbiji odvija uživo eksperiment, u kome su njeni stanovnici svrstani u dve grupe – eksperimentalnu, to je ona koju predvodi Vučić, i kontrolnu, onu koja je protiv njega.
bli-30537917607-043	blic	30537917607	kolumna	pol-drustvo	politika	43	74	https://www.blic.rs/vesti/politika/cedomir-antic-pise-za-blic-o-demokratiji/e11hk13	Od pet rimskih vrlina čak dve su vezane za veru.		Od pet rimskih vrlina čak dve su vezane za veru.
bli-30537917607-044	blic	30537917607	kolumna	pol-drustvo	politika	44	74	https://www.blic.rs/vesti/politika/cedomir-antic-pise-za-blic-o-demokratiji/e11hk13	Rimska demokratija je nestala sa hrabrim tribunima i čestitim senatorima koji su svuda oko sebe videli bogove i njihove izaslanike.		Rimska demokratija je nestala sa hrabrim tribunima i čestitim senatorima koji su svuda oko sebe videli bogove i njihove izaslanike.
bli-30537917607-045	blic	30537917607	kolumna	pol-drustvo	politika	45	74	https://www.blic.rs/vesti/politika/cedomir-antic-pise-za-blic-o-demokratiji/e11hk13	Zato su i bili spremni da budu neobični pošteni i ludački hrabri.		Zato su i bili spremni da budu neobični pošteni i ludački hrabri.
bli-30537917607-046	blic	30537917607	kolumna	pol-drustvo	politika	46	74	https://www.blic.rs/vesti/politika/cedomir-antic-pise-za-blic-o-demokratiji/e11hk13	Vera se kasnije pretvorila u običaj, koji je nestao sa društvom koje je postalo svetsko carstvo.		Vera se kasnije pretvorila u običaj, koji je nestao sa društvom koje je postalo svetsko carstvo.
bli-30537917607-047	blic	30537917607	kolumna	pol-drustvo	politika	47	74	https://www.blic.rs/vesti/politika/cedomir-antic-pise-za-blic-o-demokratiji/e11hk13	Posle vekova inercija je prekinuta, a ostala je samo nekritička, idealizovana uspomena.		Posle vekova inercija je prekinuta, a ostala je samo nekritička, idealizovana uspomena.
bli-30537917607-048	blic	30537917607	kolumna	pol-drustvo	politika	48	74	https://www.blic.rs/vesti/politika/cedomir-antic-pise-za-blic-o-demokratiji/e11hk13	Mnoge je razočarala činjenica da je veliki Semjuel Hantington potpuno zanemario činjenicu da je na Balkanu, a pre svega u Srbiji, demokratija nakon višedecenijske borbe obnovljena osamdesetih i devedesetih godina 19. veka.		Mnoge je razočarala činjenica da je veliki Semjuel Hantington potpuno zanemario činjenicu da je na Balkanu, a pre svega u Srbiji, demokratija nakon višedecenijske borbe obnovljena osamdesetih i devedesetih godina 19. veka.
bli-30537917607-049	blic	30537917607	kolumna	pol-drustvo	politika	49	74	https://www.blic.rs/vesti/politika/cedomir-antic-pise-za-blic-o-demokratiji/e11hk13	Tada je Srbija, uz sve nedostatke i muke, imala visok udeo birača u stanovništvu, slobodne izbore i raznorodnu skupštinu koja je birala vlade.		Tada je Srbija, uz sve nedostatke i muke, imala visok udeo birača u stanovništvu, slobodne izbore i raznorodnu skupštinu koja je birala vlade.
bli-30537917607-050	blic	30537917607	kolumna	pol-drustvo	politika	50	74	https://www.blic.rs/vesti/politika/cedomir-antic-pise-za-blic-o-demokratiji/e11hk13	Uprkos činjenici da su srpski vladari davali ostavke (abdicirali) u slučaju polovine srpskih novovekovnih monarha, dok srpski predsednici republika ostavke nisu davali nikada, osim nevoljno i formalno, kada bi se odlučili za prevremene izbore.		Uprkos činjenici da su srpski vladari davali ostavke (abdicirali) u slučaju polovine srpskih novovekovnih monarha, dok srpski predsednici republika ostavke nisu davali nikada, osim nevoljno i formalno, kada bi se odlučili za prevremene izbore.
bli-50659446364-048	blic	50659446364	kolumna	pol-drustvo	politika	48	65	https://www.blic.rs/vesti/politika/cedomir-antic-pise-za-blic-izdaja-kroz-istoriju/n9tbqzg	Ipak, mnogo energije je svih ovih godina uloženo u stvaranje idealnih izdajnika, podobnih Satani ili Judi.		Ipak, mnogo energije je svih ovih godina uloženo u stvaranje idealnih izdajnika, podobnih Satani ili Judi.
bli-50659446364-049	blic	50659446364	kolumna	pol-drustvo	politika	49	65	https://www.blic.rs/vesti/politika/cedomir-antic-pise-za-blic-izdaja-kroz-istoriju/n9tbqzg	Ujedno najbližih nekom idealu ali i onima koji su ga najstrašnije izneverili.		Ujedno najbližih nekom idealu ali i onima koji su ga najstrašnije izneverili.
bli-50659446364-050	blic	50659446364	kolumna	pol-drustvo	politika	50	65	https://www.blic.rs/vesti/politika/cedomir-antic-pise-za-blic-izdaja-kroz-istoriju/n9tbqzg	Rimska tradicija nije imala dileme: vojskovođa i senator Gaj Marcije Koriolan proslavljeni pobednik u ratovima sa susedima početkom 5. veka pre Hrista lažno je bio optužen; umesto da kao rodoljub prihvati sud otadžbine prebegao je nekadašnjim neprijateljima i povevši njihovu vojsku pobedio u bici rimske legije.		Rimska tradicija nije imala dileme: vojskovođa i senator Gaj Marcije Koriolan proslavljeni pobednik u ratovima sa susedima početkom 5. veka pre Hrista lažno je bio optužen; umesto da kao rodoljub prihvati sud otadžbine prebegao je nekadašnjim neprijateljima i povevši njihovu vojsku pobedio u bici rimske legije.
bli-50659446364-051	blic	50659446364	kolumna	pol-drustvo	politika	51	65	https://www.blic.rs/vesti/politika/cedomir-antic-pise-za-blic-izdaja-kroz-istoriju/n9tbqzg	Sujetan, on je zamalo osvojio Rim.		Sujetan, on je zamalo osvojio Rim.
bli-50659446364-052	blic	50659446364	kolumna	pol-drustvo	politika	52	65	https://www.blic.rs/vesti/politika/cedomir-antic-pise-za-blic-izdaja-kroz-istoriju/n9tbqzg	Suze majke, žene i dece podstakle su ga da odvrati svoju vojsku ali je zbog toga ubijen.		Suze majke, žene i dece podstakle su ga da odvrati svoju vojsku ali je zbog toga ubijen.
bli-50659446364-053	blic	50659446364	kolumna	pol-drustvo	politika	53	65	https://www.blic.rs/vesti/politika/cedomir-antic-pise-za-blic-izdaja-kroz-istoriju/n9tbqzg	Izdaja dakle potiče od sujete, sebičnosti, narcisoidnosti.		Izdaja dakle potiče od sujete, sebičnosti, narcisoidnosti.
bli-50659446364-054	blic	50659446364	kolumna	pol-drustvo	politika	54	65	https://www.blic.rs/vesti/politika/cedomir-antic-pise-za-blic-izdaja-kroz-istoriju/n9tbqzg	No, u slučaju naroda kakav je srpski – koji vekuju pod teretom unutrašnjih slabosti i spoljnih opterećenja, stvari nisu tako jednostavne.		No, u slučaju naroda kakav je srpski – koji vekuju pod teretom unutrašnjih slabosti i spoljnih opterećenja, stvari nisu tako jednostavne.
bli-50659446364-055	blic	50659446364	kolumna	pol-drustvo	politika	55	65	https://www.blic.rs/vesti/politika/cedomir-antic-pise-za-blic-izdaja-kroz-istoriju/n9tbqzg	Zar nije Milan Nedić bio najodlikovaniji srpski i jugoslovenski general, zar nije uoči preuzimanja bezuticajnog mesta predsednika vlade koja nije imala državu I bila pod kontrolom nemačke vojne uprave izgubio sina, dvogodišnje unuče i snaju.		Zar nije Milan Nedić bio najodlikovaniji srpski i jugoslovenski general, zar nije uoči preuzimanja bezuticajnog mesta predsednika vlade koja nije imala državu I bila pod kontrolom nemačke vojne uprave izgubio sina, dvogodišnje unuče i snaju.
bli-68156912677-053	blic	68156912677	kolumna	pol-drustvo	politika	53	67	https://www.blic.rs/vesti/politika/cedomir-antic-kolumna-zasto-ne-volim-radikale/vb6v6ed	I najveći neprijatelji radikala početkom 20. veka bili su patrioti i voleli su svoj narod.		I najveći neprijatelji radikala početkom 20. veka bili su patrioti i voleli su svoj narod.
bli-68156912677-054	blic	68156912677	kolumna	pol-drustvo	politika	54	67	https://www.blic.rs/vesti/politika/cedomir-antic-kolumna-zasto-ne-volim-radikale/vb6v6ed	Tada je još uvek važila misao da će se narod "prosvetiti i osloboditi" - oslobodio se, kvalifikovao, možda i obrazovao, ali ne obavezno i prosvetio.		Tada je još uvek važila misao da će se narod "prosvetiti i osloboditi" - oslobodio se, kvalifikovao, možda i obrazovao, ali ne obavezno i prosvetio.
bli-68156912677-055	blic	68156912677	kolumna	pol-drustvo	politika	55	67	https://www.blic.rs/vesti/politika/cedomir-antic-kolumna-zasto-ne-volim-radikale/vb6v6ed	Videli smo da ni modernizacija nije zec, pa da pobegne.		Videli smo da ni modernizacija nije zec, pa da pobegne.
bli-68156912677-056	blic	68156912677	kolumna	pol-drustvo	politika	56	67	https://www.blic.rs/vesti/politika/cedomir-antic-kolumna-zasto-ne-volim-radikale/vb6v6ed	Nismo mi Srbi Inke ni Sijuksi da nas voz promena pregazi.		Nismo mi Srbi Inke ni Sijuksi da nas voz promena pregazi.
bli-68156912677-057	blic	68156912677	kolumna	pol-drustvo	politika	57	67	https://www.blic.rs/vesti/politika/cedomir-antic-kolumna-zasto-ne-volim-radikale/vb6v6ed	Modernizacije će biti i ona će na posletku uspeti koliko je to moguće.		Modernizacije će biti i ona će na posletku uspeti koliko je to moguće.
bli-68156912677-058	blic	68156912677	kolumna	pol-drustvo	politika	58	67	https://www.blic.rs/vesti/politika/cedomir-antic-kolumna-zasto-ne-volim-radikale/vb6v6ed	Neobično je da je na tridesetu godišnjicu početka najvećeg izazova srpskom narodu posle osmanskog osvajanja (2020), pod jednom populističkom i delimično autoritarnom vladom SNS-a Srbija doživela da nekada duboko podeljena, oko svih velikih pitanja unutrašnje i spoljne politike bude saglasno između 80 i 90% njenih građana.		Neobično je da je na tridesetu godišnjicu početka najvećeg izazova srpskom narodu posle osmanskog osvajanja (2020), pod jednom populističkom i delimično autoritarnom vladom SNS-a Srbija doživela da nekada duboko podeljena, oko svih velikih pitanja unutrašnje i spoljne politike bude saglasno između 80 i 90% njenih građana.
bli-68156912677-059	blic	68156912677	kolumna	pol-drustvo	politika	59	67	https://www.blic.rs/vesti/politika/cedomir-antic-kolumna-zasto-ne-volim-radikale/vb6v6ed	Nebitno je što je istovremeno za vlast bilo 43% a za opoziciju (šta god to značilo) 40% birača.		Nebitno je što je istovremeno za vlast bilo 43% a za opoziciju (šta god to značilo) 40% birača.
bli-68156912677-060	blic	68156912677	kolumna	pol-drustvo	politika	60	67	https://www.blic.rs/vesti/politika/cedomir-antic-kolumna-zasto-ne-volim-radikale/vb6v6ed	To je i dobro, pošto bi smena vlasti uz toliku saglasnost oko ključnih pitanja trebalo da bude povoljna i pogodna za interese nacije i države.		To je i dobro, pošto bi smena vlasti uz toliku saglasnost oko ključnih pitanja trebalo da bude povoljna i pogodna za interese nacije i države.
bli-12250897430-021	blic	12250897430	kolumna	pol-drustvo	politika	21	68	https://www.blic.rs/vesti/politika/cedomir-antic-pise-za-blic-o-mrznji/5mlv8ye	Sa druge strane da li je politička pobeda moguća bez onih koji nemaju ispravne motive, kao i bez nesrećnih, uskraćenih, neiživljenih, glupih, nezrelnih, mentalno bolesnih…?		Sa druge strane da li je politička pobeda moguća bez onih koji nemaju ispravne motive, kao i bez nesrećnih, uskraćenih, neiživljenih, glupih, nezrelnih, mentalno bolesnih…?
bli-12250897430-022	blic	12250897430	kolumna	pol-drustvo	politika	22	68	https://www.blic.rs/vesti/politika/cedomir-antic-pise-za-blic-o-mrznji/5mlv8ye	Moja generacija teško da je mogla to razumeti.		Moja generacija teško da je mogla to razumeti.
bli-12250897430-023	blic	12250897430	kolumna	pol-drustvo	politika	23	68	https://www.blic.rs/vesti/politika/cedomir-antic-pise-za-blic-o-mrznji/5mlv8ye	U politiku smo ušli kao maloletni, početkom devedesetih godina, kada su se snovi širom sveta mešali sa javom.		U politiku smo ušli kao maloletni, početkom devedesetih godina, kada su se snovi širom sveta mešali sa javom.
bli-12250897430-024	blic	12250897430	kolumna	pol-drustvo	politika	24	68	https://www.blic.rs/vesti/politika/cedomir-antic-pise-za-blic-o-mrznji/5mlv8ye	Duvao je "vetar promena", a pravi nobelovci verovali su da je nastupio kraj istorije.		Duvao je "vetar promena", a pravi nobelovci verovali su da je nastupio kraj istorije.
bli-12250897430-025	blic	12250897430	kolumna	pol-drustvo	politika	25	68	https://www.blic.rs/vesti/politika/cedomir-antic-pise-za-blic-o-mrznji/5mlv8ye	U našem svetu postojao je jugoslovenski i srpski državni problem, ali i tačno uverenje da srpski komunisti nisu prihvatii sopstvenu odgovornost za prethodnih pola stoleća, kao i da nisu razumeli novo vreme.		U našem svetu postojao je jugoslovenski i srpski državni problem, ali i tačno uverenje da srpski komunisti nisu prihvatii sopstvenu odgovornost za prethodnih pola stoleća, kao i da nisu razumeli novo vreme.
bli-12250897430-026	blic	12250897430	kolumna	pol-drustvo	politika	26	68	https://www.blic.rs/vesti/politika/cedomir-antic-pise-za-blic-o-mrznji/5mlv8ye	Da su stare podele produbljivali a nacionalno pomirenje odbijali - činjenica je jasna svakome ko danas pročita bilo koje režimske novine iz tog razdoblja.		Da su stare podele produbljivali a nacionalno pomirenje odbijali - činjenica je jasna svakome ko danas pročita bilo koje režimske novine iz tog razdoblja.
bli-12250897430-027	blic	12250897430	kolumna	pol-drustvo	politika	27	68	https://www.blic.rs/vesti/politika/cedomir-antic-pise-za-blic-o-mrznji/5mlv8ye	Predaja Krajine i Kosova i Metohije, bez posledica po režim, ali i bogaćenje i bahatost dela režimskih prvaka iz vremena sankcija, mogli su samo da pojačaju gnev opozicionara i otvore nove sukobe.		Predaja Krajine i Kosova i Metohije, bez posledica po režim, ali i bogaćenje i bahatost dela režimskih prvaka iz vremena sankcija, mogli su samo da pojačaju gnev opozicionara i otvore nove sukobe.
bli-12250897430-028	blic	12250897430	kolumna	pol-drustvo	politika	28	68	https://www.blic.rs/vesti/politika/cedomir-antic-pise-za-blic-o-mrznji/5mlv8ye	Do pojave Trampa Zapad se naočigled srpske javnosti udavio u sopstvenim lažima i licemerju.		Do pojave Trampa Zapad se naočigled srpske javnosti udavio u sopstvenim lažima i licemerju.
bli-69573754796-022	blic	69573754796	kolumna	svet	politika	22	68	https://www.blic.rs/vesti/politika/cedomir-antic-pise-za-blic-u-crnoj-gori-je-moguce-biti-srbin-a-biti-protiv-srbije/vymf0rw	Prevlast je, međutim u takvoj disproporciji manjoj strani teško da dugoročno ostvari, a to bi značilo i da se Crna Gora od 1990. do danas prečesto nađe na gubitiničkoj strani.		Prevlast je, međutim u takvoj disproporciji manjoj strani teško da dugoročno ostvari, a to bi značilo i da se Crna Gora od 1990. do danas prečesto nađe na gubitiničkoj strani.
bli-69573754796-023	blic	69573754796	kolumna	svet	politika	23	68	https://www.blic.rs/vesti/politika/cedomir-antic-pise-za-blic-u-crnoj-gori-je-moguce-biti-srbin-a-biti-protiv-srbije/vymf0rw	Tek su okolnosti sa početka našeg veka – pritisak iz inostranstva, teškoće u samoj Srbiji, dinamika promena u Crnoj Gori – učinili da Đukanovićev režim izađe na čistac i kaže da želi nesrpsku, nezavisnu crnogorsku državu.		Tek su okolnosti sa početka našeg veka – pritisak iz inostranstva, teškoće u samoj Srbiji, dinamika promena u Crnoj Gori – učinili da Đukanovićev režim izađe na čistac i kaže da želi nesrpsku, nezavisnu crnogorsku državu.
bli-69573754796-024	blic	69573754796	kolumna	svet	politika	24	68	https://www.blic.rs/vesti/politika/cedomir-antic-pise-za-blic-u-crnoj-gori-je-moguce-biti-srbin-a-biti-protiv-srbije/vymf0rw	Nekada jedinstveni srpski narod Crne Gore, formalno se izjašnjavao kao nova nacija, ali su vremenom crnogorski i jugoslovenski identitet postali realnost, dok je srpstvo svedeno na folkor i jedno u Beogradu neverovatno, ali u Crnoj Gori fundamentalno, pitanje „hoće li nam izvanjci nešto određivati“.		Nekada jedinstveni srpski narod Crne Gore, formalno se izjašnjavao kao nova nacija, ali su vremenom crnogorski i jugoslovenski identitet postali realnost, dok je srpstvo svedeno na folkor i jedno u Beogradu neverovatno, ali u Crnoj Gori fundamentalno, pitanje „hoće li nam izvanjci nešto određivati“.
bli-69573754796-025	blic	69573754796	kolumna	svet	politika	25	68	https://www.blic.rs/vesti/politika/cedomir-antic-pise-za-blic-u-crnoj-gori-je-moguce-biti-srbin-a-biti-protiv-srbije/vymf0rw	Samo zahvaljujući Đukanovićevoj koncepciji prema kojoj su Srbi postali najveći neprijatelji, a novi identitet povezan sa projektima razbijanja SFR Jugoslavije (istina deset godina posle njenog nestanka), ovo pitanje je postalo provorazredno.		Samo zahvaljujući Đukanovićevoj koncepciji prema kojoj su Srbi postali najveći neprijatelji, a novi identitet povezan sa projektima razbijanja SFR Jugoslavije (istina deset godina posle njenog nestanka), ovo pitanje je postalo provorazredno.
bli-69573754796-026	blic	69573754796	kolumna	svet	politika	26	68	https://www.blic.rs/vesti/politika/cedomir-antic-pise-za-blic-u-crnoj-gori-je-moguce-biti-srbin-a-biti-protiv-srbije/vymf0rw	Mada veliko je pitanje kakva je to bila srpska hegemonija kada su Crnom Gorm „brate i rođe“ upravljale i 1919. a nekmoli 1990. ili 2001. godine, dok Beograđani, Somborci, Piroćanci ili Užičani nikada, od vremena despota Đurđa Smederevca, nikada nisu imali ništa sa vođenjem crnogorskih poslova.		Mada veliko je pitanje kakva je to bila srpska hegemonija kada su Crnom Gorm „brate i rođe“ upravljale i 1919. a nekmoli 1990. ili 2001. godine, dok Beograđani, Somborci, Piroćanci ili Užičani nikada, od vremena despota Đurđa Smederevca, nikada nisu imali ništa sa vođenjem crnogorskih poslova.
bli-69573754796-027	blic	69573754796	kolumna	svet	politika	27	68	https://www.blic.rs/vesti/politika/cedomir-antic-pise-za-blic-u-crnoj-gori-je-moguce-biti-srbin-a-biti-protiv-srbije/vymf0rw	Stvarnost Crne Gore je petrifikacija odnosa snaga među njenim pravoslavnim stanovništvom.		Stvarnost Crne Gore je petrifikacija odnosa snaga među njenim pravoslavnim stanovništvom.
bli-69573754796-028	blic	69573754796	kolumna	svet	politika	28	68	https://www.blic.rs/vesti/politika/cedomir-antic-pise-za-blic-u-crnoj-gori-je-moguce-biti-srbin-a-biti-protiv-srbije/vymf0rw	Srba će, dokle god postoji nezavisna Crna Gora biti nešto manje od Crnogoraca.		Srba će, dokle god postoji nezavisna Crna Gora biti nešto manje od Crnogoraca.
bli-69573754796-029	blic	69573754796	kolumna	svet	politika	29	68	https://www.blic.rs/vesti/politika/cedomir-antic-pise-za-blic-u-crnoj-gori-je-moguce-biti-srbin-a-biti-protiv-srbije/vymf0rw	Srpski jezik će, dokle god bude i malo demokratije u toj državi, biti jezik najvećeg dela njenog stanovništva.		Srpski jezik će, dokle god bude i malo demokratije u toj državi, biti jezik najvećeg dela njenog stanovništva.
bli-15033754859-001	blic	15033754859	kolumna	pol-drustvo	politika	1	62	https://www.blic.rs/vesti/politika/cedomir-antic-pise-za-blic-nikada-nije-bilo-gore/6wmpjhn	Kultura sela, posebno balkanskog, gde još uvek živi duh kolektiva zadruge koja ne trpi velike razlike niti iznenadnu sreću koja nije kolektivna, učinila je da se mnogo lakše žalimo nego hvalimo, a kada činimo ovo potonje razlog smo obično mi sami, posebni u odnosu na sve druge.		Kultura sela, posebno balkanskog, gde još uvek živi duh kolektiva zadruge koja ne trpi velike razlike niti iznenadnu sreću koja nije kolektivna, učinila je da se mnogo lakše žalimo nego hvalimo, a kada činimo ovo potonje razlog smo obično mi sami, posebni u odnosu na sve druge.
bli-15033754859-002	blic	15033754859	kolumna	pol-drustvo	politika	2	62	https://www.blic.rs/vesti/politika/cedomir-antic-pise-za-blic-nikada-nije-bilo-gore/6wmpjhn	Onaj ko hvali nešto kolektivno, obično je viđen kao neko sa skrivenim namerama.		Onaj ko hvali nešto kolektivno, obično je viđen kao neko sa skrivenim namerama.
bli-15033754859-003	blic	15033754859	kolumna	pol-drustvo	politika	3	62	https://www.blic.rs/vesti/politika/cedomir-antic-pise-za-blic-nikada-nije-bilo-gore/6wmpjhn	Ovih dana mnogo je bilo reči o tome kakav je standard u Srbiji.		Ovih dana mnogo je bilo reči o tome kakav je standard u Srbiji.
bli-15033754859-004	blic	15033754859	kolumna	pol-drustvo	politika	4	62	https://www.blic.rs/vesti/politika/cedomir-antic-pise-za-blic-nikada-nije-bilo-gore/6wmpjhn	Vlast je navodila podatke o prosečnim zaradama u balkanskim državama koje još uvek nisu promljene u Evropsku uniju, dok je opozicija poredila ove zarade sa primanjima u Evropskoj uniji.		Vlast je navodila podatke o prosečnim zaradama u balkanskim državama koje još uvek nisu promljene u Evropsku uniju, dok je opozicija poredila ove zarade sa primanjima u Evropskoj uniji.
bli-15033754859-005	blic	15033754859	kolumna	pol-drustvo	politika	5	62	https://www.blic.rs/vesti/politika/cedomir-antic-pise-za-blic-nikada-nije-bilo-gore/6wmpjhn	Razume se, u politici argumenti moraju biti jednostavni.		Razume se, u politici argumenti moraju biti jednostavni.
bli-15033754859-006	blic	15033754859	kolumna	pol-drustvo	politika	6	62	https://www.blic.rs/vesti/politika/cedomir-antic-pise-za-blic-nikada-nije-bilo-gore/6wmpjhn	Da bi bili jednostavni, oni moraju biti u najmanju ruku neprecizni.		Da bi bili jednostavni, oni moraju biti u najmanju ruku neprecizni.
bli-15033754859-007	blic	15033754859	kolumna	pol-drustvo	politika	7	62	https://www.blic.rs/vesti/politika/cedomir-antic-pise-za-blic-nikada-nije-bilo-gore/6wmpjhn	Nepreciznost u nauci često predstavlja drugi naziv za netačnost.		Nepreciznost u nauci često predstavlja drugi naziv za netačnost.
bli-15033754859-008	blic	15033754859	kolumna	pol-drustvo	politika	8	62	https://www.blic.rs/vesti/politika/cedomir-antic-pise-za-blic-nikada-nije-bilo-gore/6wmpjhn	Pođimo, na početku od toga da za životni standard jednog naroda trenutna vlast ima veliki, ali ne i presudni značaj.		Pođimo, na početku od toga da za životni standard jednog naroda trenutna vlast ima veliki, ali ne i presudni značaj.
bli-20798595648-014	blic	20798595648	kolumna	pol-drustvo	politika	14	116	https://www.blic.rs/vesti/politika/tatjana-macura-pise-za-blic-dijalog-nije-ustupak-dijalog-je-odgovornost/9jyy340	Čak i kada ne postoji potpuno slaganje, razgovor otvara mogućnost za kompromis.		Čak i kada ne postoji potpuno slaganje, razgovor otvara mogućnost za kompromis.
bli-20798595648-015	blic	20798595648	kolumna	pol-drustvo	politika	15	116	https://www.blic.rs/vesti/politika/tatjana-macura-pise-za-blic-dijalog-nije-ustupak-dijalog-je-odgovornost/9jyy340	Zato dijalog ne doživljavam kao znak slabosti.		Zato dijalog ne doživljavam kao znak slabosti.
bli-20798595648-016	blic	20798595648	kolumna	pol-drustvo	politika	16	116	https://www.blic.rs/vesti/politika/tatjana-macura-pise-za-blic-dijalog-nije-ustupak-dijalog-je-odgovornost/9jyy340	Dijalog je dokaz političke snage, samopouzdanja i odgovornosti.		Dijalog je dokaz političke snage, samopouzdanja i odgovornosti.
bli-20798595648-017	blic	20798595648	kolumna	pol-drustvo	politika	17	116	https://www.blic.rs/vesti/politika/tatjana-macura-pise-za-blic-dijalog-nije-ustupak-dijalog-je-odgovornost/9jyy340	Posebno danas, kada je naše društvo duboko polarizovano.		Posebno danas, kada je naše društvo duboko polarizovano.
bli-20798595648-018	blic	20798595648	kolumna	pol-drustvo	politika	18	116	https://www.blic.rs/vesti/politika/tatjana-macura-pise-za-blic-dijalog-nije-ustupak-dijalog-je-odgovornost/9jyy340	U Srbiji imamo ljude koji se međusobno ne slažu oko gotovo svega.		U Srbiji imamo ljude koji se međusobno ne slažu oko gotovo svega.
bli-20798595648-019	blic	20798595648	kolumna	pol-drustvo	politika	19	116	https://www.blic.rs/vesti/politika/tatjana-macura-pise-za-blic-dijalog-nije-ustupak-dijalog-je-odgovornost/9jyy340	Imamo različita politička uverenja, različita očekivanja od institucija, različite poglede na ono što se dešava u društvu i različite odgovore na pitanje u kom pravcu Srbija treba da ide.		Imamo različita politička uverenja, različita očekivanja od institucija, različite poglede na ono što se dešava u društvu i različite odgovore na pitanje u kom pravcu Srbija treba da ide.
bli-20798595648-020	blic	20798595648	kolumna	pol-drustvo	politika	20	116	https://www.blic.rs/vesti/politika/tatjana-macura-pise-za-blic-dijalog-nije-ustupak-dijalog-je-odgovornost/9jyy340	I to samo po sebi nije problem.		I to samo po sebi nije problem.
bli-20798595648-021	blic	20798595648	kolumna	pol-drustvo	politika	21	116	https://www.blic.rs/vesti/politika/tatjana-macura-pise-za-blic-dijalog-nije-ustupak-dijalog-je-odgovornost/9jyy340	Problem nastaje onda kada počnemo da verujemo da onaj ko misli drugačije nema pravo da bude saslušan.		Problem nastaje onda kada počnemo da verujemo da onaj ko misli drugačije nema pravo da bude saslušan.
bli-73198626059-000	blic	73198626059	vest	hronika	hronika	0	7	https://www.blic.rs/vesti/hronika/decak-13-vozio-golf-pa-se-zakucao-u-vozilo-sa-bebom-uzas-kod-bijelog-polja/xmkklcb	Maloletnik (13) iz Bijelog Polja povredio je više osoba u saobraćajnoj nezgodi u Ravnoj Rijeci, upravljajući putničkim motornim vozilom.		Maloletnik (13) iz Bijelog Polja povredio je više osoba u saobraćajnoj nezgodi u Ravnoj Rijeci, upravljajući putničkim motornim vozilom.
bli-73198626059-001	blic	73198626059	vest	hronika	hronika	1	7	https://www.blic.rs/vesti/hronika/decak-13-vozio-golf-pa-se-zakucao-u-vozilo-sa-bebom-uzas-kod-bijelog-polja/xmkklcb	Nakon nezgode, više članova jedne porodice hitno je transportovano u bjelopoljsku bolnicu.		Nakon nezgode, više članova jedne porodice hitno je transportovano u bjelopoljsku bolnicu.
bli-73198626059-002	blic	73198626059	vest	hronika	hronika	2	7	https://www.blic.rs/vesti/hronika/decak-13-vozio-golf-pa-se-zakucao-u-vozilo-sa-bebom-uzas-kod-bijelog-polja/xmkklcb	Iz policije je Vijestima nezvanično potvrđeno da je 13-godišnjak S.D. u 15 sati i 17 minuta u mestu Ravna rijeka, upravljajući vozilom "golf" , iz za sada neutvrđenih razloga, ostvario kontakt sa vozilom " volvo", kojim je upravljao Bjelopoljac V.S, u čijem se vozilu nalazilo više članova porodice.		Iz policije je Vijestima nezvanično potvrđeno da je 13-godišnjak S.D. u 15 sati i 17 minuta u mestu Ravna rijeka, upravljajući vozilom "golf" , iz za sada neutvrđenih razloga, ostvario kontakt sa vozilom " volvo", kojim je upravljao Bjelopoljac V.S, u čijem se vozilu nalazilo više članova porodice.
bli-73198626059-003	blic	73198626059	vest	hronika	hronika	3	7	https://www.blic.rs/vesti/hronika/decak-13-vozio-golf-pa-se-zakucao-u-vozilo-sa-bebom-uzas-kod-bijelog-polja/xmkklcb	Nakon nezgode, u bolnicu je primljeno sedam osoba, od kojih su tri zadobile teže, a četiri lakše telesne povrede.		Nakon nezgode, u bolnicu je primljeno sedam osoba, od kojih su tri zadobile teže, a četiri lakše telesne povrede.
bli-73198626059-004	blic	73198626059	vest	hronika	hronika	4	7	https://www.blic.rs/vesti/hronika/decak-13-vozio-golf-pa-se-zakucao-u-vozilo-sa-bebom-uzas-kod-bijelog-polja/xmkklcb	Vozač "volva" V. S. (46), L.S. (10) i maloletni vozač "golfa" S.D. (13) zadobili su teške telesne povrede, dok su saputnici u vozilu "volvo" O. S. (39), L.S. (1) i suvozač u "golfu" V.B. (16) zadobili lakše telesne povrede.		Vozač "volva" V. S. (46), L.S. (10) i maloletni vozač "golfa" S.D. (13) zadobili su teške telesne povrede, dok su saputnici u vozilu "volvo" O. S. (39), L.S. (1) i suvozač u "golfu" V.B. (16) zadobili lakše telesne povrede.
bli-73198626059-005	blic	73198626059	vest	hronika	hronika	5	7	https://www.blic.rs/vesti/hronika/decak-13-vozio-golf-pa-se-zakucao-u-vozilo-sa-bebom-uzas-kod-bijelog-polja/xmkklcb	Iz Osnovnog državnog tužilaštva (ODT) je saopšteno da je danas oko 15.10 časova došlo do saobraćajne nezgode u kojoj su učestvovali putničko vozilo marke "volvo" kojim je upravljao V.S. iz pravca Majstorovine u pravcu Ravne Rijeke i putničko vozilo marke "golf" kojim je iz suprotnog pravca upravljalo dete.		Iz Osnovnog državnog tužilaštva (ODT) je saopšteno da je danas oko 15.10 časova došlo do saobraćajne nezgode u kojoj su učestvovali putničko vozilo marke "volvo" kojim je upravljao V.S. iz pravca Majstorovine u pravcu Ravne Rijeke i putničko vozilo marke "golf" kojim je iz suprotnog pravca upravljalo dete.
bli-73198626059-006	blic	73198626059	vest	hronika	hronika	6	7	https://www.blic.rs/vesti/hronika/decak-13-vozio-golf-pa-se-zakucao-u-vozilo-sa-bebom-uzas-kod-bijelog-polja/xmkklcb	- Uviđaj je obavio dežurni tužilac uz učešće veštaka saobraćajne struke, mašinske struke i ovlašćenih policijskih službenika Uprave Policije OB Bijelo Polje - rečeno je iz ODT-a.		- Uviđaj je obavio dežurni tužilac uz učešće veštaka saobraćajne struke, mašinske struke i ovlašćenih policijskih službenika Uprave Policije OB Bijelo Polje - rečeno je iz ODT-a.
bli-60543088098-002	blic	60543088098	vest	hronika	hronika	2	16	https://www.blic.rs/vesti/hronika/vracarci-ubili-vladimira-popovica-zvanog-vlada-pop-saradnika-luke-bojovica-u-punom/rt9shr6	Po nalogu Javnog tužilaštva za organizovani kriminal, a u saradnji sa EUROJUST i EUROPOL, te pripadnicima MUP RS, DP, SBPOK - Odeljenje za suzbijanje organizovanog opšteg kriminala, danas je u Beogradu lišeno slobode sedam lica.		Po nalogu Javnog tužilaštva za organizovani kriminal, a u saradnji sa EUROJUST i EUROPOL, te pripadnicima MUP RS, DP, SBPOK - Odeljenje za suzbijanje organizovanog opšteg kriminala, danas je u Beogradu lišeno slobode sedam lica.
bli-60543088098-003	blic	60543088098	vest	hronika	hronika	3	16	https://www.blic.rs/vesti/hronika/vracarci-ubili-vladimira-popovica-zvanog-vlada-pop-saradnika-luke-bojovica-u-punom/rt9shr6	Uhapšeni su B.S, U.N, S.M, M.A, N.O, M.T. i M.Ć, u Šapcu tri lica: Đ.T, S.M. i D.G, kao i tri lica u inostranstvu: M.Đ, A.O. i V.M, od kojih dvojica u Kraljevini Španiji.		Uhapšeni su B.S, U.N, S.M, M.A, N.O, M.T. i M.Ć, u Šapcu tri lica: Đ.T, S.M. i D.G, kao i tri lica u inostranstvu: M.Đ, A.O. i V.M, od kojih dvojica u Kraljevini Španiji.
bli-60543088098-004	blic	60543088098	vest	hronika	hronika	4	16	https://www.blic.rs/vesti/hronika/vracarci-ubili-vladimira-popovica-zvanog-vlada-pop-saradnika-luke-bojovica-u-punom/rt9shr6	Vladimir Popović je ubijen u kafiću na Vračaru u decembru 2018. godine dok je bio za stolom u kafiću sa Milošem Nilovićem zvani Runjo.		Vladimir Popović je ubijen u kafiću na Vračaru u decembru 2018. godine dok je bio za stolom u kafiću sa Milošem Nilovićem zvani Runjo.
bli-60543088098-005	blic	60543088098	vest	hronika	hronika	5	16	https://www.blic.rs/vesti/hronika/vracarci-ubili-vladimira-popovica-zvanog-vlada-pop-saradnika-luke-bojovica-u-punom/rt9shr6	U lokal su oko 22 sata upala dvojica maskiranih napadača, od kojih je jedan iz crvene kese izvadio "hekler" i zapucao na Popovića.		U lokal su oko 22 sata upala dvojica maskiranih napadača, od kojih je jedan iz crvene kese izvadio "hekler" i zapucao na Popovića.
bli-60543088098-006	blic	60543088098	vest	hronika	hronika	6	16	https://www.blic.rs/vesti/hronika/vracarci-ubili-vladimira-popovica-zvanog-vlada-pop-saradnika-luke-bojovica-u-punom/rt9shr6	Popović je ustao i nasrnuo na naoružanog napadača i njih dvojica ispali su iz kafića.		Popović je ustao i nasrnuo na naoružanog napadača i njih dvojica ispali su iz kafića.
bli-60543088098-007	blic	60543088098	vest	hronika	hronika	7	16	https://www.blic.rs/vesti/hronika/vracarci-ubili-vladimira-popovica-zvanog-vlada-pop-saradnika-luke-bojovica-u-punom/rt9shr6	Iz "heklera" je ispaljeno oko 15 metaka, od kojih je deset pogodilo Popovića.		Iz "heklera" je ispaljeno oko 15 metaka, od kojih je deset pogodilo Popovića.
bli-60543088098-008	blic	60543088098	vest	hronika	hronika	8	16	https://www.blic.rs/vesti/hronika/vracarci-ubili-vladimira-popovica-zvanog-vlada-pop-saradnika-luke-bojovica-u-punom/rt9shr6	On je podlegavši povredama pao na svog napadača, nakon čega je njegov saučesnik pomerio žrtvu i pomogao ubici da ustane.		On je podlegavši povredama pao na svog napadača, nakon čega je njegov saučesnik pomerio žrtvu i pomogao ubici da ustane.
bli-60543088098-009	blic	60543088098	vest	hronika	hronika	9	16	https://www.blic.rs/vesti/hronika/vracarci-ubili-vladimira-popovica-zvanog-vlada-pop-saradnika-luke-bojovica-u-punom/rt9shr6	Njih dvojica pobegli su "audijem" sa lica mesta.		Njih dvojica pobegli su "audijem" sa lica mesta.
dan-356165045608-000	danas	356165045608	vest	kultura	kultura	0	7	https://www.danas.rs/kultura/kultni-bend-the-necks-ponovo-u-beogradu-jedan-od-najvecih-bendova-na-svetu/	Australijski eksperimentalni džez trio The Necks održaće koncert u četvrtak, 6. novembra u Domu omladine Beograda, sa početkom u 21 čas.		Australijski eksperimentalni džez trio The Necks održaće koncert u četvrtak, 6. novembra u Domu omladine Beograda, sa početkom u 21 čas.
dan-356165045608-001	danas	356165045608	vest	kultura	kultura	1	7	https://www.danas.rs/kultura/kultni-bend-the-necks-ponovo-u-beogradu-jedan-od-najvecih-bendova-na-svetu/	Organizator događaja je nezavisna koncertna agencija Bad Music for Bad People.		Organizator događaja je nezavisna koncertna agencija Bad Music for Bad People.
dan-356165045608-002	danas	356165045608	vest	kultura	kultura	2	7	https://www.danas.rs/kultura/kultni-bend-the-necks-ponovo-u-beogradu-jedan-od-najvecih-bendova-na-svetu/	Sastav koji čine Chris Abrahams (klavir), Tony Buck (bubnjevi) i Lloyd Swanton (kontrabas), nastupa pred beogradskom publikom po četvrti put.		Sastav koji čine Chris Abrahams (klavir), Tony Buck (bubnjevi) i Lloyd Swanton (kontrabas), nastupa pred beogradskom publikom po četvrti put.
dan-356165045608-003	danas	356165045608	vest	kultura	kultura	3	7	https://www.danas.rs/kultura/kultni-bend-the-necks-ponovo-u-beogradu-jedan-od-najvecih-bendova-na-svetu/	Aktivni su još od 1987. godine, a do sada su objavili više od 20 albuma.		Aktivni su još od 1987. godine, a do sada su objavili više od 20 albuma.
dan-356165045608-004	danas	356165045608	vest	kultura	kultura	4	7	https://www.danas.rs/kultura/kultni-bend-the-necks-ponovo-u-beogradu-jedan-od-najvecih-bendova-na-svetu/	The Necks su poznati po dugačkim, hipnotičkim improvizacijama koje brišu granice između džeza, ambijentalne i eksperimentalne muzike.		The Necks su poznati po dugačkim, hipnotičkim improvizacijama koje brišu granice između džeza, ambijentalne i eksperimentalne muzike.
dan-356165045608-005	danas	356165045608	vest	kultura	kultura	5	7	https://www.danas.rs/kultura/kultni-bend-the-necks-ponovo-u-beogradu-jedan-od-najvecih-bendova-na-svetu/	Njihove koncerte kritika često opisuje kao neponovljiva i transformativna iskustva, dok žanrovski okvir njihovog zvuka ostaje teško uhvatljiv.		Njihove koncerte kritika često opisuje kao neponovljiva i transformativna iskustva, dok žanrovski okvir njihovog zvuka ostaje teško uhvatljiv.
dan-356165045608-006	danas	356165045608	vest	kultura	kultura	6	7	https://www.danas.rs/kultura/kultni-bend-the-necks-ponovo-u-beogradu-jedan-od-najvecih-bendova-na-svetu/	Prva cena ulaznica iznosi 3000 dinara, a mogu se nabaviti u pretprodaji na prodajnim mestima Efinity, Pub Brod i Čumić Chillton.		Prva cena ulaznica iznosi 3000 dinara, a mogu se nabaviti u pretprodaji na prodajnim mestima Efinity, Pub Brod i Čumić Chillton.
bli-12874271836-002	blic	12874271836	vest	kultura	kultura	2	14	https://www.blic.rs/kultura/proslavljeni-reditelj-emir-kusturica-otkriva-detalje-o-svom-filmu-posvecenom-moskvi/5wx0bq4	Oni za mene predstavljaju Moskvu.		Oni za mene predstavljaju Moskvu.
bli-12874271836-003	blic	12874271836	vest	kultura	kultura	3	14	https://www.blic.rs/kultura/proslavljeni-reditelj-emir-kusturica-otkriva-detalje-o-svom-filmu-posvecenom-moskvi/5wx0bq4	Arhitektura je novi deo te percepcije, ali ljudi su uvek ono što je grad - rekao je Kusturica odgovarajući na pitanja novinara na Moskovskoj međunarodnoj nedelji filma.		Arhitektura je novi deo te percepcije, ali ljudi su uvek ono što je grad - rekao je Kusturica odgovarajući na pitanja novinara na Moskovskoj međunarodnoj nedelji filma.
bli-12874271836-004	blic	12874271836	vest	kultura	kultura	4	14	https://www.blic.rs/kultura/proslavljeni-reditelj-emir-kusturica-otkriva-detalje-o-svom-filmu-posvecenom-moskvi/5wx0bq4	On se osvrnuo i na svoju životnu priču.		On se osvrnuo i na svoju životnu priču.
bli-12874271836-005	blic	12874271836	vest	kultura	kultura	5	14	https://www.blic.rs/kultura/proslavljeni-reditelj-emir-kusturica-otkriva-detalje-o-svom-filmu-posvecenom-moskvi/5wx0bq4	- Ja sam se rodio u Sarajevu, ali od kada sam zadnji put bio tamo pre 40 godina, više nema ljudi kakvih pamtim.		- Ja sam se rodio u Sarajevu, ali od kada sam zadnji put bio tamo pre 40 godina, više nema ljudi kakvih pamtim.
bli-12874271836-006	blic	12874271836	vest	kultura	kultura	6	14	https://www.blic.rs/kultura/proslavljeni-reditelj-emir-kusturica-otkriva-detalje-o-svom-filmu-posvecenom-moskvi/5wx0bq4	Kada sam saznao da ne mogu tamo da radim, uveliko nije bilo ljudi sa kojima sam odrastao.		Kada sam saznao da ne mogu tamo da radim, uveliko nije bilo ljudi sa kojima sam odrastao.
bli-12874271836-007	blic	12874271836	vest	kultura	kultura	7	14	https://www.blic.rs/kultura/proslavljeni-reditelj-emir-kusturica-otkriva-detalje-o-svom-filmu-posvecenom-moskvi/5wx0bq4	U Moskvi znam mnogo ljudi koje volim i upravo to će biti moja Moskva.		U Moskvi znam mnogo ljudi koje volim i upravo to će biti moja Moskva.
bli-12874271836-008	blic	12874271836	vest	kultura	kultura	8	14	https://www.blic.rs/kultura/proslavljeni-reditelj-emir-kusturica-otkriva-detalje-o-svom-filmu-posvecenom-moskvi/5wx0bq4	Naravno, postoji i formalna Moskva.		Naravno, postoji i formalna Moskva.
bli-12874271836-009	blic	12874271836	vest	kultura	kultura	9	14	https://www.blic.rs/kultura/proslavljeni-reditelj-emir-kusturica-otkriva-detalje-o-svom-filmu-posvecenom-moskvi/5wx0bq4	Džigi Vertova Moskva, koji je već davno napravio vrhunski dokumentarac o Moskvi - rekao je Kusturica, prenosi portal "Iskra"		Džigi Vertova Moskva, koji je već davno napravio vrhunski dokumentarac o Moskvi - rekao je Kusturica, prenosi portal "Iskra"
bli-36086159212-000	blic	36086159212	vest	kultura	kultura	0	5	https://www.blic.rs/kultura/retko-vidjena-slika-pjera-ogista-renoara-prodata-za-145-miliona-evra/gksrmng	Retko viđena slika francuskog impresioniste Pjera-Ogista Renoara, koja prikazuje njegovog sina sa dadiljom, prodata je juče na aukciji u pariskoj aukcijskoj kući Druo za 1,45 miliona evra.		Retko viđena slika francuskog impresioniste Pjera-Ogista Renoara, koja prikazuje njegovog sina sa dadiljom, prodata je juče na aukciji u pariskoj aukcijskoj kući Druo za 1,45 miliona evra.
bli-36086159212-001	blic	36086159212	vest	kultura	kultura	1	5	https://www.blic.rs/kultura/retko-vidjena-slika-pjera-ogista-renoara-prodata-za-145-miliona-evra/gksrmng	Slika nazivana ''Dete sa igračkama - Gabrijela i umetnikov sin Žan'', koju je Renoar naslikao oko 1895. godine, slikar je poklonio Žani Bodo, svojoj jedinoj učenici i bliskoj prijateljici i od tada je slika bila u vlasništvu njene porodice, prenosi Rojters.		Slika nazivana ''Dete sa igračkama - Gabrijela i umetnikov sin Žan'', koju je Renoar naslikao oko 1895. godine, slikar je poklonio Žani Bodo, svojoj jedinoj učenici i bliskoj prijateljici i od tada je slika bila u vlasništvu njene porodice, prenosi Rojters.
bli-36086159212-002	blic	36086159212	vest	kultura	kultura	2	5	https://www.blic.rs/kultura/retko-vidjena-slika-pjera-ogista-renoara-prodata-za-145-miliona-evra/gksrmng	Prodajna cena ove Renoarove slike smatra se skromnom u poređenju sa rekordnim iznosom od oko 95 miliona evra za koji je 2023. godine prodata slika Kloda Monea ''Plastovi sena''.		Prodajna cena ove Renoarove slike smatra se skromnom u poređenju sa rekordnim iznosom od oko 95 miliona evra za koji je 2023. godine prodata slika Kloda Monea ''Plastovi sena''.
bli-36086159212-003	blic	36086159212	vest	kultura	kultura	3	5	https://www.blic.rs/kultura/retko-vidjena-slika-pjera-ogista-renoara-prodata-za-145-miliona-evra/gksrmng	Vidimo ovaj veoma nežan odnos između Žana Renoara i Gabrijele koja zna kako da kontroliše dete kako bi Renoar mogao da ga naslika", rekao je aukcionar Kristof Žoron-Derem.	Y	„Vidimo ovaj veoma nežan odnos između Žana Renoara i Gabrijele koja zna kako da kontroliše dete kako bi Renoar mogao da ga naslika", rekao je aukcionar Kristof Žoron-Derem.“
bli-36086159212-004	blic	36086159212	vest	kultura	kultura	4	5	https://www.blic.rs/kultura/retko-vidjena-slika-pjera-ogista-renoara-prodata-za-145-miliona-evra/gksrmng	Renoar je bio vodeća ličnost impresionističkog pokreta koji je reformisao umetnost krajem 19. veka.		Renoar je bio vodeća ličnost impresionističkog pokreta koji je reformisao umetnost krajem 19. veka.
bli-57014420107-000	blic	57014420107	vest	kultura	kultura	0	9	https://www.blic.rs/kultura/svetski-dan-pozorista-atelje-212-otvara-vrata-otkrijte-tajne-arhitekturu-i-nasledje/q6www3v	Povodom Svetskog dana pozorišta u petak 27. marta 2026. godine Atelje 212 otvara svoja vrata za sve zainteresovane, sa željom da naša publika otkrije i upozna poznate i nepoznate prostore pozorišta.		Povodom Svetskog dana pozorišta u petak 27. marta 2026. godine Atelje 212 otvara svoja vrata za sve zainteresovane, sa željom da naša publika otkrije i upozna poznate i nepoznate prostore pozorišta.
bli-57014420107-001	blic	57014420107	vest	kultura	kultura	1	9	https://www.blic.rs/kultura/svetski-dan-pozorista-atelje-212-otvara-vrata-otkrijte-tajne-arhitekturu-i-nasledje/q6www3v	Ovo jedinstveno iskustvo će omogućiti posetiocima da zavire iza kulisa i otkriju tajne pozorišne zgrade Ateljea 212, jednog od najznačajnijih pozorišta sa ovih prostora.		Ovo jedinstveno iskustvo će omogućiti posetiocima da zavire iza kulisa i otkriju tajne pozorišne zgrade Ateljea 212, jednog od najznačajnijih pozorišta sa ovih prostora.
bli-57014420107-002	blic	57014420107	vest	kultura	kultura	2	9	https://www.blic.rs/kultura/svetski-dan-pozorista-atelje-212-otvara-vrata-otkrijte-tajne-arhitekturu-i-nasledje/q6www3v	Tog dana moći će da se upoznaju sa arhitekturom pozorišta i saznaju više o njegovoj istoriji i važnosti.		Tog dana moći će da se upoznaju sa arhitekturom pozorišta i saznaju više o njegovoj istoriji i važnosti.
bli-57014420107-003	blic	57014420107	vest	kultura	kultura	3	9	https://www.blic.rs/kultura/svetski-dan-pozorista-atelje-212-otvara-vrata-otkrijte-tajne-arhitekturu-i-nasledje/q6www3v	Tokom obilaska, imaće priliku da vide radionice i sve prostore u kojima nastaju predstave, od prve ideje do konačne scenske realizacije, kao i obe pozornice.		Tokom obilaska, imaće priliku da vide radionice i sve prostore u kojima nastaju predstave, od prve ideje do konačne scenske realizacije, kao i obe pozornice.
bli-57014420107-004	blic	57014420107	vest	kultura	kultura	4	9	https://www.blic.rs/kultura/svetski-dan-pozorista-atelje-212-otvara-vrata-otkrijte-tajne-arhitekturu-i-nasledje/q6www3v	Šetnjom kroz Atelje 212, steći će dublje razumevanje 70 godina kulturnog nasleđa i značaja ovog pozorišta kao umetničkog i obrazovnog prostora, kao mesta odakle je sve počelo, a tiče se moderne istorije našeg teatra, istovremeno istražujući pozorište i njegovu ključnu ulogu u oblikovanju istorije i društva.		Šetnjom kroz Atelje 212, steći će dublje razumevanje 70 godina kulturnog nasleđa i značaja ovog pozorišta kao umetničkog i obrazovnog prostora, kao mesta odakle je sve počelo, a tiče se moderne istorije našeg teatra, istovremeno istražujući pozorište i njegovu ključnu ulogu u oblikovanju istorije i društva.
bli-57014420107-005	blic	57014420107	vest	kultura	kultura	5	9	https://www.blic.rs/kultura/svetski-dan-pozorista-atelje-212-otvara-vrata-otkrijte-tajne-arhitekturu-i-nasledje/q6www3v	Saznaće da je zgrada pozorišta zamišljena i modelovana kao dramaturški sistem, tako da je svaki element ili sklop, pa i fizička struktura zgrade u celini zasnovana na ideji o upotrebi, o životu kuće kao kompleksnom arhitektonsko-pozorišnom sistemu.		Saznaće da je zgrada pozorišta zamišljena i modelovana kao dramaturški sistem, tako da je svaki element ili sklop, pa i fizička struktura zgrade u celini zasnovana na ideji o upotrebi, o životu kuće kao kompleksnom arhitektonsko-pozorišnom sistemu.
bli-57014420107-006	blic	57014420107	vest	kultura	kultura	6	9	https://www.blic.rs/kultura/svetski-dan-pozorista-atelje-212-otvara-vrata-otkrijte-tajne-arhitekturu-i-nasledje/q6www3v	Takođe, obilaskom najvažnijih prostora saznaće šta je sve bio (ili je trebalo da bude) i kakve sve mogućnosti prostor otvara kroz vreme koje je pred nama.		Takođe, obilaskom najvažnijih prostora saznaće šta je sve bio (ili je trebalo da bude) i kakve sve mogućnosti prostor otvara kroz vreme koje je pred nama.
bli-57014420107-007	blic	57014420107	vest	kultura	kultura	7	9	https://www.blic.rs/kultura/svetski-dan-pozorista-atelje-212-otvara-vrata-otkrijte-tajne-arhitekturu-i-nasledje/q6www3v	Šetnju vode prof. dr Radivoje Dinulović, Gordana Goncić, Marija Jevtić i Goran Mirković.		Šetnju vode prof. dr Radivoje Dinulović, Gordana Goncić, Marija Jevtić i Goran Mirković.
dan-762897715204-014	danas	762897715204	vest	ekonomija	ekonomija	14	37	https://www.danas.rs/vesti/ekonomija/djajic-ne-postoji-razlog-da-se-rusi-zgrada-zeleznicke-stanice/	Koliko sam video dok sam bio tamo, ostali radovi su urađeni dobro.	Y	„Koliko sam video dok sam bio tamo, ostali radovi su urađeni dobro.“
dan-762897715204-015	danas	762897715204	vest	ekonomija	ekonomija	15	37	https://www.danas.rs/vesti/ekonomija/djajic-ne-postoji-razlog-da-se-rusi-zgrada-zeleznicke-stanice/	Napravljeni su novi podhodnici, sigurni za putnike, peroni su sigurni.	Y	„Napravljeni su novi podhodnici, sigurni za putnike, peroni su sigurni.“
dan-762897715204-016	danas	762897715204	vest	ekonomija	ekonomija	16	37	https://www.danas.rs/vesti/ekonomija/djajic-ne-postoji-razlog-da-se-rusi-zgrada-zeleznicke-stanice/	Jedino je nakaradno urađen krov i dodato opterećenje na nadstrešnicu“, napominje Đajić.	Y	„Jedino je nakaradno urađen krov i dodato opterećenje na nadstrešnicu“, napominje Đajić.“
dan-762897715204-017	danas	762897715204	vest	ekonomija	ekonomija	17	37	https://www.danas.rs/vesti/ekonomija/djajic-ne-postoji-razlog-da-se-rusi-zgrada-zeleznicke-stanice/	Građevinski inženjer Danijel Dašić podseća da u početku niko nije znao gde se nalazio originalni projekat zgrade železničke stanice, ali da je kasnije pronađen.		Građevinski inženjer Danijel Dašić podseća da u početku niko nije znao gde se nalazio originalni projekat zgrade železničke stanice, ali da je kasnije pronađen.
dan-762897715204-018	danas	762897715204	vest	ekonomija	ekonomija	18	37	https://www.danas.rs/vesti/ekonomija/djajic-ne-postoji-razlog-da-se-rusi-zgrada-zeleznicke-stanice/	„Neposredno nakon pada nadstrešnice apelovao sam da se zatvori zgrada za korišćenje, a posle je to tražio i nadzor, firma Utiber.		„Neposredno nakon pada nadstrešnice apelovao sam da se zatvori zgrada za korišćenje, a posle je to tražio i nadzor, firma Utiber.
dan-762897715204-019	danas	762897715204	vest	ekonomija	ekonomija	19	37	https://www.danas.rs/vesti/ekonomija/djajic-ne-postoji-razlog-da-se-rusi-zgrada-zeleznicke-stanice/	Razlog je što se sumnjalo da je nadstrešnica bila bitan deo statike zgrade i kontrateg koji je preuzimao deo opterećenja“, objašnjava on.	Y	„Razlog je što se sumnjalo da je nadstrešnica bila bitan deo statike zgrade i kontrateg koji je preuzimao deo opterećenja“, objašnjava on.“
dan-762897715204-020	danas	762897715204	vest	ekonomija	ekonomija	20	37	https://www.danas.rs/vesti/ekonomija/djajic-ne-postoji-razlog-da-se-rusi-zgrada-zeleznicke-stanice/	Dašić napominje da je čuo izjavu ministarke i iako je ona rušenje navela kao jednu od opcija, da to nije slučajno pomenula.		Dašić napominje da je čuo izjavu ministarke i iako je ona rušenje navela kao jednu od opcija, da to nije slučajno pomenula.
dan-762897715204-021	danas	762897715204	vest	ekonomija	ekonomija	21	37	https://www.danas.rs/vesti/ekonomija/djajic-ne-postoji-razlog-da-se-rusi-zgrada-zeleznicke-stanice/	„Ako je nadstrešnica imala tu ulogu da preuzme deo opterećenja, potrebno je samo ponovo ankerisati opet na istim mestima gde su izvukli ankeri i povezati to za površinu tla i za tegove koji bi konstrukciju vratili u ravnotežu“, ocenjuje on.		„Ako je nadstrešnica imala tu ulogu da preuzme deo opterećenja, potrebno je samo ponovo ankerisati opet na istim mestima gde su izvukli ankeri i povezati to za površinu tla i za tegove koji bi konstrukciju vratili u ravnotežu“, ocenjuje on.
dan-283305996123-001	danas	283305996123	vest	ekonomija	ekonomija	1	9	https://www.danas.rs/vesti/ekonomija/ministarka-trgovine-trgovinski-lanac-karfur-zainteresovan-za-ulazak-na-srpsko-trziste/	Kako je saopštilo Ministarstvo trgovine, sastanak je održan na inicijativu Karfura, jednog od vodećih trgovinskih lanaca u Evropi, koji je prisutan u više od 30 zemalja, sa prihodima koji se mere desetinama milijardi evra.		Kako je saopštilo Ministarstvo trgovine, sastanak je održan na inicijativu Karfura, jednog od vodećih trgovinskih lanaca u Evropi, koji je prisutan u više od 30 zemalja, sa prihodima koji se mere desetinama milijardi evra.
dan-283305996123-002	danas	283305996123	vest	ekonomija	ekonomija	2	9	https://www.danas.rs/vesti/ekonomija/ministarka-trgovine-trgovinski-lanac-karfur-zainteresovan-za-ulazak-na-srpsko-trziste/	„Dolazak trgovinskih lanaca poput Karfura svakako bi doprineo jačanju konkurencije, većem izboru za potrošače i dostupnosti kvalitetnih proizvoda po konkurentnim cenama.		„Dolazak trgovinskih lanaca poput Karfura svakako bi doprineo jačanju konkurencije, većem izboru za potrošače i dostupnosti kvalitetnih proizvoda po konkurentnim cenama.
dan-283305996123-003	danas	283305996123	vest	ekonomija	ekonomija	3	9	https://www.danas.rs/vesti/ekonomija/ministarka-trgovine-trgovinski-lanac-karfur-zainteresovan-za-ulazak-na-srpsko-trziste/	Naš cilj je da tržište bude dinamično, zdravo i stabilno – u korist građana”, izjavila je Lazarević.	Y	„Naš cilj je da tržište bude dinamično, zdravo i stabilno – u korist građana”, izjavila je Lazarević.“
dan-283305996123-004	danas	283305996123	vest	ekonomija	ekonomija	4	9	https://www.danas.rs/vesti/ekonomija/ministarka-trgovine-trgovinski-lanac-karfur-zainteresovan-za-ulazak-na-srpsko-trziste/	Karfur je poznat po velikom izboru prehrambenih i neprehrambenih proizvoda, visokim standardima usluge, kao i po programima podrške lokalnim proizvođačima i održivoj proizvodnji, navodi se u saopštenju.		Karfur je poznat po velikom izboru prehrambenih i neprehrambenih proizvoda, visokim standardima usluge, kao i po programima podrške lokalnim proizvođačima i održivoj proizvodnji, navodi se u saopštenju.
dan-283305996123-005	danas	283305996123	vest	ekonomija	ekonomija	5	9	https://www.danas.rs/vesti/ekonomija/ministarka-trgovine-trgovinski-lanac-karfur-zainteresovan-za-ulazak-na-srpsko-trziste/	„Razgovarali smo o njihovim konkretnim planovima.		„Razgovarali smo o njihovim konkretnim planovima.
dan-283305996123-006	danas	283305996123	vest	ekonomija	ekonomija	6	9	https://www.danas.rs/vesti/ekonomija/ministarka-trgovine-trgovinski-lanac-karfur-zainteresovan-za-ulazak-na-srpsko-trziste/	Namera im je da direktno uđu na naše tržište, bez posrednika, da Srbija bude centralni hab i da angažuju veliki broj srpskih kompanija kao dobavljače.	Y	„Namera im je da direktno uđu na naše tržište, bez posrednika, da Srbija bude centralni hab i da angažuju veliki broj srpskih kompanija kao dobavljače.“
dan-283305996123-007	danas	283305996123	vest	ekonomija	ekonomija	7	9	https://www.danas.rs/vesti/ekonomija/ministarka-trgovine-trgovinski-lanac-karfur-zainteresovan-za-ulazak-na-srpsko-trziste/	Poslovni model koji razmatraju je i nalaženje lokalnih partnera za franšize“, rekla je Lazatević.	Y	„Poslovni model koji razmatraju je i nalaženje lokalnih partnera za franšize“, rekla je Lazatević.“
dan-283305996123-008	danas	283305996123	vest	ekonomija	ekonomija	8	9	https://www.danas.rs/vesti/ekonomija/ministarka-trgovine-trgovinski-lanac-karfur-zainteresovan-za-ulazak-na-srpsko-trziste/	Dogovoreno je, kako je dodala, da razgovori budu nastavljeni do kraja godine, kada će predstavnici top menadžmenta Karfura doći u Srbiju.		Dogovoreno je, kako je dodala, da razgovori budu nastavljeni do kraja godine, kada će predstavnici top menadžmenta Karfura doći u Srbiju.
bli-13582197086-000	blic	13582197086	vest	ekonomija	biznis	0	5	https://www.blic.rs/biznis/vesti/goc-dobija-novu-turisticku-atrakciju-evo-sta-se-tacno-gradi/68mhmce	Na planini Goč uskoro počinje izgradnja letnje tubing staze, nove turističke atrakcije koja će posetiocima omogućiti uživanje u adrenalinskom spustu tokom cele godine.		Na planini Goč uskoro počinje izgradnja letnje tubing staze, nove turističke atrakcije koja će posetiocima omogućiti uživanje u adrenalinskom spustu tokom cele godine.
bli-13582197086-001	blic	13582197086	vest	ekonomija	biznis	1	5	https://www.blic.rs/biznis/vesti/goc-dobija-novu-turisticku-atrakciju-evo-sta-se-tacno-gradi/68mhmce	Grad Kraljevo dodelio je ugovor o izvođenju radova zajednici ponuđača Gama-Ram DOO iz Beograda i Domtera DOO iz Ivanjice, vrednosti od 26,9 miliona dinara sa PDV-om.		Grad Kraljevo dodelio je ugovor o izvođenju radova zajednici ponuđača Gama-Ram DOO iz Beograda i Domtera DOO iz Ivanjice, vrednosti od 26,9 miliona dinara sa PDV-om.
bli-13582197086-002	blic	13582197086	vest	ekonomija	biznis	2	5	https://www.blic.rs/biznis/vesti/goc-dobija-novu-turisticku-atrakciju-evo-sta-se-tacno-gradi/68mhmce	Projekat je izradio Studio Tim Art.		Projekat je izradio Studio Tim Art.
bli-13582197086-003	blic	13582197086	vest	ekonomija	biznis	3	5	https://www.blic.rs/biznis/vesti/goc-dobija-novu-turisticku-atrakciju-evo-sta-se-tacno-gradi/68mhmce	Tubing staza, duga 92 metra, biće izrađena od posebne plastične podloge koja omogućava sankanje uz pomoć velikih guma i tokom leta i zime, bez obzira na vremenske uslove.		Tubing staza, duga 92 metra, biće izrađena od posebne plastične podloge koja omogućava sankanje uz pomoć velikih guma i tokom leta i zime, bez obzira na vremenske uslove.
bli-13582197086-004	blic	13582197086	vest	ekonomija	biznis	4	5	https://www.blic.rs/biznis/vesti/goc-dobija-novu-turisticku-atrakciju-evo-sta-se-tacno-gradi/68mhmce	Objekat je predviđen kao rekreativni sadržaj namenjen deci različitog uzrasta, sa orijentacijom u pravcu istok–zapad i biće izgrađena u blizini dečjeg odmarališta na Goču.		Objekat je predviđen kao rekreativni sadržaj namenjen deci različitog uzrasta, sa orijentacijom u pravcu istok–zapad i biće izgrađena u blizini dečjeg odmarališta na Goču.
bli-3327590740-000	blic	3327590740	vest	ekonomija	biznis	0	8	https://www.blic.rs/biznis/vesti/hrvatska-povlaci-sa-trzista-deciju-hranu-griz-zbog-plastike/1j15tg4	Državni inspektorat Republike Hrvatske saopštio je da se povlači iz prodaje dečija hrana HIMMELTAU Dečiji griz zaslađen pčelinjim medom od 6. MJ., 500 grama iz Milderovih prodavnica.		Državni inspektorat Republike Hrvatske saopštio je da se povlači iz prodaje dečija hrana HIMMELTAU Dečiji griz zaslađen pčelinjim medom od 6. MJ., 500 grama iz Milderovih prodavnica.
bli-3327590740-001	blic	3327590740	vest	ekonomija	biznis	1	8	https://www.blic.rs/biznis/vesti/hrvatska-povlaci-sa-trzista-deciju-hranu-griz-zbog-plastike/1j15tg4	Proizvod se povlači zbog mogućeg prisustva stranog tela, odnosno plastičnog materijala.		Proizvod se povlači zbog mogućeg prisustva stranog tela, odnosno plastičnog materijala.
bli-3327590740-002	blic	3327590740	vest	ekonomija	biznis	2	8	https://www.blic.rs/biznis/vesti/hrvatska-povlaci-sa-trzista-deciju-hranu-griz-zbog-plastike/1j15tg4	Proizvođač je Maresi Austria GmbH iz Austrije.		Proizvođač je Maresi Austria GmbH iz Austrije.
bli-3327590740-003	blic	3327590740	vest	ekonomija	biznis	3	8	https://www.blic.rs/biznis/vesti/hrvatska-povlaci-sa-trzista-deciju-hranu-griz-zbog-plastike/1j15tg4	EAN / MAN proizvod je 9000275500619 / 346834, serija RA25006601, a opoziv se odnosi na datum isteka 2.7.2026.		EAN / MAN proizvod je 9000275500619 / 346834, serija RA25006601, a opoziv se odnosi na datum isteka 2.7.2026.
bli-3327590740-004	blic	3327590740	vest	ekonomija	biznis	4	8	https://www.blic.rs/biznis/vesti/hrvatska-povlaci-sa-trzista-deciju-hranu-griz-zbog-plastike/1j15tg4	"Proverite da li imate ovaj proizvod i odmah prestanite da ga koristite!		"Proverite da li imate ovaj proizvod i odmah prestanite da ga koristite!
bli-3327590740-005	blic	3327590740	vest	ekonomija	biznis	5	8	https://www.blic.rs/biznis/vesti/hrvatska-povlaci-sa-trzista-deciju-hranu-griz-zbog-plastike/1j15tg4	Proizvod može da se vrati u bilo koju filijali Miler.	Y	„Proizvod može da se vrati u bilo koju filijali Miler.“
bli-3327590740-006	blic	3327590740	vest	ekonomija	biznis	6	8	https://www.blic.rs/biznis/vesti/hrvatska-povlaci-sa-trzista-deciju-hranu-griz-zbog-plastike/1j15tg4	Plaćeni iznos će vam biti vraćen čak i bez odgovarajućeg računae", saopštila je prodavnica.	Y	„Plaćeni iznos će vam biti vraćen čak i bez odgovarajućeg računae", saopštila je prodavnica.“
bli-3327590740-007	blic	3327590740	vest	ekonomija	biznis	7	8	https://www.blic.rs/biznis/vesti/hrvatska-povlaci-sa-trzista-deciju-hranu-griz-zbog-plastike/1j15tg4	Ovaj proizvod nije u skladu sa Uredbom 178/2002 kojom se utvrđuju opšti principi i uslovi zakona o hrani, osniva Evropska agencija za bezbednost hrane i utvrđuju procedure u pitanjima bezbednosti hrane.		Ovaj proizvod nije u skladu sa Uredbom 178/2002 kojom se utvrđuju opšti principi i uslovi zakona o hrani, osniva Evropska agencija za bezbednost hrane i utvrđuju procedure u pitanjima bezbednosti hrane.
bli-49788632110-003	blic	49788632110	vest	ekonomija	biznis	3	11	https://www.blic.rs/biznis/vesti/brent-nafta-pala-ispod-90-dolara-cena-najnizem-nivou-u-poslednja-2-meseca/mvev6em	Najširi MSCI indeks azijsko-pacifičkih akcija bez Japana porastao je za 3,2 odsto.		Najširi MSCI indeks azijsko-pacifičkih akcija bez Japana porastao je za 3,2 odsto.
bli-49788632110-004	blic	49788632110	vest	ekonomija	biznis	4	11	https://www.blic.rs/biznis/vesti/brent-nafta-pala-ispod-90-dolara-cena-najnizem-nivou-u-poslednja-2-meseca/mvev6em	Južnokorejski KOSPI skočio je 7,4 odsto, japanski Nikkei 2,7 odsto, kineski CSI300 jedan odsto, dok je hongkonški Hang Seng porastao 1,3 odsto.		Južnokorejski KOSPI skočio je 7,4 odsto, japanski Nikkei 2,7 odsto, kineski CSI300 jedan odsto, dok je hongkonški Hang Seng porastao 1,3 odsto.
bli-49788632110-005	blic	49788632110	vest	ekonomija	biznis	5	11	https://www.blic.rs/biznis/vesti/brent-nafta-pala-ispod-90-dolara-cena-najnizem-nivou-u-poslednja-2-meseca/mvev6em	Rast je zabeležen i na Volstritu, gde su sva tri glavna indeksa ostvarila najveće dnevne dobitke od aprila.		Rast je zabeležen i na Volstritu, gde su sva tri glavna indeksa ostvarila najveće dnevne dobitke od aprila.
bli-49788632110-006	blic	49788632110	vest	ekonomija	biznis	6	11	https://www.blic.rs/biznis/vesti/brent-nafta-pala-ispod-90-dolara-cena-najnizem-nivou-u-poslednja-2-meseca/mvev6em	Tehnološki indeks Nasdak porastao je 2,5 odsto.		Tehnološki indeks Nasdak porastao je 2,5 odsto.
bli-49788632110-007	blic	49788632110	vest	ekonomija	biznis	7	11	https://www.blic.rs/biznis/vesti/brent-nafta-pala-ispod-90-dolara-cena-najnizem-nivou-u-poslednja-2-meseca/mvev6em	Na valutnim tržištima dolar se stabilizovao nakon prethodnih gubitaka, dok su australijski i novozelandski dolar oslabili prema američkoj valuti.		Na valutnim tržištima dolar se stabilizovao nakon prethodnih gubitaka, dok su australijski i novozelandski dolar oslabili prema američkoj valuti.
bli-49788632110-008	blic	49788632110	vest	ekonomija	biznis	8	11	https://www.blic.rs/biznis/vesti/brent-nafta-pala-ispod-90-dolara-cena-najnizem-nivou-u-poslednja-2-meseca/mvev6em	Cene plemenitih metala takođe su pale.		Cene plemenitih metala takođe su pale.
bli-49788632110-009	blic	49788632110	vest	ekonomija	biznis	9	11	https://www.blic.rs/biznis/vesti/brent-nafta-pala-ispod-90-dolara-cena-najnizem-nivou-u-poslednja-2-meseca/mvev6em	Zlato je izgubilo 0,6 odsto vrednosti i trgovalo se po ceni od 4.189 dolara za uncu, dok je srebro oslabilo za isti procenat, na 66,93 dolara za uncu.		Zlato je izgubilo 0,6 odsto vrednosti i trgovalo se po ceni od 4.189 dolara za uncu, dok je srebro oslabilo za isti procenat, na 66,93 dolara za uncu.
bli-49788632110-010	blic	49788632110	vest	ekonomija	biznis	10	11	https://www.blic.rs/biznis/vesti/brent-nafta-pala-ispod-90-dolara-cena-najnizem-nivou-u-poslednja-2-meseca/mvev6em	Analitičari ocenjuju da će dalji pravac tržišta u velikoj meri zavisiti od razvoja pregovora između Vašingtona i Teherana i eventualne potvrde mirovnog sporazuma.		Analitičari ocenjuju da će dalji pravac tržišta u velikoj meri zavisiti od razvoja pregovora između Vašingtona i Teherana i eventualne potvrde mirovnog sporazuma.
dan-636811335761-000	danas	636811335761	vest	sport	sport	0	7	https://www.danas.rs/sport/srbija-saznala-poslednjeg-rivala-u-kvalifikacijama-za-mundobasket/	Završene su pretkvalifikacije za Mundobasket koji je na programu 2027. godine.		Završene su pretkvalifikacije za Mundobasket koji je na programu 2027. godine.
dan-636811335761-001	danas	636811335761	vest	sport	sport	1	7	https://www.danas.rs/sport/srbija-saznala-poslednjeg-rivala-u-kvalifikacijama-za-mundobasket/	Srbija će biti u grupi sa Turskom, Bosnom i Hercegovinom, a sada je saznala ime i poslednjeg rivala u grupi.		Srbija će biti u grupi sa Turskom, Bosnom i Hercegovinom, a sada je saznala ime i poslednjeg rivala u grupi.
dan-636811335761-002	danas	636811335761	vest	sport	sport	2	7	https://www.danas.rs/sport/srbija-saznala-poslednjeg-rivala-u-kvalifikacijama-za-mundobasket/	U pitanju je selekcija Švajcarske.		U pitanju je selekcija Švajcarske.
dan-636811335761-003	danas	636811335761	vest	sport	sport	3	7	https://www.danas.rs/sport/srbija-saznala-poslednjeg-rivala-u-kvalifikacijama-za-mundobasket/	Kvalifikacije za Mundobasket počinju krajem novembra 2025. godine.		Kvalifikacije za Mundobasket počinju krajem novembra 2025. godine.
dan-636811335761-004	danas	636811335761	vest	sport	sport	4	7	https://www.danas.rs/sport/srbija-saznala-poslednjeg-rivala-u-kvalifikacijama-za-mundobasket/	Plasman u drugu, odlučujuću rundu kvalifikacija izboriće po tri selekcije iz svake grupe, a bodovi se prenose.		Plasman u drugu, odlučujuću rundu kvalifikacija izboriće po tri selekcije iz svake grupe, a bodovi se prenose.
dan-636811335761-005	danas	636811335761	vest	sport	sport	5	7	https://www.danas.rs/sport/srbija-saznala-poslednjeg-rivala-u-kvalifikacijama-za-mundobasket/	Zatim sledi ukrštanje grupa, a po tri selekcije od šest će izborili plasman na Svetsko prvenstvo 2027. godine.		Zatim sledi ukrštanje grupa, a po tri selekcije od šest će izborili plasman na Svetsko prvenstvo 2027. godine.
dan-636811335761-006	danas	636811335761	vest	sport	sport	6	7	https://www.danas.rs/sport/srbija-saznala-poslednjeg-rivala-u-kvalifikacijama-za-mundobasket/	Srbija je u Grupi C i ona ukršta sa grupom D.		Srbija je u Grupi C i ona ukršta sa grupom D.
dan-451304427954-009	danas	451304427954	vest	sport	sport	9	19	https://www.danas.rs/sport/tadija-dragicevic-zvezda/	Sezona je duga i oscilacije se očekivane.		Sezona je duga i oscilacije se očekivane.
dan-451304427954-010	danas	451304427954	vest	sport	sport	10	19	https://www.danas.rs/sport/tadija-dragicevic-zvezda/	Evo, sada Batler igra fenomenalno i moram da istaknem da takvog igrača, pogotovo kada je u pitanju napadački segment, dugo nismo imali.		Evo, sada Batler igra fenomenalno i moram da istaknem da takvog igrača, pogotovo kada je u pitanju napadački segment, dugo nismo imali.
dan-451304427954-011	danas	451304427954	vest	sport	sport	11	19	https://www.danas.rs/sport/tadija-dragicevic-zvezda/	Mladi Nikola Kusturica je sa 16 godina debitovao za Barselonu u Evroligi, dok je sve manje srpskih pogotovo mladih igrača u Zvezdi.		Mladi Nikola Kusturica je sa 16 godina debitovao za Barselonu u Evroligi, dok je sve manje srpskih pogotovo mladih igrača u Zvezdi.
dan-451304427954-012	danas	451304427954	vest	sport	sport	12	19	https://www.danas.rs/sport/tadija-dragicevic-zvezda/	– Velika je presija zbog rezultata i definitivno srpskim igračima u Zvezdi nije lako.		– Velika je presija zbog rezultata i definitivno srpskim igračima u Zvezdi nije lako.
dan-451304427954-013	danas	451304427954	vest	sport	sport	13	19	https://www.danas.rs/sport/tadija-dragicevic-zvezda/	Imali smo okosnicu tima u domaćim igračima tokom prethodnih godina, što sada nije slučaj, ali jednostavno takve su okolnosti.		Imali smo okosnicu tima u domaćim igračima tokom prethodnih godina, što sada nije slučaj, ali jednostavno takve su okolnosti.
dan-451304427954-014	danas	451304427954	vest	sport	sport	14	19	https://www.danas.rs/sport/tadija-dragicevic-zvezda/	Realno mnogo je lakše Kusturici da debituje u Evroligi kao član Barselone, nego da se mu se to dogodilo u dresu Crvene zvezde ili Partizana.		Realno mnogo je lakše Kusturici da debituje u Evroligi kao član Barselone, nego da se mu se to dogodilo u dresu Crvene zvezde ili Partizana.
dan-451304427954-015	danas	451304427954	vest	sport	sport	15	19	https://www.danas.rs/sport/tadija-dragicevic-zvezda/	Stefan Miljenović igra odlično u ABA ligi, mnogo je doprineo pobedama reprezentacije Srbije u kvalifikacijama, ali u Evroligi više ne dobija šansu.		Stefan Miljenović igra odlično u ABA ligi, mnogo je doprineo pobedama reprezentacije Srbije u kvalifikacijama, ali u Evroligi više ne dobija šansu.
dan-451304427954-016	danas	451304427954	vest	sport	sport	16	19	https://www.danas.rs/sport/tadija-dragicevic-zvezda/	– Sigurno Sale (trener Obradović prim. aut.) zna zašto mu ne daje minute u Evroligi, iako se meni čini da to zaslužuje.		– Sigurno Sale (trener Obradović prim. aut.) zna zašto mu ne daje minute u Evroligi, iako se meni čini da to zaslužuje.
dan-799233598578-019	danas	799233598578	vest	svet	svet	19	28	https://www.danas.rs/svet/gordon-braun-optuznice-putin-ukrajina/	Zato ostaje samo poseban tribunal za gonjenje Putinovog osnovnog zločina – planiranja, pripreme i izvršenja invazije, okupacije i pokušaja aneksije Ukrajine, koji datiraju još od invazije na Krim 2014. godine.		Zato ostaje samo poseban tribunal za gonjenje Putinovog osnovnog zločina – planiranja, pripreme i izvršenja invazije, okupacije i pokušaja aneksije Ukrajine, koji datiraju još od invazije na Krim 2014. godine.
dan-799233598578-020	danas	799233598578	vest	svet	svet	20	28	https://www.danas.rs/svet/gordon-braun-optuznice-putin-ukrajina/	Gonjenje režima za zločin agresije na Ukrajinu potpuno spada u misiju Saveta Evrope, osnovanog nakon Drugog svetskog rata, kada je veliki deo kontinenta ležao u ruševinama, sa ciljem očuvanja vladavine prava i ljudskih prava.		Gonjenje režima za zločin agresije na Ukrajinu potpuno spada u misiju Saveta Evrope, osnovanog nakon Drugog svetskog rata, kada je veliki deo kontinenta ležao u ruševinama, sa ciljem očuvanja vladavine prava i ljudskih prava.
dan-799233598578-021	danas	799233598578	vest	svet	svet	21	28	https://www.danas.rs/svet/gordon-braun-optuznice-putin-ukrajina/	To bi takođe poslalo važnu poruku da je sistem zasnovan na pravilima i dalje najbolji način za stvaranje stabilnijeg i mirnijeg sveta.		To bi takođe poslalo važnu poruku da je sistem zasnovan na pravilima i dalje najbolji način za stvaranje stabilnijeg i mirnijeg sveta.
dan-799233598578-022	danas	799233598578	vest	svet	svet	22	28	https://www.danas.rs/svet/gordon-braun-optuznice-putin-ukrajina/	Ta poruka je sada potrebnija nego ikad jer Putin pojačava rusku ratnu mašineriju i povećava pritisak ne samo na liniju fronta u Ukrajini, već i na civile.		Ta poruka je sada potrebnija nego ikad jer Putin pojačava rusku ratnu mašineriju i povećava pritisak ne samo na liniju fronta u Ukrajini, već i na civile.
dan-799233598578-023	danas	799233598578	vest	svet	svet	23	28	https://www.danas.rs/svet/gordon-braun-optuznice-putin-ukrajina/	Kremlj je navodno uvezao radnike iz azijskih i afričkih zemalja kako bi ojačao radnu snagu u fabrikama koje proizvode dronove, a Kina je optužena da obezbeđuje vitalne komponente u velikim količinama.		Kremlj je navodno uvezao radnike iz azijskih i afričkih zemalja kako bi ojačao radnu snagu u fabrikama koje proizvode dronove, a Kina je optužena da obezbeđuje vitalne komponente u velikim količinama.
dan-799233598578-024	danas	799233598578	vest	svet	svet	24	28	https://www.danas.rs/svet/gordon-braun-optuznice-putin-ukrajina/	Dakle, ono što se dogodilo ove nedelje je od velikog značaja.		Dakle, ono što se dogodilo ove nedelje je od velikog značaja.
dan-799233598578-025	danas	799233598578	vest	svet	svet	25	28	https://www.danas.rs/svet/gordon-braun-optuznice-putin-ukrajina/	Novo američko naoružanje će uskoro početi da stiže, a poruka je poslata Putinu i njegovoj kriminalnoj kliki: krivične optužnice stižu i neće biti mesta za skrivanje.		Novo američko naoružanje će uskoro početi da stiže, a poruka je poslata Putinu i njegovoj kriminalnoj kliki: krivične optužnice stižu i neće biti mesta za skrivanje.
dan-799233598578-026	danas	799233598578	vest	svet	svet	26	28	https://www.danas.rs/svet/gordon-braun-optuznice-putin-ukrajina/	Jednostavno rečeno, biće malo mesta van Rusije gde Putin može biti siguran da se neće suočiti sa poniženjem potencijalnog hapšenja.		Jednostavno rečeno, biće malo mesta van Rusije gde Putin može biti siguran da se neće suočiti sa poniženjem potencijalnog hapšenja.
dan-809962852959-008	danas	809962852959	vest	svet	svet	8	22	https://www.danas.rs/svet/ema-broks-dzefri-epstin-fajlovi/	U nejasnom, „nema šta da se vidi“ saopštenju, Čopra je rekao: „U ovom slučaju, nadam se da će cela istina izaći na videlo nakon kontinuiranih i odgovarajućih istraga.	Y	„U nejasnom, „nema šta da se vidi“ saopštenju, Čopra je rekao: „U ovom slučaju, nadam se da će cela istina izaći na videlo nakon kontinuiranih i odgovarajućih istraga.“
dan-809962852959-009	danas	809962852959	vest	svet	svet	9	22	https://www.danas.rs/svet/ema-broks-dzefri-epstin-fajlovi/	Prema Čoprinim učenjima, nadamo se da je karma zaista kučka.	Y	„Prema Čoprinim učenjima, nadamo se da je karma zaista kučka.“
dan-809962852959-010	danas	809962852959	vest	svet	svet	10	22	https://www.danas.rs/svet/ema-broks-dzefri-epstin-fajlovi/	Ili, na primer, Keti Kurik, za koju sa sigurnošću možemo reći da bi se pojavila i na otvaranju koverti, koja je prisustvovala večeri u Epstinovoj kući u Njujorku 2010. godine, dve godine nakon njegove prve osude.	Y	„Ili, na primer, Keti Kurik, za koju sa sigurnošću možemo reći da bi se pojavila i na otvaranju koverti, koja je prisustvovala večeri u Epstinovoj kući u Njujorku 2010. godine, dve godine nakon njegove prve osude.“
dan-809962852959-011	danas	809962852959	vest	svet	svet	11	22	https://www.danas.rs/svet/ema-broks-dzefri-epstin-fajlovi/	Kurik se još nije pojavila u ovom talasu izveštavanja o Epstinu, ali je 2023. godine, dok je promovisala svoje memoare, rekla: „Tada nisam znala ništa o Džefriju Epstinu, trebala sam da uradim malo više istraživanja, ali mnogo stvari o njemu još nije izašlo u javnost“.	Y	„Kurik se još nije pojavila u ovom talasu izveštavanja o Epstinu, ali je 2023. godine, dok je promovisala svoje memoare, rekla: „Tada nisam znala ništa o Džefriju Epstinu, trebala sam da uradim malo više istraživanja, ali mnogo stvari o njemu još nije izašlo u javnost“.“
dan-809962852959-012	danas	809962852959	vest	svet	svet	12	22	https://www.danas.rs/svet/ema-broks-dzefri-epstin-fajlovi/	Ovo je odjeknulo opravdanjima Džordža Stefanopulosa, koji je takođe bio prisutan na istoj večeri kod Epstina kao i Kurik – tadašnji princ Endrju je takođe bio tamo – koji je rekao za Njujork Tajms: „Trebalo je da više isproveravam“.	Y	„Ovo je odjeknulo opravdanjima Džordža Stefanopulosa, koji je takođe bio prisutan na istoj večeri kod Epstina kao i Kurik – tadašnji princ Endrju je takođe bio tamo – koji je rekao za Njujork Tajms: „Trebalo je da više isproveravam“.“
dan-809962852959-013	danas	809962852959	vest	svet	svet	13	22	https://www.danas.rs/svet/ema-broks-dzefri-epstin-fajlovi/	Od tada, potencijalna cena ako se otkrije da ste bili prijateljski nastrojeni ili čak samo pozvani na večeru sa Epstinom postala je mnogo veća.	Y	„Od tada, potencijalna cena ako se otkrije da ste bili prijateljski nastrojeni ili čak samo pozvani na večeru sa Epstinom postala je mnogo veća.“
dan-809962852959-014	danas	809962852959	vest	svet	svet	14	22	https://www.danas.rs/svet/ema-broks-dzefri-epstin-fajlovi/	Zapravo, Sigal je rekla novinama da mu uopšte nije pomogla.	Y	„Zapravo, Sigal je rekla novinama da mu uopšte nije pomogla.“
dan-809962852959-015	danas	809962852959	vest	svet	svet	15	22	https://www.danas.rs/svet/ema-broks-dzefri-epstin-fajlovi/	„Ljudi govore stvari samo da bi što pre prekinuli razgoivor s nekim preko telefona“, rekla je, misleći na ponudu da uzme Epstinov mejl koji ga prikazuje u dobrom svetlu i „iskopa, nalepi i pošalje Arijani Hafington“.	Y	„Ljudi govore stvari samo da bi što pre prekinuli razgoivor s nekim preko telefona“, rekla je, misleći na ponudu da uzme Epstinov mejl koji ga prikazuje u dobrom svetlu i „iskopa, nalepi i pošalje Arijani Hafington“.
bli-51675881736-032	blic	51675881736	vest	svet	svet	32	44	https://www.blic.rs/vesti/svet/kako-je-dmitrij-medvedev-iskoristio-rat-u-ukrajini-da-uveca-svoje-bogatstvo/nqmhhjc	Da bi se kompanija proširila, počelo je rušenje postojećih zgrada.		Da bi se kompanija proširila, počelo je rušenje postojećih zgrada.
bli-51675881736-033	blic	51675881736	vest	svet	svet	33	44	https://www.blic.rs/vesti/svet/kako-je-dmitrij-medvedev-iskoristio-rat-u-ukrajini-da-uveca-svoje-bogatstvo/nqmhhjc	Nije poznato šta će biti izgrađeno na tom mestu - kruže glasine da se gradi nova privatna rezidencija za Medvedeva.		Nije poznato šta će biti izgrađeno na tom mestu - kruže glasine da se gradi nova privatna rezidencija za Medvedeva.
bli-51675881736-034	blic	51675881736	vest	svet	svet	34	44	https://www.blic.rs/vesti/svet/kako-je-dmitrij-medvedev-iskoristio-rat-u-ukrajini-da-uveca-svoje-bogatstvo/nqmhhjc	On je ranije pokušao da se etablira u regionu Anapa, ali su ti planovi propali nakon protesta ekologa i meštana.		On je ranije pokušao da se etablira u regionu Anapa, ali su ti planovi propali nakon protesta ekologa i meštana.
bli-51675881736-035	blic	51675881736	vest	svet	svet	35	44	https://www.blic.rs/vesti/svet/kako-je-dmitrij-medvedev-iskoristio-rat-u-ukrajini-da-uveca-svoje-bogatstvo/nqmhhjc	Tada je fondacija "Dar", povezana s Medvedevim, planirala da izgradi vilu na zaštićenoj obali Crnog mora.		Tada je fondacija "Dar", povezana s Medvedevim, planirala da izgradi vilu na zaštićenoj obali Crnog mora.
bli-51675881736-036	blic	51675881736	vest	svet	svet	36	44	https://www.blic.rs/vesti/svet/kako-je-dmitrij-medvedev-iskoristio-rat-u-ukrajini-da-uveca-svoje-bogatstvo/nqmhhjc	Iste fondacije posedovale su dve jahte i dva vinograda - "Skalisti Berek" kod Anape i još jedan u Italiji.		Iste fondacije posedovale su dve jahte i dva vinograda - "Skalisti Berek" kod Anape i još jedan u Italiji.
bli-51675881736-037	blic	51675881736	vest	svet	svet	37	44	https://www.blic.rs/vesti/svet/kako-je-dmitrij-medvedev-iskoristio-rat-u-ukrajini-da-uveca-svoje-bogatstvo/nqmhhjc	Prema Sistema, skoro svi ti posedi i dalje su pod kontrolom iste mreže organizacija - a u međuvremenu su stečeni i novi.		Prema Sistema, skoro svi ti posedi i dalje su pod kontrolom iste mreže organizacija - a u međuvremenu su stečeni i novi.
bli-51675881736-038	blic	51675881736	vest	svet	svet	38	44	https://www.blic.rs/vesti/svet/kako-je-dmitrij-medvedev-iskoristio-rat-u-ukrajini-da-uveca-svoje-bogatstvo/nqmhhjc	Jedna od fondacija - "Nevski" - od 2021. je stekla 16 hektara zemljišta na obali Baltičkog mora u Kalinjingradu, vikendicu u selu Komarovo blizu Sankt Peterburga (gde se navodno planira izgradnja još jedne vikendice), kao i imanje u gradu Pavlovsk, gde je Medvedev kao dete provodio leta sa majkom.		Jedna od fondacija - "Nevski" - od 2021. je stekla 16 hektara zemljišta na obali Baltičkog mora u Kalinjingradu, vikendicu u selu Komarovo blizu Sankt Peterburga (gde se navodno planira izgradnja još jedne vikendice), kao i imanje u gradu Pavlovsk, gde je Medvedev kao dete provodio leta sa majkom.
bli-51675881736-039	blic	51675881736	vest	svet	svet	39	44	https://www.blic.rs/vesti/svet/kako-je-dmitrij-medvedev-iskoristio-rat-u-ukrajini-da-uveca-svoje-bogatstvo/nqmhhjc	Druge fondacije proširile su vinograde u Krasnodarskom kraju i nabavile novu jahtu, izgrađenu u Ujedinjenom Kraljevstvu.		Druge fondacije proširile su vinograde u Krasnodarskom kraju i nabavile novu jahtu, izgrađenu u Ujedinjenom Kraljevstvu.
bli-28702987466-004	blic	28702987466	vest	svet	svet	4	12	https://www.blic.rs/vesti/svet/vitkof-nema-vesti-o-napretku-u-oslobadjanju-talaca-iz-gaze/d6p0mve	Postoji mnogo razloga koje ne mogu da iznesem.	Y	„Postoji mnogo razloga koje ne mogu da iznesem.“
bli-28702987466-005	blic	28702987466	vest	svet	svet	5	12	https://www.blic.rs/vesti/svet/vitkof-nema-vesti-o-napretku-u-oslobadjanju-talaca-iz-gaze/d6p0mve	Hamas je teroristička organizacija", rekao je Vitkof na sastanku održanom danas u Tel Avivu, prenosi Tajms of Izrael.	Y	„Hamas je teroristička organizacija", rekao je Vitkof na sastanku održanom danas u Tel Avivu, prenosi Tajms of Izrael.“
bli-28702987466-006	blic	28702987466	vest	svet	svet	6	12	https://www.blic.rs/vesti/svet/vitkof-nema-vesti-o-napretku-u-oslobadjanju-talaca-iz-gaze/d6p0mve	Vitkof naglašava da predsednik Sjedinjenih Američkih Država Donald Tramp veoma brine o talacima i da je njegova misija da sve vrati kući.		Vitkof naglašava da predsednik Sjedinjenih Američkih Država Donald Tramp veoma brine o talacima i da je njegova misija da sve vrati kući.
bli-28702987466-007	blic	28702987466	vest	svet	svet	7	12	https://www.blic.rs/vesti/svet/vitkof-nema-vesti-o-napretku-u-oslobadjanju-talaca-iz-gaze/d6p0mve	"Izgleda kao da Hamas ne stoji iza svojih reči.		"Izgleda kao da Hamas ne stoji iza svojih reči.
bli-28702987466-008	blic	28702987466	vest	svet	svet	8	12	https://www.blic.rs/vesti/svet/vitkof-nema-vesti-o-napretku-u-oslobadjanju-talaca-iz-gaze/d6p0mve	Pregovori sa njim su bili frustrirajući, a sada mislimo da treba da uradimo sve ili ništa", istakao je on.	Y	„Pregovori sa njim su bili frustrirajući, a sada mislimo da treba da uradimo sve ili ništa", istakao je on.“
bli-28702987466-009	blic	28702987466	vest	svet	svet	9	12	https://www.blic.rs/vesti/svet/vitkof-nema-vesti-o-napretku-u-oslobadjanju-talaca-iz-gaze/d6p0mve	Vitkof je posetio Trg talaca u Tel Avivu gde su porodice otetih danas postavile logor od bodljikave žice, da bi ukazale na tešku situaciju preostalih talaca koje drži Hamas.		Vitkof je posetio Trg talaca u Tel Avivu gde su porodice otetih danas postavile logor od bodljikave žice, da bi ukazale na tešku situaciju preostalih talaca koje drži Hamas.
bli-28702987466-010	blic	28702987466	vest	svet	svet	10	12	https://www.blic.rs/vesti/svet/vitkof-nema-vesti-o-napretku-u-oslobadjanju-talaca-iz-gaze/d6p0mve	Njega su okupljeni na Trgu pozdravili aplauzom pre nego što je otišao na sastanak sa predstavnicima porodica talaca koji je, prema izraelskom Forumu za taoce i nestale osobe, trajao skoro dva sata.		Njega su okupljeni na Trgu pozdravili aplauzom pre nego što je otišao na sastanak sa predstavnicima porodica talaca koji je, prema izraelskom Forumu za taoce i nestale osobe, trajao skoro dva sata.
bli-28702987466-011	blic	28702987466	vest	svet	svet	11	12	https://www.blic.rs/vesti/svet/vitkof-nema-vesti-o-napretku-u-oslobadjanju-talaca-iz-gaze/d6p0mve	Hamas je u napadu na jug Izraela u oktobru 2023. godine ubio oko 1.200 osoba i oteo 251 taoca, prema izraelskim izvorima, od kojih se 50 još nalaze u Gazi, a za oko 20 se veruje da su još živi.		Hamas je u napadu na jug Izraela u oktobru 2023. godine ubio oko 1.200 osoba i oteo 251 taoca, prema izraelskim izvorima, od kojih se 50 još nalaze u Gazi, a za oko 20 se veruje da su još živi.
bli-69908587751-000	blic	69908587751	vest	svet	svet	0	6	https://www.blic.rs/vesti/svet/novi-talas-protesta-no-kings-u-sad-milioni-ce-izaci-na-ulice-na-protestima-protiv/w45rnjb	Više od 2.500 protesta širom Sjedinjenih Američkih Država zakazano je za danas u okviru pokreta "No kings", koji okuplja milione građana protiv, kako organizatori navode, "autoritarne politike" američkog predsednika Donalda Trampa.		Više od 2.500 protesta širom Sjedinjenih Američkih Država zakazano je za danas u okviru pokreta "No kings", koji okuplja milione građana protiv, kako organizatori navode, "autoritarne politike" američkog predsednika Donalda Trampa.
bli-69908587751-001	blic	69908587751	vest	svet	svet	1	6	https://www.blic.rs/vesti/svet/novi-talas-protesta-no-kings-u-sad-milioni-ce-izaci-na-ulice-na-protestima-protiv/w45rnjb	Očekuje se veći odaziv nego tokom prvog talasa demonstracija održanog u junu, piše CNN.		Očekuje se veći odaziv nego tokom prvog talasa demonstracija održanog u junu, piše CNN.
bli-69908587751-002	blic	69908587751	vest	svet	svet	2	6	https://www.blic.rs/vesti/svet/novi-talas-protesta-no-kings-u-sad-milioni-ce-izaci-na-ulice-na-protestima-protiv/w45rnjb	Ministarstvo unutrašnje bezbednosti (DHS) izdalo je obaveštajni izveštaj u kojem upozorava na mogućnost izolovanih incidenata nasilja tokom demonstracija i pozvalo lokalne policijske snage da pojačaju bezbednosne mere i uspostave kontakt sa organizatorima protesta i kontraprotesta.		Ministarstvo unutrašnje bezbednosti (DHS) izdalo je obaveštajni izveštaj u kojem upozorava na mogućnost izolovanih incidenata nasilja tokom demonstracija i pozvalo lokalne policijske snage da pojačaju bezbednosne mere i uspostave kontakt sa organizatorima protesta i kontraprotesta.
bli-69908587751-003	blic	69908587751	vest	svet	svet	3	6	https://www.blic.rs/vesti/svet/novi-talas-protesta-no-kings-u-sad-milioni-ce-izaci-na-ulice-na-protestima-protiv/w45rnjb	Organizatori okupljeni oko neprofitne mreže "Indivisible Project" najavljuju mirne proteste i tvrde da su obučili desetine hiljada učesnika o bezbednosti i deeskalaciji.		Organizatori okupljeni oko neprofitne mreže "Indivisible Project" najavljuju mirne proteste i tvrde da su obučili desetine hiljada učesnika o bezbednosti i deeskalaciji.
bli-69908587751-004	blic	69908587751	vest	svet	svet	4	6	https://www.blic.rs/vesti/svet/novi-talas-protesta-no-kings-u-sad-milioni-ce-izaci-na-ulice-na-protestima-protiv/w45rnjb	- Ovo nije antiamerički pokret, već izraz ustavnog prava na slobodu govora - rekla je jedna od direktorka organizacije, Lija Grinberg.		- Ovo nije antiamerički pokret, već izraz ustavnog prava na slobodu govora - rekla je jedna od direktorka organizacije, Lija Grinberg.
bli-69908587751-005	blic	69908587751	vest	svet	svet	5	6	https://www.blic.rs/vesti/svet/novi-talas-protesta-no-kings-u-sad-milioni-ce-izaci-na-ulice-na-protestima-protiv/w45rnjb	Protesti će se održati u svih 50 saveznih država, uključujući velike skupove u Los Anđelesu, Njujorku, Bostonu i Vašingtonu, gde se očekuje prisustvo nekoliko miliona ljudi.		Protesti će se održati u svih 50 saveznih država, uključujući velike skupove u Los Anđelesu, Njujorku, Bostonu i Vašingtonu, gde se očekuje prisustvo nekoliko miliona ljudi.
bli-802067043-000	blic	802067043	vest	svet	svet	0	6	https://www.blic.rs/vesti/svet/policajac-iz-ukrajine-pobegao-sa-400-hiljada-evra/0d9j2w3	Načelnik odeljenja Darničke policijske uprave u Kijevu, Jurij Ribjanski pobegao je sa radnog mesta sa više od 16 miliona grivni (400.000 evra) zaplenjenih sredstava za koja je bio odgovoran, saopštila je portparolka Državnog istražnog biroa (DBR) Tatjana Sapjan.		Načelnik odeljenja Darničke policijske uprave u Kijevu, Jurij Ribjanski pobegao je sa radnog mesta sa više od 16 miliona grivni (400.000 evra) zaplenjenih sredstava za koja je bio odgovoran, saopštila je portparolka Državnog istražnog biroa (DBR) Tatjana Sapjan.
bli-802067043-001	blic	802067043	vest	svet	svet	1	6	https://www.blic.rs/vesti/svet/policajac-iz-ukrajine-pobegao-sa-400-hiljada-evra/0d9j2w3	- DBR će istraživati istraživati slučaj zloupotrebe službenih ovlašćenja jednog od rukovodilaca istražnog odeljenja Darničke policijske uprave.		- DBR će istraživati istraživati slučaj zloupotrebe službenih ovlašćenja jednog od rukovodilaca istražnog odeljenja Darničke policijske uprave.
bli-802067043-002	blic	802067043	vest	svet	svet	2	6	https://www.blic.rs/vesti/svet/policajac-iz-ukrajine-pobegao-sa-400-hiljada-evra/0d9j2w3	Iako se tačan iznos još uvek utvrđuje u istražnom postupku, prema preliminarnim podacima reč je o više od 16 miliona grivni - izjavila je Sapjan za ukrajinske medije, prenosi Ukrinform.		Iako se tačan iznos još uvek utvrđuje u istražnom postupku, prema preliminarnim podacima reč je o više od 16 miliona grivni - izjavila je Sapjan za ukrajinske medije, prenosi Ukrinform.
bli-802067043-003	blic	802067043	vest	svet	svet	3	6	https://www.blic.rs/vesti/svet/policajac-iz-ukrajine-pobegao-sa-400-hiljada-evra/0d9j2w3	Kako je ranije saopštila ukrajinska policija, Ribjanski je nestao danas, nakon čega je pokrenuta krivična istraga.		Kako je ranije saopštila ukrajinska policija, Ribjanski je nestao danas, nakon čega je pokrenuta krivična istraga.
bli-802067043-004	blic	802067043	vest	svet	svet	4	6	https://www.blic.rs/vesti/svet/policajac-iz-ukrajine-pobegao-sa-400-hiljada-evra/0d9j2w3	Prema informacijama iz istrage, Ribjanski je bio materijalno odgovorna osoba i imao je pristup zaplenjenoj imovini.		Prema informacijama iz istrage, Ribjanski je bio materijalno odgovorna osoba i imao je pristup zaplenjenoj imovini.
bli-802067043-005	blic	802067043	vest	svet	svet	5	6	https://www.blic.rs/vesti/svet/policajac-iz-ukrajine-pobegao-sa-400-hiljada-evra/0d9j2w3	Pored toga, tokom provere unutrašnje bezbednosti Nacionalne policije Ukrajine otkriven je nestanak zaplenjenih sredstava.		Pored toga, tokom provere unutrašnje bezbednosti Nacionalne policije Ukrajine otkriven je nestanak zaplenjenih sredstava.
bli-44931989013-001	blic	44931989013	vest	svet	svet	1	13	https://www.blic.rs/vesti/svet/sef-iaea-otkrio-u-kakvom-je-stanju-nuklearna-elektrana-zaporozje/kn3cglx	Uloga agencije je, kako je naveo, da dokumentuje incidente, transparentno izveštava javnost i apeluje na vojnu uzdržanost u blizini nuklearnih objekata.		Uloga agencije je, kako je naveo, da dokumentuje incidente, transparentno izveštava javnost i apeluje na vojnu uzdržanost u blizini nuklearnih objekata.
bli-44931989013-002	blic	44931989013	vest	svet	svet	2	13	https://www.blic.rs/vesti/svet/sef-iaea-otkrio-u-kakvom-je-stanju-nuklearna-elektrana-zaporozje/kn3cglx	Grosi je naveo i da je poslednja rotacija eksperata IAEA na ZNPP ponovo sprovedena preko teritorije Rusije, ocenivši da je ta ruta u ovom trenutku bezbedna i pouzdana, ali da je ne treba posmatrati kao trajno rešenje.		Grosi je naveo i da je poslednja rotacija eksperata IAEA na ZNPP ponovo sprovedena preko teritorije Rusije, ocenivši da je ta ruta u ovom trenutku bezbedna i pouzdana, ali da je ne treba posmatrati kao trajno rešenje.
bli-44931989013-003	blic	44931989013	vest	svet	svet	3	13	https://www.blic.rs/vesti/svet/sef-iaea-otkrio-u-kakvom-je-stanju-nuklearna-elektrana-zaporozje/kn3cglx	U intervjuu za "RIA Novosti", Grosi je rekao da je pitanje rute od samog početka imalo političku dimenziju, ali da je za IAEA ključni prioritet bezbednost osoblja, s obzirom na to da se zaporoška elektrana nalazi u zoni borbenih dejstava.		U intervjuu za "RIA Novosti", Grosi je rekao da je pitanje rute od samog početka imalo političku dimenziju, ali da je za IAEA ključni prioritet bezbednost osoblja, s obzirom na to da se zaporoška elektrana nalazi u zoni borbenih dejstava.
bli-44931989013-004	blic	44931989013	vest	svet	svet	4	13	https://www.blic.rs/vesti/svet/sef-iaea-otkrio-u-kakvom-je-stanju-nuklearna-elektrana-zaporozje/kn3cglx	On je podsetio da je ranije postojao pravac kretanja usaglašen između strana u sukobu, ali da je taj koridor kasnije postao meta napada, uključujući napade bespilotnim letelicama, što je, kako je naveo, onemogućilo njegovo dalje korišćenje.		On je podsetio da je ranije postojao pravac kretanja usaglašen između strana u sukobu, ali da je taj koridor kasnije postao meta napada, uključujući napade bespilotnim letelicama, što je, kako je naveo, onemogućilo njegovo dalje korišćenje.
bli-44931989013-005	blic	44931989013	vest	svet	svet	5	13	https://www.blic.rs/vesti/svet/sef-iaea-otkrio-u-kakvom-je-stanju-nuklearna-elektrana-zaporozje/kn3cglx	- U isto vreme bilo je neophodno obezbediti kontinuitet misije i stalno prisustvo naših eksperata na elektrani.		- U isto vreme bilo je neophodno obezbediti kontinuitet misije i stalno prisustvo naših eksperata na elektrani.
bli-44931989013-006	blic	44931989013	vest	svet	svet	6	13	https://www.blic.rs/vesti/svet/sef-iaea-otkrio-u-kakvom-je-stanju-nuklearna-elektrana-zaporozje/kn3cglx	Zbog toga je sadašnja ruta postala praktična alternativa - rekao je Grosi, dodajući da su moguće promene u budućnosti, uključujući i druge pravce, ukoliko se bezbednosna situacija promeni.		Zbog toga je sadašnja ruta postala praktična alternativa - rekao je Grosi, dodajući da su moguće promene u budućnosti, uključujući i druge pravce, ukoliko se bezbednosna situacija promeni.
bli-44931989013-007	blic	44931989013	vest	svet	svet	7	13	https://www.blic.rs/vesti/svet/sef-iaea-otkrio-u-kakvom-je-stanju-nuklearna-elektrana-zaporozje/kn3cglx	Govoreći o saradnji sa Rusijom u vezi sa Zaporoškom nuklearnom elektranom, Grosi je ocenio da je ona "profesionalna i institucionalno razvijena".		Govoreći o saradnji sa Rusijom u vezi sa Zaporoškom nuklearnom elektranom, Grosi je ocenio da je ona "profesionalna i institucionalno razvijena".
bli-44931989013-008	blic	44931989013	vest	svet	svet	8	13	https://www.blic.rs/vesti/svet/sef-iaea-otkrio-u-kakvom-je-stanju-nuklearna-elektrana-zaporozje/kn3cglx	Komentarišući međunarodnu bezbednost, Grosi se osvrnuo i na izjave predsednika SAD Donalda Trampa o mogućem obnavljanju nuklearnih testiranja.		Komentarišući međunarodnu bezbednost, Grosi se osvrnuo i na izjave predsednika SAD Donalda Trampa o mogućem obnavljanju nuklearnih testiranja.
bli-34999235599-002	blic	34999235599	vest	svet	svet	2	12	https://www.blic.rs/vesti/svet/amerika-ostro-odbila-sokantnu-ponudu-teherana-ovo-je-kljucni-uslov-za-kraj-rata/g2tn30v	"Spremni su da se izvuku iz nereda"		"Spremni su da se izvuku iz nereda"
bli-34999235599-003	blic	34999235599	vest	svet	svet	3	12	https://www.blic.rs/vesti/svet/amerika-ostro-odbila-sokantnu-ponudu-teherana-ovo-je-kljucni-uslov-za-kraj-rata/g2tn30v	Oni ne mogu da prikažu normalnim, niti im mi to možemo tolerisati, sistem prema kojem su Iranci ti koji odlučuju ko će koristiti moreuz, rekao je američki državni sekretar u intervjuu za Foks njuz.		Oni ne mogu da prikažu normalnim, niti im mi to možemo tolerisati, sistem prema kojem su Iranci ti koji odlučuju ko će koristiti moreuz, rekao je američki državni sekretar u intervjuu za Foks njuz.
bli-34999235599-004	blic	34999235599	vest	svet	svet	4	12	https://www.blic.rs/vesti/svet/amerika-ostro-odbila-sokantnu-ponudu-teherana-ovo-je-kljucni-uslov-za-kraj-rata/g2tn30v	Rubio je istakao da je Iran "ozbiljan" u vezi sa postizanjem dogovora sa SAD, ali i naveo da bilo kakav sporazum mora da uključuje sprečavanje Irana da razvija nuklearno oružje.		Rubio je istakao da je Iran "ozbiljan" u vezi sa postizanjem dogovora sa SAD, ali i naveo da bilo kakav sporazum mora da uključuje sprečavanje Irana da razvija nuklearno oružje.
bli-34999235599-005	blic	34999235599	vest	svet	svet	5	12	https://www.blic.rs/vesti/svet/amerika-ostro-odbila-sokantnu-ponudu-teherana-ovo-je-kljucni-uslov-za-kraj-rata/g2tn30v	- Mislim da su ozbiljni u vezi sa izvlačenjem iz nereda u kojem se nalaze - naveo je Rubio.		- Mislim da su ozbiljni u vezi sa izvlačenjem iz nereda u kojem se nalaze - naveo je Rubio.
bli-34999235599-006	blic	34999235599	vest	svet	svet	6	12	https://www.blic.rs/vesti/svet/amerika-ostro-odbila-sokantnu-ponudu-teherana-ovo-je-kljucni-uslov-za-kraj-rata/g2tn30v	Ocenio je da su u Iranu od početka rata pogoršani ekonomski uslovi poput inflacije, poteškoća u isplatama plata i sankcija.		Ocenio je da su u Iranu od početka rata pogoršani ekonomski uslovi poput inflacije, poteškoća u isplatama plata i sankcija.
bli-34999235599-007	blic	34999235599	vest	svet	svet	7	12	https://www.blic.rs/vesti/svet/amerika-ostro-odbila-sokantnu-ponudu-teherana-ovo-je-kljucni-uslov-za-kraj-rata/g2tn30v	- Svi problemi koje je Iran imao pre početka ovog sukoba i dalje su prisutni, a većina njih je gora.		- Svi problemi koje je Iran imao pre početka ovog sukoba i dalje su prisutni, a većina njih je gora.
bli-34999235599-008	blic	34999235599	vest	svet	svet	8	12	https://www.blic.rs/vesti/svet/amerika-ostro-odbila-sokantnu-ponudu-teherana-ovo-je-kljucni-uslov-za-kraj-rata/g2tn30v	Moramo da se postaramo da bilo kakav dogovor definitivno spreči Iran da u bilo kom trenutku ide ka nuklearnom oružju - zaključio je Rubio.		Moramo da se postaramo da bilo kakav dogovor definitivno spreči Iran da u bilo kom trenutku ide ka nuklearnom oružju - zaključio je Rubio.
bli-34999235599-009	blic	34999235599	vest	svet	svet	9	12	https://www.blic.rs/vesti/svet/amerika-ostro-odbila-sokantnu-ponudu-teherana-ovo-je-kljucni-uslov-za-kraj-rata/g2tn30v	Iran je nešto ranije izneo Sjedinjenim Američkim Državama novi predlog da ponovo otvori Ormuski moreuz i okonča rat, dok su nuklearni pregovori odloženi za kasniju fazu, preneo je danas Aksios, pozivajući se na jednog američkog zvaničnika i dva izvora upoznata sa situacijom.		Iran je nešto ranije izneo Sjedinjenim Američkim Državama novi predlog da ponovo otvori Ormuski moreuz i okonča rat, dok su nuklearni pregovori odloženi za kasniju fazu, preneo je danas Aksios, pozivajući se na jednog američkog zvaničnika i dva izvora upoznata sa situacijom.
dan-477652944950-000	danas	477652944950	vest	pol-drustvo	drustvo	0	20	https://www.danas.rs/vesti/drustvo/nis-protest-informativni-bilten/	Pola godine od organizovanja prvog plenuma Slobodnog univerziteta u Nišu obeleženo je večeras okupljanjem ispred zgrade Univerziteta i promocijom prvog informativnog biltena pod nazivom „Glas tišine koja odjekuje“.		Pola godine od organizovanja prvog plenuma Slobodnog univerziteta u Nišu obeleženo je večeras okupljanjem ispred zgrade Univerziteta i promocijom prvog informativnog biltena pod nazivom „Glas tišine koja odjekuje“.
dan-477652944950-001	danas	477652944950	vest	pol-drustvo	drustvo	1	20	https://www.danas.rs/vesti/drustvo/nis-protest-informativni-bilten/	Predstavnici Slobodnog univerziteta poručili su da ne odustaju od borbe za „zdravu, demokratsku i pravednu Srbiju“.		Predstavnici Slobodnog univerziteta poručili su da ne odustaju od borbe za „zdravu, demokratsku i pravednu Srbiju“.
dan-477652944950-002	danas	477652944950	vest	pol-drustvo	drustvo	2	20	https://www.danas.rs/vesti/drustvo/nis-protest-informativni-bilten/	Vukašin Stanojević sa Prirodno-matematičkog fakulteta istakao je na skupu da je opšte poznato još od 15. marta da aktuelni režim nema nikakav legitimitet.		Vukašin Stanojević sa Prirodno-matematičkog fakulteta istakao je na skupu da je opšte poznato još od 15. marta da aktuelni režim nema nikakav legitimitet.
dan-477652944950-003	danas	477652944950	vest	pol-drustvo	drustvo	3	20	https://www.danas.rs/vesti/drustvo/nis-protest-informativni-bilten/	„Studenti su izašli sa zahtevom za raspisivanjem vanrednih parlamentarnih izbora i vanrednih parlamentarnih izbora će biti, a lista koju studenti budu predložili „oduvaće“ ove mafijaše sa vlasti“, izjavio je Stanojević, prenosi Beta.		„Studenti su izašli sa zahtevom za raspisivanjem vanrednih parlamentarnih izbora i vanrednih parlamentarnih izbora će biti, a lista koju studenti budu predložili „oduvaće“ ove mafijaše sa vlasti“, izjavio je Stanojević, prenosi Beta.
dan-477652944950-004	danas	477652944950	vest	pol-drustvo	drustvo	4	20	https://www.danas.rs/vesti/drustvo/nis-protest-informativni-bilten/	Prema njegovim rečima za proteklih 13 godina naša zemlja se vratila 113 godina u prošlost.		Prema njegovim rečima za proteklih 13 godina naša zemlja se vratila 113 godina u prošlost.
dan-477652944950-005	danas	477652944950	vest	pol-drustvo	drustvo	5	20	https://www.danas.rs/vesti/drustvo/nis-protest-informativni-bilten/	„Ova vlast je pokupila sve najgore prakse proteklih decenija.		„Ova vlast je pokupila sve najgore prakse proteklih decenija.
dan-477652944950-006	danas	477652944950	vest	pol-drustvo	drustvo	6	20	https://www.danas.rs/vesti/drustvo/nis-protest-informativni-bilten/	Možemo reći da od 90-tih traje ovaj kontinuitet.	Y	„Možemo reći da od 90-tih traje ovaj kontinuitet.“
dan-477652944950-007	danas	477652944950	vest	pol-drustvo	drustvo	7	20	https://www.danas.rs/vesti/drustvo/nis-protest-informativni-bilten/	Ono što je vladalo u Srbiji je jedno opšte beznađe, a onda se desila kulminacija tog horora koji živimo kada je u Novom Sadu pala nadstrešnica“, rekao je Stanojević.	Y	„Ono što je vladalo u Srbiji je jedno opšte beznađe, a onda se desila kulminacija tog horora koji živimo kada je u Novom Sadu pala nadstrešnica“, rekao je Stanojević.“
dan-991507817792-001	danas	991507817792	vest	pol-drustvo	drustvo	1	10	https://www.danas.rs/vesti/drustvo/skolsko-dvoriste-raskopano-direktorka-kaze-da-je-bezbedno-os-oslobodioci-beograda-pocela-sa-radom-posle-rekonstrukcije/	– Đaci su cele prošle godine išli autobusima u drugu školu, zbog renoviranja, ali kada smo prvog septembra doveli našu decu u obnovljenu školu, dvorište je ličilo na haos.		– Đaci su cele prošle godine išli autobusima u drugu školu, zbog renoviranja, ali kada smo prvog septembra doveli našu decu u obnovljenu školu, dvorište je ličilo na haos.
dan-991507817792-002	danas	991507817792	vest	pol-drustvo	drustvo	2	10	https://www.danas.rs/vesti/drustvo/skolsko-dvoriste-raskopano-direktorka-kaze-da-je-bezbedno-os-oslobodioci-beograda-pocela-sa-radom-posle-rekonstrukcije/	Čudimo se kako direktorka škole nije uspela da pogura da se radovi konačno kompletno završe, a ne da deca sad idu u poluzavršenu školsku ustanovu – rekli su za Danas neki od roditelja učenika OŠ „Oslobodioci Beograda“.		Čudimo se kako direktorka škole nije uspela da pogura da se radovi konačno kompletno završe, a ne da deca sad idu u poluzavršenu školsku ustanovu – rekli su za Danas neki od roditelja učenika OŠ „Oslobodioci Beograda“.
dan-991507817792-003	danas	991507817792	vest	pol-drustvo	drustvo	3	10	https://www.danas.rs/vesti/drustvo/skolsko-dvoriste-raskopano-direktorka-kaze-da-je-bezbedno-os-oslobodioci-beograda-pocela-sa-radom-posle-rekonstrukcije/	Radica Karović, direktorka, OŠ „Oslobodioci Beograda“ kaže da je škola krenula sa radom nakon obimne rekonstrukcije, koja je trajala godinu dana i nakon dobijanja potvrde komisije za tehnički pregled da je objekat u celosti završen i da se može koristiti za predviđenu namenu obrazovanja i vaspitanja.		Radica Karović, direktorka, OŠ „Oslobodioci Beograda“ kaže da je škola krenula sa radom nakon obimne rekonstrukcije, koja je trajala godinu dana i nakon dobijanja potvrde komisije za tehnički pregled da je objekat u celosti završen i da se može koristiti za predviđenu namenu obrazovanja i vaspitanja.
dan-991507817792-004	danas	991507817792	vest	pol-drustvo	drustvo	4	10	https://www.danas.rs/vesti/drustvo/skolsko-dvoriste-raskopano-direktorka-kaze-da-je-bezbedno-os-oslobodioci-beograda-pocela-sa-radom-posle-rekonstrukcije/	-Što se tiče delova dvorišta na kojima se radi, radi se na travnjacima, sadnji cveća, pripremi za sadnju matematičkog vrta.		-Što se tiče delova dvorišta na kojima se radi, radi se na travnjacima, sadnji cveća, pripremi za sadnju matematičkog vrta.
dan-991507817792-005	danas	991507817792	vest	pol-drustvo	drustvo	5	10	https://www.danas.rs/vesti/drustvo/skolsko-dvoriste-raskopano-direktorka-kaze-da-je-bezbedno-os-oslobodioci-beograda-pocela-sa-radom-posle-rekonstrukcije/	U tom delu dvorišta nema nikakvih aktivnosti koje bi bilo koga mogle da ugroze , već samo da oplemene prostor u kome učenici borave.		U tom delu dvorišta nema nikakvih aktivnosti koje bi bilo koga mogle da ugroze , već samo da oplemene prostor u kome učenici borave.
dan-991507817792-006	danas	991507817792	vest	pol-drustvo	drustvo	6	10	https://www.danas.rs/vesti/drustvo/skolsko-dvoriste-raskopano-direktorka-kaze-da-je-bezbedno-os-oslobodioci-beograda-pocela-sa-radom-posle-rekonstrukcije/	Kada je u pitanju potpuno ograđeni deo dvorišta gde se nalaze sportski tereni i izlaz prema ulici Čarlija Čaplina, taj deo je u potpunosti bezbednosno izolovan od ostatka dvorišta odakle se polako iseljavaju građevinske mašine i završava se privođenju nameni u skladu školskim razvojnim planom škole (ambijentalna nastava).		Kada je u pitanju potpuno ograđeni deo dvorišta gde se nalaze sportski tereni i izlaz prema ulici Čarlija Čaplina, taj deo je u potpunosti bezbednosno izolovan od ostatka dvorišta odakle se polako iseljavaju građevinske mašine i završava se privođenju nameni u skladu školskim razvojnim planom škole (ambijentalna nastava).
dan-991507817792-007	danas	991507817792	vest	pol-drustvo	drustvo	7	10	https://www.danas.rs/vesti/drustvo/skolsko-dvoriste-raskopano-direktorka-kaze-da-je-bezbedno-os-oslobodioci-beograda-pocela-sa-radom-posle-rekonstrukcije/	Predviđa se, da će se taj deo posla završiti u celosti do kraja meseca što je u skladu sa predviđenim školskim aktivnostima koje time nisu ugrožene.		Predviđa se, da će se taj deo posla završiti u celosti do kraja meseca što je u skladu sa predviđenim školskim aktivnostima koje time nisu ugrožene.
dan-991507817792-008	danas	991507817792	vest	pol-drustvo	drustvo	8	10	https://www.danas.rs/vesti/drustvo/skolsko-dvoriste-raskopano-direktorka-kaze-da-je-bezbedno-os-oslobodioci-beograda-pocela-sa-radom-posle-rekonstrukcije/	S obzirom da imamo poptpuno renoviranu sportsku salu koja ima sve sadržaje koji se nalaze i u dvorištu, time ni u tom smislu nastava nije ugrožena – kaže Radica Karović.		S obzirom da imamo poptpuno renoviranu sportsku salu koja ima sve sadržaje koji se nalaze i u dvorištu, time ni u tom smislu nastava nije ugrožena – kaže Radica Karović.
dan-279080153667-000	danas	279080153667	vest	pol-drustvo	drustvo	0	8	https://www.danas.rs/vesti/drustvo/manojlovic-sa-ovakvom-vlascu-se-ne-pregovara-i-ne-pravi-prelazna-vlada/	Lider pokreta Kreni-promeni Savo Manojlović ocenio je danas, nakon što je predsednik Srbije Aleksandar Vučić pozvao studente u blokadi na dijalog, da se sa takvom vlašću ne pregovara i ne pravi prelazna vlada.		Lider pokreta Kreni-promeni Savo Manojlović ocenio je danas, nakon što je predsednik Srbije Aleksandar Vučić pozvao studente u blokadi na dijalog, da se sa takvom vlašću ne pregovara i ne pravi prelazna vlada.
dan-279080153667-001	danas	279080153667	vest	pol-drustvo	drustvo	1	8	https://www.danas.rs/vesti/drustvo/manojlovic-sa-ovakvom-vlascu-se-ne-pregovara-i-ne-pravi-prelazna-vlada/	Manojlović je na društvenoj mreži Iks (X) ocenio da je Vučićev poziv na dijalog „akt pokvarenog siledžije koji maltretira sve živo zaklanjajući se iza drugih“.		Manojlović je na društvenoj mreži Iks (X) ocenio da je Vučićev poziv na dijalog „akt pokvarenog siledžije koji maltretira sve živo zaklanjajući se iza drugih“.
dan-279080153667-002	danas	279080153667	vest	pol-drustvo	drustvo	2	8	https://www.danas.rs/vesti/drustvo/manojlovic-sa-ovakvom-vlascu-se-ne-pregovara-i-ne-pravi-prelazna-vlada/	„I kada konačno dobije po nosu, poziva na razgovor i dijalog, čekajući da potplati još nekoga kome će sutradan krvnički naplatiti to što je morao da moli za milost“, naveo je on.		„I kada konačno dobije po nosu, poziva na razgovor i dijalog, čekajući da potplati još nekoga kome će sutradan krvnički naplatiti to što je morao da moli za milost“, naveo je on.
dan-279080153667-003	danas	279080153667	vest	pol-drustvo	drustvo	3	8	https://www.danas.rs/vesti/drustvo/manojlovic-sa-ovakvom-vlascu-se-ne-pregovara-i-ne-pravi-prelazna-vlada/	„To nije vlast s kojom se ne slažete oko političkih pitanja.		„To nije vlast s kojom se ne slažete oko političkih pitanja.
dan-279080153667-004	danas	279080153667	vest	pol-drustvo	drustvo	4	8	https://www.danas.rs/vesti/drustvo/manojlovic-sa-ovakvom-vlascu-se-ne-pregovara-i-ne-pravi-prelazna-vlada/	To je okupaciona, korumpirana vlast koja gazi osnovni ustavni koncept demokratije i vladavine prava“, dodao je Manojlović.	Y	„To je okupaciona, korumpirana vlast koja gazi osnovni ustavni koncept demokratije i vladavine prava“, dodao je Manojlović.“
dan-279080153667-005	danas	279080153667	vest	pol-drustvo	drustvo	5	8	https://www.danas.rs/vesti/drustvo/manojlovic-sa-ovakvom-vlascu-se-ne-pregovara-i-ne-pravi-prelazna-vlada/	Ocenio je da se s takvom vlašću se ne pregovara i ne pravi prelazna vlada, dodajući da rešenje krize nije ni 100 dana „nekakve prelazne vlade niti dijalog“.		Ocenio je da se s takvom vlašću se ne pregovara i ne pravi prelazna vlada, dodajući da rešenje krize nije ni 100 dana „nekakve prelazne vlade niti dijalog“.
dan-279080153667-006	danas	279080153667	vest	pol-drustvo	drustvo	6	8	https://www.danas.rs/vesti/drustvo/manojlovic-sa-ovakvom-vlascu-se-ne-pregovara-i-ne-pravi-prelazna-vlada/	„Rešenje je više decenija robije za one koji su ogrezli u korupciji i krvi prebijenih demonstranata.		„Rešenje je više decenija robije za one koji su ogrezli u korupciji i krvi prebijenih demonstranata.
dan-279080153667-007	danas	279080153667	vest	pol-drustvo	drustvo	7	8	https://www.danas.rs/vesti/drustvo/manojlovic-sa-ovakvom-vlascu-se-ne-pregovara-i-ne-pravi-prelazna-vlada/	Treba nam sistem u kome onaj ko je poštovao zakon nema čega da se plaši, a onaj ko je kršio zakon nema čemu da se nada“, napisao je Manojlović.	Y	„Treba nam sistem u kome onaj ko je poštovao zakon nema čega da se plaši, a onaj ko je kršio zakon nema čemu da se nada“, napisao je Manojlović.“
dan-300071456986-001	danas	300071456986	vest	pol-drustvo	politika	1	25	https://www.danas.rs/vesti/politika/vucevic-o-izborima-i-pomeranju-satora-ispred-skupstine/	U obraćanju iz sedišta SNS u Beogradu, Vučević je rekao da je SNS na tim izborima ostvarila „sjajan rezultat u ambijentu kakav nikad nije viđen u Srbiji“.		U obraćanju iz sedišta SNS u Beogradu, Vučević je rekao da je SNS na tim izborima ostvarila „sjajan rezultat u ambijentu kakav nikad nije viđen u Srbiji“.
dan-300071456986-002	danas	300071456986	vest	pol-drustvo	politika	2	25	https://www.danas.rs/vesti/politika/vucevic-o-izborima-i-pomeranju-satora-ispred-skupstine/	„Bukvalno je to bila okupacija i uzurpacija, onemogućavanje građana da ostvare Ustavom garantovano pravo da biraju.		„Bukvalno je to bila okupacija i uzurpacija, onemogućavanje građana da ostvare Ustavom garantovano pravo da biraju.
dan-300071456986-003	danas	300071456986	vest	pol-drustvo	politika	3	25	https://www.danas.rs/vesti/politika/vucevic-o-izborima-i-pomeranju-satora-ispred-skupstine/	Do sada nezabeleženo kršenje izborne tišine pod vidom neke zabave i ne znam kakvog okupljanja a kulminacija je bila juče kad su postavljali balvane, napadali izborne štabove, izmišljali građanska hapšenja i blokade izbornih štabova“, kazao je Vučević.	Y	„Do sada nezabeleženo kršenje izborne tišine pod vidom neke zabave i ne znam kakvog okupljanja a kulminacija je bila juče kad su postavljali balvane, napadali izborne štabove, izmišljali građanska hapšenja i blokade izbornih štabova“, kazao je Vučević.“
dan-300071456986-004	danas	300071456986	vest	pol-drustvo	politika	4	25	https://www.danas.rs/vesti/politika/vucevic-o-izborima-i-pomeranju-satora-ispred-skupstine/	Po njegovim rečima, lista SNS je u Zaječaru ostvarila „čistu“ pobedu posle koje će moći samostalno da formira lokalnu vlast.		Po njegovim rečima, lista SNS je u Zaječaru ostvarila „čistu“ pobedu posle koje će moći samostalno da formira lokalnu vlast.
dan-300071456986-005	danas	300071456986	vest	pol-drustvo	politika	5	25	https://www.danas.rs/vesti/politika/vucevic-o-izborima-i-pomeranju-satora-ispred-skupstine/	„Naša lista je osvojila 47 odsto glasova izašlih što je u mandatima 27 od 50 odbornika.		„Naša lista je osvojila 47 odsto glasova izašlih što je u mandatima 27 od 50 odbornika.
dan-300071456986-006	danas	300071456986	vest	pol-drustvo	politika	6	25	https://www.danas.rs/vesti/politika/vucevic-o-izborima-i-pomeranju-satora-ispred-skupstine/	Imamo apsolutnu većinu i moći ćemo da formiramo lokalnu samoupravu.	Y	„Imamo apsolutnu većinu i moći ćemo da formiramo lokalnu samoupravu.“
dan-300071456986-007	danas	300071456986	vest	pol-drustvo	politika	7	25	https://www.danas.rs/vesti/politika/vucevic-o-izborima-i-pomeranju-satora-ispred-skupstine/	Uz ogromnu izlaznost od 63 odsto dobili smo 4.000 glasova više nego na lokalnim izborima 2021. godine.	Y	„Uz ogromnu izlaznost od 63 odsto dobili smo 4.000 glasova više nego na lokalnim izborima 2021. godine.“
dan-300071456986-008	danas	300071456986	vest	pol-drustvo	politika	8	25	https://www.danas.rs/vesti/politika/vucevic-o-izborima-i-pomeranju-satora-ispred-skupstine/	Apsolutno smo popravili rezultat u Zaječaru“, kazao je lider SNS.	Y	„Apsolutno smo popravili rezultat u Zaječaru“, kazao je lider SNS.“
dan-127084395572-001	danas	127084395572	vest	pol-drustvo	drustvo	1	10	https://www.danas.rs/vesti/drustvo/ubijen-muskarac-u-naselju-detelinara-u-novom-sadu-u-toku-potraga-za-pociniocem/	U toku je potraga za počionicem tog ubistva.		U toku je potraga za počionicem tog ubistva.
dan-127084395572-002	danas	127084395572	vest	pol-drustvo	drustvo	2	10	https://www.danas.rs/vesti/drustvo/ubijen-muskarac-u-naselju-detelinara-u-novom-sadu-u-toku-potraga-za-pociniocem/	Prema nezvaničnim informacijama, muškarac je preminuo na licu mesta od ubodnih rana.		Prema nezvaničnim informacijama, muškarac je preminuo na licu mesta od ubodnih rana.
dan-127084395572-003	danas	127084395572	vest	pol-drustvo	drustvo	3	10	https://www.danas.rs/vesti/drustvo/ubijen-muskarac-u-naselju-detelinara-u-novom-sadu-u-toku-potraga-za-pociniocem/	Navodno žrtva i osumnjičeni su sedeli zajedno u kafiću u kojem je najpre došlo do verbalnog sukoba, pa fizičkog obračuna, da bi na kraju došlo do ubistva.		Navodno žrtva i osumnjičeni su sedeli zajedno u kafiću u kojem je najpre došlo do verbalnog sukoba, pa fizičkog obračuna, da bi na kraju došlo do ubistva.
dan-127084395572-004	danas	127084395572	vest	pol-drustvo	drustvo	4	10	https://www.danas.rs/vesti/drustvo/ubijen-muskarac-u-naselju-detelinara-u-novom-sadu-u-toku-potraga-za-pociniocem/	Nezvanično, u toku je potraga za osumnjičenim G. V.		Nezvanično, u toku je potraga za osumnjičenim G. V.
dan-127084395572-005	danas	127084395572	vest	pol-drustvo	drustvo	5	10	https://www.danas.rs/vesti/drustvo/ubijen-muskarac-u-naselju-detelinara-u-novom-sadu-u-toku-potraga-za-pociniocem/	– Muskarac (37) zadobio je povrede hladnim oružjem.		– Muskarac (37) zadobio je povrede hladnim oružjem.
dan-127084395572-006	danas	127084395572	vest	pol-drustvo	drustvo	6	10	https://www.danas.rs/vesti/drustvo/ubijen-muskarac-u-naselju-detelinara-u-novom-sadu-u-toku-potraga-za-pociniocem/	Lekarska ekipa Zavoda za urgentnu medicinu intervenisala je po prvom prioritetu.		Lekarska ekipa Zavoda za urgentnu medicinu intervenisala je po prvom prioritetu.
dan-127084395572-007	danas	127084395572	vest	pol-drustvo	drustvo	7	10	https://www.danas.rs/vesti/drustvo/ubijen-muskarac-u-naselju-detelinara-u-novom-sadu-u-toku-potraga-za-pociniocem/	Konstatovana smrt na licu mesta – saopštili su iz Hitne pomoći.		Konstatovana smrt na licu mesta – saopštili su iz Hitne pomoći.
dan-127084395572-008	danas	127084395572	vest	pol-drustvo	drustvo	8	10	https://www.danas.rs/vesti/drustvo/ubijen-muskarac-u-naselju-detelinara-u-novom-sadu-u-toku-potraga-za-pociniocem/	Prema nezvaničnim informacijama, ubijeni je imao dve ubodne rane na telu.		Prema nezvaničnim informacijama, ubijeni je imao dve ubodne rane na telu.
dan-370481587188-000	danas	370481587188	vest	pol-drustvo	drustvo	0	5	https://www.danas.rs/vesti/drustvo/dan-zalosti-u-sremskoj-mitrovici/	U Sremskoj Mitrovici je Dan žalosti zbog pogibije troje ljudi u petak, kada se autobus sa oko 80 putnika u mestu Jarak prevrnuo i sleteo u kanal.		U Sremskoj Mitrovici je Dan žalosti zbog pogibije troje ljudi u petak, kada se autobus sa oko 80 putnika u mestu Jarak prevrnuo i sleteo u kanal.
dan-370481587188-001	danas	370481587188	vest	pol-drustvo	drustvo	1	5	https://www.danas.rs/vesti/drustvo/dan-zalosti-u-sremskoj-mitrovici/	Otkazane su sve manifestacije koje su bile zakazane u Sremskoj Mitrovici, a zastave su spuštene na pola koplja, javlja RTS.		Otkazane su sve manifestacije koje su bile zakazane u Sremskoj Mitrovici, a zastave su spuštene na pola koplja, javlja RTS.
dan-370481587188-002	danas	370481587188	vest	pol-drustvo	drustvo	2	5	https://www.danas.rs/vesti/drustvo/dan-zalosti-u-sremskoj-mitrovici/	Nesreća se dogodila u petak oko 14.45 časova, kada se prevrnuo autobus koji je prevozio radnike na putu od Sremske Mitrovice ka selu Jarak.		Nesreća se dogodila u petak oko 14.45 časova, kada se prevrnuo autobus koji je prevozio radnike na putu od Sremske Mitrovice ka selu Jarak.
dan-370481587188-003	danas	370481587188	vest	pol-drustvo	drustvo	3	5	https://www.danas.rs/vesti/drustvo/dan-zalosti-u-sremskoj-mitrovici/	Stanje 39 povređenih, koji su smešteni u Opštoj bolnici, je stabilno.		Stanje 39 povređenih, koji su smešteni u Opštoj bolnici, je stabilno.
dan-370481587188-004	danas	370481587188	vest	pol-drustvo	drustvo	4	5	https://www.danas.rs/vesti/drustvo/dan-zalosti-u-sremskoj-mitrovici/	Vozač autobusa je saslušan i određen mu je pritvor do 30 dana.		Vozač autobusa je saslušan i određen mu je pritvor do 30 dana.
dan-835985637654-000	danas	835985637654	vest	pol-drustvo	drustvo	0	4	https://www.danas.rs/vesti/drustvo/u-cacku-veceras-skup-podrske-dijani-hrka/	Samoorganizovana grupa građanskih aktivista „Građani Čačka u blokadi“ pozvali su Čačane na skup podrške Dijani Hrka, večeras u 20 časova, ispred zgrade Gradske uprave u tom gradu.		Samoorganizovana grupa građanskih aktivista „Građani Čačka u blokadi“ pozvali su Čačane na skup podrške Dijani Hrka, večeras u 20 časova, ispred zgrade Gradske uprave u tom gradu.
dan-835985637654-001	danas	835985637654	vest	pol-drustvo	drustvo	1	4	https://www.danas.rs/vesti/drustvo/u-cacku-veceras-skup-podrske-dijani-hrka/	Skup će se održati pod sloganom „Majka nije sama, majka mora ostati među nama!“.		Skup će se održati pod sloganom „Majka nije sama, majka mora ostati među nama!“.
dan-835985637654-002	danas	835985637654	vest	pol-drustvo	drustvo	2	4	https://www.danas.rs/vesti/drustvo/u-cacku-veceras-skup-podrske-dijani-hrka/	Dijana Hrka štrajkuje 12. dan glađu kod Skupštine Srbije, zbog pogibije sina Stefana i još 15 ljudi u padu nadstrešnice na Železničkoj stanici u Novom Sadu.		Dijana Hrka štrajkuje 12. dan glađu kod Skupštine Srbije, zbog pogibije sina Stefana i još 15 ljudi u padu nadstrešnice na Železničkoj stanici u Novom Sadu.
dan-835985637654-003	danas	835985637654	vest	pol-drustvo	drustvo	3	4	https://www.danas.rs/vesti/drustvo/u-cacku-veceras-skup-podrske-dijani-hrka/	Čačani su do sada održali nekoliko protesta u znak podrške Dijani Hrka, blokirali su dva dana na po jedan sat Ibarsku magistralu, a maturanti dve srednje čačanske škole – Gimnazije i Tehničke, bojkotovali su nastavu dva dana zaredom, 6. i 7. novembra.		Čačani su do sada održali nekoliko protesta u znak podrške Dijani Hrka, blokirali su dva dana na po jedan sat Ibarsku magistralu, a maturanti dve srednje čačanske škole – Gimnazije i Tehničke, bojkotovali su nastavu dva dana zaredom, 6. i 7. novembra.
dan-524955297269-000	danas	524955297269	vest	pol-drustvo	drustvo	0	4	https://www.danas.rs/vesti/drustvo/privedeni-drzavljani-bih-kod-cacilenda-nisu-imali-prijavljen-boravak-kod-jedne-osobe-nadjen-bokser/	Pripadnici Ministarstva unutrašnjih poslova zadržali su M. S. (30) i S. R. (22) državljane BiH, zbog prekršaja iz Zakona o strancima, dok će protiv M. S. biti podneta prekršajna prijava i po Zakonu o oružju i municiji.		Pripadnici Ministarstva unutrašnjih poslova zadržali su M. S. (30) i S. R. (22) državljane BiH, zbog prekršaja iz Zakona o strancima, dok će protiv M. S. biti podneta prekršajna prijava i po Zakonu o oružju i municiji.
dan-524955297269-001	danas	524955297269	vest	pol-drustvo	drustvo	1	4	https://www.danas.rs/vesti/drustvo/privedeni-drzavljani-bih-kod-cacilenda-nisu-imali-prijavljen-boravak-kod-jedne-osobe-nadjen-bokser/	Policija je sinoć, po prijavi legitimisala navedena lica koja su se nalazila ispred Pionirskog parka.		Policija je sinoć, po prijavi legitimisala navedena lica koja su se nalazila ispred Pionirskog parka.
dan-524955297269-002	danas	524955297269	vest	pol-drustvo	drustvo	2	4	https://www.danas.rs/vesti/drustvo/privedeni-drzavljani-bih-kod-cacilenda-nisu-imali-prijavljen-boravak-kod-jedne-osobe-nadjen-bokser/	Prilikom provere utvrđeno je da nemaju prijavljen boravak na teritoriji Srbije.		Prilikom provere utvrđeno je da nemaju prijavljen boravak na teritoriji Srbije.
dan-524955297269-003	danas	524955297269	vest	pol-drustvo	drustvo	3	4	https://www.danas.rs/vesti/drustvo/privedeni-drzavljani-bih-kod-cacilenda-nisu-imali-prijavljen-boravak-kod-jedne-osobe-nadjen-bokser/	Pregledom lica, kod M. S. pronađen je metalni bokser i PVC maska za telefon sa simbolima zastave Albanije.		Pregledom lica, kod M. S. pronađen je metalni bokser i PVC maska za telefon sa simbolima zastave Albanije.
dan-473030740077-027	danas	473030740077	vest	pol-drustvo	drustvo	27	44	https://www.danas.rs/vesti/drustvo/katanci-otkazi-i-beg-od-medija-ko-je-celnica-niske-gimnazije-stevan-sremac-cija-se-ostavka-trazi-na-protestu/	Sklonost ka „zatvaranju“ škole pokazala je i na samom početku mandata, krajem avgusta, kada je održan protestni skup „Naša Vera je jača od vaše sile!’“ u znak podrške smenjenoj direktorki.		Sklonost ka „zatvaranju“ škole pokazala je i na samom početku mandata, krajem avgusta, kada je održan protestni skup „Naša Vera je jača od vaše sile!’“ u znak podrške smenjenoj direktorki.
dan-473030740077-028	danas	473030740077	vest	pol-drustvo	drustvo	28	44	https://www.danas.rs/vesti/drustvo/katanci-otkazi-i-beg-od-medija-ko-je-celnica-niske-gimnazije-stevan-sremac-cija-se-ostavka-trazi-na-protestu/	Građane, zaposlene, roditelje i bivše i sadašnje učenike koji su došli na protest ispred Gimnazije dočekale su zaključane kapije, na kojima su postavljeni lanci i katanci, kao i natpis „Zabranjen prolaz.		Građane, zaposlene, roditelje i bivše i sadašnje učenike koji su došli na protest ispred Gimnazije dočekale su zaključane kapije, na kojima su postavljeni lanci i katanci, kao i natpis „Zabranjen prolaz.
dan-473030740077-029	danas	473030740077	vest	pol-drustvo	drustvo	29	44	https://www.danas.rs/vesti/drustvo/katanci-otkazi-i-beg-od-medija-ko-je-celnica-niske-gimnazije-stevan-sremac-cija-se-ostavka-trazi-na-protestu/	Okupljeni su primetili da su sa zidova Gimnazije prvi put uklonjeni i svi transparenti i poruke koji su istaknuti za vreme blokade nastave.		Okupljeni su primetili da su sa zidova Gimnazije prvi put uklonjeni i svi transparenti i poruke koji su istaknuti za vreme blokade nastave.
dan-473030740077-030	danas	473030740077	vest	pol-drustvo	drustvo	30	44	https://www.danas.rs/vesti/drustvo/katanci-otkazi-i-beg-od-medija-ko-je-celnica-niske-gimnazije-stevan-sremac-cija-se-ostavka-trazi-na-protestu/	„Takva trivijalnost je bila prvi potez nove uprave“, kazali su nastavnici.		„Takva trivijalnost je bila prvi potez nove uprave“, kazali su nastavnici.
dan-473030740077-031	danas	473030740077	vest	pol-drustvo	drustvo	31	44	https://www.danas.rs/vesti/drustvo/katanci-otkazi-i-beg-od-medija-ko-je-celnica-niske-gimnazije-stevan-sremac-cija-se-ostavka-trazi-na-protestu/	Nova v.d. direktorke se nakon toga pisano izvinila „kolektivu, sadašnjim i bivšim učenicima, roditeljima i celokupnoj javnosti“ zbog postavljanja lanaca i katanaca na ulazne kapije, navodeći da je to učinila „iz iskrene zabrinutosti zbog nasilnog upada u prostor škole“.		Nova v.d. direktorke se nakon toga pisano izvinila „kolektivu, sadašnjim i bivšim učenicima, roditeljima i celokupnoj javnosti“ zbog postavljanja lanaca i katanaca na ulazne kapije, navodeći da je to učinila „iz iskrene zabrinutosti zbog nasilnog upada u prostor škole“.
dan-473030740077-032	danas	473030740077	vest	pol-drustvo	drustvo	32	44	https://www.danas.rs/vesti/drustvo/katanci-otkazi-i-beg-od-medija-ko-je-celnica-niske-gimnazije-stevan-sremac-cija-se-ostavka-trazi-na-protestu/	Kako nezvanično saznajemo, njeno javno izvinjenje bilo je „preduslov“ za prisustvo nastavnika sednici Nastavničkog veća koji je novoj upravi ispostavio „kolektiv“.		Kako nezvanično saznajemo, njeno javno izvinjenje bilo je „preduslov“ za prisustvo nastavnika sednici Nastavničkog veća koji je novoj upravi ispostavio „kolektiv“.
dan-473030740077-033	danas	473030740077	vest	pol-drustvo	drustvo	33	44	https://www.danas.rs/vesti/drustvo/katanci-otkazi-i-beg-od-medija-ko-je-celnica-niske-gimnazije-stevan-sremac-cija-se-ostavka-trazi-na-protestu/	Stoiljković je, inače, u Prvoj niškoj gimnaziji „Stevan Sremac“ nekoliko godina predavala hemiju sa fondom časova od 20 odsto, istovremeno radeći u Gimnaziji „9. Maj“.		Stoiljković je, inače, u Prvoj niškoj gimnaziji „Stevan Sremac“ nekoliko godina predavala hemiju sa fondom časova od 20 odsto, istovremeno radeći u Gimnaziji „9. Maj“.
dan-473030740077-034	danas	473030740077	vest	pol-drustvo	drustvo	34	44	https://www.danas.rs/vesti/drustvo/katanci-otkazi-i-beg-od-medija-ko-je-celnica-niske-gimnazije-stevan-sremac-cija-se-ostavka-trazi-na-protestu/	Vlasnica je diplome master hemičara, a studirala je, po navodima dela zaposlenih, 16 godina.		Vlasnica je diplome master hemičara, a studirala je, po navodima dela zaposlenih, 16 godina.
dan-950000478638-000	danas	950000478638	vest	pol-drustvo	drustvo	0	8	https://www.danas.rs/vesti/drustvo/marinkovic-izmene-pravosudnih-zakona-snizavaju-standarde-i-jacaju-moc-glavnih-tuzilaca/	Univerzitetski profesor Tanasije Marinković ocenio je danas da predlozi izmena pravosudnih zakona, koje je formalno podneo poslanik Srpske napredne stranke Uglješa Mrdić, predstavljaju snižavanje postojećih standarda i jačanje centralne moći glavnih tužilaca.		Univerzitetski profesor Tanasije Marinković ocenio je danas da predlozi izmena pravosudnih zakona, koje je formalno podneo poslanik Srpske napredne stranke Uglješa Mrdić, predstavljaju snižavanje postojećih standarda i jačanje centralne moći glavnih tužilaca.
dan-950000478638-001	danas	950000478638	vest	pol-drustvo	drustvo	1	8	https://www.danas.rs/vesti/drustvo/marinkovic-izmene-pravosudnih-zakona-snizavaju-standarde-i-jacaju-moc-glavnih-tuzilaca/	„Vidi se da se snižavaju standardi koji su prethodno uspostavljeni u pravcu jačanja pozicije glavnog javnog tužioca kao najviše figure unutar svakog tužilaštva.		„Vidi se da se snižavaju standardi koji su prethodno uspostavljeni u pravcu jačanja pozicije glavnog javnog tužioca kao najviše figure unutar svakog tužilaštva.
dan-950000478638-002	danas	950000478638	vest	pol-drustvo	drustvo	2	8	https://www.danas.rs/vesti/drustvo/marinkovic-izmene-pravosudnih-zakona-snizavaju-standarde-i-jacaju-moc-glavnih-tuzilaca/	Posebno je evidentno jačanje glavnog javnog tužioca Višeg javnog tužilaštva u Beogradu Nenada Stefanovića“, rekao je Marinković za televiziju N1.	Y	„Posebno je evidentno jačanje glavnog javnog tužioca Višeg javnog tužilaštva u Beogradu Nenada Stefanovića“, rekao je Marinković za televiziju N1.“
dan-950000478638-003	danas	950000478638	vest	pol-drustvo	drustvo	3	8	https://www.danas.rs/vesti/drustvo/marinkovic-izmene-pravosudnih-zakona-snizavaju-standarde-i-jacaju-moc-glavnih-tuzilaca/	On je rekao da je to odraz sukoba glavnog tužioca VJT Nenada Stefanovića sa jedne strane i vrhovne javne tužiteljke Zagorke Dolovac i predsednika Visokog saveta tužilaštva Branka Stamenkovića s druge.		On je rekao da je to odraz sukoba glavnog tužioca VJT Nenada Stefanovića sa jedne strane i vrhovne javne tužiteljke Zagorke Dolovac i predsednika Visokog saveta tužilaštva Branka Stamenkovića s druge.
dan-950000478638-004	danas	950000478638	vest	pol-drustvo	drustvo	4	8	https://www.danas.rs/vesti/drustvo/marinkovic-izmene-pravosudnih-zakona-snizavaju-standarde-i-jacaju-moc-glavnih-tuzilaca/	Uzimajući u obzir politički kontekst, Marinković je ocenio da se može reći da je to politički udarac na pravosuđe.		Uzimajući u obzir politički kontekst, Marinković je ocenio da se može reći da je to politički udarac na pravosuđe.
dan-950000478638-005	danas	950000478638	vest	pol-drustvo	drustvo	5	8	https://www.danas.rs/vesti/drustvo/marinkovic-izmene-pravosudnih-zakona-snizavaju-standarde-i-jacaju-moc-glavnih-tuzilaca/	Prema njegovim rečima, snižavanje standarda odnosi se i na mogućnost ponovnog biranja istih ljudi na položaj predsednika sudova, što je ocenio kao jako koruptivnu normu koja služi tome da se jačaju centralne figure u sudstvu i tužilaštvu.		Prema njegovim rečima, snižavanje standarda odnosi se i na mogućnost ponovnog biranja istih ljudi na položaj predsednika sudova, što je ocenio kao jako koruptivnu normu koja služi tome da se jačaju centralne figure u sudstvu i tužilaštvu.
dan-950000478638-006	danas	950000478638	vest	pol-drustvo	drustvo	6	8	https://www.danas.rs/vesti/drustvo/marinkovic-izmene-pravosudnih-zakona-snizavaju-standarde-i-jacaju-moc-glavnih-tuzilaca/	Time se pokušava da se na neki način ugrozi samostalnost individualnih javnih tužilaca i nezavisnih sudija, dodao je Marinković.		Time se pokušava da se na neki način ugrozi samostalnost individualnih javnih tužilaca i nezavisnih sudija, dodao je Marinković.
dan-950000478638-007	danas	950000478638	vest	pol-drustvo	drustvo	7	8	https://www.danas.rs/vesti/drustvo/marinkovic-izmene-pravosudnih-zakona-snizavaju-standarde-i-jacaju-moc-glavnih-tuzilaca/	Kako je naveo, predlog izmena podneo je Mrdić, ali su ih zapravo pisali službenici Ministarstva pravde.		Kako je naveo, predlog izmena podneo je Mrdić, ali su ih zapravo pisali službenici Ministarstva pravde.
dan-829739063252-000	danas	829739063252	vest	pol-drustvo	drustvo	0	8	https://www.danas.rs/vesti/drustvo/slobodan-univerzitet-centar-za-drustvenu-stabilnost-preti-profesorima-univerziteta-u-novom-sadu/	Akademska mreža Slobodan univerzitet iz Novog Sada optužila je danas organizaciju Centar za društvenu stabilnost da „navodnim dokumentarnim filmovima“ upućuje otvorene pretnje profesorima novosadskog univerziteta.		Akademska mreža Slobodan univerzitet iz Novog Sada optužila je danas organizaciju Centar za društvenu stabilnost da „navodnim dokumentarnim filmovima“ upućuje otvorene pretnje profesorima novosadskog univerziteta.
dan-829739063252-001	danas	829739063252	vest	pol-drustvo	drustvo	1	8	https://www.danas.rs/vesti/drustvo/slobodan-univerzitet-centar-za-drustvenu-stabilnost-preti-profesorima-univerziteta-u-novom-sadu/	„Slobodan univerzitet najoštrije osuđuje iznošenje niza neistina o članovima akademske zajednice, kao i otvorene pretnje našim kolegama i koleginicama sa Filozofskog fakulteta da u narednom periodu, tokom izbora u naučna i nastavna zvanja, neće moći da napreduju zbog podrške studentima“, naveo je Slobodan univerzitet u saopštenju.		„Slobodan univerzitet najoštrije osuđuje iznošenje niza neistina o članovima akademske zajednice, kao i otvorene pretnje našim kolegama i koleginicama sa Filozofskog fakulteta da u narednom periodu, tokom izbora u naučna i nastavna zvanja, neće moći da napreduju zbog podrške studentima“, naveo je Slobodan univerzitet u saopštenju.
dan-829739063252-002	danas	829739063252	vest	pol-drustvo	drustvo	2	8	https://www.danas.rs/vesti/drustvo/slobodan-univerzitet-centar-za-drustvenu-stabilnost-preti-profesorima-univerziteta-u-novom-sadu/	Poručili su da napadi, pretnje i pokušaji zastrašivanja neće ućutkati akademsku zajednicu i izrazili solidarnost sa koleginicama i kolegama koji su izloženi napadima.		Poručili su da napadi, pretnje i pokušaji zastrašivanja neće ućutkati akademsku zajednicu i izrazili solidarnost sa koleginicama i kolegama koji su izloženi napadima.
dan-829739063252-003	danas	829739063252	vest	pol-drustvo	drustvo	3	8	https://www.danas.rs/vesti/drustvo/slobodan-univerzitet-centar-za-drustvenu-stabilnost-preti-profesorima-univerziteta-u-novom-sadu/	Slobodan univerzitet je ocenio da je Centar za društvenu stabilnost „opskurna organizacija koja je i ranije služila za targetiranje kritičara vlasti“.		Slobodan univerzitet je ocenio da je Centar za društvenu stabilnost „opskurna organizacija koja je i ranije služila za targetiranje kritičara vlasti“.
dan-829739063252-004	danas	829739063252	vest	pol-drustvo	drustvo	4	8	https://www.danas.rs/vesti/drustvo/slobodan-univerzitet-centar-za-drustvenu-stabilnost-preti-profesorima-univerziteta-u-novom-sadu/	„Posebno zabrinjava činjenica da se u ovim napadima ne targetira samo profesionalni rad naših kolega, već se zadire i u njihov privatni život, čime se dodatno podstiče atmosfera linča i pritiska“, naveo je Slobodan univerzitet.		„Posebno zabrinjava činjenica da se u ovim napadima ne targetira samo profesionalni rad naših kolega, već se zadire i u njihov privatni život, čime se dodatno podstiče atmosfera linča i pritiska“, naveo je Slobodan univerzitet.
dan-829739063252-005	danas	829739063252	vest	pol-drustvo	drustvo	5	8	https://www.danas.rs/vesti/drustvo/slobodan-univerzitet-centar-za-drustvenu-stabilnost-preti-profesorima-univerziteta-u-novom-sadu/	Film Centra za društvenu stabilnost emitovan je istovremeno na više tabloidnih medija, među kojima su i televizije sa nacionalnom frekvencijom.		Film Centra za društvenu stabilnost emitovan je istovremeno na više tabloidnih medija, među kojima su i televizije sa nacionalnom frekvencijom.
dan-829739063252-006	danas	829739063252	vest	pol-drustvo	drustvo	6	8	https://www.danas.rs/vesti/drustvo/slobodan-univerzitet-centar-za-drustvenu-stabilnost-preti-profesorima-univerziteta-u-novom-sadu/	Podsetili su da to nije prvi put da Centar za društvenu stabilnost, za koju su kazali da ima bliske veze sa Srpskom naprednom strankom, vodi kampanju protiv univerzitetskih nastavnika i širi dezinformacije o akademskoj zajednici.		Podsetili su da to nije prvi put da Centar za društvenu stabilnost, za koju su kazali da ima bliske veze sa Srpskom naprednom strankom, vodi kampanju protiv univerzitetskih nastavnika i širi dezinformacije o akademskoj zajednici.
dan-829739063252-007	danas	829739063252	vest	pol-drustvo	drustvo	7	8	https://www.danas.rs/vesti/drustvo/slobodan-univerzitet-centar-za-drustvenu-stabilnost-preti-profesorima-univerziteta-u-novom-sadu/	„Takve kampanje imaju za cilj diskreditaciju pojedinaca i stvaranje pritiska na institucije univerziteta kako bi se ograničila sloboda mišljenja i delovanja“, naveli su iz Slobodnog univerziteta.		„Takve kampanje imaju za cilj diskreditaciju pojedinaca i stvaranje pritiska na institucije univerziteta kako bi se ograničila sloboda mišljenja i delovanja“, naveli su iz Slobodnog univerziteta.
dan-472807206306-000	danas	472807206306	vest	pol-drustvo	politika	0	8	https://www.danas.rs/vesti/politika/evropska-komisija-srbija-prekrsila-briselski-sporazum-iz-2015/	Evropska komisija smatra da Srbija, hapšenjem i krivičnim gonjenjem državljanina Kosova, krši obaveze iz Sporazumu o dijalogu i pravosuđu iz 2015. godine, potvrđeno je danas Radiju Slobodna Evropa (RSE).		Evropska komisija smatra da Srbija, hapšenjem i krivičnim gonjenjem državljanina Kosova, krši obaveze iz Sporazumu o dijalogu i pravosuđu iz 2015. godine, potvrđeno je danas Radiju Slobodna Evropa (RSE).
dan-472807206306-001	danas	472807206306	vest	pol-drustvo	politika	1	8	https://www.danas.rs/vesti/politika/evropska-komisija-srbija-prekrsila-briselski-sporazum-iz-2015/	„Prema tom sporazumu, Srbija se obavezala da neće pokretati krivične istrage, niti krivično gonjenje za navodne zločine počinjene na Kosovu, osim ako to ne zatraže kosovske vlasti.		„Prema tom sporazumu, Srbija se obavezala da neće pokretati krivične istrage, niti krivično gonjenje za navodne zločine počinjene na Kosovu, osim ako to ne zatraže kosovske vlasti.
dan-472807206306-002	danas	472807206306	vest	pol-drustvo	politika	2	8	https://www.danas.rs/vesti/politika/evropska-komisija-srbija-prekrsila-briselski-sporazum-iz-2015/	Nadležnost za navode o ratnim zločinima i drugim teškim krivičnim delima je u nadležnosti kosovskih institucija“, izjavio je za RSE portparol Evropske komisije, pozivajući Beograd da poštuje preuzete obaveze.	Y	„Nadležnost za navode o ratnim zločinima i drugim teškim krivičnim delima je u nadležnosti kosovskih institucija“, izjavio je za RSE portparol Evropske komisije, pozivajući Beograd da poštuje preuzete obaveze.“
dan-472807206306-003	danas	472807206306	vest	pol-drustvo	politika	3	8	https://www.danas.rs/vesti/politika/evropska-komisija-srbija-prekrsila-briselski-sporazum-iz-2015/	U jutarnjim satima 5. februara je državljanin Kosova uhapšen u Srbiji.		U jutarnjim satima 5. februara je državljanin Kosova uhapšen u Srbiji.
dan-472807206306-004	danas	472807206306	vest	pol-drustvo	politika	4	8	https://www.danas.rs/vesti/politika/evropska-komisija-srbija-prekrsila-briselski-sporazum-iz-2015/	Tvrdi se da se radi o bivšem pripadniku Oslobodilačke vojske Kosova (OVK).		Tvrdi se da se radi o bivšem pripadniku Oslobodilačke vojske Kosova (OVK).
dan-472807206306-005	danas	472807206306	vest	pol-drustvo	politika	5	8	https://www.danas.rs/vesti/politika/evropska-komisija-srbija-prekrsila-briselski-sporazum-iz-2015/	Policija Srbije je istog dana potvrdila da je uhapsila osobu iz Peći, zbog sumnje da je počinila ratni zločin protiv civilnog stanovništva.		Policija Srbije je istog dana potvrdila da je uhapsila osobu iz Peći, zbog sumnje da je počinila ratni zločin protiv civilnog stanovništva.
dan-472807206306-006	danas	472807206306	vest	pol-drustvo	politika	6	8	https://www.danas.rs/vesti/politika/evropska-komisija-srbija-prekrsila-briselski-sporazum-iz-2015/	Ministar unutrašnjih poslova Srbije Ivica Dačić je saopštio da je četrdesetpetogodišnji M.L. uhapšen na graničnom prelazu Batrovci, između Srbije i Hrvatske, i da mu je određeno zadržavanje do 48 sati, posle čega će, uz krivičnu prijavu, biti priveden Tužilaštvu za ratne zločine.		Ministar unutrašnjih poslova Srbije Ivica Dačić je saopštio da je četrdesetpetogodišnji M.L. uhapšen na graničnom prelazu Batrovci, između Srbije i Hrvatske, i da mu je određeno zadržavanje do 48 sati, posle čega će, uz krivičnu prijavu, biti priveden Tužilaštvu za ratne zločine.
dan-472807206306-007	danas	472807206306	vest	pol-drustvo	politika	7	8	https://www.danas.rs/vesti/politika/evropska-komisija-srbija-prekrsila-briselski-sporazum-iz-2015/	U saopštenju policije se navodi da se M.L. „sumnjiči da je tokom 1998. i 1999. godine, kao pripadnik OVK, prošao selektivnu obuku, a potom učestvovao u napadima na pripadnike Ministarstva unutrašnjih poslova Srbije i Vojske Jugoslavije“.		U saopštenju policije se navodi da se M.L. „sumnjiči da je tokom 1998. i 1999. godine, kao pripadnik OVK, prošao selektivnu obuku, a potom učestvovao u napadima na pripadnike Ministarstva unutrašnjih poslova Srbije i Vojske Jugoslavije“.
bli-8162721914-000	blic	8162721914	vest	pol-drustvo	politika	0	6	https://www.blic.rs/vesti/politika/miodrag-linta-podici-spomenik-u-beogradu-deci-ubijenoj-u-ndh/3qzvgje	Linta je predložio da se u Beogradu podigne spomenik deci nastradaloj u genocidnoj NDH.		Linta je predložio da se u Beogradu podigne spomenik deci nastradaloj u genocidnoj NDH.
bli-8162721914-001	blic	8162721914	vest	pol-drustvo	politika	1	6	https://www.blic.rs/vesti/politika/miodrag-linta-podici-spomenik-u-beogradu-deci-ubijenoj-u-ndh/3qzvgje	"Naša nacionalna i moralna dužnost jeste da trajno negujemo kulturu sećanja na ubijenu decu u NDH jer nas opominje da ne zaboravimo zlo i smišljeni projekat uništenja i zatiranja Srba i drugih naroda.		"Naša nacionalna i moralna dužnost jeste da trajno negujemo kulturu sećanja na ubijenu decu u NDH jer nas opominje da ne zaboravimo zlo i smišljeni projekat uništenja i zatiranja Srba i drugih naroda.
bli-8162721914-002	blic	8162721914	vest	pol-drustvo	politika	2	6	https://www.blic.rs/vesti/politika/miodrag-linta-podici-spomenik-u-beogradu-deci-ubijenoj-u-ndh/3qzvgje	Takođe, od nacionalnog je značaja da se aktivno borimo za istinu o počinjenom genocidu nad Srbima u NDH u međunarodnoj zajednici", poručio je Linta u saopštenju.	Y	„Takođe, od nacionalnog je značaja da se aktivno borimo za istinu o počinjenom genocidu nad Srbima u NDH u međunarodnoj zajednici", poručio je Linta u saopštenju.“
bli-8162721914-003	blic	8162721914	vest	pol-drustvo	politika	3	6	https://www.blic.rs/vesti/politika/miodrag-linta-podici-spomenik-u-beogradu-deci-ubijenoj-u-ndh/3qzvgje	Kako navodi, NDH je bila jedina država u Evropi u kojoj su postojali logori za decu, i to u Sisku, Jastrebarskom, Reci kod Jastrebarskog i Gornjoj Rijeci kod Križevaca.		Kako navodi, NDH je bila jedina država u Evropi u kojoj su postojali logori za decu, i to u Sisku, Jastrebarskom, Reci kod Jastrebarskog i Gornjoj Rijeci kod Križevaca.
bli-8162721914-004	blic	8162721914	vest	pol-drustvo	politika	4	6	https://www.blic.rs/vesti/politika/miodrag-linta-podici-spomenik-u-beogradu-deci-ubijenoj-u-ndh/3qzvgje	"Utvrđeno je da je samo u Jasenovcu stradalo 19.432 dece.		"Utvrđeno je da je samo u Jasenovcu stradalo 19.432 dece.
bli-8162721914-005	blic	8162721914	vest	pol-drustvo	politika	5	6	https://www.blic.rs/vesti/politika/miodrag-linta-podici-spomenik-u-beogradu-deci-ubijenoj-u-ndh/3qzvgje	Deca su ubijana još i u Staroj Gradišci, u Jablancu i Mlaki, u Novskoj, u Prijedoru i drugim logorima, kao i na mnogim drugim mestima gde su živeli Srbi", istakao je Linta.	Y	„Deca su ubijana još i u Staroj Gradišci, u Jablancu i Mlaki, u Novskoj, u Prijedoru i drugim logorima, kao i na mnogim drugim mestima gde su živeli Srbi", istakao je Linta.“
bli-36147663713-001	blic	36147663713	vest	pol-drustvo	drustvo	1	26	https://www.blic.rs/vesti/drustvo/strucnjaci-o-sprecavanju-femicida-treba-biti-na-oprezu-cak-i-kada-je-neko-osudjen/gltdvtt	Većina žrtava ubijena je od strane bliskih članova porodice - sinova, ćerki, bivših partnera.		Većina žrtava ubijena je od strane bliskih članova porodice - sinova, ćerki, bivših partnera.
bli-36147663713-002	blic	36147663713	vest	pol-drustvo	drustvo	2	26	https://www.blic.rs/vesti/drustvo/strucnjaci-o-sprecavanju-femicida-treba-biti-na-oprezu-cak-i-kada-je-neko-osudjen/gltdvtt	Italijanski Senat je jednoglasno rekao "da" - femicid ulazi u zakon kao posebno krivično delo, uz kaznu doživotnog zatvora.		Italijanski Senat je jednoglasno rekao "da" - femicid ulazi u zakon kao posebno krivično delo, uz kaznu doživotnog zatvora.
bli-36147663713-003	blic	36147663713	vest	pol-drustvo	drustvo	3	26	https://www.blic.rs/vesti/drustvo/strucnjaci-o-sprecavanju-femicida-treba-biti-na-oprezu-cak-i-kada-je-neko-osudjen/gltdvtt	Brutalno ubistvo žene zbog toga što je muškarac smatra svojinom – srž je mnogih zločina koje zovemo femicid.		Brutalno ubistvo žene zbog toga što je muškarac smatra svojinom – srž je mnogih zločina koje zovemo femicid.
bli-36147663713-004	blic	36147663713	vest	pol-drustvo	drustvo	4	26	https://www.blic.rs/vesti/drustvo/strucnjaci-o-sprecavanju-femicida-treba-biti-na-oprezu-cak-i-kada-je-neko-osudjen/gltdvtt	Iza većine stoji ista rečenica: "Ako nisi moja – nećeš biti ničija."		Iza većine stoji ista rečenica: "Ako nisi moja – nećeš biti ničija."
bli-36147663713-005	blic	36147663713	vest	pol-drustvo	drustvo	5	26	https://www.blic.rs/vesti/drustvo/strucnjaci-o-sprecavanju-femicida-treba-biti-na-oprezu-cak-i-kada-je-neko-osudjen/gltdvtt	U Srbiji, kaže advokatica Ana Selak, kazne postoje.		U Srbiji, kaže advokatica Ana Selak, kazne postoje.
bli-36147663713-006	blic	36147663713	vest	pol-drustvo	drustvo	6	26	https://www.blic.rs/vesti/drustvo/strucnjaci-o-sprecavanju-femicida-treba-biti-na-oprezu-cak-i-kada-je-neko-osudjen/gltdvtt	Ali, postavlja se pitanje koliko često sistem uspeva da proceni rizik pre nego što bude kasno?		Ali, postavlja se pitanje koliko često sistem uspeva da proceni rizik pre nego što bude kasno?
bli-36147663713-007	blic	36147663713	vest	pol-drustvo	drustvo	7	26	https://www.blic.rs/vesti/drustvo/strucnjaci-o-sprecavanju-femicida-treba-biti-na-oprezu-cak-i-kada-je-neko-osudjen/gltdvtt	Jer, navodi Selak, femicid se retko dešava iznenada.		Jer, navodi Selak, femicid se retko dešava iznenada.
bli-36147663713-008	blic	36147663713	vest	pol-drustvo	drustvo	8	26	https://www.blic.rs/vesti/drustvo/strucnjaci-o-sprecavanju-femicida-treba-biti-na-oprezu-cak-i-kada-je-neko-osudjen/gltdvtt	Obično je to poslednji čin dugog niza nasilja, pretnji i nemoći.		Obično je to poslednji čin dugog niza nasilja, pretnji i nemoći.
bli-50940487061-004	blic	50940487061	vest	pol-drustvo	beograd	4	36	https://www.blic.rs/vesti/beograd/popunjeni-skoro-svi-termini-za-vadjenje-pasosa-ako-ne-uspete-da-zakazete-ovo-vam-je/negnfdh	Mogućnost da zakažete imate u nekom od objavljenih termina u okviru mesec dana, ali su oni skoro svi popunjeni.		Mogućnost da zakažete imate u nekom od objavljenih termina u okviru mesec dana, ali su oni skoro svi popunjeni.
bli-50940487061-005	blic	50940487061	vest	pol-drustvo	beograd	5	36	https://www.blic.rs/vesti/beograd/popunjeni-skoro-svi-termini-za-vadjenje-pasosa-ako-ne-uspete-da-zakazete-ovo-vam-je/negnfdh	Kada je u pitanju Beograd, u PU Novi Beograd u Omladinskih brigada od druge nedelje jula pa sve do 12. avgusta nema nijednog termina za vađenje pasoša.		Kada je u pitanju Beograd, u PU Novi Beograd u Omladinskih brigada od druge nedelje jula pa sve do 12. avgusta nema nijednog termina za vađenje pasoša.
bli-50940487061-006	blic	50940487061	vest	pol-drustvo	beograd	6	36	https://www.blic.rs/vesti/beograd/popunjeni-skoro-svi-termini-za-vadjenje-pasosa-ako-ne-uspete-da-zakazete-ovo-vam-je/negnfdh	Slična situacija sa slobodnim terminima za vađenje novih pasoša je i u PS Čukarica, PS Voždovac, PS Stari Grad i PS Rakovica i PS Zemun.		Slična situacija sa slobodnim terminima za vađenje novih pasoša je i u PS Čukarica, PS Voždovac, PS Stari Grad i PS Rakovica i PS Zemun.
bli-50940487061-007	blic	50940487061	vest	pol-drustvo	beograd	7	36	https://www.blic.rs/vesti/beograd/popunjeni-skoro-svi-termini-za-vadjenje-pasosa-ako-ne-uspete-da-zakazete-ovo-vam-je/negnfdh	Čini se da situacija u ostalim mestima u Srbiji nije puno bolje u odnosu na Beograd, pa je tako u PU Novi Sad u Sremskoj ulici prvi slobodan termin tek 22. jula.		Čini se da situacija u ostalim mestima u Srbiji nije puno bolje u odnosu na Beograd, pa je tako u PU Novi Sad u Sremskoj ulici prvi slobodan termin tek 22. jula.
bli-50940487061-008	blic	50940487061	vest	pol-drustvo	beograd	8	36	https://www.blic.rs/vesti/beograd/popunjeni-skoro-svi-termini-za-vadjenje-pasosa-ako-ne-uspete-da-zakazete-ovo-vam-je/negnfdh	Situacija je još gora u PU Novi Sad 1, 2, i 3 u Bulevaru kralja Petra I, gde je prvi slobodan termin za zakazivanje za vađenje pasoša moguće naći od 12. avgusta.		Situacija je još gora u PU Novi Sad 1, 2, i 3 u Bulevaru kralja Petra I, gde je prvi slobodan termin za zakazivanje za vađenje pasoša moguće naći od 12. avgusta.
bli-50940487061-009	blic	50940487061	vest	pol-drustvo	beograd	9	36	https://www.blic.rs/vesti/beograd/popunjeni-skoro-svi-termini-za-vadjenje-pasosa-ako-ne-uspete-da-zakazete-ovo-vam-je/negnfdh	Ipak, budite brzi, jer je ostalo malo slobodnih termina u avgustu.		Ipak, budite brzi, jer je ostalo malo slobodnih termina u avgustu.
bli-50940487061-010	blic	50940487061	vest	pol-drustvo	beograd	10	36	https://www.blic.rs/vesti/beograd/popunjeni-skoro-svi-termini-za-vadjenje-pasosa-ako-ne-uspete-da-zakazete-ovo-vam-je/negnfdh	Iznenađujuće, najgore je u septembru, kada su zakazani svi termini za vađenje pasoša.		Iznenađujuće, najgore je u septembru, kada su zakazani svi termini za vađenje pasoša.
bli-50940487061-011	blic	50940487061	vest	pol-drustvo	beograd	11	36	https://www.blic.rs/vesti/beograd/popunjeni-skoro-svi-termini-za-vadjenje-pasosa-ako-ne-uspete-da-zakazete-ovo-vam-je/negnfdh	Kada je u pitanju najveći grad na jugu Srbije situacija je bolja u odnosu na Beograd i Novi Sad, iako ima dosta gužve.		Kada je u pitanju najveći grad na jugu Srbije situacija je bolja u odnosu na Beograd i Novi Sad, iako ima dosta gužve.
bli-50478568683-000	blic	50478568683	vest	pol-drustvo	politika	0	4	https://www.blic.rs/vesti/politika/pristina-srbin-iz-istoka-oslobodjen-optuzbi-za-ratni-zlocin-u-zatvoru-dubrava/n6tmwvf	Osnovni sud privremenih institucija u Prištini izrekao je danas oslobađajuću presudu Gavrilu Milosavljeviću iz Istoka, koji je bio optužen da je počinio ratni zločin protiv civilnog stanovništva u zatvoru Dubrava tokom sukoba u AP Kosovo i Metohija 1999. godine.		Osnovni sud privremenih institucija u Prištini izrekao je danas oslobađajuću presudu Gavrilu Milosavljeviću iz Istoka, koji je bio optužen da je počinio ratni zločin protiv civilnog stanovništva u zatvoru Dubrava tokom sukoba u AP Kosovo i Metohija 1999. godine.
bli-50478568683-001	blic	50478568683	vest	pol-drustvo	politika	1	4	https://www.blic.rs/vesti/politika/pristina-srbin-iz-istoka-oslobodjen-optuzbi-za-ratni-zlocin-u-zatvoru-dubrava/n6tmwvf	Sudsko veće donelo je odluku da, usled nedostatka dokaza, oslobodi Milosavljevića optužbi.		Sudsko veće donelo je odluku da, usled nedostatka dokaza, oslobodi Milosavljevića optužbi.
bli-50478568683-002	blic	50478568683	vest	pol-drustvo	politika	2	4	https://www.blic.rs/vesti/politika/pristina-srbin-iz-istoka-oslobodjen-optuzbi-za-ratni-zlocin-u-zatvoru-dubrava/n6tmwvf	Milosavljevića je optužnica teretila da je navodno učestvovao u ubistvu 109 Albanaca u zatvoru Dubrava od 22. do 24. maja 1999. godine.		Milosavljevića je optužnica teretila da je navodno učestvovao u ubistvu 109 Albanaca u zatvoru Dubrava od 22. do 24. maja 1999. godine.
bli-50478568683-003	blic	50478568683	vest	pol-drustvo	politika	3	4	https://www.blic.rs/vesti/politika/pristina-srbin-iz-istoka-oslobodjen-optuzbi-za-ratni-zlocin-u-zatvoru-dubrava/n6tmwvf	On je uhapšen 2. decembra 2022. godine, a optužnica protiv njega podignuta je 29. novembra 2023. godine.		On je uhapšen 2. decembra 2022. godine, a optužnica protiv njega podignuta je 29. novembra 2023. godine.
bli-29621128562-004	blic	29621128562	vest	pol-drustvo	politika	4	15	https://www.blic.rs/vesti/politika/demonstranti-ispred-kuce-djura-macuta-blokada-autokomande-otkazana/dlvnl2q	Prvi pokušaj blokade sprečila je policija, ali su okupljeni počeli naizmenično da prelaze magistralu na dva pešačka prelaza čime su na kratko zaustavili saobraćaj.		Prvi pokušaj blokade sprečila je policija, ali su okupljeni počeli naizmenično da prelaze magistralu na dva pešačka prelaza čime su na kratko zaustavili saobraćaj.
bli-29621128562-005	blic	29621128562	vest	pol-drustvo	politika	5	15	https://www.blic.rs/vesti/politika/demonstranti-ispred-kuce-djura-macuta-blokada-autokomande-otkazana/dlvnl2q	Protest na Voždovcu završen je održavanjem komemorativne akcije "16 minuta tišine" za poginule u padu nadstrešnice na Železničkoj stanici Novi Sad.		Protest na Voždovcu završen je održavanjem komemorativne akcije "16 minuta tišine" za poginule u padu nadstrešnice na Železničkoj stanici Novi Sad.
bli-29621128562-006	blic	29621128562	vest	pol-drustvo	politika	6	15	https://www.blic.rs/vesti/politika/demonstranti-ispred-kuce-djura-macuta-blokada-autokomande-otkazana/dlvnl2q	Demonstranti su stigli i na drugo odredište, na adresu gde živi visoki funkcioner SNS advokat Vladimir Đukanović.		Demonstranti su stigli i na drugo odredište, na adresu gde živi visoki funkcioner SNS advokat Vladimir Đukanović.
bli-29621128562-007	blic	29621128562	vest	pol-drustvo	politika	7	15	https://www.blic.rs/vesti/politika/demonstranti-ispred-kuce-djura-macuta-blokada-autokomande-otkazana/dlvnl2q	Muškarac koji je večeras napao ekipu Informer TV i nasrnuo na novinarku Branku Lazić, priveden je, prenosi portal Informer.		Muškarac koji je večeras napao ekipu Informer TV i nasrnuo na novinarku Branku Lazić, priveden je, prenosi portal Informer.
bli-29621128562-008	blic	29621128562	vest	pol-drustvo	politika	8	15	https://www.blic.rs/vesti/politika/demonstranti-ispred-kuce-djura-macuta-blokada-autokomande-otkazana/dlvnl2q	Tokom šetnje u blizini Saobraćajnog fakulteta, kod Voždovačkih kapija, građani su izviždali prostorije SNS, a poletelo je i poneko jaje.		Tokom šetnje u blizini Saobraćajnog fakulteta, kod Voždovačkih kapija, građani su izviždali prostorije SNS, a poletelo je i poneko jaje.
bli-29621128562-009	blic	29621128562	vest	pol-drustvo	politika	9	15	https://www.blic.rs/vesti/politika/demonstranti-ispred-kuce-djura-macuta-blokada-autokomande-otkazana/dlvnl2q	Posle adrese na kojoj je premijer, kolona se uputila Ulicom vojvode Stepe, gde bi trebalo da posete još jednu adresu na kojoj živi neko od predstavnika vladajuće koalicije.		Posle adrese na kojoj je premijer, kolona se uputila Ulicom vojvode Stepe, gde bi trebalo da posete još jednu adresu na kojoj živi neko od predstavnika vladajuće koalicije.
bli-29621128562-010	blic	29621128562	vest	pol-drustvo	politika	10	15	https://www.blic.rs/vesti/politika/demonstranti-ispred-kuce-djura-macuta-blokada-autokomande-otkazana/dlvnl2q	Za saobraćaj su zatvorene obe trake Ulice vojvode Stepe.		Za saobraćaj su zatvorene obe trake Ulice vojvode Stepe.
bli-29621128562-011	blic	29621128562	vest	pol-drustvo	politika	11	15	https://www.blic.rs/vesti/politika/demonstranti-ispred-kuce-djura-macuta-blokada-autokomande-otkazana/dlvnl2q	Demonstranti krenuli su u šetnju kao adresi premijera Srbije Đura Macuta.		Demonstranti krenuli su u šetnju kao adresi premijera Srbije Đura Macuta.
bli-60972962282-003	blic	60972962282	vest	pol-drustvo	drustvo	3	13	https://www.blic.rs/vesti/drustvo/uzas-u-novom-pazaru-jasmin-u-bazenu-na-vikendici-zatekao-jeziv-prizor/s0dq6sq	Trtovac je događaj zabeležio video snimkom i objavio ga na društvenim mrežama, izazvavši veliku zabrinutost i niz reakcija.		Trtovac je događaj zabeležio video snimkom i objavio ga na društvenim mrežama, izazvavši veliku zabrinutost i niz reakcija.
bli-60972962282-004	blic	60972962282	vest	pol-drustvo	drustvo	4	13	https://www.blic.rs/vesti/drustvo/uzas-u-novom-pazaru-jasmin-u-bazenu-na-vikendici-zatekao-jeziv-prizor/s0dq6sq	- Uzmeš danas da isprazniš dečiji bazen i u njemu nađeš ni manje ni više nego zrno od metka ispaljenog sigurno iz nekog pištolja na nekoj svadbi, šenlučenju uglavnom.		- Uzmeš danas da isprazniš dečiji bazen i u njemu nađeš ni manje ni više nego zrno od metka ispaljenog sigurno iz nekog pištolja na nekoj svadbi, šenlučenju uglavnom.
bli-60972962282-005	blic	60972962282	vest	pol-drustvo	drustvo	5	13	https://www.blic.rs/vesti/drustvo/uzas-u-novom-pazaru-jasmin-u-bazenu-na-vikendici-zatekao-jeziv-prizor/s0dq6sq	E pa, razmislite malo, ovo je moglo da ubije nekog - poručio je Trtovac na snimku.		E pa, razmislite malo, ovo je moglo da ubije nekog - poručio je Trtovac na snimku.
bli-60972962282-006	blic	60972962282	vest	pol-drustvo	drustvo	6	13	https://www.blic.rs/vesti/drustvo/uzas-u-novom-pazaru-jasmin-u-bazenu-na-vikendici-zatekao-jeziv-prizor/s0dq6sq	Građani u strahu: "Meni je probio crep na krovu"		Građani u strahu: "Meni je probio crep na krovu"
bli-60972962282-007	blic	60972962282	vest	pol-drustvo	drustvo	7	13	https://www.blic.rs/vesti/drustvo/uzas-u-novom-pazaru-jasmin-u-bazenu-na-vikendici-zatekao-jeziv-prizor/s0dq6sq	Njegova objava izazvala je brojne komentare drugih građana koji su imali slična iskustva.		Njegova objava izazvala je brojne komentare drugih građana koji su imali slična iskustva.
bli-60972962282-008	blic	60972962282	vest	pol-drustvo	drustvo	8	13	https://www.blic.rs/vesti/drustvo/uzas-u-novom-pazaru-jasmin-u-bazenu-na-vikendici-zatekao-jeziv-prizor/s0dq6sq	- U roletnama isto imam 9 milimetara - napisao je Zekirija Zeki Alomerović, na šta mu je Trtovac odgovorio: "Sreća pa se zaustavio u roletni, narod nemaran i ne razmišlja, ali to zrno velikom brzinom pada na zemlju sa velike visine i tim može da napravi veliku štetu."		- U roletnama isto imam 9 milimetara - napisao je Zekirija Zeki Alomerović, na šta mu je Trtovac odgovorio: "Sreća pa se zaustavio u roletni, narod nemaran i ne razmišlja, ali to zrno velikom brzinom pada na zemlju sa velike visine i tim može da napravi veliku štetu."
bli-60972962282-009	blic	60972962282	vest	pol-drustvo	drustvo	9	13	https://www.blic.rs/vesti/drustvo/uzas-u-novom-pazaru-jasmin-u-bazenu-na-vikendici-zatekao-jeziv-prizor/s0dq6sq	Svoje iskustvo podelio je i Izet Mulić: "Meni je probio crep na krovu!"		Svoje iskustvo podelio je i Izet Mulić: "Meni je probio crep na krovu!"
bli-60972962282-010	blic	60972962282	vest	pol-drustvo	drustvo	10	13	https://www.blic.rs/vesti/drustvo/uzas-u-novom-pazaru-jasmin-u-bazenu-na-vikendici-zatekao-jeziv-prizor/s0dq6sq	Jedan od komentara bio je i konkretan predlog da se slučaj prijavi nadležnima.		Jedan od komentara bio je i konkretan predlog da se slučaj prijavi nadležnima.
bli-7345015666-004	blic	7345015666	vest	pol-drustvo	drustvo	4	12	https://www.blic.rs/vesti/drustvo/micin-ocekujem-da-ce-deo-zeleznicke-stanice-u-novom-sadu-biti-otvoren-do-15-septembra/3dh16cy	Taj deo zgrade, iako pripada kompleksu stanice, udaljen je oko 100 do 150 metara od dela gde se tragedija dogodila, što ga čini relativno izolovanim i samim tim, pogodnijim za bezbednosnu analizu i eventualno stavljanje u funkciju.		Taj deo zgrade, iako pripada kompleksu stanice, udaljen je oko 100 do 150 metara od dela gde se tragedija dogodila, što ga čini relativno izolovanim i samim tim, pogodnijim za bezbednosnu analizu i eventualno stavljanje u funkciju.
bli-7345015666-005	blic	7345015666	vest	pol-drustvo	drustvo	5	12	https://www.blic.rs/vesti/drustvo/micin-ocekujem-da-ce-deo-zeleznicke-stanice-u-novom-sadu-biti-otvoren-do-15-septembra/3dh16cy	– Za sada, to je jedino realno i brzo izvodljivo rešenje ukoliko se utvrdi stabilnost konstrukcije.		– Za sada, to je jedino realno i brzo izvodljivo rešenje ukoliko se utvrdi stabilnost konstrukcije.
bli-7345015666-006	blic	7345015666	vest	pol-drustvo	drustvo	6	12	https://www.blic.rs/vesti/drustvo/micin-ocekujem-da-ce-deo-zeleznicke-stanice-u-novom-sadu-biti-otvoren-do-15-septembra/3dh16cy	Taj prostor bi bio adaptiran za prijem putnika, tu bi se organizovala biletarnica i sve neophodne stanične aktivnosti.		Taj prostor bi bio adaptiran za prijem putnika, tu bi se organizovala biletarnica i sve neophodne stanične aktivnosti.
bli-7345015666-007	blic	7345015666	vest	pol-drustvo	drustvo	7	12	https://www.blic.rs/vesti/drustvo/micin-ocekujem-da-ce-deo-zeleznicke-stanice-u-novom-sadu-biti-otvoren-do-15-septembra/3dh16cy	Uslov za to je, naravno, da se završi ispitivanje stabilnosti samog objekta i da se potvrdi da ne postoji nikakva opasnost za korisnike.		Uslov za to je, naravno, da se završi ispitivanje stabilnosti samog objekta i da se potvrdi da ne postoji nikakva opasnost za korisnike.
bli-7345015666-008	blic	7345015666	vest	pol-drustvo	drustvo	8	12	https://www.blic.rs/vesti/drustvo/micin-ocekujem-da-ce-deo-zeleznicke-stanice-u-novom-sadu-biti-otvoren-do-15-septembra/3dh16cy	U međuvremenu se sprovodi javna nabavka za ispitivanje objekata A, C i D, dok je objekat B i dalje pod istragom i neće se obrađivati u ovom koraku – rekao je Mićin.		U međuvremenu se sprovodi javna nabavka za ispitivanje objekata A, C i D, dok je objekat B i dalje pod istragom i neće se obrađivati u ovom koraku – rekao je Mićin.
bli-7345015666-009	blic	7345015666	vest	pol-drustvo	drustvo	9	12	https://www.blic.rs/vesti/drustvo/micin-ocekujem-da-ce-deo-zeleznicke-stanice-u-novom-sadu-biti-otvoren-do-15-septembra/3dh16cy	Ukoliko se potvrdi da su ta krila bezbedna, kako ističe, krenuće se u hitnu adaptaciju tog kolskog prolaza.		Ukoliko se potvrdi da su ta krila bezbedna, kako ističe, krenuće se u hitnu adaptaciju tog kolskog prolaza.
bli-7345015666-010	blic	7345015666	vest	pol-drustvo	drustvo	10	12	https://www.blic.rs/vesti/drustvo/micin-ocekujem-da-ce-deo-zeleznicke-stanice-u-novom-sadu-biti-otvoren-do-15-septembra/3dh16cy	Prilazi će biti ograđeni kako bi se sprečilo bilo kakvo kretanje ka nebezbednim delovima.		Prilazi će biti ograđeni kako bi se sprečilo bilo kakvo kretanje ka nebezbednim delovima.
bli-7345015666-011	blic	7345015666	vest	pol-drustvo	drustvo	11	12	https://www.blic.rs/vesti/drustvo/micin-ocekujem-da-ce-deo-zeleznicke-stanice-u-novom-sadu-biti-otvoren-do-15-septembra/3dh16cy	Stanica u Petrovaradinu je preopterećena, nije projektovana za broj putnika koji trenutno preko nje koristi železnički saobraćaj.		Stanica u Petrovaradinu je preopterećena, nije projektovana za broj putnika koji trenutno preko nje koristi železnički saobraćaj.
bli-41869799782-000	blic	41869799782	vest	pol-drustvo	drustvo	0	6	https://www.blic.rs/vesti/drustvo/dva-teretna-vagona-iskliznula-iz-sina-u-subotici-oglasili-se-iz-infrastrukture/j8g749y	Infrastruktura železnice Srbije saopštile su da je dvoputo železničko vozilo tog preduzeća koje služi za prevoz ljudi i specijalne opreme za sanaciju i posledica nesreća i nezgoda, večeras angažovano u Subotici na otklanjanju posledica iskliznuća dva teretna vagona u stanici Subotica teretna.		Infrastruktura železnice Srbije saopštile su da je dvoputo železničko vozilo tog preduzeća koje služi za prevoz ljudi i specijalne opreme za sanaciju i posledica nesreća i nezgoda, večeras angažovano u Subotici na otklanjanju posledica iskliznuća dva teretna vagona u stanici Subotica teretna.
bli-41869799782-001	blic	41869799782	vest	pol-drustvo	drustvo	1	6	https://www.blic.rs/vesti/drustvo/dva-teretna-vagona-iskliznula-iz-sina-u-subotici-oglasili-se-iz-infrastrukture/j8g749y	Kako se navodi, reč je o poslednja dva teretna vagona, koji su bili prazni, u sastavu kompozicije od ukupno 44 praznih teretnih vagona, a do iskliznuća je došlo na deonici Subotica Teretna - Subotica, tako da nema prekida u funkcionisanju železničkog saobraćaja.		Kako se navodi, reč je o poslednja dva teretna vagona, koji su bili prazni, u sastavu kompozicije od ukupno 44 praznih teretnih vagona, a do iskliznuća je došlo na deonici Subotica Teretna - Subotica, tako da nema prekida u funkcionisanju železničkog saobraćaja.
bli-41869799782-002	blic	41869799782	vest	pol-drustvo	drustvo	2	6	https://www.blic.rs/vesti/drustvo/dva-teretna-vagona-iskliznula-iz-sina-u-subotici-oglasili-se-iz-infrastrukture/j8g749y	Ističe se da je prvi od dva iskliznula prazna teretna vagona već vraćen na kolosek, a očekuje se da se u najkraćem roku i drugi vagon ponovo nađe na šinama.		Ističe se da je prvi od dva iskliznula prazna teretna vagona već vraćen na kolosek, a očekuje se da se u najkraćem roku i drugi vagon ponovo nađe na šinama.
bli-41869799782-003	blic	41869799782	vest	pol-drustvo	drustvo	3	6	https://www.blic.rs/vesti/drustvo/dva-teretna-vagona-iskliznula-iz-sina-u-subotici-oglasili-se-iz-infrastrukture/j8g749y	Inače, pored specijalne opreme, ovo vozilo služi i za prevoz maksimalno do sedmoro ljudi osposobljenih za brze intervencije na pruzi i rad na terenu.		Inače, pored specijalne opreme, ovo vozilo služi i za prevoz maksimalno do sedmoro ljudi osposobljenih za brze intervencije na pruzi i rad na terenu.
bli-41869799782-004	blic	41869799782	vest	pol-drustvo	drustvo	4	6	https://www.blic.rs/vesti/drustvo/dva-teretna-vagona-iskliznula-iz-sina-u-subotici-oglasili-se-iz-infrastrukture/j8g749y	- Dvoputo vozilo je u sastavu službe za pomoćni voz, čiji je zadatak da se posledice vanrednih događaja što pre raščiste i pruga u najkraćem roku ponovo osposobi za redovan železnički saobraćaj.		- Dvoputo vozilo je u sastavu službe za pomoćni voz, čiji je zadatak da se posledice vanrednih događaja što pre raščiste i pruga u najkraćem roku ponovo osposobi za redovan železnički saobraćaj.
bli-41869799782-005	blic	41869799782	vest	pol-drustvo	drustvo	5	6	https://www.blic.rs/vesti/drustvo/dva-teretna-vagona-iskliznula-iz-sina-u-subotici-oglasili-se-iz-infrastrukture/j8g749y	Zahvaljujući dvoputom želenzičkom vozilu, posledice najvećeg broja nesreća i nezgoda otklanjaju se u veoma kratkom roku - navodi se.		Zahvaljujući dvoputom želenzičkom vozilu, posledice najvećeg broja nesreća i nezgoda otklanjaju se u veoma kratkom roku - navodi se.
bli-10661856054-000	blic	10661856054	vest	pol-drustvo	drustvo	0	5	https://www.blic.rs/vesti/drustvo/auto-put-e-75-u-zastoju-nesrece-kod-vodnja-i-begaljickog-brda-usporavaju-saobracaj/4wbsks6	Zbog saobraćajne nezgode na deonici auto-puta E-75 kod Vodnja, u smeru ka Nišu, zatvorena je preticajna saobraćajna traka, dok se saobraćaj odvija voznom i zaustavnom saobraćajnom trakom, saopštili su JP "Putevi Srbije".		Zbog saobraćajne nezgode na deonici auto-puta E-75 kod Vodnja, u smeru ka Nišu, zatvorena je preticajna saobraćajna traka, dok se saobraćaj odvija voznom i zaustavnom saobraćajnom trakom, saopštili su JP "Putevi Srbije".
bli-10661856054-001	blic	10661856054	vest	pol-drustvo	drustvo	1	5	https://www.blic.rs/vesti/drustvo/auto-put-e-75-u-zastoju-nesrece-kod-vodnja-i-begaljickog-brda-usporavaju-saobracaj/4wbsks6	Iz tog preduzeća su istakli da je takođe zbog saobraćajne nesreće na auto-putu E-75 kod Begaljičkog brda, u smeru ka Beogradu zatvorena preticajna saobraćajna traka i saobraćaj se odvija voznom i zaustavnom saobraćajnom trakom.		Iz tog preduzeća su istakli da je takođe zbog saobraćajne nesreće na auto-putu E-75 kod Begaljičkog brda, u smeru ka Beogradu zatvorena preticajna saobraćajna traka i saobraćaj se odvija voznom i zaustavnom saobraćajnom trakom.
bli-10661856054-002	blic	10661856054	vest	pol-drustvo	drustvo	2	5	https://www.blic.rs/vesti/drustvo/auto-put-e-75-u-zastoju-nesrece-kod-vodnja-i-begaljickog-brda-usporavaju-saobracaj/4wbsks6	"Javnost će biti blagovremeno obaveštena o normalizaciji saobraćaja.		"Javnost će biti blagovremeno obaveštena o normalizaciji saobraćaja.
bli-10661856054-003	blic	10661856054	vest	pol-drustvo	drustvo	3	5	https://www.blic.rs/vesti/drustvo/auto-put-e-75-u-zastoju-nesrece-kod-vodnja-i-begaljickog-brda-usporavaju-saobracaj/4wbsks6	Molimo učesnike u saobraćaju da prilagode brzinu kretanja uslovima na putu", dodaje se u saopštenju.	Y	„Molimo učesnike u saobraćaju da prilagode brzinu kretanja uslovima na putu", dodaje se u saopštenju.“
bli-10661856054-004	blic	10661856054	vest	pol-drustvo	drustvo	4	5	https://www.blic.rs/vesti/drustvo/auto-put-e-75-u-zastoju-nesrece-kod-vodnja-i-begaljickog-brda-usporavaju-saobracaj/4wbsks6	Na autoputu E-75 večeras se dogodila saobraćajna nezgoda kod Vodnja u smeru ka Nišu, a prema pisanjima pojedinih medija, jedno vozilo pretrpelo je veliku materijalnu štetu, odnosno prednji deo automobila je potpuno uništen.		Na autoputu E-75 večeras se dogodila saobraćajna nezgoda kod Vodnja u smeru ka Nišu, a prema pisanjima pojedinih medija, jedno vozilo pretrpelo je veliku materijalnu štetu, odnosno prednji deo automobila je potpuno uništen.
bli-18145131084-000	blic	18145131084	vest	pol-drustvo	politika	0	24	https://www.blic.rs/vesti/politika/ana-brnabic-jadar-strateski-projekat-za-eu-dobra-vest-za-srbiju/8c354r0	To što je projekat "Jadar" uvršten na listu strateški važnih projekata za Evropsku uniju van teritorije Unije obezbediće i apsolutni maksimum poštovanja standarda za očuvanje i zaštitu životne sredine, izjavila je danas predsednica Skupštine Srbije Ana Brnabić.		To što je projekat "Jadar" uvršten na listu strateški važnih projekata za Evropsku uniju van teritorije Unije obezbediće i apsolutni maksimum poštovanja standarda za očuvanje i zaštitu životne sredine, izjavila je danas predsednica Skupštine Srbije Ana Brnabić.
bli-18145131084-001	blic	18145131084	vest	pol-drustvo	politika	1	24	https://www.blic.rs/vesti/politika/ana-brnabic-jadar-strateski-projekat-za-eu-dobra-vest-za-srbiju/8c354r0	Brnabić je u Briselu ukazala da je projekat "Jadar" uvršten na listu važnih projekata za energetsku i svaku drugu bezbednost Unije, sigurnost i održivost Evropske unije.		Brnabić je u Briselu ukazala da je projekat "Jadar" uvršten na listu važnih projekata za energetsku i svaku drugu bezbednost Unije, sigurnost i održivost Evropske unije.
bli-18145131084-002	blic	18145131084	vest	pol-drustvo	politika	2	24	https://www.blic.rs/vesti/politika/ana-brnabic-jadar-strateski-projekat-za-eu-dobra-vest-za-srbiju/8c354r0	- To je dobra vest.		- To je dobra vest.
bli-18145131084-003	blic	18145131084	vest	pol-drustvo	politika	3	24	https://www.blic.rs/vesti/politika/ana-brnabic-jadar-strateski-projekat-za-eu-dobra-vest-za-srbiju/8c354r0	Dakle, ukoliko su slični projekti u Evropskoj uniji, ti standardi zaštite životne sredine će morati u potpunosti do detalja da budu replicirani za projekat 'Jadar'.		Dakle, ukoliko su slični projekti u Evropskoj uniji, ti standardi zaštite životne sredine će morati u potpunosti do detalja da budu replicirani za projekat 'Jadar'.
bli-18145131084-004	blic	18145131084	vest	pol-drustvo	politika	4	24	https://www.blic.rs/vesti/politika/ana-brnabic-jadar-strateski-projekat-za-eu-dobra-vest-za-srbiju/8c354r0	Zato što je to sada i strateški projekat Evropske unije.		Zato što je to sada i strateški projekat Evropske unije.
bli-18145131084-005	blic	18145131084	vest	pol-drustvo	politika	5	24	https://www.blic.rs/vesti/politika/ana-brnabic-jadar-strateski-projekat-za-eu-dobra-vest-za-srbiju/8c354r0	To pokazuje i da nije tačno ono što su pojedini pričali da je Srbija evropska kolonija za rudarenje - istakla je Brnabić.		To pokazuje i da nije tačno ono što su pojedini pričali da je Srbija evropska kolonija za rudarenje - istakla je Brnabić.
bli-18145131084-006	blic	18145131084	vest	pol-drustvo	politika	6	24	https://www.blic.rs/vesti/politika/ana-brnabic-jadar-strateski-projekat-za-eu-dobra-vest-za-srbiju/8c354r0	Predsednica parlamenta je naglasila da će standardi Evropske unije morati sada da se primene i na projektu "Jadar", što znači da ni na koji način ne ugrožava životnu sredinu, vodu, zemlju, vazduh.		Predsednica parlamenta je naglasila da će standardi Evropske unije morati sada da se primene i na projektu "Jadar", što znači da ni na koji način ne ugrožava životnu sredinu, vodu, zemlju, vazduh.
bli-18145131084-007	blic	18145131084	vest	pol-drustvo	politika	7	24	https://www.blic.rs/vesti/politika/ana-brnabic-jadar-strateski-projekat-za-eu-dobra-vest-za-srbiju/8c354r0	- Imamo stratešku sirovinu koja će obezbediti do 20.000 novih radnih mesta, zato što mi naš litijum nećemo izvoziti, nego ćemo ga koristiti za unapređenje životnog standarda, bolje poslove, bolje plate, samim tim bolje penzije, više investicija u Srbiji.		- Imamo stratešku sirovinu koja će obezbediti do 20.000 novih radnih mesta, zato što mi naš litijum nećemo izvoziti, nego ćemo ga koristiti za unapređenje životnog standarda, bolje poslove, bolje plate, samim tim bolje penzije, više investicija u Srbiji.
bli-63006732976-000	blic	63006732976	vest	pol-drustvo	beograd	0	4	https://www.blic.rs/vesti/beograd/tri-osobe-povredjene-u-sudarima-pune-ruke-posla-za-hitnu-pomoc-u-beogradu/sy0kyb4	Tri osobe zadobile su lakše povrede u udesima koji su se dogodili u Beogradu, rečeno je za Tanjug iz službe Hitne pomoći.		Tri osobe zadobile su lakše povrede u udesima koji su se dogodili u Beogradu, rečeno je za Tanjug iz službe Hitne pomoći.
bli-63006732976-001	blic	63006732976	vest	pol-drustvo	beograd	1	4	https://www.blic.rs/vesti/beograd/tri-osobe-povredjene-u-sudarima-pune-ruke-posla-za-hitnu-pomoc-u-beogradu/sy0kyb4	Dve žene povređene su u sudaru koji se dogodio u ponoć na kružnom toku na Novom Beogradu, dok je 70-godišnji muškarac povređen u sudaru koji se dogodio u Boljevcima u 00.18 časova.		Dve žene povređene su u sudaru koji se dogodio u ponoć na kružnom toku na Novom Beogradu, dok je 70-godišnji muškarac povređen u sudaru koji se dogodio u Boljevcima u 00.18 časova.
bli-63006732976-002	blic	63006732976	vest	pol-drustvo	beograd	2	4	https://www.blic.rs/vesti/beograd/tri-osobe-povredjene-u-sudarima-pune-ruke-posla-za-hitnu-pomoc-u-beogradu/sy0kyb4	Ekipe Hitne pomoći intervenisale su 111 puta tokom noći, a od toga su 32 intervencije bile na javnom mestu uglavnom zbog osoba u alkoholisanom stanju.		Ekipe Hitne pomoći intervenisale su 111 puta tokom noći, a od toga su 32 intervencije bile na javnom mestu uglavnom zbog osoba u alkoholisanom stanju.
bli-63006732976-003	blic	63006732976	vest	pol-drustvo	beograd	3	4	https://www.blic.rs/vesti/beograd/tri-osobe-povredjene-u-sudarima-pune-ruke-posla-za-hitnu-pomoc-u-beogradu/sy0kyb4	Za pomoć su se najviše javljali psihijatrijski pacijenti.		Za pomoć su se najviše javljali psihijatrijski pacijenti.
bli-73740714019-023	blic	73740714019	vest	pol-drustvo	politika	23	56	https://www.blic.rs/vesti/politika/milos-vucevic-na-pomenu-u-bratuncu-blokadama-nece-dovesti-do-politicke-promene/xvjbf37	Većina građana Srbije zna šta se zaista dešava.		Većina građana Srbije zna šta se zaista dešava.
bli-73740714019-024	blic	73740714019	vest	pol-drustvo	politika	24	56	https://www.blic.rs/vesti/politika/milos-vucevic-na-pomenu-u-bratuncu-blokadama-nece-dovesti-do-politicke-promene/xvjbf37	Pobediće Srbija - rekao je Vučević.		Pobediće Srbija - rekao je Vučević.
bli-73740714019-025	blic	73740714019	vest	pol-drustvo	politika	25	56	https://www.blic.rs/vesti/politika/milos-vucevic-na-pomenu-u-bratuncu-blokadama-nece-dovesti-do-politicke-promene/xvjbf37	Govoreći o napadima na SNS prostorije, Vučević je naveo da ne može da objasni sebi kako je moguće da neko da sebi za pravo zato što ima neki politički stav da napadne prostorije druge stranke.		Govoreći o napadima na SNS prostorije, Vučević je naveo da ne može da objasni sebi kako je moguće da neko da sebi za pravo zato što ima neki politički stav da napadne prostorije druge stranke.
bli-73740714019-026	blic	73740714019	vest	pol-drustvo	politika	26	56	https://www.blic.rs/vesti/politika/milos-vucevic-na-pomenu-u-bratuncu-blokadama-nece-dovesti-do-politicke-promene/xvjbf37	- Ko im daje za pravo da razbijaju naše prostorije.		- Ko im daje za pravo da razbijaju naše prostorije.
bli-73740714019-027	blic	73740714019	vest	pol-drustvo	politika	27	56	https://www.blic.rs/vesti/politika/milos-vucevic-na-pomenu-u-bratuncu-blokadama-nece-dovesti-do-politicke-promene/xvjbf37	Kakve to veze ima sa tragedijom od 1. novembra, sa istinom i pravdom, sa zahtevom za vanrednim izborima.		Kakve to veze ima sa tragedijom od 1. novembra, sa istinom i pravdom, sa zahtevom za vanrednim izborima.
bli-73740714019-028	blic	73740714019	vest	pol-drustvo	politika	28	56	https://www.blic.rs/vesti/politika/milos-vucevic-na-pomenu-u-bratuncu-blokadama-nece-dovesti-do-politicke-promene/xvjbf37	Zamislite da neko hoće da vam razbije sve po kući i stanu i vi kažete pa ne može, a oni se čude što im ne dozvoljavate da vam razbiju kuću.		Zamislite da neko hoće da vam razbije sve po kući i stanu i vi kažete pa ne može, a oni se čude što im ne dozvoljavate da vam razbiju kuću.
bli-73740714019-029	blic	73740714019	vest	pol-drustvo	politika	29	56	https://www.blic.rs/vesti/politika/milos-vucevic-na-pomenu-u-bratuncu-blokadama-nece-dovesti-do-politicke-promene/xvjbf37	Prosto neverovatno - rekao je Vučević.		Prosto neverovatno - rekao je Vučević.
bli-73740714019-030	blic	73740714019	vest	pol-drustvo	politika	30	56	https://www.blic.rs/vesti/politika/milos-vucevic-na-pomenu-u-bratuncu-blokadama-nece-dovesti-do-politicke-promene/xvjbf37	Dodao je da nema više šta da kaže za to što se privedeni na blokadama puštaju na slobodu.		Dodao je da nema više šta da kaže za to što se privedeni na blokadama puštaju na slobodu.
bli-14602151867-000	blic	14602151867	vest	pol-drustvo	politika	0	4	https://www.blic.rs/vesti/politika/petar-petkovic-cestitao-vidovdan-srbima-na-kim/6phqshn	Direktor Kancelarije za Kosovo i Metohiju Petar Petković čestitao je danas Vidovdan Srbima u AP KiM, ističući da je reč o prazniku u kojem se ogleda suština kolektivnog identiteta i na kojem počiva ''srpska nacionalna moralna vertikala".		Direktor Kancelarije za Kosovo i Metohiju Petar Petković čestitao je danas Vidovdan Srbima u AP KiM, ističući da je reč o prazniku u kojem se ogleda suština kolektivnog identiteta i na kojem počiva ''srpska nacionalna moralna vertikala".
bli-14602151867-001	blic	14602151867	vest	pol-drustvo	politika	1	4	https://www.blic.rs/vesti/politika/petar-petkovic-cestitao-vidovdan-srbima-na-kim/6phqshn	Petković je ocenio da je Vidovdan trajno obeležio proces oblikovanja srpske nacionalne svesti, navodeći da Srbi ne bi preživeli brojna istorijska iskušenja da nije bilo tog praznika i ''vidovdanske etike''.	Y	„Petković je ocenio da je Vidovdan trajno obeležio proces oblikovanja srpske nacionalne svesti, navodeći da Srbi ne bi preživeli brojna istorijska iskušenja da nije bilo tog praznika i ''vidovdanske etike''.“
bli-14602151867-002	blic	14602151867	vest	pol-drustvo	politika	2	4	https://www.blic.rs/vesti/politika/petar-petkovic-cestitao-vidovdan-srbima-na-kim/6phqshn	''Tako nas i ovaj Vidovdan oblikuje i okuplja oko trajnih nacionalnih vrednosti, važnijih od svake dnevne politike i nasuprot svake razgradnje i blokada kojima bi pojedinci da sruše temelje naše države'', rekao je on.	Y	„''Tako nas i ovaj Vidovdan oblikuje i okuplja oko trajnih nacionalnih vrednosti, važnijih od svake dnevne politike i nasuprot svake razgradnje i blokada kojima bi pojedinci da sruše temelje naše države'', rekao je on.“
bli-14602151867-003	blic	14602151867	vest	pol-drustvo	politika	3	4	https://www.blic.rs/vesti/politika/petar-petkovic-cestitao-vidovdan-srbima-na-kim/6phqshn	Petković ukazuje da se ovogodišnje obeležavanje Vidovdana u AP KiM odvija u atmosferi pritiska Prištine na srpski narod.	Y	„Petković ukazuje da se ovogodišnje obeležavanje Vidovdana u AP KiM odvija u atmosferi pritiska Prištine na srpski narod.“
bli-917162424-000	blic	917162424	vest	pol-drustvo	drustvo	0	4	https://www.blic.rs/vesti/drustvo/gradjani-oprez-voda-sa-7-mesta-u-ovom-gradu-srbije-nije-za-pice/0f61z20	Rezultati ispitivanja mikrobiološke ispravnosti vode za piće sa javnih česama pokazali su zabrinjavajuće podatke: od jedanaest analiziranih uzoraka, voda je bezbedna za upotrebu na samo četiri lokacije – u Šumaricama, Divostinu, na Teferiču i na Bubnju.		Rezultati ispitivanja mikrobiološke ispravnosti vode za piće sa javnih česama pokazali su zabrinjavajuće podatke: od jedanaest analiziranih uzoraka, voda je bezbedna za upotrebu na samo četiri lokacije – u Šumaricama, Divostinu, na Teferiču i na Bubnju.
bli-917162424-001	blic	917162424	vest	pol-drustvo	drustvo	1	4	https://www.blic.rs/vesti/drustvo/gradjani-oprez-voda-sa-7-mesta-u-ovom-gradu-srbije-nije-za-pice/0f61z20	- Na preostalih sedam lokacija otkrivene su mikrobiološke neispravnosti koje mogu ugroziti zdravlje građana.		- Na preostalih sedam lokacija otkrivene su mikrobiološke neispravnosti koje mogu ugroziti zdravlje građana.
bli-917162424-002	blic	917162424	vest	pol-drustvo	drustvo	2	4	https://www.blic.rs/vesti/drustvo/gradjani-oprez-voda-sa-7-mesta-u-ovom-gradu-srbije-nije-za-pice/0f61z20	Problematične česme nalaze se u Ždraljici, Košutnjaku, Beloševcu, Kapovcu, Petrovcu, Bukurovcu i na Grujinoj česmi - potvrđeno je za RINU u Institutu za javno zdravlje u Kragujevcu.		Problematične česme nalaze se u Ždraljici, Košutnjaku, Beloševcu, Kapovcu, Petrovcu, Bukurovcu i na Grujinoj česmi - potvrđeno je za RINU u Institutu za javno zdravlje u Kragujevcu.
bli-917162424-003	blic	917162424	vest	pol-drustvo	drustvo	3	4	https://www.blic.rs/vesti/drustvo/gradjani-oprez-voda-sa-7-mesta-u-ovom-gradu-srbije-nije-za-pice/0f61z20	Uzorkovanje je obavljeno 30. juna od strane stručnjaka Instituta za javno zdravlje, a građanima se savetuje da sa pomenutih česama ne koriste vodu za piće dok se ne preduzmu mere sanacije.		Uzorkovanje je obavljeno 30. juna od strane stručnjaka Instituta za javno zdravlje, a građanima se savetuje da sa pomenutih česama ne koriste vodu za piće dok se ne preduzmu mere sanacije.
bli-74432851928-000	blic	74432851928	vest	pol-drustvo	drustvo	0	6	https://www.blic.rs/vesti/drustvo/besana-noc-za-lekare-u-ovom-gradu-u-srbiji-pacijenti-sa-povredama-zvali-hitnu/y6zec48	Ekipe Zavoda za urgentnu medicinu Kragujevac imale su pune ruke posla u protekla 24 sata, sa ukupno 35 izlazaka na teren, dok je zabeleženo i sedam intervencija na javnim mestima širom grada.		Ekipe Zavoda za urgentnu medicinu Kragujevac imale su pune ruke posla u protekla 24 sata, sa ukupno 35 izlazaka na teren, dok je zabeleženo i sedam intervencija na javnim mestima širom grada.
bli-74432851928-001	blic	74432851928	vest	pol-drustvo	drustvo	1	6	https://www.blic.rs/vesti/drustvo/besana-noc-za-lekare-u-ovom-gradu-u-srbiji-pacijenti-sa-povredama-zvali-hitnu/y6zec48	- Tokom dana su najčešće pomoć tražili pacijenti sa povredama, ali i oni koji se bore sa teškim bolestima poput karcinoma.		- Tokom dana su najčešće pomoć tražili pacijenti sa povredama, ali i oni koji se bore sa teškim bolestima poput karcinoma.
bli-74432851928-002	blic	74432851928	vest	pol-drustvo	drustvo	2	6	https://www.blic.rs/vesti/drustvo/besana-noc-za-lekare-u-ovom-gradu-u-srbiji-pacijenti-sa-povredama-zvali-hitnu/y6zec48	Noću je, pak, dominiralo pogoršanje hroničnih stanja, najviše su se javljali građani sa povišenim krvnim pritiskom, kao i astmatičari - kazali su za RINU u ZUM Kragujevac.		Noću je, pak, dominiralo pogoršanje hroničnih stanja, najviše su se javljali građani sa povišenim krvnim pritiskom, kao i astmatičari - kazali su za RINU u ZUM Kragujevac.
bli-74432851928-003	blic	74432851928	vest	pol-drustvo	drustvo	3	6	https://www.blic.rs/vesti/drustvo/besana-noc-za-lekare-u-ovom-gradu-u-srbiji-pacijenti-sa-povredama-zvali-hitnu/y6zec48	U ambulanti je pregledano ukupno 65 odraslih pacijenata, od čega 10 tokom dana, dok su noćne smene bile daleko aktivnije sa čak 55 pregleda.		U ambulanti je pregledano ukupno 65 odraslih pacijenata, od čega 10 tokom dana, dok su noćne smene bile daleko aktivnije sa čak 55 pregleda.
bli-74432851928-004	blic	74432851928	vest	pol-drustvo	drustvo	4	6	https://www.blic.rs/vesti/drustvo/besana-noc-za-lekare-u-ovom-gradu-u-srbiji-pacijenti-sa-povredama-zvali-hitnu/y6zec48	Tokom ovog perioda, Zavod za urgentnu medicinu primio je 180 poziva građana koji su tražili hitnu medicinsku pomoć.		Tokom ovog perioda, Zavod za urgentnu medicinu primio je 180 poziva građana koji su tražili hitnu medicinsku pomoć.
bli-74432851928-005	blic	74432851928	vest	pol-drustvo	drustvo	5	6	https://www.blic.rs/vesti/drustvo/besana-noc-za-lekare-u-ovom-gradu-u-srbiji-pacijenti-sa-povredama-zvali-hitnu/y6zec48	Lekari podsećaju da su letnje vrućine ozbiljan rizik za hronične bolesnike i apelovali su na građane da redovno uzimaju terapiju i izbegavaju boravak na suncu tokom najtoplijeg dela dana.		Lekari podsećaju da su letnje vrućine ozbiljan rizik za hronične bolesnike i apelovali su na građane da redovno uzimaju terapiju i izbegavaju boravak na suncu tokom najtoplijeg dela dana.
bli-4501436039-000	blic	4501436039	vest	pol-drustvo	beograd	0	8	https://www.blic.rs/vesti/beograd/decaka-14-dvojica-vrsnjaka-brutalno-tukla-u-skoli-u-beogradu-treci-sve-snimao/22g1e9z	U jedan Dom zdravlja nadomak Beograda juče je primljen dečak (14) sa povredama glave.		U jedan Dom zdravlja nadomak Beograda juče je primljen dečak (14) sa povredama glave.
bli-4501436039-001	blic	4501436039	vest	pol-drustvo	beograd	1	8	https://www.blic.rs/vesti/beograd/decaka-14-dvojica-vrsnjaka-brutalno-tukla-u-skoli-u-beogradu-treci-sve-snimao/22g1e9z	Kod lekara završio je zbog svojih "drugara".		Kod lekara završio je zbog svojih "drugara".
bli-4501436039-002	blic	4501436039	vest	pol-drustvo	beograd	2	8	https://www.blic.rs/vesti/beograd/decaka-14-dvojica-vrsnjaka-brutalno-tukla-u-skoli-u-beogradu-treci-sve-snimao/22g1e9z	On je, kako se saznaje, brutalno pretučen u osnovnoj školi, a ovo vršnjačko nasilje još je gore ako se ima u vidu da je, dok ga je dečak trpeo, sve snimano kamerom.		On je, kako se saznaje, brutalno pretučen u osnovnoj školi, a ovo vršnjačko nasilje još je gore ako se ima u vidu da je, dok ga je dečak trpeo, sve snimano kamerom.
bli-4501436039-003	blic	4501436039	vest	pol-drustvo	beograd	3	8	https://www.blic.rs/vesti/beograd/decaka-14-dvojica-vrsnjaka-brutalno-tukla-u-skoli-u-beogradu-treci-sve-snimao/22g1e9z	Naime, učenik osmog razreda rekao je da je jedan od dečaka ceo nemili događaj snimao telefonom dok su ga dvojica tukla.		Naime, učenik osmog razreda rekao je da je jedan od dečaka ceo nemili događaj snimao telefonom dok su ga dvojica tukla.
bli-4501436039-004	blic	4501436039	vest	pol-drustvo	beograd	4	8	https://www.blic.rs/vesti/beograd/decaka-14-dvojica-vrsnjaka-brutalno-tukla-u-skoli-u-beogradu-treci-sve-snimao/22g1e9z	O slučaju je obavešteno nadležno tužilaštvo i to odeljenje za maloletnike kao i Centar za socijalni rad u Beogradu.		O slučaju je obavešteno nadležno tužilaštvo i to odeljenje za maloletnike kao i Centar za socijalni rad u Beogradu.
bli-4501436039-005	blic	4501436039	vest	pol-drustvo	beograd	5	8	https://www.blic.rs/vesti/beograd/decaka-14-dvojica-vrsnjaka-brutalno-tukla-u-skoli-u-beogradu-treci-sve-snimao/22g1e9z	Dečak je zajedno sa roditeljima upućen na Institut za majku i dete u Beogradu.		Dečak je zajedno sa roditeljima upućen na Institut za majku i dete u Beogradu.
bli-4501436039-006	blic	4501436039	vest	pol-drustvo	beograd	6	8	https://www.blic.rs/vesti/beograd/decaka-14-dvojica-vrsnjaka-brutalno-tukla-u-skoli-u-beogradu-treci-sve-snimao/22g1e9z	Nezvanično, on ima povrede glave koje je zadobio od udaraca.		Nezvanično, on ima povrede glave koje je zadobio od udaraca.
bli-4501436039-007	blic	4501436039	vest	pol-drustvo	beograd	7	8	https://www.blic.rs/vesti/beograd/decaka-14-dvojica-vrsnjaka-brutalno-tukla-u-skoli-u-beogradu-treci-sve-snimao/22g1e9z	Nakon lekarske pomoći dečak je pušten na kućno lečenje.		Nakon lekarske pomoći dečak je pušten na kućno lečenje.
bli-78075228580-014	blic	78075228580	vest	pol-drustvo	beograd	14	35	https://www.blic.rs/vesti/beograd/zbog-nemanjinog-nestanka-redom-su-padale-glave-osumniceni-poubijani-misterija-traje/zv7z3xg	Poznavaoci prilika u podzemlju objašnjavaju, da je Medina verovatno otet, zatim ubijen, dok je njegovo telo uništeno.		Poznavaoci prilika u podzemlju objašnjavaju, da je Medina verovatno otet, zatim ubijen, dok je njegovo telo uništeno.
bli-78075228580-015	blic	78075228580	vest	pol-drustvo	beograd	15	35	https://www.blic.rs/vesti/beograd/zbog-nemanjinog-nestanka-redom-su-padale-glave-osumniceni-poubijani-misterija-traje/zv7z3xg	- Naime, postoji određena sumnja da je ekipa tada planski pratila, namamila, a zatim otela Medina i ubila ga.		- Naime, postoji određena sumnja da je ekipa tada planski pratila, namamila, a zatim otela Medina i ubila ga.
bli-78075228580-016	blic	78075228580	vest	pol-drustvo	beograd	16	35	https://www.blic.rs/vesti/beograd/zbog-nemanjinog-nestanka-redom-su-padale-glave-osumniceni-poubijani-misterija-traje/zv7z3xg	Njegovo telo su potom, navodno, uništili ili sakrili, i iz tog razloga nikad nije ni pronađeno.		Njegovo telo su potom, navodno, uništili ili sakrili, i iz tog razloga nikad nije ni pronađeno.
bli-78075228580-017	blic	78075228580	vest	pol-drustvo	beograd	17	35	https://www.blic.rs/vesti/beograd/zbog-nemanjinog-nestanka-redom-su-padale-glave-osumniceni-poubijani-misterija-traje/zv7z3xg	Inače, u proteklih devet godina ubijena su dvojica Crnogoraca koji su se dovodili u vezu sa nestankom i ubistvom Nemanje Medina, dok je jedan ranjen.		Inače, u proteklih devet godina ubijena su dvojica Crnogoraca koji su se dovodili u vezu sa nestankom i ubistvom Nemanje Medina, dok je jedan ranjen.
bli-78075228580-018	blic	78075228580	vest	pol-drustvo	beograd	18	35	https://www.blic.rs/vesti/beograd/zbog-nemanjinog-nestanka-redom-su-padale-glave-osumniceni-poubijani-misterija-traje/zv7z3xg	- Jedan od četvorice mladića koji su bili osumnjičeni za ubistvo Nemanje Medina, Darko Mijović, ubijen je sredinom maja 2019. u Nemačkoj.		- Jedan od četvorice mladića koji su bili osumnjičeni za ubistvo Nemanje Medina, Darko Mijović, ubijen je sredinom maja 2019. u Nemačkoj.
bli-78075228580-019	blic	78075228580	vest	pol-drustvo	beograd	19	35	https://www.blic.rs/vesti/beograd/zbog-nemanjinog-nestanka-redom-su-padale-glave-osumniceni-poubijani-misterija-traje/zv7z3xg	Drugi osumnjičeni za nestanak i ubistvo Medina ubijen je sredinom juna 2019. godine na Cetinju dok je sa prijateljima sedeo za stolom u jednom kafiću.		Drugi osumnjičeni za nestanak i ubistvo Medina ubijen je sredinom juna 2019. godine na Cetinju dok je sa prijateljima sedeo za stolom u jednom kafiću.
bli-78075228580-020	blic	78075228580	vest	pol-drustvo	beograd	20	35	https://www.blic.rs/vesti/beograd/zbog-nemanjinog-nestanka-redom-su-padale-glave-osumniceni-poubijani-misterija-traje/zv7z3xg	Dvojica napadača su na Bogdana Milića i prijatelje zapucali iz kola u pokretu, a u pucnjavi je ranjen i Marko Vujačić, koji je takođe bio privođen u slučaju nestanka Nemanje Medina.		Dvojica napadača su na Bogdana Milića i prijatelje zapucali iz kola u pokretu, a u pucnjavi je ranjen i Marko Vujačić, koji je takođe bio privođen u slučaju nestanka Nemanje Medina.
bli-78075228580-021	blic	78075228580	vest	pol-drustvo	beograd	21	35	https://www.blic.rs/vesti/beograd/zbog-nemanjinog-nestanka-redom-su-padale-glave-osumniceni-poubijani-misterija-traje/zv7z3xg	Ranjeni Milić preminuo je na putu do cetinjske bolnice - podseća izvor.		Ranjeni Milić preminuo je na putu do cetinjske bolnice - podseća izvor.
bli-46800433886-000	blic	46800433886	vest	pol-drustvo	politika	0	6	https://www.blic.rs/vesti/politika/oglasio-se-mup-o-policajcu-marku-beljanskom-i-incidentima-na-protestu-u-novom-sadu/lhzrpwe	Ministarstvo unutrašnjih poslova Srbije oglasilo se povodom, kako navode, učestalih pretnji policijskom službeniku Policijske uprave Novi Sad Marku Beljanskom i njegovoj porodici, kao i objavljivanju njegovog imena, prezimena i adrese na društvenim mrežama.		Ministarstvo unutrašnjih poslova Srbije oglasilo se povodom, kako navode, učestalih pretnji policijskom službeniku Policijske uprave Novi Sad Marku Beljanskom i njegovoj porodici, kao i objavljivanju njegovog imena, prezimena i adrese na društvenim mrežama.
bli-46800433886-001	blic	46800433886	vest	pol-drustvo	politika	1	6	https://www.blic.rs/vesti/politika/oglasio-se-mup-o-policajcu-marku-beljanskom-i-incidentima-na-protestu-u-novom-sadu/lhzrpwe	Kako navode, "reč je o potpunom falsifikatu, te ovi navodi apsolutno ne odgovaraju činjenicama".		Kako navode, "reč je o potpunom falsifikatu, te ovi navodi apsolutno ne odgovaraju činjenicama".
bli-46800433886-002	blic	46800433886	vest	pol-drustvo	politika	2	6	https://www.blic.rs/vesti/politika/oglasio-se-mup-o-policajcu-marku-beljanskom-i-incidentima-na-protestu-u-novom-sadu/lhzrpwe	- Marko Beljanski, kome se, kao i članovima njegove porodice, otvoreno preti smrću, uopšte nije bio angažovan na protestu ispred Banovine u vreme i na mestu na kome je nastao snimak postupanja jednog pripadnika MUP prema devojci - navodi se u saopštenju MUP.		- Marko Beljanski, kome se, kao i članovima njegove porodice, otvoreno preti smrću, uopšte nije bio angažovan na protestu ispred Banovine u vreme i na mestu na kome je nastao snimak postupanja jednog pripadnika MUP prema devojci - navodi se u saopštenju MUP.
bli-46800433886-003	blic	46800433886	vest	pol-drustvo	politika	3	6	https://www.blic.rs/vesti/politika/oglasio-se-mup-o-policajcu-marku-beljanskom-i-incidentima-na-protestu-u-novom-sadu/lhzrpwe	Oni dodaju da je reč je o pripadniku druge organizacione jedinice MUP, o čijoj će eventualnoj odgovornosti odlučivati nadležni organi, u zakonom predviđenom postupku.		Oni dodaju da je reč je o pripadniku druge organizacione jedinice MUP, o čijoj će eventualnoj odgovornosti odlučivati nadležni organi, u zakonom predviđenom postupku.
bli-46800433886-004	blic	46800433886	vest	pol-drustvo	politika	4	6	https://www.blic.rs/vesti/politika/oglasio-se-mup-o-policajcu-marku-beljanskom-i-incidentima-na-protestu-u-novom-sadu/lhzrpwe	- O pretnjama policijskom službeniku obavešteno je nadležno javno tužilaštvo koje će se izjasniti o krivičnopravnoj kvalifikaciji ovog događaja.		- O pretnjama policijskom službeniku obavešteno je nadležno javno tužilaštvo koje će se izjasniti o krivičnopravnoj kvalifikaciji ovog događaja.
bli-46800433886-005	blic	46800433886	vest	pol-drustvo	politika	5	6	https://www.blic.rs/vesti/politika/oglasio-se-mup-o-policajcu-marku-beljanskom-i-incidentima-na-protestu-u-novom-sadu/lhzrpwe	Apelujemo na građane da ne objavljuju neproverene informacije, a pogotovo da se uzdrže od pretnji bilo kome, jer time čine krivično delo i stvaraju atmosferu koja nije u interesu građana, bez obzira na prirodu njihovih političkih opredeljenja i ciljeve koje žele da ostvare - navodi se u saopštenju MUP.		Apelujemo na građane da ne objavljuju neproverene informacije, a pogotovo da se uzdrže od pretnji bilo kome, jer time čine krivično delo i stvaraju atmosferu koja nije u interesu građana, bez obzira na prirodu njihovih političkih opredeljenja i ciljeve koje žele da ostvare - navodi se u saopštenju MUP.
bli-59148077949-000	blic	59148077949	vest	pol-drustvo	drustvo	0	4	https://www.blic.rs/vesti/drustvo/gradjani-u-ovom-gradu-u-srbiji-nek-se-spreme-policija-krece-u-pojacanu-kontrolu/r678l19	U danima novogodišnjih i božićnih praznika, saobraćajna policija će pojačano kontrolisati učesnike u saobraćaju na teritoriji grada Čačka, rekla je Anđela Vasilijević, vođa smene dežurne službe policijske ispostave Čačak.		U danima novogodišnjih i božićnih praznika, saobraćajna policija će pojačano kontrolisati učesnike u saobraćaju na teritoriji grada Čačka, rekla je Anđela Vasilijević, vođa smene dežurne službe policijske ispostave Čačak.
bli-59148077949-001	blic	59148077949	vest	pol-drustvo	drustvo	1	4	https://www.blic.rs/vesti/drustvo/gradjani-u-ovom-gradu-u-srbiji-nek-se-spreme-policija-krece-u-pojacanu-kontrolu/r678l19	- Pripadnici Policijske uprave u Čačku će u danima praznika, a u cilju unapređenja bezbednosti pojačano kontrolisati učesnike u saobraćaju s posebnim akcentom na otkivanje i sankcionisanje prekršaja koji su najčešći uzroci saobraćajnih nezgoda.		- Pripadnici Policijske uprave u Čačku će u danima praznika, a u cilju unapređenja bezbednosti pojačano kontrolisati učesnike u saobraćaju s posebnim akcentom na otkivanje i sankcionisanje prekršaja koji su najčešći uzroci saobraćajnih nezgoda.
bli-59148077949-002	blic	59148077949	vest	pol-drustvo	drustvo	2	4	https://www.blic.rs/vesti/drustvo/gradjani-u-ovom-gradu-u-srbiji-nek-se-spreme-policija-krece-u-pojacanu-kontrolu/r678l19	Posebna kontrola biće usmerena na prekoračenje brzine, nekorišćenje sigurnosnog pojasa, vožnju pod dejstvom alkohola i psihoaktivnih supstanci - rekla je Vasilijević i dodala da će saobraćajna policija otkrivati i sankcionisati i sve ostale prekršaje.		Posebna kontrola biće usmerena na prekoračenje brzine, nekorišćenje sigurnosnog pojasa, vožnju pod dejstvom alkohola i psihoaktivnih supstanci - rekla je Vasilijević i dodala da će saobraćajna policija otkrivati i sankcionisati i sve ostale prekršaje.
bli-59148077949-003	blic	59148077949	vest	pol-drustvo	drustvo	3	4	https://www.blic.rs/vesti/drustvo/gradjani-u-ovom-gradu-u-srbiji-nek-se-spreme-policija-krece-u-pojacanu-kontrolu/r678l19	Ona je naglasila da apeluju na sve učesnike u saobraćaju da poštuju saobraćajne propise i da odgovornim ponašanjem doprinesu bezbednosti saobraćaja na putevima, da poštuju ograničenje brzine, koriste sigurnosni pojas i da ne upravljaju vozilima ukoliko su konzumirali alkohol.		Ona je naglasila da apeluju na sve učesnike u saobraćaju da poštuju saobraćajne propise i da odgovornim ponašanjem doprinesu bezbednosti saobraćaja na putevima, da poštuju ograničenje brzine, koriste sigurnosni pojas i da ne upravljaju vozilima ukoliko su konzumirali alkohol.
bli-19175683882-000	blic	19175683882	vest	pol-drustvo	politika	0	6	https://www.blic.rs/vesti/politika/kfor-o-dronovima-mejd-in-kosovo-redovno-pratimo-vazdusni-prostor-kim/8t4pgdm	Redovno pratimo vazdušni prostor Kosova i Metohije, koristeći sva sredstva i resurse kojima raspolažemo, u skladu sa svojim postojećim ovlašćenjima i mandatom prema Rezoluciji Saveta bezbednosti UN 1244 iz 1999. godine, rekao je KFOR povodom otvaranja vojne fabrike dronova u Gnjilanu gde će se proizvoditi i dronovi kamikaze.		Redovno pratimo vazdušni prostor Kosova i Metohije, koristeći sva sredstva i resurse kojima raspolažemo, u skladu sa svojim postojećim ovlašćenjima i mandatom prema Rezoluciji Saveta bezbednosti UN 1244 iz 1999. godine, rekao je KFOR povodom otvaranja vojne fabrike dronova u Gnjilanu gde će se proizvoditi i dronovi kamikaze.
bli-19175683882-001	blic	19175683882	vest	pol-drustvo	politika	1	6	https://www.blic.rs/vesti/politika/kfor-o-dronovima-mejd-in-kosovo-redovno-pratimo-vazdusni-prostor-kim/8t4pgdm	- Nećemo komentarisati pitanja u vezi sa ekonomskom proizvodnjom.		- Nećemo komentarisati pitanja u vezi sa ekonomskom proizvodnjom.
bli-19175683882-002	blic	19175683882	vest	pol-drustvo	politika	2	6	https://www.blic.rs/vesti/politika/kfor-o-dronovima-mejd-in-kosovo-redovno-pratimo-vazdusni-prostor-kim/8t4pgdm	KFOR ostaje fokusiran na sprovođenje svog dugogodišnjeg mandata UN, zasnovanog na Rezoluciji Saveta bezbednosti UN 1244 iz 1999. godine - stoji u odgovoru ove misije na pitanja RTS-a.		KFOR ostaje fokusiran na sprovođenje svog dugogodišnjeg mandata UN, zasnovanog na Rezoluciji Saveta bezbednosti UN 1244 iz 1999. godine - stoji u odgovoru ove misije na pitanja RTS-a.
bli-19175683882-003	blic	19175683882	vest	pol-drustvo	politika	3	6	https://www.blic.rs/vesti/politika/kfor-o-dronovima-mejd-in-kosovo-redovno-pratimo-vazdusni-prostor-kim/8t4pgdm	Kako su dodali, "ključno je da sve aktivnosti u vazdušnom prostoru budu adekvatno koordinisane sa KFOR-om kako bi se sprečile tenzije i osigurala bezbednost, u korist svih koji žive na Kosovu i za regionalnu stabilnost".		Kako su dodali, "ključno je da sve aktivnosti u vazdušnom prostoru budu adekvatno koordinisane sa KFOR-om kako bi se sprečile tenzije i osigurala bezbednost, u korist svih koji žive na Kosovu i za regionalnu stabilnost".
bli-19175683882-004	blic	19175683882	vest	pol-drustvo	politika	4	6	https://www.blic.rs/vesti/politika/kfor-o-dronovima-mejd-in-kosovo-redovno-pratimo-vazdusni-prostor-kim/8t4pgdm	U Gnjilanu je 8. novembra otvorena prva fabrika vojnih dronova, uključujući i dronove kamikaze.		U Gnjilanu je 8. novembra otvorena prva fabrika vojnih dronova, uključujući i dronove kamikaze.
bli-19175683882-005	blic	19175683882	vest	pol-drustvo	politika	5	6	https://www.blic.rs/vesti/politika/kfor-o-dronovima-mejd-in-kosovo-redovno-pratimo-vazdusni-prostor-kim/8t4pgdm	Oznaku "mejd in Kosovo“ dronovi brenda Skiferi (Soko) nosiće dva drona: prvi je dron kamikaza K1 koji dostiže maksimalno 180 kilometara na sat i visinu od 2.500 metara, drugi dostiže 5.000 metara visine i operativni domet od 20 kilometara, sa brzinom od 270 kilometara na čas.		Oznaku "mejd in Kosovo“ dronovi brenda Skiferi (Soko) nosiće dva drona: prvi je dron kamikaza K1 koji dostiže maksimalno 180 kilometara na sat i visinu od 2.500 metara, drugi dostiže 5.000 metara visine i operativni domet od 20 kilometara, sa brzinom od 270 kilometara na čas.
bli-8050207320-000	blic	8050207320	vest	pol-drustvo	drustvo	0	6	https://www.blic.rs/vesti/drustvo/produzen-zimski-raspust-na-kosovu-zbog-obilnih-padavina-i-poplava/3p4vvq0	Početak drugog polugodišta u školama na Kosovu odložen je do ponedeljka, 12. januara, saopštila je danas prištinska ministarka obrazovanja Arberie Nagavci, navodeći kao razlog obilne padavine i otežane vremenske uslove, kao i probleme u saobraćaju i infrastrukturi.		Početak drugog polugodišta u školama na Kosovu odložen je do ponedeljka, 12. januara, saopštila je danas prištinska ministarka obrazovanja Arberie Nagavci, navodeći kao razlog obilne padavine i otežane vremenske uslove, kao i probleme u saobraćaju i infrastrukturi.
bli-8050207320-001	blic	8050207320	vest	pol-drustvo	drustvo	1	6	https://www.blic.rs/vesti/drustvo/produzen-zimski-raspust-na-kosovu-zbog-obilnih-padavina-i-poplava/3p4vvq0	"Zbog poplava i pogoršane situacije u većini opština, kao i otežanog kretanja usled kontinuiranih padavina, odlučeno je da se zimski raspust produži za još dva dana“, navela je Arberie Nagavci na društvenim mrežama, prenosi KoSSev.		"Zbog poplava i pogoršane situacije u većini opština, kao i otežanog kretanja usled kontinuiranih padavina, odlučeno je da se zimski raspust produži za još dva dana“, navela je Arberie Nagavci na društvenim mrežama, prenosi KoSSev.
bli-8050207320-002	blic	8050207320	vest	pol-drustvo	drustvo	2	6	https://www.blic.rs/vesti/drustvo/produzen-zimski-raspust-na-kosovu-zbog-obilnih-padavina-i-poplava/3p4vvq0	Prema podacima Hidrometeorološkog instituta Kosova, padavine se očekuju i narednih dana, uz mogućnost lokalnih poplava, problema u kanalizacionim sistemima i dodatno otežanog saobraćaja.		Prema podacima Hidrometeorološkog instituta Kosova, padavine se očekuju i narednih dana, uz mogućnost lokalnih poplava, problema u kanalizacionim sistemima i dodatno otežanog saobraćaja.
bli-8050207320-003	blic	8050207320	vest	pol-drustvo	drustvo	3	6	https://www.blic.rs/vesti/drustvo/produzen-zimski-raspust-na-kosovu-zbog-obilnih-padavina-i-poplava/3p4vvq0	Ministarstvo obrazovanja u stalnoj je komunikaciji sa resornim opštinskim službama, pa je na osnovu informacija sa terena i zaključeno da početak drugog polugodišta, planiran za sutra, nije moguć.		Ministarstvo obrazovanja u stalnoj je komunikaciji sa resornim opštinskim službama, pa je na osnovu informacija sa terena i zaključeno da početak drugog polugodišta, planiran za sutra, nije moguć.
bli-8050207320-004	blic	8050207320	vest	pol-drustvo	drustvo	4	6	https://www.blic.rs/vesti/drustvo/produzen-zimski-raspust-na-kosovu-zbog-obilnih-padavina-i-poplava/3p4vvq0	"Bezbednost učenika i nastavnog osoblja ostaje naš glavni prioritet“, poručila je ministarka Arberie Nagavci.		"Bezbednost učenika i nastavnog osoblja ostaje naš glavni prioritet“, poručila je ministarka Arberie Nagavci.
bli-8050207320-005	blic	8050207320	vest	pol-drustvo	drustvo	5	6	https://www.blic.rs/vesti/drustvo/produzen-zimski-raspust-na-kosovu-zbog-obilnih-padavina-i-poplava/3p4vvq0	Prema njenim rečima, izgubljeni nastavni časovi biće nadoknađeni u drugom polugodištu školske 2025/2026. godine.		Prema njenim rečima, izgubljeni nastavni časovi biće nadoknađeni u drugom polugodištu školske 2025/2026. godine.
bli-74184149100-000	blic	74184149100	vest	pol-drustvo	politika	0	6	https://www.blic.rs/vesti/politika/tuzilastvo-u-subotici-obustavilo-istragu-protiv-arbnora-spahijua/y2vbrsc	Više javno tužilaštvo u Subotici obustavilo je istragu protiv bivšeg pripadnika Specijalne jedinice Kosovske policije Arbnora Spahijua koji je bio osumnjičen za teško ubistvo u selu Banjska na severu Kosova, piše RSE.		Više javno tužilaštvo u Subotici obustavilo je istragu protiv bivšeg pripadnika Specijalne jedinice Kosovske policije Arbnora Spahijua koji je bio osumnjičen za teško ubistvo u selu Banjska na severu Kosova, piše RSE.
bli-74184149100-001	blic	74184149100	vest	pol-drustvo	politika	1	6	https://www.blic.rs/vesti/politika/tuzilastvo-u-subotici-obustavilo-istragu-protiv-arbnora-spahijua/y2vbrsc	Tužilaštvo je za ovaj medij saopštilo da je naredba o obustavi istrage doneta 21. novembra jer nije bilo dovoljno dokaza.		Tužilaštvo je za ovaj medij saopštilo da je naredba o obustavi istrage doneta 21. novembra jer nije bilo dovoljno dokaza.
bli-74184149100-002	blic	74184149100	vest	pol-drustvo	politika	2	6	https://www.blic.rs/vesti/politika/tuzilastvo-u-subotici-obustavilo-istragu-protiv-arbnora-spahijua/y2vbrsc	Spahijua su 7. juna srpske vlasti uhapsile na graničnom prelazu između Mađarske i Srbije, dok se sa porodicom vraćao autobusom iz Austrije na Kosovo.		Spahijua su 7. juna srpske vlasti uhapsile na graničnom prelazu između Mađarske i Srbije, dok se sa porodicom vraćao autobusom iz Austrije na Kosovo.
bli-74184149100-003	blic	74184149100	vest	pol-drustvo	politika	3	6	https://www.blic.rs/vesti/politika/tuzilastvo-u-subotici-obustavilo-istragu-protiv-arbnora-spahijua/y2vbrsc	U pritvoru u Srbiji je proveo više od pet meseci, a njegov advokat Arijanit Koci rekao je nedavno za Radio Slobodna Evropa da je 21. novembra pušten i da se vratio kući na Kosovo.		U pritvoru u Srbiji je proveo više od pet meseci, a njegov advokat Arijanit Koci rekao je nedavno za Radio Slobodna Evropa da je 21. novembra pušten i da se vratio kući na Kosovo.
bli-74184149100-004	blic	74184149100	vest	pol-drustvo	politika	4	6	https://www.blic.rs/vesti/politika/tuzilastvo-u-subotici-obustavilo-istragu-protiv-arbnora-spahijua/y2vbrsc	- Spahiju je nepotrebno toliko dugo držan u pritvoru jer, kao što sam rekao na početku, ne može biti dokaza za takvu optužbu, jer u to vreme nije bio u Kosovskoj policiji - rekao je tada advokat.		- Spahiju je nepotrebno toliko dugo držan u pritvoru jer, kao što sam rekao na početku, ne može biti dokaza za takvu optužbu, jer u to vreme nije bio u Kosovskoj policiji - rekao je tada advokat.
bli-74184149100-005	blic	74184149100	vest	pol-drustvo	politika	5	6	https://www.blic.rs/vesti/politika/tuzilastvo-u-subotici-obustavilo-istragu-protiv-arbnora-spahijua/y2vbrsc	Kosovska policija je potvrdila da Spahiju u vreme nemira u Banjskoj nije bio pripadnik policije.		Kosovska policija je potvrdila da Spahiju u vreme nemira u Banjskoj nije bio pripadnik policije.
bli-27138866441-000	blic	27138866441	vest	pol-drustvo	drustvo	0	5	https://www.blic.rs/vesti/drustvo/misteriozni-muskarac-u-crvenom-sokirao-prolaznike-u-novom-sadu-video/cgts3d5	Neobična scena zabeležena je danas u samom centru Novog Sada, gde je prolaznike zatekao misteriozni muškarac obučen u crveno odelo, sa crnom maskom preko lica, kako stoji nasred ulice držeći uključen laptop.		Neobična scena zabeležena je danas u samom centru Novog Sada, gde je prolaznike zatekao misteriozni muškarac obučen u crveno odelo, sa crnom maskom preko lica, kako stoji nasred ulice držeći uključen laptop.
bli-27138866441-001	blic	27138866441	vest	pol-drustvo	drustvo	1	5	https://www.blic.rs/vesti/drustvo/misteriozni-muskarac-u-crvenom-sokirao-prolaznike-u-novom-sadu-video/cgts3d5	Kako se vidi na snimku koji je objavila Instagram stranica 192_rs, misteriozni muškarac je bio od glave do pete obučen u crveno, sa crnim čizmama i crnom maskom koja mu je u potpunosti prekrivala lice.		Kako se vidi na snimku koji je objavila Instagram stranica 192_rs, misteriozni muškarac je bio od glave do pete obučen u crveno, sa crnim čizmama i crnom maskom koja mu je u potpunosti prekrivala lice.
bli-27138866441-002	blic	27138866441	vest	pol-drustvo	drustvo	2	5	https://www.blic.rs/vesti/drustvo/misteriozni-muskarac-u-crvenom-sokirao-prolaznike-u-novom-sadu-video/cgts3d5	Uprkos snegu i hladnoći, mirno je stajao na ulici, dok su se na ekranu laptopa koji je držao smenjivali različiti video-snimci.		Uprkos snegu i hladnoći, mirno je stajao na ulici, dok su se na ekranu laptopa koji je držao smenjivali različiti video-snimci.
bli-27138866441-003	blic	27138866441	vest	pol-drustvo	drustvo	3	5	https://www.blic.rs/vesti/drustvo/misteriozni-muskarac-u-crvenom-sokirao-prolaznike-u-novom-sadu-video/cgts3d5	Za sada nije poznato šta je bio cilj ovog neobičnog performansa, da li je reč o Tik Tok izazovu, snimanju reklamnog sadržaja ili nekoj vrsti umetničkog izraza.		Za sada nije poznato šta je bio cilj ovog neobičnog performansa, da li je reč o Tik Tok izazovu, snimanju reklamnog sadržaja ili nekoj vrsti umetničkog izraza.
bli-27138866441-004	blic	27138866441	vest	pol-drustvo	drustvo	4	5	https://www.blic.rs/vesti/drustvo/misteriozni-muskarac-u-crvenom-sokirao-prolaznike-u-novom-sadu-video/cgts3d5	Ipak, prizor u samom centru Novog Sada, privukao je pažnju brojnih prolaznika i izazvao brojne reakcije na društvenim mrežama.		Ipak, prizor u samom centru Novog Sada, privukao je pažnju brojnih prolaznika i izazvao brojne reakcije na društvenim mrežama.
bli-28453331941-001	blic	28453331941	vest	pol-drustvo	drustvo	1	36	https://www.blic.rs/vesti/drustvo/u-ovom-gradu-u-srbiji-deca-na-potpuno-drugaciji-nacin-dolaze-u-vrtic/d2kdnfp	Kako kaže Željko Cvijanović, direktor Predškolske ustanove Zrenjanin, kada dovedu dete u vrtić, roditelji će morati da očitaju karticu i na taj način elektronski prijave dete.		Kako kaže Željko Cvijanović, direktor Predškolske ustanove Zrenjanin, kada dovedu dete u vrtić, roditelji će morati da očitaju karticu i na taj način elektronski prijave dete.
bli-28453331941-002	blic	28453331941	vest	pol-drustvo	drustvo	2	36	https://www.blic.rs/vesti/drustvo/u-ovom-gradu-u-srbiji-deca-na-potpuno-drugaciji-nacin-dolaze-u-vrtic/d2kdnfp	To znači da olovka i papir odlaze u istoriju i da će se prisustvo dece voditi u elektronskoj formi.		To znači da olovka i papir odlaze u istoriju i da će se prisustvo dece voditi u elektronskoj formi.
bli-28453331941-003	blic	28453331941	vest	pol-drustvo	drustvo	3	36	https://www.blic.rs/vesti/drustvo/u-ovom-gradu-u-srbiji-deca-na-potpuno-drugaciji-nacin-dolaze-u-vrtic/d2kdnfp	"Većina roditelja je pozitivno reagovala na ovu promenu, a to potvrđuju i izveštaji koje dobijam sa terena.		"Većina roditelja je pozitivno reagovala na ovu promenu, a to potvrđuju i izveštaji koje dobijam sa terena.
bli-28453331941-004	blic	28453331941	vest	pol-drustvo	drustvo	4	36	https://www.blic.rs/vesti/drustvo/u-ovom-gradu-u-srbiji-deca-na-potpuno-drugaciji-nacin-dolaze-u-vrtic/d2kdnfp	Mali deo je zabrinut za obradu i korišćenje podataka o deci.	Y	„Mali deo je zabrinut za obradu i korišćenje podataka o deci.“
bli-28453331941-005	blic	28453331941	vest	pol-drustvo	drustvo	5	36	https://www.blic.rs/vesti/drustvo/u-ovom-gradu-u-srbiji-deca-na-potpuno-drugaciji-nacin-dolaze-u-vrtic/d2kdnfp	Moram da naglasim da je svaki roditelj prilikom upisa dece štiklirao polje u kojem piše 'dozvoljavam da se obrađuju podaci mog deteta' jer je to priroda posla.	Y	„Moram da naglasim da je svaki roditelj prilikom upisa dece štiklirao polje u kojem piše 'dozvoljavam da se obrađuju podaci mog deteta' jer je to priroda posla.“
bli-28453331941-006	blic	28453331941	vest	pol-drustvo	drustvo	6	36	https://www.blic.rs/vesti/drustvo/u-ovom-gradu-u-srbiji-deca-na-potpuno-drugaciji-nacin-dolaze-u-vrtic/d2kdnfp	Mi ovde obrađujemo podatke dece.	Y	„Mi ovde obrađujemo podatke dece.“
bli-28453331941-007	blic	28453331941	vest	pol-drustvo	drustvo	7	36	https://www.blic.rs/vesti/drustvo/u-ovom-gradu-u-srbiji-deca-na-potpuno-drugaciji-nacin-dolaze-u-vrtic/d2kdnfp	Svi ti podaci već postoje u našem sistemu.	Y	„Svi ti podaci već postoje u našem sistemu.“
bli-28453331941-008	blic	28453331941	vest	pol-drustvo	drustvo	8	36	https://www.blic.rs/vesti/drustvo/u-ovom-gradu-u-srbiji-deca-na-potpuno-drugaciji-nacin-dolaze-u-vrtic/d2kdnfp	Ovo je deo našeg internog sistema, samo se zove elektronski ulazak u vrtić“, objašnjava Cvijanović.	Y	„Ovo je deo našeg internog sistema, samo se zove elektronski ulazak u vrtić“, objašnjava Cvijanović.“
bli-27357956365-011	blic	27357956365	vest	pol-drustvo	drustvo	11	25	https://www.blic.rs/vesti/drustvo/mecava-na-zlatiboru-i-u-prijepolju-rhmz-u-upozorava-na-3-opasne-pojave/ckg7y8d	RHMZ u najnovijem upozorenju poziva na oprez sve učesnike u saobrćajau zbog snega, poledice i magle.		RHMZ u najnovijem upozorenju poziva na oprez sve učesnike u saobrćajau zbog snega, poledice i magle.
bli-27357956365-012	blic	27357956365	vest	pol-drustvo	drustvo	12	25	https://www.blic.rs/vesti/drustvo/mecava-na-zlatiboru-i-u-prijepolju-rhmz-u-upozorava-na-3-opasne-pojave/ckg7y8d	"Danas (10.01.) oblačno i hladno, u toku dana na severu uglavnom suvo, mestimično sa maglom.		"Danas (10.01.) oblačno i hladno, u toku dana na severu uglavnom suvo, mestimično sa maglom.
bli-27357956365-013	blic	27357956365	vest	pol-drustvo	drustvo	13	25	https://www.blic.rs/vesti/drustvo/mecava-na-zlatiboru-i-u-prijepolju-rhmz-u-upozorava-na-3-opasne-pojave/ckg7y8d	U zapadnim i jugozapadnim, kao i u planinskim predelima Srbije sa snegom, a u ostalim krajevima sa kišom, susnežicom i snegom sa tendencijom prelaska u sneg u popodnevnim i večernjim satima i u ovim krajevima", upozorava RHMZ.	Y	„U zapadnim i jugozapadnim, kao i u planinskim predelima Srbije sa snegom, a u ostalim krajevima sa kišom, susnežicom i snegom sa tendencijom prelaska u sneg u popodnevnim i večernjim satima i u ovim krajevima", upozorava RHMZ.“
bli-27357956365-014	blic	27357956365	vest	pol-drustvo	drustvo	14	25	https://www.blic.rs/vesti/drustvo/mecava-na-zlatiboru-i-u-prijepolju-rhmz-u-upozorava-na-3-opasne-pojave/ckg7y8d	U predelima južnije od Save i Dunava manje povećanje visine snežnog pokrivača, na jugozapadu, jugu i jugoistoku Srbije lokalno se očekuje od 10 do 15 cm novog snega, a u planinskim predelima i više.		U predelima južnije od Save i Dunava manje povećanje visine snežnog pokrivača, na jugozapadu, jugu i jugoistoku Srbije lokalno se očekuje od 10 do 15 cm novog snega, a u planinskim predelima i više.
bli-27357956365-015	blic	27357956365	vest	pol-drustvo	drustvo	15	25	https://www.blic.rs/vesti/drustvo/mecava-na-zlatiboru-i-u-prijepolju-rhmz-u-upozorava-na-3-opasne-pojave/ckg7y8d	Vetar slab promenlјivog smera, tokom dana u postepenom skretanju na slab i umeren severni.		Vetar slab promenlјivog smera, tokom dana u postepenom skretanju na slab i umeren severni.
bli-27357956365-016	blic	27357956365	vest	pol-drustvo	drustvo	16	25	https://www.blic.rs/vesti/drustvo/mecava-na-zlatiboru-i-u-prijepolju-rhmz-u-upozorava-na-3-opasne-pojave/ckg7y8d	Najviša dnevna temperatura od -3 stepeni Celzijusovih na severu Vojvodine do 4 na jugu Srbije.		Najviša dnevna temperatura od -3 stepeni Celzijusovih na severu Vojvodine do 4 na jugu Srbije.
bli-27357956365-017	blic	27357956365	vest	pol-drustvo	drustvo	17	25	https://www.blic.rs/vesti/drustvo/mecava-na-zlatiboru-i-u-prijepolju-rhmz-u-upozorava-na-3-opasne-pojave/ckg7y8d	Na području Beograda tokom većeg dela dana magla.		Na području Beograda tokom većeg dela dana magla.
bli-27357956365-018	blic	27357956365	vest	pol-drustvo	drustvo	18	25	https://www.blic.rs/vesti/drustvo/mecava-na-zlatiboru-i-u-prijepolju-rhmz-u-upozorava-na-3-opasne-pojave/ckg7y8d	Zbog jakih snežnih padavina koje su danas pogodile zapadnu Srbiju, zastoj u saobraćaju je i na putu Bistrica-Nova Varoš.		Zbog jakih snežnih padavina koje su danas pogodile zapadnu Srbiju, zastoj u saobraćaju je i na putu Bistrica-Nova Varoš.
bli-72749505364-000	blic	72749505364	vest	pol-drustvo	drustvo	0	4	https://www.blic.rs/vesti/drustvo/zemljotres-jutros-pogodio-srbiju-epicentar-izmedju-dva-velika-srpska-grada/xf56dlg	Srbiju je ovog jutra u 6.31 čas pogodio zemljotres jačine od 1,9 stepena po Rihteru, objavio je Republički seizmološki zavod.		Srbiju je ovog jutra u 6.31 čas pogodio zemljotres jačine od 1,9 stepena po Rihteru, objavio je Republički seizmološki zavod.
bli-72749505364-001	blic	72749505364	vest	pol-drustvo	drustvo	1	4	https://www.blic.rs/vesti/drustvo/zemljotres-jutros-pogodio-srbiju-epicentar-izmedju-dva-velika-srpska-grada/xf56dlg	Zemljotres je registrovan na području između dva grada – Bora i Zaječara.		Zemljotres je registrovan na području između dva grada – Bora i Zaječara.
bli-72749505364-002	blic	72749505364	vest	pol-drustvo	drustvo	2	4	https://www.blic.rs/vesti/drustvo/zemljotres-jutros-pogodio-srbiju-epicentar-izmedju-dva-velika-srpska-grada/xf56dlg	Prema raspoloživim podacima Republičkog seizmološkog zavoda Srbije, epicentar je lociran na geografskim koordinatama širine 44, 01 N i dužine 22, 19.		Prema raspoloživim podacima Republičkog seizmološkog zavoda Srbije, epicentar je lociran na geografskim koordinatama širine 44, 01 N i dužine 22, 19.
bli-72749505364-003	blic	72749505364	vest	pol-drustvo	drustvo	3	4	https://www.blic.rs/vesti/drustvo/zemljotres-jutros-pogodio-srbiju-epicentar-izmedju-dva-velika-srpska-grada/xf56dlg	Ovaj potres spada u kategoriju umerenih.		Ovaj potres spada u kategoriju umerenih.
bli-44489809034-000	blic	44489809034	vest	pol-drustvo	beograd	0	10	https://www.blic.rs/vesti/beograd/svako-po-kolac-i-pice-i-ode-4000-dinara-spisak-ponude-i-cena-u-kucicama-u-centru/kfs30cq	Jedna šetnja za četvoročlanu porodicu kroz centar Beograda, gde su od postavljene novogodišnje kućice, izašla bi vas skoro 4.000 dinara, a u šta je uključena po tura pića i slatkiš za svakoga.		Jedna šetnja za četvoročlanu porodicu kroz centar Beograda, gde su od postavljene novogodišnje kućice, izašla bi vas skoro 4.000 dinara, a u šta je uključena po tura pića i slatkiš za svakoga.
bli-44489809034-001	blic	44489809034	vest	pol-drustvo	beograd	1	10	https://www.blic.rs/vesti/beograd/svako-po-kolac-i-pice-i-ode-4000-dinara-spisak-ponude-i-cena-u-kucicama-u-centru/kfs30cq	Naime, na Trgu republike, ali i duž Knez Mihailove ulice ovog vikenda počele su sa radom novogodišnje kućice koje Beograđanima i ostalim posetiocima nude raznovrsnu ponudu tokom predstojećih praznika.		Naime, na Trgu republike, ali i duž Knez Mihailove ulice ovog vikenda počele su sa radom novogodišnje kućice koje Beograđanima i ostalim posetiocima nude raznovrsnu ponudu tokom predstojećih praznika.
bli-44489809034-002	blic	44489809034	vest	pol-drustvo	beograd	2	10	https://www.blic.rs/vesti/beograd/svako-po-kolac-i-pice-i-ode-4000-dinara-spisak-ponude-i-cena-u-kucicama-u-centru/kfs30cq	Od hrane, pića, pa sve do suvenira i slatkiša za najmlađe, a evo kako se kreću cene .		Od hrane, pića, pa sve do suvenira i slatkiša za najmlađe, a evo kako se kreću cene .
bli-44489809034-003	blic	44489809034	vest	pol-drustvo	beograd	3	10	https://www.blic.rs/vesti/beograd/svako-po-kolac-i-pice-i-ode-4000-dinara-spisak-ponude-i-cena-u-kucicama-u-centru/kfs30cq	Tik uz novogodišnju jelku koja je nedavno postavljena na Trgu republike, prostiru se novogodišnje kućice, a kako "Blic" saznaje od prodavca, tu će prodavati isključivo hrana, kao i suveniri, dok pića, poput kuvanog vina i rakije, možete pronaći u kućicama malo dalje - u knez Mihailovoj ulici.		Tik uz novogodišnju jelku koja je nedavno postavljena na Trgu republike, prostiru se novogodišnje kućice, a kako "Blic" saznaje od prodavca, tu će prodavati isključivo hrana, kao i suveniri, dok pića, poput kuvanog vina i rakije, možete pronaći u kućicama malo dalje - u knez Mihailovoj ulici.
bli-44489809034-004	blic	44489809034	vest	pol-drustvo	beograd	4	10	https://www.blic.rs/vesti/beograd/svako-po-kolac-i-pice-i-ode-4000-dinara-spisak-ponude-i-cena-u-kucicama-u-centru/kfs30cq	U kućicama na Trgu republike u ponudi su domaći specijaliteti, od slanih: peglana pljeskavica u burek testu za 1.000 dinara, zatim drpana kolenica za istu sumu novca, sarmice u vinovom listu i kobasica sa sirom za 900 dinara, dok će vas domaća kobasica izaći 800 dinara.		U kućicama na Trgu republike u ponudi su domaći specijaliteti, od slanih: peglana pljeskavica u burek testu za 1.000 dinara, zatim drpana kolenica za istu sumu novca, sarmice u vinovom listu i kobasica sa sirom za 900 dinara, dok će vas domaća kobasica izaći 800 dinara.
bli-44489809034-005	blic	44489809034	vest	pol-drustvo	beograd	5	10	https://www.blic.rs/vesti/beograd/svako-po-kolac-i-pice-i-ode-4000-dinara-spisak-ponude-i-cena-u-kucicama-u-centru/kfs30cq	Na sledećoj kućici, posetioci se mogu zasladiti uz domaće štrudle ili "odžak kolač" koji je poslednjih godina postao veoma popularan i košta 500 dinara.		Na sledećoj kućici, posetioci se mogu zasladiti uz domaće štrudle ili "odžak kolač" koji je poslednjih godina postao veoma popularan i košta 500 dinara.
bli-44489809034-006	blic	44489809034	vest	pol-drustvo	beograd	6	10	https://www.blic.rs/vesti/beograd/svako-po-kolac-i-pice-i-ode-4000-dinara-spisak-ponude-i-cena-u-kucicama-u-centru/kfs30cq	U ponudi je i pileći burger koji će vas koštati 600 dinara, dok će vas drpana svinjetinu u burger lepinji izaći 750 dinara.		U ponudi je i pileći burger koji će vas koštati 600 dinara, dok će vas drpana svinjetinu u burger lepinji izaći 750 dinara.
bli-44489809034-007	blic	44489809034	vest	pol-drustvo	beograd	7	10	https://www.blic.rs/vesti/beograd/svako-po-kolac-i-pice-i-ode-4000-dinara-spisak-ponude-i-cena-u-kucicama-u-centru/kfs30cq	Kada je reč o piću, tradicionalno kao i svake godine prodaje se kuvano vino i rakija.		Kada je reč o piću, tradicionalno kao i svake godine prodaje se kuvano vino i rakija.
bli-33380391920-001	blic	33380391920	vest	pol-drustvo	drustvo	1	13	https://www.blic.rs/vesti/drustvo/policija-i-vatrogasci-pritekli-u-pomoc-gradjanima-vanredna-situacija-u-11-opstina-u/fc1tn8w	Kako se navodi, pripadnici MUP-a kontinuirano su prisutni u lokalnim zajednicama, naročito u područjima koja su izložena otežanim uslovima, kako bi građanima pružili neophodnu podršku, pravovremene informacije i pomoć na terenu.		Kako se navodi, pripadnici MUP-a kontinuirano su prisutni u lokalnim zajednicama, naročito u područjima koja su izložena otežanim uslovima, kako bi građanima pružili neophodnu podršku, pravovremene informacije i pomoć na terenu.
bli-33380391920-002	blic	33380391920	vest	pol-drustvo	drustvo	2	13	https://www.blic.rs/vesti/drustvo/policija-i-vatrogasci-pritekli-u-pomoc-gradjanima-vanredna-situacija-u-11-opstina-u/fc1tn8w	- Terenski rad u zahtevnim uslovima zahteva više od opreme - zahteva posvećenost...		- Terenski rad u zahtevnim uslovima zahteva više od opreme - zahteva posvećenost...
bli-33380391920-003	blic	33380391920	vest	pol-drustvo	drustvo	3	13	https://www.blic.rs/vesti/drustvo/policija-i-vatrogasci-pritekli-u-pomoc-gradjanima-vanredna-situacija-u-11-opstina-u/fc1tn8w	Svakodnevno, na terenu, uz ljude i njihove domove", navodi se u objavi MUP-a na Instagramu.		Svakodnevno, na terenu, uz ljude i njihove domove", navodi se u objavi MUP-a na Instagramu.
bli-33380391920-004	blic	33380391920	vest	pol-drustvo	drustvo	4	13	https://www.blic.rs/vesti/drustvo/policija-i-vatrogasci-pritekli-u-pomoc-gradjanima-vanredna-situacija-u-11-opstina-u/fc1tn8w	I u uslovima snega i otežanih vremenskih prilika, i pripadnici žandarmerije su na terenu, uz građane, pružajući pomoć meštanima zaseoka Rošci kod Čačka, na području Valjeva, kao i u Sjenici i selu Jabuka kod Prijepolja, navodi MUP.	Y	„I u uslovima snega i otežanih vremenskih prilika, i pripadnici žandarmerije su na terenu, uz građane, pružajući pomoć meštanima zaseoka Rošci kod Čačka, na području Valjeva, kao i u Sjenici i selu Jabuka kod Prijepolja, navodi MUP.“
bli-33380391920-005	blic	33380391920	vest	pol-drustvo	drustvo	5	13	https://www.blic.rs/vesti/drustvo/policija-i-vatrogasci-pritekli-u-pomoc-gradjanima-vanredna-situacija-u-11-opstina-u/fc1tn8w	- Na osnovu naloga direktora policije generala policije Dragana Vasiljevića, Žandarmerija je angažovana u punom sadejstvu sa ostalim službama, delujući jedinstveno i organizovano.	Y	„- Na osnovu naloga direktora policije generala policije Dragana Vasiljevića, Žandarmerija je angažovana u punom sadejstvu sa ostalim službama, delujući jedinstveno i organizovano.“
bli-33380391920-006	blic	33380391920	vest	pol-drustvo	drustvo	6	13	https://www.blic.rs/vesti/drustvo/policija-i-vatrogasci-pritekli-u-pomoc-gradjanima-vanredna-situacija-u-11-opstina-u/fc1tn8w	Kada je najteže, Žandarmerija stoji uz građane - navodi se u objavi.	Y	„Kada je najteže, Žandarmerija stoji uz građane - navodi se u objavi.“
bli-33380391920-007	blic	33380391920	vest	pol-drustvo	drustvo	7	13	https://www.blic.rs/vesti/drustvo/policija-i-vatrogasci-pritekli-u-pomoc-gradjanima-vanredna-situacija-u-11-opstina-u/fc1tn8w	Podsetimo, u 11 opština u Srbiji proglašena je vanredna situacija i iz sata u sat, situacija na terenu se menja.	Y	„Podsetimo, u 11 opština u Srbiji proglašena je vanredna situacija i iz sata u sat, situacija na terenu se menja.“
bli-33380391920-008	blic	33380391920	vest	pol-drustvo	drustvo	8	13	https://www.blic.rs/vesti/drustvo/policija-i-vatrogasci-pritekli-u-pomoc-gradjanima-vanredna-situacija-u-11-opstina-u/fc1tn8w	Najteže je u: Valjevu, Loznici, Osečini, Krupnju, Malom Zvorniku, Vladimircima, Sjenici, Majdanpeku, delu Prijepolja, Lučana i Ivanjici.	Y	„Najteže je u: Valjevu, Loznici, Osečini, Krupnju, Malom Zvorniku, Vladimircima, Sjenici, Majdanpeku, delu Prijepolja, Lučana i Ivanjici.“
bli-6905056231-000	blic	6905056231	vest	pol-drustvo	politika	0	6	https://www.blic.rs/vesti/politika/kurti-kandidat-samoopredeljenja-za-premijera-na-izbore-ce-i-vjosa-osmani-ali-bez/3673bhj	Pokret Samoopredeljenje imenovao je danas predsednika te stranke Aljbina Kurtija za kandidata za premijera privremenih institucija na vanrednim izborima koji će biti održani 7. juna.		Pokret Samoopredeljenje imenovao je danas predsednika te stranke Aljbina Kurtija za kandidata za premijera privremenih institucija na vanrednim izborima koji će biti održani 7. juna.
bli-6905056231-001	blic	6905056231	vest	pol-drustvo	politika	1	6	https://www.blic.rs/vesti/politika/kurti-kandidat-samoopredeljenja-za-premijera-na-izbore-ce-i-vjosa-osmani-ali-bez/3673bhj	Odluka je doneta na sednici glavnog odbora te stranke, prenose mediji u Prištini.		Odluka je doneta na sednici glavnog odbora te stranke, prenose mediji u Prištini.
bli-6905056231-002	blic	6905056231	vest	pol-drustvo	politika	2	6	https://www.blic.rs/vesti/politika/kurti-kandidat-samoopredeljenja-za-premijera-na-izbore-ce-i-vjosa-osmani-ali-bez/3673bhj	Kurti je trenutno premijer privremenih prištinskih institucija u tehničkom mandatu i to mu je treći mandat.		Kurti je trenutno premijer privremenih prištinskih institucija u tehničkom mandatu i to mu je treći mandat.
bli-6905056231-003	blic	6905056231	vest	pol-drustvo	politika	3	6	https://www.blic.rs/vesti/politika/kurti-kandidat-samoopredeljenja-za-premijera-na-izbore-ce-i-vjosa-osmani-ali-bez/3673bhj	"Samoopredeljenje" na izbore 7. juna izlazi u koaliciji sa Gudžo, Alternativa i Albanska demohrišćanska partija.		"Samoopredeljenje" na izbore 7. juna izlazi u koaliciji sa Gudžo, Alternativa i Albanska demohrišćanska partija.
bli-6905056231-004	blic	6905056231	vest	pol-drustvo	politika	4	6	https://www.blic.rs/vesti/politika/kurti-kandidat-samoopredeljenja-za-premijera-na-izbore-ce-i-vjosa-osmani-ali-bez/3673bhj	U Prištini je danas održana i sednica rukovodstva Demokratskog saveza Kosova (DSK), treće po snazi stranke Albanaca, na kojoj je odlučeno da kandidat za premijera privremenih institucija bude predsednik stranke Ljumir Abdidžiku, a da doskorašnja predsednica privremenih institucija Vjosa Osmani bude nosilac liste DSK i kandidat za predsednika privremenih instituicija.		U Prištini je danas održana i sednica rukovodstva Demokratskog saveza Kosova (DSK), treće po snazi stranke Albanaca, na kojoj je odlučeno da kandidat za premijera privremenih institucija bude predsednik stranke Ljumir Abdidžiku, a da doskorašnja predsednica privremenih institucija Vjosa Osmani bude nosilac liste DSK i kandidat za predsednika privremenih instituicija.
bli-6905056231-005	blic	6905056231	vest	pol-drustvo	politika	5	6	https://www.blic.rs/vesti/politika/kurti-kandidat-samoopredeljenja-za-premijera-na-izbore-ce-i-vjosa-osmani-ali-bez/3673bhj	Vanredni izbori za skupštinu privremenih institucija samouprave u Prištini biće održani 7. juna, pošto skupština nije uspela da izabere predsednika privremenih institucija u roku koji je odredio ustavni sud.		Vanredni izbori za skupštinu privremenih institucija samouprave u Prištini biće održani 7. juna, pošto skupština nije uspela da izabere predsednika privremenih institucija u roku koji je odredio ustavni sud.
bli-74351411120-037	blic	74351411120	vest	pol-drustvo	beograd	37	55	https://www.blic.rs/vesti/beograd/kruzer-viktorija-uplovio-u-zemun-nemacki-turisti-odusevljeni-srpskim-gostoprimstvom/y5mwrzk	Na pitanje šta znaju o Srbiji, oboje su se glasno nasmejali.		Na pitanje šta znaju o Srbiji, oboje su se glasno nasmejali.
bli-74351411120-038	blic	74351411120	vest	pol-drustvo	beograd	38	55	https://www.blic.rs/vesti/beograd/kruzer-viktorija-uplovio-u-zemun-nemacki-turisti-odusevljeni-srpskim-gostoprimstvom/y5mwrzk	- Iskreno, ne baš mnogo – rekli su uglas.		- Iskreno, ne baš mnogo – rekli su uglas.
bli-74351411120-039	blic	74351411120	vest	pol-drustvo	beograd	39	55	https://www.blic.rs/vesti/beograd/kruzer-viktorija-uplovio-u-zemun-nemacki-turisti-odusevljeni-srpskim-gostoprimstvom/y5mwrzk	Kažu da im je vodič pričao o Đerdapu i klisuri kroz koju će proći.		Kažu da im je vodič pričao o Đerdapu i klisuri kroz koju će proći.
bli-74351411120-040	blic	74351411120	vest	pol-drustvo	beograd	40	55	https://www.blic.rs/vesti/beograd/kruzer-viktorija-uplovio-u-zemun-nemacki-turisti-odusevljeni-srpskim-gostoprimstvom/y5mwrzk	- U Beogradu, prvo ćemo otići na Kalemegdan, da vidimo tvrđavu i spomenik "Pobednik“ – kaže Andrea.		- U Beogradu, prvo ćemo otići na Kalemegdan, da vidimo tvrđavu i spomenik "Pobednik“ – kaže Andrea.
bli-74351411120-041	blic	74351411120	vest	pol-drustvo	beograd	41	55	https://www.blic.rs/vesti/beograd/kruzer-viktorija-uplovio-u-zemun-nemacki-turisti-odusevljeni-srpskim-gostoprimstvom/y5mwrzk	Dodaju da znaju da Srbija ima odličnu hranu i vrhunsku šljivovicu.		Dodaju da znaju da Srbija ima odličnu hranu i vrhunsku šljivovicu.
bli-74351411120-042	blic	74351411120	vest	pol-drustvo	beograd	42	55	https://www.blic.rs/vesti/beograd/kruzer-viktorija-uplovio-u-zemun-nemacki-turisti-odusevljeni-srpskim-gostoprimstvom/y5mwrzk	Pošto odlaze u večernjim satima, kažu da bi voleli da vide što više.		Pošto odlaze u večernjim satima, kažu da bi voleli da vide što više.
bli-74351411120-043	blic	74351411120	vest	pol-drustvo	beograd	43	55	https://www.blic.rs/vesti/beograd/kruzer-viktorija-uplovio-u-zemun-nemacki-turisti-odusevljeni-srpskim-gostoprimstvom/y5mwrzk	- Nažalost, imamo malo vremena jer večeras u deset nastavljamo put.		- Nažalost, imamo malo vremena jer večeras u deset nastavljamo put.
bli-74351411120-044	blic	74351411120	vest	pol-drustvo	beograd	44	55	https://www.blic.rs/vesti/beograd/kruzer-viktorija-uplovio-u-zemun-nemacki-turisti-odusevljeni-srpskim-gostoprimstvom/y5mwrzk	Ali želimo da vidimo što više.		Ali želimo da vidimo što više.
bli-57393859413-000	blic	57393859413	vest	pol-drustvo	politika	0	9	https://www.blic.rs/vesti/politika/umro-rajko-danilovic-zastupao-porodicu-djindjic-nakon-ubistva-premijera/qd6tlcl	Advokat Rajko Danilović, koji je zastupao porodicu Đinđić u postupku za ubistvo premijera Zorana Đinđića, preminuo je jutros, potvrdili su novinarima njegovi prijatelji i poštovaoci.		Advokat Rajko Danilović, koji je zastupao porodicu Đinđić u postupku za ubistvo premijera Zorana Đinđića, preminuo je jutros, potvrdili su novinarima njegovi prijatelji i poštovaoci.
bli-57393859413-001	blic	57393859413	vest	pol-drustvo	politika	1	9	https://www.blic.rs/vesti/politika/umro-rajko-danilovic-zastupao-porodicu-djindjic-nakon-ubistva-premijera/qd6tlcl	Danilović je tokom devedesetih godina zastupao pred sudom opozicionare i aktiviste.		Danilović je tokom devedesetih godina zastupao pred sudom opozicionare i aktiviste.
bli-57393859413-002	blic	57393859413	vest	pol-drustvo	politika	2	9	https://www.blic.rs/vesti/politika/umro-rajko-danilovic-zastupao-porodicu-djindjic-nakon-ubistva-premijera/qd6tlcl	Bio je među advokatima koji su podnosili krivične prijave za ubistvo Slavka Ćuruvije, kao i četvorice funkcionera SPO na Ibarskoj magistrali.		Bio je među advokatima koji su podnosili krivične prijave za ubistvo Slavka Ćuruvije, kao i četvorice funkcionera SPO na Ibarskoj magistrali.
bli-57393859413-003	blic	57393859413	vest	pol-drustvo	politika	3	9	https://www.blic.rs/vesti/politika/umro-rajko-danilovic-zastupao-porodicu-djindjic-nakon-ubistva-premijera/qd6tlcl	Bio je član je Programskog tima Instituta za javnu politiku.		Bio je član je Programskog tima Instituta za javnu politiku.
bli-57393859413-004	blic	57393859413	vest	pol-drustvo	politika	4	9	https://www.blic.rs/vesti/politika/umro-rajko-danilovic-zastupao-porodicu-djindjic-nakon-ubistva-premijera/qd6tlcl	Poznat je po svom radu na odbrani u političkim procesima u bivšoj Jugoslaviji.		Poznat je po svom radu na odbrani u političkim procesima u bivšoj Jugoslaviji.
bli-57393859413-005	blic	57393859413	vest	pol-drustvo	politika	5	9	https://www.blic.rs/vesti/politika/umro-rajko-danilovic-zastupao-porodicu-djindjic-nakon-ubistva-premijera/qd6tlcl	Njegova knjiga "Upotreba neprijatelja: Politička suđenja u Jugoslaviji" dokumentuje montirane procese, a autor je i drugih dela o političkoj istoriji.		Njegova knjiga "Upotreba neprijatelja: Politička suđenja u Jugoslaviji" dokumentuje montirane procese, a autor je i drugih dela o političkoj istoriji.
bli-57393859413-006	blic	57393859413	vest	pol-drustvo	politika	6	9	https://www.blic.rs/vesti/politika/umro-rajko-danilovic-zastupao-porodicu-djindjic-nakon-ubistva-premijera/qd6tlcl	Rođen je 1938. u Nikšiću.		Rođen je 1938. u Nikšiću.
bli-57393859413-007	blic	57393859413	vest	pol-drustvo	politika	7	9	https://www.blic.rs/vesti/politika/umro-rajko-danilovic-zastupao-porodicu-djindjic-nakon-ubistva-premijera/qd6tlcl	Diplomirao na Pravnom fakultetu u Beogradu 1961, a doktorirao 1965. na Fakultetu političkih nauka, gde je radio kao profesor političke sociologije.		Diplomirao na Pravnom fakultetu u Beogradu 1961, a doktorirao 1965. na Fakultetu političkih nauka, gde je radio kao profesor političke sociologije.
bli-74228882674-001	blic	74228882674	vest	pol-drustvo	drustvo	1	19	https://www.blic.rs/vesti/drustvo/jeziva-svedocenja-gradjana-nakon-snaznog-zemljotresa-na-kosovu/y3lykfm	Potres se dogodio 19 kilometara istočno od Prizrena i 15 kilometara severozapadno od Tetova.		Potres se dogodio 19 kilometara istočno od Prizrena i 15 kilometara severozapadno od Tetova.
bli-74228882674-002	blic	74228882674	vest	pol-drustvo	drustvo	2	19	https://www.blic.rs/vesti/drustvo/jeziva-svedocenja-gradjana-nakon-snaznog-zemljotresa-na-kosovu/y3lykfm	Građani prijavljuju da se treslo u Nišu, Leskovcu i drugim gradovima na jugu zemlje.		Građani prijavljuju da se treslo u Nišu, Leskovcu i drugim gradovima na jugu zemlje.
bli-74228882674-003	blic	74228882674	vest	pol-drustvo	drustvo	3	19	https://www.blic.rs/vesti/drustvo/jeziva-svedocenja-gradjana-nakon-snaznog-zemljotresa-na-kosovu/y3lykfm	U selu Parteš u opštini Gnjilane, meštani kažu da je potres bio vrlo jak i izazvao podrhtavanje predmeta u kući.		U selu Parteš u opštini Gnjilane, meštani kažu da je potres bio vrlo jak i izazvao podrhtavanje predmeta u kući.
bli-74228882674-004	blic	74228882674	vest	pol-drustvo	drustvo	4	19	https://www.blic.rs/vesti/drustvo/jeziva-svedocenja-gradjana-nakon-snaznog-zemljotresa-na-kosovu/y3lykfm	- Sve nam se treslo u kući, cveće sa prozora je počelo da se trese, na kraju je jedna saksija pala na pod - kaže za "Blic" meštanka Parteša.		- Sve nam se treslo u kući, cveće sa prozora je počelo da se trese, na kraju je jedna saksija pala na pod - kaže za "Blic" meštanka Parteša.
bli-74228882674-005	blic	74228882674	vest	pol-drustvo	drustvo	5	19	https://www.blic.rs/vesti/drustvo/jeziva-svedocenja-gradjana-nakon-snaznog-zemljotresa-na-kosovu/y3lykfm	Po svedočenjima građana, najgore je bilo u Prizrenu.		Po svedočenjima građana, najgore je bilo u Prizrenu.
bli-74228882674-006	blic	74228882674	vest	pol-drustvo	drustvo	6	19	https://www.blic.rs/vesti/drustvo/jeziva-svedocenja-gradjana-nakon-snaznog-zemljotresa-na-kosovu/y3lykfm	- Moj nameštaj se tresao.		- Moj nameštaj se tresao.
bli-74228882674-007	blic	74228882674	vest	pol-drustvo	drustvo	7	19	https://www.blic.rs/vesti/drustvo/jeziva-svedocenja-gradjana-nakon-snaznog-zemljotresa-na-kosovu/y3lykfm	- Baš je bilo jako, toliko da sam se uplašio.		- Baš je bilo jako, toliko da sam se uplašio.
bli-74228882674-008	blic	74228882674	vest	pol-drustvo	drustvo	8	19	https://www.blic.rs/vesti/drustvo/jeziva-svedocenja-gradjana-nakon-snaznog-zemljotresa-na-kosovu/y3lykfm	- Veoma strašno, trese se i pravi buku, trajalo je oko 8 sekundi.		- Veoma strašno, trese se i pravi buku, trajalo je oko 8 sekundi.
bli-56113552149-025	blic	56113552149	vest	pol-drustvo	beograd	25	39	https://www.blic.rs/vesti/beograd/uredjenje-beogradskog-priobalja-i-ciscenje-reka-iz-save-izvuceni-sporeti-i-frizideri/ps0k5xx	Oko 350.000 do 370.000 kubika materijala planiramo da uklonimo do avgusta“, rekao je Puzović.	Y	„Oko 350.000 do 370.000 kubika materijala planiramo da uklonimo do avgusta“, rekao je Puzović.“
bli-56113552149-026	blic	56113552149	vest	pol-drustvo	beograd	26	39	https://www.blic.rs/vesti/beograd/uredjenje-beogradskog-priobalja-i-ciscenje-reka-iz-save-izvuceni-sporeti-i-frizideri/ps0k5xx	"Svi splavovi tu biće pomereni"		"Svi splavovi tu biće pomereni"
bli-56113552149-027	blic	56113552149	vest	pol-drustvo	beograd	27	39	https://www.blic.rs/vesti/beograd/uredjenje-beogradskog-priobalja-i-ciscenje-reka-iz-save-izvuceni-sporeti-i-frizideri/ps0k5xx	Paralelno sa tim, dodaje, ušli su i u dunavski rukavac i sada se izvode radovi od ušća Save u Dunav, pa do Lida.		Paralelno sa tim, dodaje, ušli su i u dunavski rukavac i sada se izvode radovi od ušća Save u Dunav, pa do Lida.
bli-56113552149-028	blic	56113552149	vest	pol-drustvo	beograd	28	39	https://www.blic.rs/vesti/beograd/uredjenje-beogradskog-priobalja-i-ciscenje-reka-iz-save-izvuceni-sporeti-i-frizideri/ps0k5xx	"Taj kompletan prostor se uređuje.		"Taj kompletan prostor se uređuje.
bli-56113552149-029	blic	56113552149	vest	pol-drustvo	beograd	29	39	https://www.blic.rs/vesti/beograd/uredjenje-beogradskog-priobalja-i-ciscenje-reka-iz-save-izvuceni-sporeti-i-frizideri/ps0k5xx	Svi oni splavovi koji se nalaze u toj zoni biće pomereni, da očistimo taj deo i kompletno sve beogradske obale dobijaju novo ruho.	Y	„Svi oni splavovi koji se nalaze u toj zoni biće pomereni, da očistimo taj deo i kompletno sve beogradske obale dobijaju novo ruho.“
bli-56113552149-030	blic	56113552149	vest	pol-drustvo	beograd	30	39	https://www.blic.rs/vesti/beograd/uredjenje-beogradskog-priobalja-i-ciscenje-reka-iz-save-izvuceni-sporeti-i-frizideri/ps0k5xx	A samim tim povezujemo '25. maj' sa novim mostom, povezujemo sa Novim Beogradom, zemunska obala se povezuje", dodaje Puzović.	Y	„A samim tim povezujemo '25. maj' sa novim mostom, povezujemo sa Novim Beogradom, zemunska obala se povezuje", dodaje Puzović.“
bli-56113552149-031	blic	56113552149	vest	pol-drustvo	beograd	31	39	https://www.blic.rs/vesti/beograd/uredjenje-beogradskog-priobalja-i-ciscenje-reka-iz-save-izvuceni-sporeti-i-frizideri/ps0k5xx	Uređenje i od Bloka 45 do "Ekspa"		Uređenje i od Bloka 45 do "Ekspa"
bli-56113552149-032	blic	56113552149	vest	pol-drustvo	beograd	32	39	https://www.blic.rs/vesti/beograd/uredjenje-beogradskog-priobalja-i-ciscenje-reka-iz-save-izvuceni-sporeti-i-frizideri/ps0k5xx	"Za 10 do 15 dana krećemo još jedan projekat da gradimo, a to je od 45. bloka do samog 'Ekspa', tako da se otvaraju pešačko-biciklističke staze i drugi sadržaji skoro tridesetak kilometara u jednom smeru", naglašava Puzović.		"Za 10 do 15 dana krećemo još jedan projekat da gradimo, a to je od 45. bloka do samog 'Ekspa', tako da se otvaraju pešačko-biciklističke staze i drugi sadržaji skoro tridesetak kilometara u jednom smeru", naglašava Puzović.
bli-13382985284-000	blic	13382985284	vest	pol-drustvo	politika	0	4	https://www.blic.rs/vesti/politika/nastavak-dijaloga-danas-u-briselu-delegaciju-beograda-predvodi-petkovic/65bvtj8	Delegacija Beograda predvođena direktorom Kancelarije za KiM i glavnim pregovaračem na tehničkom nivou Petrom Petkovićem učestvovaće danas u novoj rundi dijaloga s Prištinom, pod pokroviteljstvom Evropske unije, saznaje Tanjug.		Delegacija Beograda predvođena direktorom Kancelarije za KiM i glavnim pregovaračem na tehničkom nivou Petrom Petkovićem učestvovaće danas u novoj rundi dijaloga s Prištinom, pod pokroviteljstvom Evropske unije, saznaje Tanjug.
bli-13382985284-001	blic	13382985284	vest	pol-drustvo	politika	1	4	https://www.blic.rs/vesti/politika/nastavak-dijaloga-danas-u-briselu-delegaciju-beograda-predvodi-petkovic/65bvtj8	Delegacija Beograda je sinoć doputovala u Brisel.		Delegacija Beograda je sinoć doputovala u Brisel.
bli-13382985284-002	blic	13382985284	vest	pol-drustvo	politika	2	4	https://www.blic.rs/vesti/politika/nastavak-dijaloga-danas-u-briselu-delegaciju-beograda-predvodi-petkovic/65bvtj8	Dve strane bi trebalo da nastave razgovore o sprovođenju deklaracije o nestalim licima.		Dve strane bi trebalo da nastave razgovore o sprovođenju deklaracije o nestalim licima.
bli-13382985284-003	blic	13382985284	vest	pol-drustvo	politika	3	4	https://www.blic.rs/vesti/politika/nastavak-dijaloga-danas-u-briselu-delegaciju-beograda-predvodi-petkovic/65bvtj8	Takođe, delegacija Beograda će posebno insistirati na hitnom formiranju Zajednice srpskih opština, ali i ukazati na težak položaj srpskog naroda na KiM zbog brojnih jednostranih i eskalatornih poteza Prištine koji ugrožavaju, opstanak, mir i bezbednost Srba u južnoj srpskoj pokrajini.		Takođe, delegacija Beograda će posebno insistirati na hitnom formiranju Zajednice srpskih opština, ali i ukazati na težak položaj srpskog naroda na KiM zbog brojnih jednostranih i eskalatornih poteza Prištine koji ugrožavaju, opstanak, mir i bezbednost Srba u južnoj srpskoj pokrajini.
bli-74843587221-031	blic	74843587221	vest	pol-drustvo	politika	31	51	https://www.blic.rs/vesti/politika/nada-radovan-tomanic-je-ratna-zlocinka-kakva-se-ne-pamti-zlostavljala-srpske-civile/ydrxthx	Kroz Silos je prošlo više od 650 civila.		Kroz Silos je prošlo više od 650 civila.
bli-74843587221-032	blic	74843587221	vest	pol-drustvo	politika	32	51	https://www.blic.rs/vesti/politika/nada-radovan-tomanic-je-ratna-zlocinka-kakva-se-ne-pamti-zlostavljala-srpske-civile/ydrxthx	U logoru je bilo zatočeno 11 žena, koje su sistematski silovane.		U logoru je bilo zatočeno 11 žena, koje su sistematski silovane.
bli-74843587221-033	blic	74843587221	vest	pol-drustvo	politika	33	51	https://www.blic.rs/vesti/politika/nada-radovan-tomanic-je-ratna-zlocinka-kakva-se-ne-pamti-zlostavljala-srpske-civile/ydrxthx	Među njima i trudnica u šestom mesecu.		Među njima i trudnica u šestom mesecu.
bli-74843587221-034	blic	74843587221	vest	pol-drustvo	politika	34	51	https://www.blic.rs/vesti/politika/nada-radovan-tomanic-je-ratna-zlocinka-kakva-se-ne-pamti-zlostavljala-srpske-civile/ydrxthx	Najmlađi zatvorenik je imao 13 godina, a najstariji 87.		Najmlađi zatvorenik je imao 13 godina, a najstariji 87.
bli-74843587221-035	blic	74843587221	vest	pol-drustvo	politika	35	51	https://www.blic.rs/vesti/politika/nada-radovan-tomanic-je-ratna-zlocinka-kakva-se-ne-pamti-zlostavljala-srpske-civile/ydrxthx	Da li su oni bili pretnja?! - pita Nosović.		Da li su oni bili pretnja?! - pita Nosović.
bli-74843587221-036	blic	74843587221	vest	pol-drustvo	politika	36	51	https://www.blic.rs/vesti/politika/nada-radovan-tomanic-je-ratna-zlocinka-kakva-se-ne-pamti-zlostavljala-srpske-civile/ydrxthx	- Pobrojano je 167 načina na koje su mučili ljude, izgladnjivanje, premlaćivanje, puštanje struje telefonskim kablovima...		- Pobrojano je 167 načina na koje su mučili ljude, izgladnjivanje, premlaćivanje, puštanje struje telefonskim kablovima...
bli-74843587221-037	blic	74843587221	vest	pol-drustvo	politika	37	51	https://www.blic.rs/vesti/politika/nada-radovan-tomanic-je-ratna-zlocinka-kakva-se-ne-pamti-zlostavljala-srpske-civile/ydrxthx	Čak 24 ljudi je tu ubijeno, a blizu 100 je umrlo neposredno nakon logora.		Čak 24 ljudi je tu ubijeno, a blizu 100 je umrlo neposredno nakon logora.
bli-74843587221-038	blic	74843587221	vest	pol-drustvo	politika	38	51	https://www.blic.rs/vesti/politika/nada-radovan-tomanic-je-ratna-zlocinka-kakva-se-ne-pamti-zlostavljala-srpske-civile/ydrxthx	Za sve te zločine sud u BiH je procesuirao šest ili sedam ljudi, koji su ukupno osuđeni na 42 godine zatvora.		Za sve te zločine sud u BiH je procesuirao šest ili sedam ljudi, koji su ukupno osuđeni na 42 godine zatvora.
bli-9099111866-000	blic	9099111866	vest	pol-drustvo	politika	0	5	https://www.blic.rs/vesti/politika/kosovska-policija-na-brnjaku-oduzela-pecat-i-dokumenta-na-srpskom-jeziku/46hdjne	Pečat i nekoliko dokumenata na srpskom jeziku oduzeto je prilikom pretresa vozila sa srpskim registarskim tablicama na administrativnom prelazu Brnjak, saopštila je tzv. kosovska policija.		Pečat i nekoliko dokumenata na srpskom jeziku oduzeto je prilikom pretresa vozila sa srpskim registarskim tablicama na administrativnom prelazu Brnjak, saopštila je tzv. kosovska policija.
bli-9099111866-001	blic	9099111866	vest	pol-drustvo	politika	1	5	https://www.blic.rs/vesti/politika/kosovska-policija-na-brnjaku-oduzela-pecat-i-dokumenta-na-srpskom-jeziku/46hdjne	Vozilom je upravljao muškarac sa Kosova i Metohije, a dokumenti i pečat su, po nalogu tužioca, oduzeti, prenosi Ekonomija onlajn.		Vozilom je upravljao muškarac sa Kosova i Metohije, a dokumenti i pečat su, po nalogu tužioca, oduzeti, prenosi Ekonomija onlajn.
bli-9099111866-002	blic	9099111866	vest	pol-drustvo	politika	2	5	https://www.blic.rs/vesti/politika/kosovska-policija-na-brnjaku-oduzela-pecat-i-dokumenta-na-srpskom-jeziku/46hdjne	Dodaje se da su u vozilu nađena i dva srpska ugovora i zahtev Ministarstva pravde Srbije.		Dodaje se da su u vozilu nađena i dva srpska ugovora i zahtev Ministarstva pravde Srbije.
bli-9099111866-003	blic	9099111866	vest	pol-drustvo	politika	3	5	https://www.blic.rs/vesti/politika/kosovska-policija-na-brnjaku-oduzela-pecat-i-dokumenta-na-srpskom-jeziku/46hdjne	- Prilikom pretresa vozila sa srpskim registarskim tablicama pronađeni su pečat sa srpskim pismom, nekoliko drugih dokumenata na srpskom jeziku, zahtev Ministarstva pravde Republike Srbije, dva srpska ugovora - navedeno je u saopštenju.		- Prilikom pretresa vozila sa srpskim registarskim tablicama pronađeni su pečat sa srpskim pismom, nekoliko drugih dokumenata na srpskom jeziku, zahtev Ministarstva pravde Republike Srbije, dva srpska ugovora - navedeno je u saopštenju.
bli-9099111866-004	blic	9099111866	vest	pol-drustvo	politika	4	5	https://www.blic.rs/vesti/politika/kosovska-policija-na-brnjaku-oduzela-pecat-i-dokumenta-na-srpskom-jeziku/46hdjne	Dodaje se da je u toku istraga.		Dodaje se da je u toku istraga.
bli-33658871216-000	blic	33658871216	vest	pol-drustvo	drustvo	0	5	https://www.blic.rs/vesti/drustvo/putevi-srbije-upalili-alarm-delu-srbije-veceras-preti-ledena-kisa/fgnmf8w	Iz Puteva Srbije apeluju na sve učesnike u saobraćaju koriste zimske pneumatike, da bez zimske opreme i lanaca ne kreću na put, da voze pažljivo, poštuju ograničenja brzine i prilagode brzinu kretanja uslovima na putu.		Iz Puteva Srbije apeluju na sve učesnike u saobraćaju koriste zimske pneumatike, da bez zimske opreme i lanaca ne kreću na put, da voze pažljivo, poštuju ograničenja brzine i prilagode brzinu kretanja uslovima na putu.
bli-33658871216-001	blic	33658871216	vest	pol-drustvo	drustvo	1	5	https://www.blic.rs/vesti/drustvo/putevi-srbije-upalili-alarm-delu-srbije-veceras-preti-ledena-kisa/fgnmf8w	Takođe, da zbog svoje bezbednosti i bezbednosti drugih učesnika u saobraćaju, poštuju saobraćajne propise i prilagode brzinu kretanja uslovima na putu.		Takođe, da zbog svoje bezbednosti i bezbednosti drugih učesnika u saobraćaju, poštuju saobraćajne propise i prilagode brzinu kretanja uslovima na putu.
bli-33658871216-002	blic	33658871216	vest	pol-drustvo	drustvo	2	5	https://www.blic.rs/vesti/drustvo/putevi-srbije-upalili-alarm-delu-srbije-veceras-preti-ledena-kisa/fgnmf8w	Takođe, prema upozorenju RHMZ-a, u nedelju i tokom noći ka ponedeljku, kao i u ponedeljak ujutro, duvaće jak i olujni južni i jugoistočni vetar, u košavskom području i na planinama sa olujnim udarima, a na jugu Banata sa udarima orkanske jačine, do oko 100 kilometara na čas.		Takođe, prema upozorenju RHMZ-a, u nedelju i tokom noći ka ponedeljku, kao i u ponedeljak ujutro, duvaće jak i olujni južni i jugoistočni vetar, u košavskom području i na planinama sa olujnim udarima, a na jugu Banata sa udarima orkanske jačine, do oko 100 kilometara na čas.
bli-33658871216-003	blic	33658871216	vest	pol-drustvo	drustvo	3	5	https://www.blic.rs/vesti/drustvo/putevi-srbije-upalili-alarm-delu-srbije-veceras-preti-ledena-kisa/fgnmf8w	Vetar će u ponedeljak oslabiti, dok se olujna košava ponovo prognozira za sredu.		Vetar će u ponedeljak oslabiti, dok se olujna košava ponovo prognozira za sredu.
bli-33658871216-004	blic	33658871216	vest	pol-drustvo	drustvo	4	5	https://www.blic.rs/vesti/drustvo/putevi-srbije-upalili-alarm-delu-srbije-veceras-preti-ledena-kisa/fgnmf8w	Prema upozorenju RHMZ-a, u nedelju, kao i u sredu, na području Beograda duvaće jaka i olujna košava sa udarima vetra većim od 60 kilometara na čas, pri čemu će najjači udari biti u poslepodnevnim i večernjim satima.		Prema upozorenju RHMZ-a, u nedelju, kao i u sredu, na području Beograda duvaće jaka i olujna košava sa udarima vetra većim od 60 kilometara na čas, pri čemu će najjači udari biti u poslepodnevnim i večernjim satima.
bli-10273523353-005	blic	10273523353	vest	pol-drustvo	drustvo	5	19	https://www.blic.rs/vesti/drustvo/sta-raditi-ako-dobijete-lazni-sms-za-kaznu-nova-prevara-kruzi-srbijom/4pwl9cp	Poruke stvarno deluju kao da dolaze od JKP "Putevi Srbije"		Poruke stvarno deluju kao da dolaze od JKP "Putevi Srbije"
bli-10273523353-006	blic	10273523353	vest	pol-drustvo	drustvo	6	19	https://www.blic.rs/vesti/drustvo/sta-raditi-ako-dobijete-lazni-sms-za-kaznu-nova-prevara-kruzi-srbijom/4pwl9cp	Problem je što poruke izgledaju zvanično, koriste ime državnih institucija i prete ozbiljnim posledicama, ali je reč o dobro osmišljenoj internet prevari čiji je cilj krađa ličnih i bankarskih podataka.		Problem je što poruke izgledaju zvanično, koriste ime državnih institucija i prete ozbiljnim posledicama, ali je reč o dobro osmišljenoj internet prevari čiji je cilj krađa ličnih i bankarskih podataka.
bli-10273523353-007	blic	10273523353	vest	pol-drustvo	drustvo	7	19	https://www.blic.rs/vesti/drustvo/sta-raditi-ako-dobijete-lazni-sms-za-kaznu-nova-prevara-kruzi-srbijom/4pwl9cp	Kao što možete da vidite, na prvi pogled sve izgleda zvanično - pominje se "konačno poravnanje kazne", navodi se tačan datum i rok za uplatu, pa čak i status predmeta.		Kao što možete da vidite, na prvi pogled sve izgleda zvanično - pominje se "konačno poravnanje kazne", navodi se tačan datum i rok za uplatu, pa čak i status predmeta.
bli-10273523353-008	blic	10273523353	vest	pol-drustvo	drustvo	8	19	https://www.blic.rs/vesti/drustvo/sta-raditi-ako-dobijete-lazni-sms-za-kaznu-nova-prevara-kruzi-srbijom/4pwl9cp	Međutim, ključni detalj koji odaje prevaru jeste strani broj sa kog poruka stiže, kao i poziv da se klikne na nepoznat link i unesu lični podaci.		Međutim, ključni detalj koji odaje prevaru jeste strani broj sa kog poruka stiže, kao i poziv da se klikne na nepoznat link i unesu lični podaci.
bli-10273523353-009	blic	10273523353	vest	pol-drustvo	drustvo	9	19	https://www.blic.rs/vesti/drustvo/sta-raditi-ako-dobijete-lazni-sms-za-kaznu-nova-prevara-kruzi-srbijom/4pwl9cp	Stručnjaci upozoravaju da državne institucije u Srbiji ne šalju ovakve poruke putem SMS-a, niti traže plaćanje kazni preko sumnjivih linkova.		Stručnjaci upozoravaju da državne institucije u Srbiji ne šalju ovakve poruke putem SMS-a, niti traže plaćanje kazni preko sumnjivih linkova.
bli-10273523353-010	blic	10273523353	vest	pol-drustvo	drustvo	10	19	https://www.blic.rs/vesti/drustvo/sta-raditi-ako-dobijete-lazni-sms-za-kaznu-nova-prevara-kruzi-srbijom/4pwl9cp	Građani koji nasednu mogu ostati bez novca, ali i kompromitovati svoje bankovne podatke.		Građani koji nasednu mogu ostati bez novca, ali i kompromitovati svoje bankovne podatke.
bli-10273523353-011	blic	10273523353	vest	pol-drustvo	drustvo	11	19	https://www.blic.rs/vesti/drustvo/sta-raditi-ako-dobijete-lazni-sms-za-kaznu-nova-prevara-kruzi-srbijom/4pwl9cp	Posebno zabrinjava to što prevaranti u porukama daju rok "do ponoći" i pretnju dodatnim troškovima kako bi naterali ljude da reaguju bez razmišljanja, a upravo to je najčešći trik u digitalnim prevarama.		Posebno zabrinjava to što prevaranti u porukama daju rok "do ponoći" i pretnju dodatnim troškovima kako bi naterali ljude da reaguju bez razmišljanja, a upravo to je najčešći trik u digitalnim prevarama.
bli-10273523353-012	blic	10273523353	vest	pol-drustvo	drustvo	12	19	https://www.blic.rs/vesti/drustvo/sta-raditi-ako-dobijete-lazni-sms-za-kaznu-nova-prevara-kruzi-srbijom/4pwl9cp	Ako dobijete ovakvu poruku, savet je jasan: ne klikćite na link, ne unosite podatke i ne odgovarajte na poruku.		Ako dobijete ovakvu poruku, savet je jasan: ne klikćite na link, ne unosite podatke i ne odgovarajte na poruku.
bli-76444078788-003	blic	76444078788	vest	pol-drustvo	politika	3	16	https://www.blic.rs/vesti/politika/mlada-srpska-politicarka-irena-bozinovski-sahranjena-na-svoj-rodjendan/z48twp0	Komemorativni skup je održan u velikoj sali Skupštine grada Vranja, a otpočeo je minutom ćutanja, nakon čega se od odbornice oprostila predsednica Skupštine Zorica Jović.		Komemorativni skup je održan u velikoj sali Skupštine grada Vranja, a otpočeo je minutom ćutanja, nakon čega se od odbornice oprostila predsednica Skupštine Zorica Jović.
bli-76444078788-004	blic	76444078788	vest	pol-drustvo	politika	4	16	https://www.blic.rs/vesti/politika/mlada-srpska-politicarka-irena-bozinovski-sahranjena-na-svoj-rodjendan/z48twp0	- Danas se svi zajedno molimo za Irenu, za plemenitu dušu, punu energije i ljubavi.		- Danas se svi zajedno molimo za Irenu, za plemenitu dušu, punu energije i ljubavi.
bli-76444078788-005	blic	76444078788	vest	pol-drustvo	politika	5	16	https://www.blic.rs/vesti/politika/mlada-srpska-politicarka-irena-bozinovski-sahranjena-na-svoj-rodjendan/z48twp0	U trenutku kada svi u neverici svedočimo činjenicu da možda Bog zaista u svoje društvo bira samo najbolje, ostaje nada da je Bog nastanio našu Irenu u mestu svetla, spokoja i odmora, gde nema mesta za bolesti i brigu - rekla je na komemoraciji predsednica Skupštine Zorica Jović.		U trenutku kada svi u neverici svedočimo činjenicu da možda Bog zaista u svoje društvo bira samo najbolje, ostaje nada da je Bog nastanio našu Irenu u mestu svetla, spokoja i odmora, gde nema mesta za bolesti i brigu - rekla je na komemoraciji predsednica Skupštine Zorica Jović.
bli-76444078788-006	blic	76444078788	vest	pol-drustvo	politika	6	16	https://www.blic.rs/vesti/politika/mlada-srpska-politicarka-irena-bozinovski-sahranjena-na-svoj-rodjendan/z48twp0	Irena Božinovski (devojačko Nikolić) rođena je 24. februara 1985. godine u Vranju, gde je završila osnovnu školu “Vuk Karadžić” i srednju Ekonomsko-trgovinsku školu.		Irena Božinovski (devojačko Nikolić) rođena je 24. februara 1985. godine u Vranju, gde je završila osnovnu školu “Vuk Karadžić” i srednju Ekonomsko-trgovinsku školu.
bli-76444078788-007	blic	76444078788	vest	pol-drustvo	politika	7	16	https://www.blic.rs/vesti/politika/mlada-srpska-politicarka-irena-bozinovski-sahranjena-na-svoj-rodjendan/z48twp0	Radila je u Simpu, nakon čega od supruga Aleksandra Božinovskog preuzima odborničko mesto ispred Demokratske partije Makedonaca i postaje predsednica Komisije za saradnju između lokalnih jedinica u zemlji i inostranstvu i jedna od inicijatora za bratimljenje Grada Ohrida u Republici Severnoj Makedoniji i Grada Vranja.		Radila je u Simpu, nakon čega od supruga Aleksandra Božinovskog preuzima odborničko mesto ispred Demokratske partije Makedonaca i postaje predsednica Komisije za saradnju između lokalnih jedinica u zemlji i inostranstvu i jedna od inicijatora za bratimljenje Grada Ohrida u Republici Severnoj Makedoniji i Grada Vranja.
bli-76444078788-008	blic	76444078788	vest	pol-drustvo	politika	8	16	https://www.blic.rs/vesti/politika/mlada-srpska-politicarka-irena-bozinovski-sahranjena-na-svoj-rodjendan/z48twp0	"Irena je svoj prvi udah napravila na ovaj dan, a mi joj danas dajemo poslednji pozdrav"		"Irena je svoj prvi udah napravila na ovaj dan, a mi joj danas dajemo poslednji pozdrav"
bli-76444078788-009	blic	76444078788	vest	pol-drustvo	politika	9	16	https://www.blic.rs/vesti/politika/mlada-srpska-politicarka-irena-bozinovski-sahranjena-na-svoj-rodjendan/z48twp0	Upravo na dan njenog rođendana od Irene su se oprostili njeni prijatelji.		Upravo na dan njenog rođendana od Irene su se oprostili njeni prijatelji.
bli-76444078788-010	blic	76444078788	vest	pol-drustvo	politika	10	16	https://www.blic.rs/vesti/politika/mlada-srpska-politicarka-irena-bozinovski-sahranjena-na-svoj-rodjendan/z48twp0	- Irena je svoj prvi udah napravila na ovaj dan, a mi joj danas dajemo poslednji pozdrav.		- Irena je svoj prvi udah napravila na ovaj dan, a mi joj danas dajemo poslednji pozdrav.
bli-73951088455-004	blic	73951088455	vest	pol-drustvo	drustvo	4	18	https://www.blic.rs/vesti/drustvo/jutro-na-blic-30-godina-od-velikih-studentskih-protesta/xz0kh1j	30 GODINA OD STUDENTSKIH PROTESTA '96.		30 GODINA OD STUDENTSKIH PROTESTA '96.
bli-73951088455-005	blic	73951088455	vest	pol-drustvo	drustvo	5	18	https://www.blic.rs/vesti/drustvo/jutro-na-blic-30-godina-od-velikih-studentskih-protesta/xz0kh1j	Od poslednjih velikih studentskih protesta prošlo je ravno 30 godina.		Od poslednjih velikih studentskih protesta prošlo je ravno 30 godina.
bli-73951088455-006	blic	73951088455	vest	pol-drustvo	drustvo	6	18	https://www.blic.rs/vesti/drustvo/jutro-na-blic-30-godina-od-velikih-studentskih-protesta/xz0kh1j	Tih 117 dana studenti su na ulicama branili svaki ukradeni glas.		Tih 117 dana studenti su na ulicama branili svaki ukradeni glas.
bli-73951088455-007	blic	73951088455	vest	pol-drustvo	drustvo	7	18	https://www.blic.rs/vesti/drustvo/jutro-na-blic-30-godina-od-velikih-studentskih-protesta/xz0kh1j	Tada su na ulicama bile šerpe, pištaljke, kordoni.		Tada su na ulicama bile šerpe, pištaljke, kordoni.
bli-73951088455-008	blic	73951088455	vest	pol-drustvo	drustvo	8	18	https://www.blic.rs/vesti/drustvo/jutro-na-blic-30-godina-od-velikih-studentskih-protesta/xz0kh1j	Sada su tu bicikle i pešačenja do svakog sela i svakog grada.		Sada su tu bicikle i pešačenja do svakog sela i svakog grada.
bli-73951088455-009	blic	73951088455	vest	pol-drustvo	drustvo	9	18	https://www.blic.rs/vesti/drustvo/jutro-na-blic-30-godina-od-velikih-studentskih-protesta/xz0kh1j	Ima li sličnosti, koje su razlike i šta su nam studentski protesti doneli, a šta je propušteno, o tome sa dva lica studentske pobune 1996. godine - Čedomirom Antićem i Čedomirom Jovanoviće.		Ima li sličnosti, koje su razlike i šta su nam studentski protesti doneli, a šta je propušteno, o tome sa dva lica studentske pobune 1996. godine - Čedomirom Antićem i Čedomirom Jovanoviće.
bli-73951088455-010	blic	73951088455	vest	pol-drustvo	drustvo	10	18	https://www.blic.rs/vesti/drustvo/jutro-na-blic-30-godina-od-velikih-studentskih-protesta/xz0kh1j	SPREMNI NA SVE, ZARAD ČEGA?		SPREMNI NA SVE, ZARAD ČEGA?
bli-73951088455-011	blic	73951088455	vest	pol-drustvo	drustvo	11	18	https://www.blic.rs/vesti/drustvo/jutro-na-blic-30-godina-od-velikih-studentskih-protesta/xz0kh1j	Od foruma do trenda - kako je i zašto lomljenje kostiju vilice postalo popularno među muškarcima?		Od foruma do trenda - kako je i zašto lomljenje kostiju vilice postalo popularno među muškarcima?
bli-71230383589-001	blic	71230383589	vest	pol-drustvo	politika	1	13	https://www.blic.rs/vesti/politika/drasko-stanivukovic-nakon-izlaska-iz-pritvora-u-hrvatskoj-od-koga-i-od-cega-stitite/wq0qbqd	Stanivuković je priveden sinoć na graničnom prelazu Stara Gradiška, pa onda pušten.		Stanivuković je priveden sinoć na graničnom prelazu Stara Gradiška, pa onda pušten.
bli-71230383589-002	blic	71230383589	vest	pol-drustvo	politika	2	13	https://www.blic.rs/vesti/politika/drasko-stanivukovic-nakon-izlaska-iz-pritvora-u-hrvatskoj-od-koga-i-od-cega-stitite/wq0qbqd	- Nakon nove torture u Hrvatskoj, postavljam jednostavno pitanje: da li je ovo granični prelaz iz jedne zemlje u drugu, ili prelaz u neko drugo doba u kojem evropski zakoni i pravila više ne važe? - upitao je on.		- Nakon nove torture u Hrvatskoj, postavljam jednostavno pitanje: da li je ovo granični prelaz iz jedne zemlje u drugu, ili prelaz u neko drugo doba u kojem evropski zakoni i pravila više ne važe? - upitao je on.
bli-71230383589-003	blic	71230383589	vest	pol-drustvo	politika	3	13	https://www.blic.rs/vesti/politika/drasko-stanivukovic-nakon-izlaska-iz-pritvora-u-hrvatskoj-od-koga-i-od-cega-stitite/wq0qbqd	Objasnio je da je "sinoć sam lišen slobode i zadržan u pritvoru više od 15 sati na graničnom prelazu Stara Gradiška, odnosno u policijskoj stanici"		Objasnio je da je "sinoć sam lišen slobode i zadržan u pritvoru više od 15 sati na graničnom prelazu Stara Gradiška, odnosno u policijskoj stanici"
bli-71230383589-004	blic	71230383589	vest	pol-drustvo	politika	4	13	https://www.blic.rs/vesti/politika/drasko-stanivukovic-nakon-izlaska-iz-pritvora-u-hrvatskoj-od-koga-i-od-cega-stitite/wq0qbqd	- Razlog je zato što sam odbio da pristanem na ponižavanje koje traje mesecima, na pretrese, pse, višesatna zadržavanja bez razloga i bez ikakvih dokaza.		- Razlog je zato što sam odbio da pristanem na ponižavanje koje traje mesecima, na pretrese, pse, višesatna zadržavanja bez razloga i bez ikakvih dokaza.
bli-71230383589-005	blic	71230383589	vest	pol-drustvo	politika	5	13	https://www.blic.rs/vesti/politika/drasko-stanivukovic-nakon-izlaska-iz-pritvora-u-hrvatskoj-od-koga-i-od-cega-stitite/wq0qbqd	Četrnaest puta u dva meseca.		Četrnaest puta u dva meseca.
bli-71230383589-006	blic	71230383589	vest	pol-drustvo	politika	6	13	https://www.blic.rs/vesti/politika/drasko-stanivukovic-nakon-izlaska-iz-pritvora-u-hrvatskoj-od-koga-i-od-cega-stitite/wq0qbqd	I nakon svih pretresa, pasa, zadržavanja i maltretiranja nijednom ništa nisu pronašli, postavlja se pitanje: šta onda traže?		I nakon svih pretresa, pasa, zadržavanja i maltretiranja nijednom ništa nisu pronašli, postavlja se pitanje: šta onda traže?
bli-71230383589-007	blic	71230383589	vest	pol-drustvo	politika	7	13	https://www.blic.rs/vesti/politika/drasko-stanivukovic-nakon-izlaska-iz-pritvora-u-hrvatskoj-od-koga-i-od-cega-stitite/wq0qbqd	Zakon daje pravo na kontrolu, ali ne daje pravo da se ta kontrola pretvori u sistematsko maltretiranje i zloupotrebu.		Zakon daje pravo na kontrolu, ali ne daje pravo da se ta kontrola pretvori u sistematsko maltretiranje i zloupotrebu.
bli-71230383589-008	blic	71230383589	vest	pol-drustvo	politika	8	13	https://www.blic.rs/vesti/politika/drasko-stanivukovic-nakon-izlaska-iz-pritvora-u-hrvatskoj-od-koga-i-od-cega-stitite/wq0qbqd	Sve je počelo onog trenutka kada sam posetio naš narod u Liki i Dalmaciji i govorio o pravu da živimo ne samo zajedno, nego i dostojanstveno.		Sve je počelo onog trenutka kada sam posetio naš narod u Liki i Dalmaciji i govorio o pravu da živimo ne samo zajedno, nego i dostojanstveno.
bli-58258940117-000	blic	58258940117	vest	pol-drustvo	politika	0	14	https://www.blic.rs/vesti/politika/ratku-mladicu-odbijen-zahtev-za-lecenje-u-srbiji/qrhv9w5	Haški Mehanizam odbio je zahtev odbrane da Ratko Mladić bude pušten na lečenje u Srbiju, rekao je Srni generalov sin Darko Mladić.		Haški Mehanizam odbio je zahtev odbrane da Ratko Mladić bude pušten na lečenje u Srbiju, rekao je Srni generalov sin Darko Mladić.
bli-58258940117-001	blic	58258940117	vest	pol-drustvo	politika	1	14	https://www.blic.rs/vesti/politika/ratku-mladicu-odbijen-zahtev-za-lecenje-u-srbiji/qrhv9w5	- Haški tribunal je, po ko zna koji put, pokazao da se bavi politikom, a ne pravdom i pravom.		- Haški tribunal je, po ko zna koji put, pokazao da se bavi politikom, a ne pravdom i pravom.
bli-58258940117-002	blic	58258940117	vest	pol-drustvo	politika	2	14	https://www.blic.rs/vesti/politika/ratku-mladicu-odbijen-zahtev-za-lecenje-u-srbiji/qrhv9w5	Nažalost, odbijeni smo - rekao je Darko Mladić.		Nažalost, odbijeni smo - rekao je Darko Mladić.
bli-58258940117-003	blic	58258940117	vest	pol-drustvo	politika	3	14	https://www.blic.rs/vesti/politika/ratku-mladicu-odbijen-zahtev-za-lecenje-u-srbiji/qrhv9w5	Prema njegovim rečima, obrazloženje Mehanizma je da ima najbolje moguće doktore koji mu pružaju najbolju moguću negu.		Prema njegovim rečima, obrazloženje Mehanizma je da ima najbolje moguće doktore koji mu pružaju najbolju moguću negu.
bli-58258940117-004	blic	58258940117	vest	pol-drustvo	politika	4	14	https://www.blic.rs/vesti/politika/ratku-mladicu-odbijen-zahtev-za-lecenje-u-srbiji/qrhv9w5	"To su doktori koji nisu uspeli da detektuju moždani udar pre nego što je dobio i drugi moždani udar.		"To su doktori koji nisu uspeli da detektuju moždani udar pre nego što je dobio i drugi moždani udar.
bli-58258940117-005	blic	58258940117	vest	pol-drustvo	politika	5	14	https://www.blic.rs/vesti/politika/ratku-mladicu-odbijen-zahtev-za-lecenje-u-srbiji/qrhv9w5	Taj nivo cinizma je postao neverovatan u Haškom tribunalu", rekao je Darko Mladić.	Y	„Taj nivo cinizma je postao neverovatan u Haškom tribunalu", rekao je Darko Mladić.“
bli-58258940117-006	blic	58258940117	vest	pol-drustvo	politika	6	14	https://www.blic.rs/vesti/politika/ratku-mladicu-odbijen-zahtev-za-lecenje-u-srbiji/qrhv9w5	Predsednik Međunarodnog mehanizma za krivične sudove (MMKS) Grasijela Gati Santana objasnila je odluku da odbije zahtev za oslobađanje generala Ratka Mladića radi lečenja u Srbiji navodima da je "stanje Ratka Mladića loše zbog hroničnih bolesti", ali je priznala i da je on "u poslednjim fazama svog života".		Predsednik Međunarodnog mehanizma za krivične sudove (MMKS) Grasijela Gati Santana objasnila je odluku da odbije zahtev za oslobađanje generala Ratka Mladića radi lečenja u Srbiji navodima da je "stanje Ratka Mladića loše zbog hroničnih bolesti", ali je priznala i da je on "u poslednjim fazama svog života".
bli-58258940117-007	blic	58258940117	vest	pol-drustvo	politika	7	14	https://www.blic.rs/vesti/politika/ratku-mladicu-odbijen-zahtev-za-lecenje-u-srbiji/qrhv9w5	U odluci koju je potpisala Santana navodi se da je stanje generala Mladića "uglavnom zasnovano na hroničnim i višestrukim bolestima", a da su ranije odluke o oslobađanju iz humanitarnih razloga donošene "zbog naglog akutnog pogoršanja zdravstvenog stanja kod drugih osuđenika".		U odluci koju je potpisala Santana navodi se da je stanje generala Mladića "uglavnom zasnovano na hroničnim i višestrukim bolestima", a da su ranije odluke o oslobađanju iz humanitarnih razloga donošene "zbog naglog akutnog pogoršanja zdravstvenog stanja kod drugih osuđenika".
bli-44504394263-011	blic	44504394263	vest	pol-drustvo	politika	11	21	https://www.blic.rs/vesti/politika/zelenski-se-oglasio-po-dolasku-u-srbiju-otkrio-o-cemu-ce-razgovarati-s-vucicem/kg0rmdz	Jedna je evropski put Ukrajine i Srbije, pošto se otprilike nalazimo u sličnoj situaciji i sa istim problemima ili sličnim problemima se na evropskom putu suočavamo.	Y	„Jedna je evropski put Ukrajine i Srbije, pošto se otprilike nalazimo u sličnoj situaciji i sa istim problemima ili sličnim problemima se na evropskom putu suočavamo.“
bli-44504394263-012	blic	44504394263	vest	pol-drustvo	politika	12	21	https://www.blic.rs/vesti/politika/zelenski-se-oglasio-po-dolasku-u-srbiju-otkrio-o-cemu-ce-razgovarati-s-vucicem/kg0rmdz	Verujem da ćemo razgovarati o tome kako i na koji način da jedni drugima po tom pitanju itekako pomognemo, ukoliko je to moguće, da naučimo neke stvari jedni od drugih", rekao je Vučić odgovarajući na pitanja novinara posle dočeka vatrogasaca-spasioca koji su pomagali u gašenju požara u Španiji.	Y	„Verujem da ćemo razgovarati o tome kako i na koji način da jedni drugima po tom pitanju itekako pomognemo, ukoliko je to moguće, da naučimo neke stvari jedni od drugih", rekao je Vučić odgovarajući na pitanja novinara posle dočeka vatrogasaca-spasioca koji su pomagali u gašenju požara u Španiji.“
bli-44504394263-013	blic	44504394263	vest	pol-drustvo	politika	13	21	https://www.blic.rs/vesti/politika/zelenski-se-oglasio-po-dolasku-u-srbiju-otkrio-o-cemu-ce-razgovarati-s-vucicem/kg0rmdz	Kako je naveo, drugo pitanje je bilateralna ekonomska saradnja, a treće energetska saradnja Srbije i Ukrajine.		Kako je naveo, drugo pitanje je bilateralna ekonomska saradnja, a treće energetska saradnja Srbije i Ukrajine.
bli-44504394263-014	blic	44504394263	vest	pol-drustvo	politika	14	21	https://www.blic.rs/vesti/politika/zelenski-se-oglasio-po-dolasku-u-srbiju-otkrio-o-cemu-ce-razgovarati-s-vucicem/kg0rmdz	Podsetimo, prethodno su se Vučič i Zelenski sastali u Kijevu.		Podsetimo, prethodno su se Vučič i Zelenski sastali u Kijevu.
bli-44504394263-015	blic	44504394263	vest	pol-drustvo	politika	15	21	https://www.blic.rs/vesti/politika/zelenski-se-oglasio-po-dolasku-u-srbiju-otkrio-o-cemu-ce-razgovarati-s-vucicem/kg0rmdz	Predsednik Srbije boravio je polovinom jula u Kijevu prvi put od početka ruske invazije na Ukrajinu.		Predsednik Srbije boravio je polovinom jula u Kijevu prvi put od početka ruske invazije na Ukrajinu.
bli-44504394263-016	blic	44504394263	vest	pol-drustvo	politika	16	21	https://www.blic.rs/vesti/politika/zelenski-se-oglasio-po-dolasku-u-srbiju-otkrio-o-cemu-ce-razgovarati-s-vucicem/kg0rmdz	Prisustvovao je samitu Jugoistočna Evropa – Ukrajina.		Prisustvovao je samitu Jugoistočna Evropa – Ukrajina.
bli-44504394263-017	blic	44504394263	vest	pol-drustvo	politika	17	21	https://www.blic.rs/vesti/politika/zelenski-se-oglasio-po-dolasku-u-srbiju-otkrio-o-cemu-ce-razgovarati-s-vucicem/kg0rmdz	Kako je tada naveo predsednik Vučić, tokom razgovora međusobno su izrazili zahvalnost za podršku teritorijalnom integritetu, ali i da su razgovarali i o drugim važnim temama, kao i da je pozvao Zelenskog da poseti Beograd.		Kako je tada naveo predsednik Vučić, tokom razgovora međusobno su izrazili zahvalnost za podršku teritorijalnom integritetu, ali i da su razgovarali i o drugim važnim temama, kao i da je pozvao Zelenskog da poseti Beograd.
bli-44504394263-018	blic	44504394263	vest	pol-drustvo	politika	18	21	https://www.blic.rs/vesti/politika/zelenski-se-oglasio-po-dolasku-u-srbiju-otkrio-o-cemu-ce-razgovarati-s-vucicem/kg0rmdz	"Sa predsednikom Ukrajine Volodimirom Zelenskim razgovarao sam o odnosima naših zemalja i izrazio iskrenu zahvalnost na gostoprimstvu i srdačnom prijemu.		"Sa predsednikom Ukrajine Volodimirom Zelenskim razgovarao sam o odnosima naših zemalja i izrazio iskrenu zahvalnost na gostoprimstvu i srdačnom prijemu.
bli-77147429690-014	blic	77147429690	vest	pol-drustvo	politika	14	28	https://www.blic.rs/vesti/politika/brnabic-otkrila-kako-je-srbija-razvila-bliske-veze-sa-ukrajinom/zfvl5q2	Srbiju često opisuju kao ruskog "trojanskog konja" i jednog od najbližih saveznika Moskve u Evropi, gotovo kao ruski satelit.		Srbiju često opisuju kao ruskog "trojanskog konja" i jednog od najbližih saveznika Moskve u Evropi, gotovo kao ruski satelit.
bli-77147429690-015	blic	77147429690	vest	pol-drustvo	politika	15	28	https://www.blic.rs/vesti/politika/brnabic-otkrila-kako-je-srbija-razvila-bliske-veze-sa-ukrajinom/zfvl5q2	- Mi Srbi nismo "mali Rusi"; Srbija je autonomna, nezavisna i suverena zemlja sa gotovo hiljadugodišnjom istorijom.		- Mi Srbi nismo "mali Rusi"; Srbija je autonomna, nezavisna i suverena zemlja sa gotovo hiljadugodišnjom istorijom.
bli-77147429690-016	blic	77147429690	vest	pol-drustvo	politika	16	28	https://www.blic.rs/vesti/politika/brnabic-otkrila-kako-je-srbija-razvila-bliske-veze-sa-ukrajinom/zfvl5q2	Da, imamo tradicionalno dobre odnose sa Ruskom Federacijom (Rusija je bila jedna od retkih zemalja koja je osudila NATO bombardovanje Srbije 1999. godine), i te veze postoje i danas.		Da, imamo tradicionalno dobre odnose sa Ruskom Federacijom (Rusija je bila jedna od retkih zemalja koja je osudila NATO bombardovanje Srbije 1999. godine), i te veze postoje i danas.
bli-77147429690-017	blic	77147429690	vest	pol-drustvo	politika	17	28	https://www.blic.rs/vesti/politika/brnabic-otkrila-kako-je-srbija-razvila-bliske-veze-sa-ukrajinom/zfvl5q2	- Istina je važna, a možda je trebalo efikasnije komunicirati.		- Istina je važna, a možda je trebalo efikasnije komunicirati.
bli-77147429690-018	blic	77147429690	vest	pol-drustvo	politika	18	28	https://www.blic.rs/vesti/politika/brnabic-otkrila-kako-je-srbija-razvila-bliske-veze-sa-ukrajinom/zfvl5q2	Nažalost, stereotipi su toliko snažni i ukorenjeni da čak i kada govorimo o onome što radimo, ljudi to često ignorišu ili jednostavno ne veruju.		Nažalost, stereotipi su toliko snažni i ukorenjeni da čak i kada govorimo o onome što radimo, ljudi to često ignorišu ili jednostavno ne veruju.
bli-77147429690-019	blic	77147429690	vest	pol-drustvo	politika	19	28	https://www.blic.rs/vesti/politika/brnabic-otkrila-kako-je-srbija-razvila-bliske-veze-sa-ukrajinom/zfvl5q2	Međutim, kao što je rekao naš ministar spoljnih poslova, kada je reč o odnosima Srbije sa Ukrajinom i obimu srpske podrške Ukrajini, najbolje je pitati samu Ukrajinu - rekla je bivša premijerka Srbije.		Međutim, kao što je rekao naš ministar spoljnih poslova, kada je reč o odnosima Srbije sa Ukrajinom i obimu srpske podrške Ukrajini, najbolje je pitati samu Ukrajinu - rekla je bivša premijerka Srbije.
bli-77147429690-020	blic	77147429690	vest	pol-drustvo	politika	20	28	https://www.blic.rs/vesti/politika/brnabic-otkrila-kako-je-srbija-razvila-bliske-veze-sa-ukrajinom/zfvl5q2	I na konferenciji i u intervjuu za Euronews, Ana Brnabić je govorila i o napretku u pregovorima sa Evropskom unijom i preprekama koje se na tom putu pojavljuju.		I na konferenciji i u intervjuu za Euronews, Ana Brnabić je govorila i o napretku u pregovorima sa Evropskom unijom i preprekama koje se na tom putu pojavljuju.
bli-77147429690-021	blic	77147429690	vest	pol-drustvo	politika	21	28	https://www.blic.rs/vesti/politika/brnabic-otkrila-kako-je-srbija-razvila-bliske-veze-sa-ukrajinom/zfvl5q2	Osvrnula se na frustraciju koju mnogi Srbi osećaju zbog onoga što vide kao veće zahteve koji se postavljaju pred Srbiju nego pred druge zemlje kandidate.		Osvrnula se na frustraciju koju mnogi Srbi osećaju zbog onoga što vide kao veće zahteve koji se postavljaju pred Srbiju nego pred druge zemlje kandidate.
bli-65121201597-000	blic	65121201597	vest	pol-drustvo	drustvo	0	8	https://www.blic.rs/vesti/drustvo/drama-kod-cacka-dvojica-monaha-i-vatrogasci-spasili-dete-sa-litice-visoke-15-metara/twzhcql	Prava drama odigrala se sinoć u blizini manastira Preobraženje, kada je jedno dete ostalo zarobljeno na nepristupačnoj litici visokoj više od 15 metara.		Prava drama odigrala se sinoć u blizini manastira Preobraženje, kada je jedno dete ostalo zarobljeno na nepristupačnoj litici visokoj više od 15 metara.
bli-65121201597-001	blic	65121201597	vest	pol-drustvo	drustvo	1	8	https://www.blic.rs/vesti/drustvo/drama-kod-cacka-dvojica-monaha-i-vatrogasci-spasili-dete-sa-litice-visoke-15-metara/twzhcql	Zahvaljujući prisebnosti dvojice monaha i brzoj intervenciji pripadnika Vatrogasno-spasilačke jedinice iz Čačka, akcija je završena bez tragičnih posledica.		Zahvaljujući prisebnosti dvojice monaha i brzoj intervenciji pripadnika Vatrogasno-spasilačke jedinice iz Čačka, akcija je završena bez tragičnih posledica.
bli-65121201597-002	blic	65121201597	vest	pol-drustvo	drustvo	2	8	https://www.blic.rs/vesti/drustvo/drama-kod-cacka-dvojica-monaha-i-vatrogasci-spasili-dete-sa-litice-visoke-15-metara/twzhcql	- Incident se dogodio sinoć oko 20 časova, kada se dete iz za sada neutvrđenih razloga popelo na liticu sa koje više nije moglo bezbedno da siđe.		- Incident se dogodio sinoć oko 20 časova, kada se dete iz za sada neutvrđenih razloga popelo na liticu sa koje više nije moglo bezbedno da siđe.
bli-65121201597-003	blic	65121201597	vest	pol-drustvo	drustvo	3	8	https://www.blic.rs/vesti/drustvo/drama-kod-cacka-dvojica-monaha-i-vatrogasci-spasili-dete-sa-litice-visoke-15-metara/twzhcql	Videvši šta se događa, dvojica monaha iz manastira nisu oklevala.		Videvši šta se događa, dvojica monaha iz manastira nisu oklevala.
bli-65121201597-004	blic	65121201597	vest	pol-drustvo	drustvo	4	8	https://www.blic.rs/vesti/drustvo/drama-kod-cacka-dvojica-monaha-i-vatrogasci-spasili-dete-sa-litice-visoke-15-metara/twzhcql	Popeli su se do deteta, ostali uz njega na opasnoj litici i svojim prisustvom sprečili da dođe do tragedije, čekajući dolazak profesionalnih spasilačkih ekipa - potvrđeno je za agenciju RINA.		Popeli su se do deteta, ostali uz njega na opasnoj litici i svojim prisustvom sprečili da dođe do tragedije, čekajući dolazak profesionalnih spasilačkih ekipa - potvrđeno je za agenciju RINA.
bli-65121201597-005	blic	65121201597	vest	pol-drustvo	drustvo	5	8	https://www.blic.rs/vesti/drustvo/drama-kod-cacka-dvojica-monaha-i-vatrogasci-spasili-dete-sa-litice-visoke-15-metara/twzhcql	Na lice mesta ubrzo su stigli vatrogasci-spasioci iz Čačka, koji su uz pomoć spasilačke opreme izveli zahtevnu akciju i bezbedno izvukli dete, kao i dvojicu monaha.		Na lice mesta ubrzo su stigli vatrogasci-spasioci iz Čačka, koji su uz pomoć spasilačke opreme izveli zahtevnu akciju i bezbedno izvukli dete, kao i dvojicu monaha.
bli-65121201597-006	blic	65121201597	vest	pol-drustvo	drustvo	6	8	https://www.blic.rs/vesti/drustvo/drama-kod-cacka-dvojica-monaha-i-vatrogasci-spasili-dete-sa-litice-visoke-15-metara/twzhcql	- Akcija spasavanja uspešno je završena, a u ovom dramatičnom događaju nije bilo povređenih.		- Akcija spasavanja uspešno je završena, a u ovom dramatičnom događaju nije bilo povređenih.
bli-65121201597-007	blic	65121201597	vest	pol-drustvo	drustvo	7	8	https://www.blic.rs/vesti/drustvo/drama-kod-cacka-dvojica-monaha-i-vatrogasci-spasili-dete-sa-litice-visoke-15-metara/twzhcql	Okolnosti pod kojima je dete dospelo na nepristupačnu liticu biće predmet dalje provere, ali ono što je izvesno jeste da su hrabrost monaha i profesionalnost vatrogasaca-spasilaca sprečili da večerašnja drama kod manastira Preobraženje dobije tragičan epilog - kaže dobro upućen izvor.		Okolnosti pod kojima je dete dospelo na nepristupačnu liticu biće predmet dalje provere, ali ono što je izvesno jeste da su hrabrost monaha i profesionalnost vatrogasaca-spasilaca sprečili da večerašnja drama kod manastira Preobraženje dobije tragičan epilog - kaže dobro upućen izvor.
bli-26494592732-013	blic	26494592732	vest	pol-drustvo	politika	13	32	https://www.blic.rs/vesti/politika/osvanuo-tajni-dokument-nemacke-francuske-i-jos-tri-zemlje-ogranicava-pravo-veta/c6672l8	Sad je specifična situacija, Podgorica je spremna za EU, ali Brisel nije za proširenje.		Sad je specifična situacija, Podgorica je spremna za EU, ali Brisel nije za proširenje.
bli-26494592732-014	blic	26494592732	vest	pol-drustvo	politika	14	32	https://www.blic.rs/vesti/politika/osvanuo-tajni-dokument-nemacke-francuske-i-jos-tri-zemlje-ogranicava-pravo-veta/c6672l8	Zato je ovo dobra mera kako bi se EU odobrovoljila jer je postalo jasno da neće biti u prilici da kompletira unutrašnje reforme kojima bi pitanje veta izgubilo na značaju - napominje Subotić.		Zato je ovo dobra mera kako bi se EU odobrovoljila jer je postalo jasno da neće biti u prilici da kompletira unutrašnje reforme kojima bi pitanje veta izgubilo na značaju - napominje Subotić.
bli-26494592732-015	blic	26494592732	vest	pol-drustvo	politika	15	32	https://www.blic.rs/vesti/politika/osvanuo-tajni-dokument-nemacke-francuske-i-jos-tri-zemlje-ogranicava-pravo-veta/c6672l8	Pet zemalja EU, Nemačka, Francuska, Holandija, Belgija i Luksemburg predložili su u zajedničkom dokumentu da bi EU trebalo da razmotri mogućnost da privremeno ograniči pravo glasa u nekim slučajevima za buduće nove članice tog bloka, kao i da bi trebalo da se predvidi više zaštitnih mera za osiguravanje vladavine prava.		Pet zemalja EU, Nemačka, Francuska, Holandija, Belgija i Luksemburg predložili su u zajedničkom dokumentu da bi EU trebalo da razmotri mogućnost da privremeno ograniči pravo glasa u nekim slučajevima za buduće nove članice tog bloka, kao i da bi trebalo da se predvidi više zaštitnih mera za osiguravanje vladavine prava.
bli-26494592732-016	blic	26494592732	vest	pol-drustvo	politika	16	32	https://www.blic.rs/vesti/politika/osvanuo-tajni-dokument-nemacke-francuske-i-jos-tri-zemlje-ogranicava-pravo-veta/c6672l8	"Predlog se odnosi na budućnost"		"Predlog se odnosi na budućnost"
bli-26494592732-017	blic	26494592732	vest	pol-drustvo	politika	17	32	https://www.blic.rs/vesti/politika/osvanuo-tajni-dokument-nemacke-francuske-i-jos-tri-zemlje-ogranicava-pravo-veta/c6672l8	Nije prvo rešenje koji smo čuli a tiče se proširenja, a Subotić kaže da se ovaj predlog oslnanja na onaj koji smo čuli sedam dana ranije.		Nije prvo rešenje koji smo čuli a tiče se proširenja, a Subotić kaže da se ovaj predlog oslnanja na onaj koji smo čuli sedam dana ranije.
bli-26494592732-018	blic	26494592732	vest	pol-drustvo	politika	18	32	https://www.blic.rs/vesti/politika/osvanuo-tajni-dokument-nemacke-francuske-i-jos-tri-zemlje-ogranicava-pravo-veta/c6672l8	- Rešenje koje je objavljeno u Tivtu se odnosi na pretpristupni period, a najnovije se naslanja na njega i odnosi se na post pristupni period.		- Rešenje koje je objavljeno u Tivtu se odnosi na pretpristupni period, a najnovije se naslanja na njega i odnosi se na post pristupni period.
bli-26494592732-019	blic	26494592732	vest	pol-drustvo	politika	19	32	https://www.blic.rs/vesti/politika/osvanuo-tajni-dokument-nemacke-francuske-i-jos-tri-zemlje-ogranicava-pravo-veta/c6672l8	Prvi se obraća sadašnjosti a drugi se obraća budućnosti, kako da se ponašaju kada se potpise akt o pristupanju - napominje Subotić.		Prvi se obraća sadašnjosti a drugi se obraća budućnosti, kako da se ponašaju kada se potpise akt o pristupanju - napominje Subotić.
bli-26494592732-020	blic	26494592732	vest	pol-drustvo	politika	20	32	https://www.blic.rs/vesti/politika/osvanuo-tajni-dokument-nemacke-francuske-i-jos-tri-zemlje-ogranicava-pravo-veta/c6672l8	Šta je rečeno u Tivtu?		Šta je rečeno u Tivtu?
bli-70949011516-001	blic	70949011516	vest	pol-drustvo	beograd	1	20	https://www.blic.rs/vesti/beograd/ministarka-sofronijevic-do-kraja-godine-bice-gotova-nova-zeleznicka-stanica-novi/wld7jng	Ona je naglasila da je stara stanica zatvorena zbog ovih radova, kao i rekonstrukcije postojeće mostovske konstrukcije, istakavši da su svi radovi u potpunosti bezbedni za građane.		Ona je naglasila da je stara stanica zatvorena zbog ovih radova, kao i rekonstrukcije postojeće mostovske konstrukcije, istakavši da su svi radovi u potpunosti bezbedni za građane.
bli-70949011516-002	blic	70949011516	vest	pol-drustvo	beograd	2	20	https://www.blic.rs/vesti/beograd/ministarka-sofronijevic-do-kraja-godine-bice-gotova-nova-zeleznicka-stanica-novi/wld7jng	- Do kraja godine imaćemo novu železničku stanicu, prelepu, koja je pobedila kao konkursno rešenje.		- Do kraja godine imaćemo novu železničku stanicu, prelepu, koja je pobedila kao konkursno rešenje.
bli-70949011516-003	blic	70949011516	vest	pol-drustvo	beograd	3	20	https://www.blic.rs/vesti/beograd/ministarka-sofronijevic-do-kraja-godine-bice-gotova-nova-zeleznicka-stanica-novi/wld7jng	Imaćemo jednu od najlepših železničkih stanica u ovom delu Evrope, kao i sigurnu i brzu prugu - istakla je Sofronijevićeva.		Imaćemo jednu od najlepših železničkih stanica u ovom delu Evrope, kao i sigurnu i brzu prugu - istakla je Sofronijevićeva.
bli-70949011516-004	blic	70949011516	vest	pol-drustvo	beograd	4	20	https://www.blic.rs/vesti/beograd/ministarka-sofronijevic-do-kraja-godine-bice-gotova-nova-zeleznicka-stanica-novi/wld7jng	"Ništa se ne urušava, radovi su bezbedni"		"Ništa se ne urušava, radovi su bezbedni"
bli-70949011516-005	blic	70949011516	vest	pol-drustvo	beograd	5	20	https://www.blic.rs/vesti/beograd/ministarka-sofronijevic-do-kraja-godine-bice-gotova-nova-zeleznicka-stanica-novi/wld7jng	Ona je rekla da je bilo na društvenim mrežama raznih neproverenih i netačnih informacija koje su uznemirile javnost.		Ona je rekla da je bilo na društvenim mrežama raznih neproverenih i netačnih informacija koje su uznemirile javnost.
bli-70949011516-006	blic	70949011516	vest	pol-drustvo	beograd	6	20	https://www.blic.rs/vesti/beograd/ministarka-sofronijevic-do-kraja-godine-bice-gotova-nova-zeleznicka-stanica-novi/wld7jng	- Da se stanica urušava, da je nebezbedna, da ugrožava odvijanje saobraćaja, živote ljudi i da se nešto krije.		- Da se stanica urušava, da je nebezbedna, da ugrožava odvijanje saobraćaja, živote ljudi i da se nešto krije.
bli-70949011516-007	blic	70949011516	vest	pol-drustvo	beograd	7	20	https://www.blic.rs/vesti/beograd/ministarka-sofronijevic-do-kraja-godine-bice-gotova-nova-zeleznicka-stanica-novi/wld7jng	Istakla je povodom komentara sa društvenih mreža kako su radovi na sanaciji nekvalitetni i da će doći do urušavanja - da stručni nadzor kaže da ničim nije ugrožena bezbednost i da ne preti nikakvo urušavanje.		Istakla je povodom komentara sa društvenih mreža kako su radovi na sanaciji nekvalitetni i da će doći do urušavanja - da stručni nadzor kaže da ničim nije ugrožena bezbednost i da ne preti nikakvo urušavanje.
bli-70949011516-008	blic	70949011516	vest	pol-drustvo	beograd	8	20	https://www.blic.rs/vesti/beograd/ministarka-sofronijevic-do-kraja-godine-bice-gotova-nova-zeleznicka-stanica-novi/wld7jng	- Šta je neposredni razlog (zatvaranja stanice)?		- Šta je neposredni razlog (zatvaranja stanice)?
bli-36009458462-004	blic	36009458462	vest	pol-drustvo	drustvo	4	16	https://www.blic.rs/vesti/drustvo/stravicni-prizori-nevremena-kod-cacka-vetar-cupao-drvece-i-krovove-osteceno-vise-kuca/gjj3nz2	Ne znam da li je nekada ovako bilo, ali za mojih 65 godina ja ovo nisam upamtio.		Ne znam da li je nekada ovako bilo, ali za mojih 65 godina ja ovo nisam upamtio.
bli-36009458462-005	blic	36009458462	vest	pol-drustvo	drustvo	5	16	https://www.blic.rs/vesti/drustvo/stravicni-prizori-nevremena-kod-cacka-vetar-cupao-drvece-i-krovove-osteceno-vise-kuca/gjj3nz2	Duvao je snažan vetar, a kiša i grad padali su pod uglom.		Duvao je snažan vetar, a kiša i grad padali su pod uglom.
bli-36009458462-006	blic	36009458462	vest	pol-drustvo	drustvo	6	16	https://www.blic.rs/vesti/drustvo/stravicni-prizori-nevremena-kod-cacka-vetar-cupao-drvece-i-krovove-osteceno-vise-kuca/gjj3nz2	Nevreme je ljudima skidalo krovove i čupalo drveće.		Nevreme je ljudima skidalo krovove i čupalo drveće.
bli-36009458462-007	blic	36009458462	vest	pol-drustvo	drustvo	7	16	https://www.blic.rs/vesti/drustvo/stravicni-prizori-nevremena-kod-cacka-vetar-cupao-drvece-i-krovove-osteceno-vise-kuca/gjj3nz2	Iščupalo je i ovu staru lipu, a srećom nisu oštećeni strujni vodovi – kaže za RINU meštanin Radoš Nedeljković.		Iščupalo je i ovu staru lipu, a srećom nisu oštećeni strujni vodovi – kaže za RINU meštanin Radoš Nedeljković.
bli-36009458462-008	blic	36009458462	vest	pol-drustvo	drustvo	8	16	https://www.blic.rs/vesti/drustvo/stravicni-prizori-nevremena-kod-cacka-vetar-cupao-drvece-i-krovove-osteceno-vise-kuca/gjj3nz2	Oluja nije poštedela gotovo nijedno domaćinstvo, a šteta je vidljiva na kućama, pomoćnim objektima i imanjima.		Oluja nije poštedela gotovo nijedno domaćinstvo, a šteta je vidljiva na kućama, pomoćnim objektima i imanjima.
bli-36009458462-009	blic	36009458462	vest	pol-drustvo	drustvo	9	16	https://www.blic.rs/vesti/drustvo/stravicni-prizori-nevremena-kod-cacka-vetar-cupao-drvece-i-krovove-osteceno-vise-kuca/gjj3nz2	- To je bio toliko snažan vetar da smo mislili da će da odnese čitavu kuću.		- To je bio toliko snažan vetar da smo mislili da će da odnese čitavu kuću.
bli-36009458462-010	blic	36009458462	vest	pol-drustvo	drustvo	10	16	https://www.blic.rs/vesti/drustvo/stravicni-prizori-nevremena-kod-cacka-vetar-cupao-drvece-i-krovove-osteceno-vise-kuca/gjj3nz2	Meni je odnelo krov sa tri strane, voda je ušla unutra.		Meni je odnelo krov sa tri strane, voda je ušla unutra.
bli-36009458462-011	blic	36009458462	vest	pol-drustvo	drustvo	11	16	https://www.blic.rs/vesti/drustvo/stravicni-prizori-nevremena-kod-cacka-vetar-cupao-drvece-i-krovove-osteceno-vise-kuca/gjj3nz2	Danas uz pomoć komšija i prijatelja smo pronašli crep, pa ćemo koliko toliko uspeti da bar malo saniramo štetu - dodaju meštani.		Danas uz pomoć komšija i prijatelja smo pronašli crep, pa ćemo koliko toliko uspeti da bar malo saniramo štetu - dodaju meštani.
bli-55144293120-000	blic	55144293120	vest	pol-drustvo	drustvo	0	7	https://www.blic.rs/vesti/drustvo/egzodus-srba-iz-grcke-haos-na-evzoniju-formira-se-kolona-i-na-dojranu/pbzhkw0	Kako se letnji raspust i sezona odmora bliže kraju, tako se svi koji su letovali u Grčkoj polako vraćaju kući, među njima i veliki broj Srba, što i govore ogromne gužve na graničnim prelazima.		Kako se letnji raspust i sezona odmora bliže kraju, tako se svi koji su letovali u Grčkoj polako vraćaju kući, među njima i veliki broj Srba, što i govore ogromne gužve na graničnim prelazima.
bli-55144293120-001	blic	55144293120	vest	pol-drustvo	drustvo	1	7	https://www.blic.rs/vesti/drustvo/egzodus-srba-iz-grcke-haos-na-evzoniju-formira-se-kolona-i-na-dojranu/pbzhkw0	Sinoć, se na Evzoniju čekalo i po četiri sata, da bi i danas bile zabeležene veće gužve.		Sinoć, se na Evzoniju čekalo i po četiri sata, da bi i danas bile zabeležene veće gužve.
bli-55144293120-002	blic	55144293120	vest	pol-drustvo	drustvo	2	7	https://www.blic.rs/vesti/drustvo/egzodus-srba-iz-grcke-haos-na-evzoniju-formira-se-kolona-i-na-dojranu/pbzhkw0	Posle produženog vikenda, kolone se već formiraju i na graničnom prelazu Dojran, a tokom dana očekuje se još veći broj vozila.		Posle produženog vikenda, kolone se već formiraju i na graničnom prelazu Dojran, a tokom dana očekuje se još veći broj vozila.
bli-55144293120-003	blic	55144293120	vest	pol-drustvo	drustvo	3	7	https://www.blic.rs/vesti/drustvo/egzodus-srba-iz-grcke-haos-na-evzoniju-formira-se-kolona-i-na-dojranu/pbzhkw0	"Mi smo juče u 17,15 časova bili na granici na izlazu iz Grčke a prošli smo granicu tek u 21,45 časova, kolona je bila duga 2 kilometara", ispričala je jedna Srpkinja za "Grčka info".		"Mi smo juče u 17,15 časova bili na granici na izlazu iz Grčke a prošli smo granicu tek u 21,45 časova, kolona je bila duga 2 kilometara", ispričala je jedna Srpkinja za "Grčka info".
bli-55144293120-004	blic	55144293120	vest	pol-drustvo	drustvo	4	7	https://www.blic.rs/vesti/drustvo/egzodus-srba-iz-grcke-haos-na-evzoniju-formira-se-kolona-i-na-dojranu/pbzhkw0	Jutros u 8.45h kako javljaju Srbi sa graničnog prelaza Evzoni, bilo je gužve, ali su turisti pretežno u ranim jutarnjim časovima bez muke prolazili najprometniji granični prelaz između Grčke i Severne Makedonije.		Jutros u 8.45h kako javljaju Srbi sa graničnog prelaza Evzoni, bilo je gužve, ali su turisti pretežno u ranim jutarnjim časovima bez muke prolazili najprometniji granični prelaz između Grčke i Severne Makedonije.
bli-55144293120-005	blic	55144293120	vest	pol-drustvo	drustvo	5	7	https://www.blic.rs/vesti/drustvo/egzodus-srba-iz-grcke-haos-na-evzoniju-formira-se-kolona-i-na-dojranu/pbzhkw0	Oko 5.30 časova jedan Srbin, kako prenosi Grčka info, prešao je granični prelaz Evzoni, a zatim i Bogorodicu, za svega 15-ak minuta.		Oko 5.30 časova jedan Srbin, kako prenosi Grčka info, prešao je granični prelaz Evzoni, a zatim i Bogorodicu, za svega 15-ak minuta.
bli-55144293120-006	blic	55144293120	vest	pol-drustvo	drustvo	6	7	https://www.blic.rs/vesti/drustvo/egzodus-srba-iz-grcke-haos-na-evzoniju-formira-se-kolona-i-na-dojranu/pbzhkw0	Oko 11 časova, prema podacima "Border alarm", na graničnom prelazu Bogorodica čeka sa 90 minuta, odnosno sat i po vremena.		Oko 11 časova, prema podacima "Border alarm", na graničnom prelazu Bogorodica čeka sa 90 minuta, odnosno sat i po vremena.
bli-70334993493-000	blic	70334993493	vest	pol-drustvo	politika	0	8	https://www.blic.rs/vesti/politika/novi-sef-euleksa-antero-lopes/wb7n0b9	Savet Evropske unije (EU) imenovao je Portugalca Antera Alfarela Oliveiru Lopeša za novog šefa Euleksa.		Savet Evropske unije (EU) imenovao je Portugalca Antera Alfarela Oliveiru Lopeša za novog šefa Euleksa.
bli-70334993493-001	blic	70334993493	vest	pol-drustvo	politika	1	8	https://www.blic.rs/vesti/politika/novi-sef-euleksa-antero-lopes/wb7n0b9	On će na mestu šefa Euleksa naslediti Đovanija Pjetra Barbana, a dužnost će preuzeti 10. avgusta.		On će na mestu šefa Euleksa naslediti Đovanija Pjetra Barbana, a dužnost će preuzeti 10. avgusta.
bli-70334993493-002	blic	70334993493	vest	pol-drustvo	politika	2	8	https://www.blic.rs/vesti/politika/novi-sef-euleksa-antero-lopes/wb7n0b9	Njegov početni mandat trajaće 10 meseci, objavljeno je na sajtu Saveta EU.		Njegov početni mandat trajaće 10 meseci, objavljeno je na sajtu Saveta EU.
bli-70334993493-003	blic	70334993493	vest	pol-drustvo	politika	3	8	https://www.blic.rs/vesti/politika/novi-sef-euleksa-antero-lopes/wb7n0b9	Lopeš je portugalski visoki međunarodni rukovodilac specijalizovan za diplomatiju, vladavinu prava i upravljanje sektorom bezbednosti sa više od četiri decenije iskustva na nacionalnom i međunarodnom nivou, uključujući više od 25 godina rada u Ujedinjenim nacijama (UN).		Lopeš je portugalski visoki međunarodni rukovodilac specijalizovan za diplomatiju, vladavinu prava i upravljanje sektorom bezbednosti sa više od četiri decenije iskustva na nacionalnom i međunarodnom nivou, uključujući više od 25 godina rada u Ujedinjenim nacijama (UN).
bli-70334993493-004	blic	70334993493	vest	pol-drustvo	politika	4	8	https://www.blic.rs/vesti/politika/novi-sef-euleksa-antero-lopes/wb7n0b9	Radio je u misijama UN u Hrvatskoj i Bosni i Hercegovini (UNPROFOR) i šest godina u Unmiku.		Radio je u misijama UN u Hrvatskoj i Bosni i Hercegovini (UNPROFOR) i šest godina u Unmiku.
bli-70334993493-005	blic	70334993493	vest	pol-drustvo	politika	5	8	https://www.blic.rs/vesti/politika/novi-sef-euleksa-antero-lopes/wb7n0b9	Misija Euleks pokrenuta je 2008. godine sa ciljem da bude ključni alat za jačanje institucija vladavine prava na KiM.		Misija Euleks pokrenuta je 2008. godine sa ciljem da bude ključni alat za jačanje institucija vladavine prava na KiM.
bli-70334993493-006	blic	70334993493	vest	pol-drustvo	politika	6	8	https://www.blic.rs/vesti/politika/novi-sef-euleksa-antero-lopes/wb7n0b9	U skladu sa svojim trenutnim mandatom, Euleks sprovodi aktivnosti praćenja, mentorstva i savetovanja i ima ograničene izvršne odgovornosti sa svojom policijskom jedinicom.		U skladu sa svojim trenutnim mandatom, Euleks sprovodi aktivnosti praćenja, mentorstva i savetovanja i ima ograničene izvršne odgovornosti sa svojom policijskom jedinicom.
bli-70334993493-007	blic	70334993493	vest	pol-drustvo	politika	7	8	https://www.blic.rs/vesti/politika/novi-sef-euleksa-antero-lopes/wb7n0b9	U junu 2025. godine, Savet EU je produžio mandat Euleksu za još dve godine, do 14. juna 2027. godine.		U junu 2025. godine, Savet EU je produžio mandat Euleksu za još dve godine, do 14. juna 2027. godine.
