sentence_id	source	article_id	genre	topic	category	sent_idx	n_clean	url	text
n1i-763930-027	n1info	763930	kolumna	svet	Kolumne/ljubodrag-stojadinovic	27	48	https://n1info.rs/kolumne/ljubodrag-stojadinovic/vatromet-u-mocvari/	To je neraskidiva veza između gurua stvorenog na brzinu i od trošnog materijala i supstance bez čula.
n1i-763930-028	n1info	763930	kolumna	svet	Kolumne/ljubodrag-stojadinovic	28	48	https://n1info.rs/kolumne/ljubodrag-stojadinovic/vatromet-u-mocvari/	Više puta je rekao da je bolji od svih.
n1i-763930-029	n1info	763930	kolumna	svet	Kolumne/ljubodrag-stojadinovic	29	48	https://n1info.rs/kolumne/ljubodrag-stojadinovic/vatromet-u-mocvari/	Šta su rektor Đokić i Bodiroga prema njemu?
n1i-763930-030	n1info	763930	kolumna	svet	Kolumne/ljubodrag-stojadinovic	30	48	https://n1info.rs/kolumne/ljubodrag-stojadinovic/vatromet-u-mocvari/	Ne zna odakle mu Bodiroga u pameti i zašto se merio sa ljudima čije su mere nedostižne.
n1i-763930-031	n1info	763930	kolumna	svet	Kolumne/ljubodrag-stojadinovic	31	48	https://n1info.rs/kolumne/ljubodrag-stojadinovic/vatromet-u-mocvari/	Kako je Vladan Petrov iznenada postao Ajnšajn?
n1i-763930-032	n1info	763930	kolumna	svet	Kolumne/ljubodrag-stojadinovic	32	48	https://n1info.rs/kolumne/ljubodrag-stojadinovic/vatromet-u-mocvari/	Lično ga je proizveo u genija.
n1i-763930-033	n1info	763930	kolumna	svet	Kolumne/ljubodrag-stojadinovic	33	48	https://n1info.rs/kolumne/ljubodrag-stojadinovic/vatromet-u-mocvari/	Zna li uopšte dahija ko je Ajnštajn i zašto je Petrova, po sopstvenoj teoriji reletiviteta, proizveo u čudaka koji otkriva tajne vasione.
n1i-763930-034	n1info	763930	kolumna	svet	Kolumne/ljubodrag-stojadinovic	34	48	https://n1info.rs/kolumne/ljubodrag-stojadinovic/vatromet-u-mocvari/	On veruje u lojaliste, posebnu koloniju koja je formirana na tragu Hirošime u njegovoj glavi.
n1i-928873-038	n1info	928873	kolumna	svet	Kolumne/ljubodrag-stojadinovic	38	50	https://n1info.rs/kolumne/ljubodrag-stojadinovic/kraj-evolucije-jelene-milic/	Očekivala je da se Pupovac odrekne ideje o tome da mladi u Srbiji lete, jer to ugrožava njenog viteza, osetljivog na nepoznate objekte.
n1i-928873-039	n1info	928873	kolumna	svet	Kolumne/ljubodrag-stojadinovic	39	50	https://n1info.rs/kolumne/ljubodrag-stojadinovic/kraj-evolucije-jelene-milic/	Let ka svetlosti rasteruje tamu u kojoj caruje sablast, i to se nije moglo podneti.
n1i-928873-040	n1info	928873	kolumna	svet	Kolumne/ljubodrag-stojadinovic	40	50	https://n1info.rs/kolumne/ljubodrag-stojadinovic/kraj-evolucije-jelene-milic/	A on joj je omogućio i prijeme i bežanje kad postane opasno po narod i državu.
n1i-928873-041	n1info	928873	kolumna	svet	Kolumne/ljubodrag-stojadinovic	41	50	https://n1info.rs/kolumne/ljubodrag-stojadinovic/kraj-evolucije-jelene-milic/	Pobuna na prijemu je, u stvari, bila posvećena jedino njemu.
n1i-928873-042	n1info	928873	kolumna	svet	Kolumne/ljubodrag-stojadinovic	42	50	https://n1info.rs/kolumne/ljubodrag-stojadinovic/kraj-evolucije-jelene-milic/	Tako je zaslužila divljenje iz laguma dvora i postala junakinja dana mračne sekte.
n1i-928873-043	n1info	928873	kolumna	svet	Kolumne/ljubodrag-stojadinovic	43	50	https://n1info.rs/kolumne/ljubodrag-stojadinovic/kraj-evolucije-jelene-milic/	Evolucija prevrata i premeta Jelene Milić uglavnom je dovršena, mada se ne zna šta je postala.
n1i-928873-044	n1info	928873	kolumna	svet	Kolumne/ljubodrag-stojadinovic	44	50	https://n1info.rs/kolumne/ljubodrag-stojadinovic/kraj-evolucije-jelene-milic/	Ima još vremena za novi preobražaj u larvu ili nešto još sitnije.
n1i-928873-045	n1info	928873	kolumna	svet	Kolumne/ljubodrag-stojadinovic	45	50	https://n1info.rs/kolumne/ljubodrag-stojadinovic/kraj-evolucije-jelene-milic/	Sve što je bilo, još stoji i čeka neki od oblika Jelene Milić stvorene da menja svet.
n1i-288928-012	n1info	288928	kolumna	hronika	Kolumne/ljubodrag-stojadinovic	12	49	https://n1info.rs/kolumne/ljubodrag-stojadinovic/okostavanje-mozga-poslednji-stadijum-tiranije/	Ali on nije jedini takav.
n1i-288928-013	n1info	288928	kolumna	hronika	Kolumne/ljubodrag-stojadinovic	13	49	https://n1info.rs/kolumne/ljubodrag-stojadinovic/okostavanje-mozga-poslednji-stadijum-tiranije/	Zbog njih vlastelin ne sme u Novi Sad, mada se trsi i kurči.
n1i-288928-014	n1info	288928	kolumna	hronika	Kolumne/ljubodrag-stojadinovic	14	49	https://n1info.rs/kolumne/ljubodrag-stojadinovic/okostavanje-mozga-poslednji-stadijum-tiranije/	Ali dobacuje samo do Kaća.
n1i-288928-015	n1info	288928	kolumna	hronika	Kolumne/ljubodrag-stojadinovic	15	49	https://n1info.rs/kolumne/ljubodrag-stojadinovic/okostavanje-mozga-poslednji-stadijum-tiranije/	U odumiranju sive mase, ostao mu je korteksni centar za strah.
n1i-288928-016	n1info	288928	kolumna	hronika	Kolumne/ljubodrag-stojadinovic	16	49	https://n1info.rs/kolumne/ljubodrag-stojadinovic/okostavanje-mozga-poslednji-stadijum-tiranije/	Bačulov jeste tip koji taj užas potencira.
n1i-288928-017	n1info	288928	kolumna	hronika	Kolumne/ljubodrag-stojadinovic	17	49	https://n1info.rs/kolumne/ljubodrag-stojadinovic/okostavanje-mozga-poslednji-stadijum-tiranije/	Izgleda da mu je „terorista“ koga je upravo otkrio, pre svega estetski problem.
n1i-288928-018	n1info	288928	kolumna	hronika	Kolumne/ljubodrag-stojadinovic	18	49	https://n1info.rs/kolumne/ljubodrag-stojadinovic/okostavanje-mozga-poslednji-stadijum-tiranije/	Dahija je smlaćen, lišen motorike, podbuo, debeo, telesno oronuo i zapušten.
n1i-288928-019	n1info	288928	kolumna	hronika	Kolumne/ljubodrag-stojadinovic	19	49	https://n1info.rs/kolumne/ljubodrag-stojadinovic/okostavanje-mozga-poslednji-stadijum-tiranije/	Bačulov je sportista, izgleda pouzdano pred lojalistima.
n1i-920465-007	n1info	920465	kolumna	pol-drustvo	Kolumne/draza-petrovic	7	29	https://n1info.rs/kolumne/draza-petrovic/dzeki-cen-u-odbrani-srpskih-pandi/	Sve ih je manje, a sve je manje i onih koji bi glasali za naprednjake.
n1i-920465-008	n1info	920465	kolumna	pol-drustvo	Kolumne/draza-petrovic	8	29	https://n1info.rs/kolumne/draza-petrovic/dzeki-cen-u-odbrani-srpskih-pandi/	Mada agencija IPSOS, koji sve više zovu UPSOS, jer svakom se otme ono „uuupppsss“ kada pročita njihova istraživanja po kojima predsednik Vučić i naprednjaci zapravo nisu ugrožena vrsta, tvrdi, jelte, suprotno, kako bi kod predsednika i naprednjaka ostavili utisak neugrožene vrste.
n1i-920465-009	n1info	920465	kolumna	pol-drustvo	Kolumne/draza-petrovic	9	29	https://n1info.rs/kolumne/draza-petrovic/dzeki-cen-u-odbrani-srpskih-pandi/	Što je jeftin trik koji su pokušali i sa pandama, ali pande su lukavije i inteligentnije, pa im to kod njih nije pošlo za rukom.
n1i-920465-010	n1info	920465	kolumna	pol-drustvo	Kolumne/draza-petrovic	10	29	https://n1info.rs/kolumne/draza-petrovic/dzeki-cen-u-odbrani-srpskih-pandi/	Za svaki slučaj, predsednik i naprednjaci su rešili da ipak pokušaju da se spasu, tako što su angažovali sve ugledne batinaše da ih brane gde god treba — od Ćacilenda do Marakane.
n1i-920465-011	n1info	920465	kolumna	pol-drustvo	Kolumne/draza-petrovic	11	29	https://n1info.rs/kolumne/draza-petrovic/dzeki-cen-u-odbrani-srpskih-pandi/	Tu su eminentni kik-bokseri, ofucani krimosi, razni uniformisani panduri, razbacujuće Kobre, Radoičićevi kosovski božuri, Andrejevi lojalisti, veterani Levijatana i, naravno, doajen Miša Vacić.
n1i-920465-012	n1info	920465	kolumna	pol-drustvo	Kolumne/draza-petrovic	12	29	https://n1info.rs/kolumne/draza-petrovic/dzeki-cen-u-odbrani-srpskih-pandi/	Malo je to, međutim, da bi se predsednik i naprednjaci osećali kao da nisu ugrožena vrsta, pa je predsednik počeo da dovodi i najveće svetske majstore borilačkih veština, koji umeju samo u jednoj sekvenci akcionog filma koja traje tri sekunde da razbucaju 1.500 ljudi, kao Turke na buljuke.
n1i-920465-013	n1info	920465	kolumna	pol-drustvo	Kolumne/draza-petrovic	13	29	https://n1info.rs/kolumne/draza-petrovic/dzeki-cen-u-odbrani-srpskih-pandi/	Dakle, bolji su i od Kobri, koje razbucavaju za predugih šest sekundi.
n1i-920465-014	n1info	920465	kolumna	pol-drustvo	Kolumne/draza-petrovic	14	29	https://n1info.rs/kolumne/draza-petrovic/dzeki-cen-u-odbrani-srpskih-pandi/	Tako se kod predsednika u prijemnom salonu prvo našao Džeki Čen koji mu je doneo dve plišane pande, zato što nigde u prodavnicama dečjih igračaka nije mogao da nađe dva plišana naprednjaka, ili makar dva plišana predsednika Vučića.
n1i-654853-024	n1info	654853	kolumna	pol-drustvo	Kolumne/draza-petrovic	24	36	https://n1info.rs/kolumne/draza-petrovic/kako-smo-vucicu-pomogli-da-ispadne-glup/	Pih, razočaran sam bio malko, jerbo se od uglednog Informera uvek očekuje nešto više i genijalnije.
n1i-654853-025	n1info	654853	kolumna	pol-drustvo	Kolumne/draza-petrovic	25	36	https://n1info.rs/kolumne/draza-petrovic/kako-smo-vucicu-pomogli-da-ispadne-glup/	I moram priznati da jesmo.
n1i-654853-026	n1info	654853	kolumna	pol-drustvo	Kolumne/draza-petrovic	26	36	https://n1info.rs/kolumne/draza-petrovic/kako-smo-vucicu-pomogli-da-ispadne-glup/	Informer je konačno napisao istinu.
n1i-654853-027	n1info	654853	kolumna	pol-drustvo	Kolumne/draza-petrovic	27	36	https://n1info.rs/kolumne/draza-petrovic/kako-smo-vucicu-pomogli-da-ispadne-glup/	Ideja je bila moja a Olja se oduševila.
n1i-654853-028	n1info	654853	kolumna	pol-drustvo	Kolumne/draza-petrovic	28	36	https://n1info.rs/kolumne/draza-petrovic/kako-smo-vucicu-pomogli-da-ispadne-glup/	Rekao sam: sipajte Vučiću nešto u čaše vode pre emisije, neku halucinogenu supstancu, pa da ispadne glup, bahat, nevaspitan i nenormalan tokom intervjua sa Dušicom Telesković, poznatijom kao Anica.
n1i-654853-029	n1info	654853	kolumna	pol-drustvo	Kolumne/draza-petrovic	29	36	https://n1info.rs/kolumne/draza-petrovic/kako-smo-vucicu-pomogli-da-ispadne-glup/	Dok sam gledao intervju, shvatio sam da me Olja poslušala.
n1i-654853-030	n1info	654853	kolumna	pol-drustvo	Kolumne/draza-petrovic	30	36	https://n1info.rs/kolumne/draza-petrovic/kako-smo-vucicu-pomogli-da-ispadne-glup/	Nešto su mu sipali u piće pa je Vučić penio, bečio se u kameru, lupao gluposti, dobacivao ko đilkoš u kafani, prekidao odjavnu špicu, nevaspitano vređao novinarku, te na kraju pobegao iz studija zajedno sa bubicom još pre nego što se emisija završila.
n1i-654853-031	n1info	654853	kolumna	pol-drustvo	Kolumne/draza-petrovic	31	36	https://n1info.rs/kolumne/draza-petrovic/kako-smo-vucicu-pomogli-da-ispadne-glup/	-Ha, ha, ha - al smo ga zeznuli, bio sam ponosan na našu medijsku zaveru dogovorenu u tri oka na reaciji Surčin - centar Beograda.
n1i-315167-013	n1info	315167	kolumna	svet	Kolumne/boris-dezulovic	13	38	https://n1info.rs/kolumne/boris-dezulovic/otkud-plenkovic-u-epsteinovim-mailovima/	I pronaći FBI-jev mail o seksualno zlostavljanoj djeci, Epsteinovoj porno kolekciji i Andreju Plenkoviću.
n1i-315167-014	n1info	315167	kolumna	svet	Kolumne/boris-dezulovic	14	38	https://n1info.rs/kolumne/boris-dezulovic/otkud-plenkovic-u-epsteinovim-mailovima/	Sad kad sam definitivno zarobio vašu pažnju, evo i odgovora: da, predsjednik Vlade Andrej Plenković u Epsteinovim se dokumentima zaista spominje pet puta, ali samo u obavještajnim biltenima FBI-ja za internu upotrebu, s redovnim protokolarnim informacijama Bijele kuće i dnevnim vijestima iz Amerike i svijeta.
n1i-315167-015	n1info	315167	kolumna	svet	Kolumne/boris-dezulovic	15	38	https://n1info.rs/kolumne/boris-dezulovic/otkud-plenkovic-u-epsteinovim-mailovima/	Četiri spominjanja tako su zapravo jedan te isti DataSet dokument, najobičniji press-clipping s vijestima od 1.
n1i-315167-016	n1info	315167	kolumna	svet	Kolumne/boris-dezulovic	16	38	https://n1info.rs/kolumne/boris-dezulovic/otkud-plenkovic-u-epsteinovim-mailovima/	listopada 2020., kad se američki državni sekretar Mike Pompeo u Hrvatskoj sastao s premijerom Plenkovićem i ministrima Banožićem i Grlićem Radmanom.
n1i-315167-017	n1info	315167	kolumna	svet	Kolumne/boris-dezulovic	17	38	https://n1info.rs/kolumne/boris-dezulovic/otkud-plenkovic-u-epsteinovim-mailovima/	U petom pak informativnom biltenu, od 8.
n1i-315167-018	n1info	315167	kolumna	svet	Kolumne/boris-dezulovic	18	38	https://n1info.rs/kolumne/boris-dezulovic/otkud-plenkovic-u-epsteinovim-mailovima/	Kako vidite, ništa senzacionalno, ništa užasno i jezivo, ništa vrijedno vaše dosadašnje pažnje.
n1i-315167-019	n1info	315167	kolumna	svet	Kolumne/boris-dezulovic	19	38	https://n1info.rs/kolumne/boris-dezulovic/otkud-plenkovic-u-epsteinovim-mailovima/	Andrej Plenković, ukratko, u Epsteinovim se dosjeima spominje po prilici točno i jednako usput kako se usput u njima spominje i, recimo, bivša zagrebačka manekenka Mia Kovačić, koju je pažnji Jeffreyja Epsteina preporučio bliski suradnik i zamjenski izvršitelj njegove oporuke Boris Nikolić, liječnik, investitor i nekadašnji savjetnik Billa Gatesa.
n1i-315167-020	n1info	315167	kolumna	svet	Kolumne/boris-dezulovic	20	38	https://n1info.rs/kolumne/boris-dezulovic/otkud-plenkovic-u-epsteinovim-mailovima/	Štoviše, Mia se u Epsteinovom arhivu spominje samo jednom, dakle pet puta manje nego Plenković!
n1i-259296-011	n1info	259296	kolumna	pol-drustvo	Kolumne	11	21	https://n1info.rs/kolumne/u-americi-bi-opasnost-od-kopanja-litijuma-i-ruda-brzo-shvatili/	Ja ne predstavljam opoziciju u Srbiji, samo sam jedan izolovan misleći glas, koji verovatno neće daleko stići.
n1i-259296-012	n1info	259296	kolumna	pol-drustvo	Kolumne	12	21	https://n1info.rs/kolumne/u-americi-bi-opasnost-od-kopanja-litijuma-i-ruda-brzo-shvatili/	Ali, za razliku od drugih, nisam strahovao i neću poštovati tzv. autoritete koji od moje lepe i drage zemlje prave jalovinu ili, da bi Hil bolje razumeo, dumpster.
n1i-259296-013	n1info	259296	kolumna	pol-drustvo	Kolumne	13	21	https://n1info.rs/kolumne/u-americi-bi-opasnost-od-kopanja-litijuma-i-ruda-brzo-shvatili/	"Još jednom se mom ""poznaniku"" iz Stejt departmenta i iz Dejtona izvinjavam na tome što imam svoje izgrađeno samostalno mišljenje."
n1i-259296-014	n1info	259296	kolumna	pol-drustvo	Kolumne	14	21	https://n1info.rs/kolumne/u-americi-bi-opasnost-od-kopanja-litijuma-i-ruda-brzo-shvatili/	Konačno, Hilu i drugima koje predvodi ne dugujem ništa.
n1i-259296-015	n1info	259296	kolumna	pol-drustvo	Kolumne	15	21	https://n1info.rs/kolumne/u-americi-bi-opasnost-od-kopanja-litijuma-i-ruda-brzo-shvatili/	Naprotiv, kada je on bio u nevolji kao ambasador u Skoplju, kada su mu Srbi u Makedoniji došli pred rezidenciju i gađali bakljama, preneo sam Holbrukovu, Talbotovu i Gelbardovu poruku da Srbija učini svoj maksimum da zaštiti američkog ambasadora.
n1i-259296-016	n1info	259296	kolumna	pol-drustvo	Kolumne	16	21	https://n1info.rs/kolumne/u-americi-bi-opasnost-od-kopanja-litijuma-i-ruda-brzo-shvatili/	I opet bih to uradio.
n1i-259296-017	n1info	259296	kolumna	pol-drustvo	Kolumne	17	21	https://n1info.rs/kolumne/u-americi-bi-opasnost-od-kopanja-litijuma-i-ruda-brzo-shvatili/	I danas imam mnogo prijatelja u Americi iz poslovnog i političkog sveta.
n1i-259296-018	n1info	259296	kolumna	pol-drustvo	Kolumne	18	21	https://n1info.rs/kolumne/u-americi-bi-opasnost-od-kopanja-litijuma-i-ruda-brzo-shvatili/	To smatram svojim ličnim bogatstvom i legatom koji ostavljam iza sebe.
n1i-338775-013	n1info	338775	kolumna	pol-drustvo	Kolumne/draza-petrovic	13	35	https://n1info.rs/kolumne/draza-petrovic/ministar-za-telecu-corbu-informer-i-veverice/	- bio je srećan Macut.
n1i-338775-014	n1info	338775	kolumna	pol-drustvo	Kolumne/draza-petrovic	14	35	https://n1info.rs/kolumne/draza-petrovic/ministar-za-telecu-corbu-informer-i-veverice/	Još je posle malo Macut i razmišljao, jer ministar za telekomunikacije i informisanje mora da se, osim teletinom, bavi i informisanjem, a informisanje je, sama reč kaže, prabaka Informera, pa je pitao Bratinu šta voli da čita i gleda.
n1i-338775-015	n1info	338775	kolumna	pol-drustvo	Kolumne/draza-petrovic	15	35	https://n1info.rs/kolumne/draza-petrovic/ministar-za-telecu-corbu-informer-i-veverice/	Znači, sem teletine, volim i konjetinu!
n1i-338775-016	n1info	338775	kolumna	pol-drustvo	Kolumne/draza-petrovic	16	35	https://n1info.rs/kolumne/draza-petrovic/ministar-za-telecu-corbu-informer-i-veverice/	Pre toga je Bratina bio anonimni desničar koji je, zarad pokušaja slave, palio zastavu Evropske unije, član Pokreta Naši 1389 i najbliži saradnik Miše Vacića, za koga pametni misle da je dalabu, a dalabu misle da je pametan.
n1i-338775-017	n1info	338775	kolumna	pol-drustvo	Kolumne/draza-petrovic	17	35	https://n1info.rs/kolumne/draza-petrovic/ministar-za-telecu-corbu-informer-i-veverice/	Dakle, kontroverzna ličnost koja je iznedrila još jednu kontroverznu ličnost, ministra Bratinu.
n1i-338775-018	n1info	338775	kolumna	pol-drustvo	Kolumne/draza-petrovic	18	35	https://n1info.rs/kolumne/draza-petrovic/ministar-za-telecu-corbu-informer-i-veverice/	Vreme, dakle, kada je i Vučić visoko podigao lestvicu za ministre, po sistemu - daj, šta daš, samo da imamo ministra koji i ne mora da izgleda ko ministar.
n1i-338775-019	n1info	338775	kolumna	pol-drustvo	Kolumne/draza-petrovic	19	35	https://n1info.rs/kolumne/draza-petrovic/ministar-za-telecu-corbu-informer-i-veverice/	Može da izgleda kao pomoćnik šankera zavičajnog udruženja „Anđela pakla“ ili maskirani medved sa šabačkog vašara.
n1i-338775-020	n1info	338775	kolumna	pol-drustvo	Kolumne/draza-petrovic	20	35	https://n1info.rs/kolumne/draza-petrovic/ministar-za-telecu-corbu-informer-i-veverice/	Sasvim svejedno, pa koji naprednjak, zaboga, uopšte izgleda kao ministar, oni pomeraju granice čovekolikih ministara.
n1i-596877-008	n1info	596877	kolumna	pol-drustvo	Kolumne/draza-petrovic	8	32	https://n1info.rs/kolumne/draza-petrovic/vuk-i-dva-praseta-u-informeru-draza-kolumna/	Recimo, božićni običaj je, kažu (č)etnolozi, da prva osoba koja se na božićno jutro pojavi u kući bude polažajnik.
n1i-596877-009	n1info	596877	kolumna	pol-drustvo	Kolumne/draza-petrovic	9	32	https://n1info.rs/kolumne/draza-petrovic/vuk-i-dva-praseta-u-informeru-draza-kolumna/	Svaki deo Srbije, međutim, ima različite običaje - pa je tako i u Informeru.
n1i-596877-010	n1info	596877	kolumna	pol-drustvo	Kolumne/draza-petrovic	10	32	https://n1info.rs/kolumne/draza-petrovic/vuk-i-dva-praseta-u-informeru-draza-kolumna/	Kod njih se prva osoba koja se pojavi na Božić ispred studija zove lažajnik.
n1i-596877-011	n1info	596877	kolumna	pol-drustvo	Kolumne/draza-petrovic	11	32	https://n1info.rs/kolumne/draza-petrovic/vuk-i-dva-praseta-u-informeru-draza-kolumna/	Lažajnik prema tradiciji mora da odmah na početku jutarnjeg programa nešto masno da slaže jer se veruje da će posle toga nastupajuća godina biti srećna i berićetna za Srbiju.
n1i-596877-012	n1info	596877	kolumna	pol-drustvo	Kolumne/draza-petrovic	12	32	https://n1info.rs/kolumne/draza-petrovic/vuk-i-dva-praseta-u-informeru-draza-kolumna/	Naročito je važno da baš masno slaže jer je to prvo jutro posle božićnog posta tokom koga je običaj da se ne laže masno, nego strogo posno.
n1i-596877-013	n1info	596877	kolumna	pol-drustvo	Kolumne/draza-petrovic	13	32	https://n1info.rs/kolumne/draza-petrovic/vuk-i-dva-praseta-u-informeru-draza-kolumna/	A poslednjih sedam dana pred Božić se laže na vodi.
n1i-596877-014	n1info	596877	kolumna	pol-drustvo	Kolumne/draza-petrovic	14	32	https://n1info.rs/kolumne/draza-petrovic/vuk-i-dva-praseta-u-informeru-draza-kolumna/	Običaj je da oko 16 časova u studio dođe glavni lažajnik, koji treba da sedi dva sata okružen kolegijumom Informera i predoči građanima najveće masne laži za predstojeću godinu.
n1i-596877-015	n1info	596877	kolumna	pol-drustvo	Kolumne/draza-petrovic	15	32	https://n1info.rs/kolumne/draza-petrovic/vuk-i-dva-praseta-u-informeru-draza-kolumna/	- Mi običaje crpimo direktno iz Svetog pisma - znaju da kažu domaćini, pa su, čitajući taj deo Biblije, došli do podatka da za Božić, posle odlaska glavnog lažajnika, treba da bude prezentacija života u bratskoj Sodomi i sestrinskoj Gomori.
n1i-599490-012	n1info	599490	kolumna	pol-drustvo	Kolumne/draza-petrovic	12	33	https://n1info.rs/kolumne/draza-petrovic/da-vucic-ode-a-da-se-sarovic-ne-vrati/	- baš na to pitanje izgledala su ove dve spontane akcije Šarovića, bivšeg generalnog sekretara Srpske radikalne stranke, danas novinara i predsednika političke partije.
n1i-599490-013	n1info	599490	kolumna	pol-drustvo	Kolumne/draza-petrovic	13	33	https://n1info.rs/kolumne/draza-petrovic/da-vucic-ode-a-da-se-sarovic-ne-vrati/	Što je samo po sebi nespojivo sa onim Kodeskom novinara Srbije kojim je Šarović mahao ispred N1, jer tamo lepo piše: “Zalaganje za bilo koju političku stranku ili opciju nespojivo je s novinarskom profesijom”.
n1i-599490-014	n1info	599490	kolumna	pol-drustvo	Kolumne/draza-petrovic	14	33	https://n1info.rs/kolumne/draza-petrovic/da-vucic-ode-a-da-se-sarovic-ne-vrati/	Još piše: “Sa novinarskom profesijom nespojiv je rad u PR i marketinškim agencijama, agencijama za lobiranje, državnim organima i institucijama, kao i u političkim partijama”.
n1i-599490-015	n1info	599490	kolumna	pol-drustvo	Kolumne/draza-petrovic	15	33	https://n1info.rs/kolumne/draza-petrovic/da-vucic-ode-a-da-se-sarovic-ne-vrati/	I još piše: “Učešće u političkoj, izbornoj ili medijskoj kampanji i događajima koje organizuju političke stranke, kompanije i slično, ne sme da se obavlja istovremeno s novinarskim/uredničkim poslom”.
n1i-599490-016	n1info	599490	kolumna	pol-drustvo	Kolumne/draza-petrovic	16	33	https://n1info.rs/kolumne/draza-petrovic/da-vucic-ode-a-da-se-sarovic-ne-vrati/	I drži lekcije ljudima koji nikada nisu dozvolili da budu Šešeljeva stranačka scenografija i koreografija, niti da budu personalni potrčko besprizornom četničkom vojvodi koji karijeru završava kao lejzi beg u studiju Informera.
n1i-599490-017	n1info	599490	kolumna	pol-drustvo	Kolumne/draza-petrovic	17	33	https://n1info.rs/kolumne/draza-petrovic/da-vucic-ode-a-da-se-sarovic-ne-vrati/	I koliko god vapio da se pojavi na N1 i Novoj S i vršio pritisak da ga tamo zovu - ima jedna dobra vest - Šarović uopšte ne pritiska redakciju Danasa da se pojavi u Danasu, iako ga redovno zovemo.
n1i-599490-018	n1info	599490	kolumna	pol-drustvo	Kolumne/draza-petrovic	18	33	https://n1info.rs/kolumne/draza-petrovic/da-vucic-ode-a-da-se-sarovic-ne-vrati/	Tu je naime Šarović pokazao još jednu karakternu osobinu Aleksandra Vučića.
n1i-599490-019	n1info	599490	kolumna	pol-drustvo	Kolumne/draza-petrovic	19	33	https://n1info.rs/kolumne/draza-petrovic/da-vucic-ode-a-da-se-sarovic-ne-vrati/	Šarović, naime, kad god novinari Danasa pozovu, kaže: “Ne dajem izjave za Danas!
n1i-770591-005	n1info	770591	kolumna	pol-drustvo	Kolumne/draza-petrovic	5	39	https://n1info.rs/kolumne/draza-petrovic/besplatan-vodic-ukradi-sam-u-beogradu-kolumna-draze-petrovica/	To se prenosi s kolena na koleno i s kola na kola.
n1i-770591-006	n1info	770591	kolumna	pol-drustvo	Kolumne/draza-petrovic	6	39	https://n1info.rs/kolumne/draza-petrovic/besplatan-vodic-ukradi-sam-u-beogradu-kolumna-draze-petrovica/	Znači, ovde je najpre auto parkirao moj daleki predak, Kelt, i do današnjeg dana to je naše!
n1i-770591-007	n1info	770591	kolumna	pol-drustvo	Kolumne/draza-petrovic	7	39	https://n1info.rs/kolumne/draza-petrovic/besplatan-vodic-ukradi-sam-u-beogradu-kolumna-draze-petrovica/	- objašanjavao bi komšija u čestim trenucima kada bi ga neko pitao: “Komšo, koji će ti onoliki saobraćajni znakovi na tavanu!
n1i-770591-008	n1info	770591	kolumna	pol-drustvo	Kolumne/draza-petrovic	8	39	https://n1info.rs/kolumne/draza-petrovic/besplatan-vodic-ukradi-sam-u-beogradu-kolumna-draze-petrovica/	-Seljaci kažu: čija ovce toga i livada, a mi Beograđani kažemo: čiji auto toga i parking mesto.
n1i-770591-009	n1info	770591	kolumna	pol-drustvo	Kolumne/draza-petrovic	9	39	https://n1info.rs/kolumne/draza-petrovic/besplatan-vodic-ukradi-sam-u-beogradu-kolumna-draze-petrovica/	Uključujući i znak zabranjeno parkiranje na parking mestu!
n1i-770591-010	n1info	770591	kolumna	pol-drustvo	Kolumne/draza-petrovic	10	39	https://n1info.rs/kolumne/draza-petrovic/besplatan-vodic-ukradi-sam-u-beogradu-kolumna-draze-petrovica/	- otresito bi rekao komšija.
n1i-770591-011	n1info	770591	kolumna	pol-drustvo	Kolumne/draza-petrovic	11	39	https://n1info.rs/kolumne/draza-petrovic/besplatan-vodic-ukradi-sam-u-beogradu-kolumna-draze-petrovica/	Redovno je čitao Novosti, pa je jednog dana oduševljen otrčao na tavan, pošto je tamo pročitao da su u jednom mestu u Bosni masovno nestajali saobraćajni znakovi u vreme sezone pečenja paprika za ajvar.
n1i-770591-012	n1info	770591	kolumna	pol-drustvo	Kolumne/draza-petrovic	12	39	https://n1info.rs/kolumne/draza-petrovic/besplatan-vodic-ukradi-sam-u-beogradu-kolumna-draze-petrovica/	Taj naslov “Kradu znakove da peku paprike” - promenio je jesenji život naše zgrade.
n1i-583616-001	n1info	583616	kolumna	pol-drustvo	Kolumne/biljana-stepanovic	1	30	https://n1info.rs/kolumne/biljana-stepanovic/cena-odlaska-dotrajalog-rezima-kruze-razne-teorije/	U nedostatku pravih informacija, sve one padaju na plodno tlo.
n1i-583616-002	n1info	583616	kolumna	pol-drustvo	Kolumne/biljana-stepanovic	2	30	https://n1info.rs/kolumne/biljana-stepanovic/cena-odlaska-dotrajalog-rezima-kruze-razne-teorije/	Jedna od tih teorija (a možda i informacija, ko to sada može da zna) ide čak dotle da će predsednik navodno inscenirati neuspeli atentat na sebe da bi to iskoristio kao povod da uvede vanredno stanje u očajničkom pokušaju da smiri stanje u zemlji.
n1i-583616-003	n1info	583616	kolumna	pol-drustvo	Kolumne/biljana-stepanovic	3	30	https://n1info.rs/kolumne/biljana-stepanovic/cena-odlaska-dotrajalog-rezima-kruze-razne-teorije/	Nikako ne uspeva da uspostavi kontrolu nad situacijom, što mu je ranije polazilo za rukom.
n1i-583616-004	n1info	583616	kolumna	pol-drustvo	Kolumne/biljana-stepanovic	4	30	https://n1info.rs/kolumne/biljana-stepanovic/cena-odlaska-dotrajalog-rezima-kruze-razne-teorije/	Setimo se da je ne tako davno nađeno kao neko silno oružje baš u Jajincima , svi smo se prepali za predsednikovu bezbednost i odjednom se samo zaćutalo, epiloga nema.
n1i-583616-005	n1info	583616	kolumna	pol-drustvo	Kolumne/biljana-stepanovic	5	30	https://n1info.rs/kolumne/biljana-stepanovic/cena-odlaska-dotrajalog-rezima-kruze-razne-teorije/	Temperaturu su podigli i snajperisti na krovu Skupštine Srbije , zgodno postavljeni da se mogu lepo videti i slikati.
n1i-583616-006	n1info	583616	kolumna	pol-drustvo	Kolumne/biljana-stepanovic	6	30	https://n1info.rs/kolumne/biljana-stepanovic/cena-odlaska-dotrajalog-rezima-kruze-razne-teorije/	Ana Brnabić, ta notorna osoba, zgranuta je nad glupošću onih koji ne razumeju da je to protokol kad dolazi strani državnik, a tog dana bio nam je u poseti predsednik Ekvatorijalne Gvineje.
n1i-583616-007	n1info	583616	kolumna	pol-drustvo	Kolumne/biljana-stepanovic	7	30	https://n1info.rs/kolumne/biljana-stepanovic/cena-odlaska-dotrajalog-rezima-kruze-razne-teorije/	E sad, da li je po protokolu i puna Skupština policije?
n1i-583616-008	n1info	583616	kolumna	pol-drustvo	Kolumne/biljana-stepanovic	8	30	https://n1info.rs/kolumne/biljana-stepanovic/cena-odlaska-dotrajalog-rezima-kruze-razne-teorije/	Prema Poslovniku Skupštine Srbije (član 294) ovlašćena službena lica, pa dakle ni snajperisti ni policija, ne mogu imati pristup u prostorije Narodne Skupštine, niti mogu da preduzimaju bilo kakve mere bez odobrenja predsednika te Skupštine.
n1i-668917-046	n1info	668917	kolumna	pol-drustvo	Kolumne/ljubodrag-stojadinovic	46	56	https://n1info.rs/kolumne/ljubodrag-stojadinovic/skitnica-mrzi-vozove-kolumna-ljubodrag-stojadinovic/	A tamo je, uz mrtvu železnicu, bilo jedva oko 7.000 ljudi kako je izbrojao Informer, do 34.300 u računu Ivice Dačića.
n1i-668917-047	n1info	668917	kolumna	pol-drustvo	Kolumne/ljubodrag-stojadinovic	47	56	https://n1info.rs/kolumne/ljubodrag-stojadinovic/skitnica-mrzi-vozove-kolumna-ljubodrag-stojadinovic/	Patašon se iz Pekinga posvađao sa Arhivom javnih skupova, preteći da će sa svojima da napuni Slaviju i izbroji svakoga u glavu.
n1i-668917-048	n1info	668917	kolumna	pol-drustvo	Kolumne/ljubodrag-stojadinovic	48	56	https://n1info.rs/kolumne/ljubodrag-stojadinovic/skitnica-mrzi-vozove-kolumna-ljubodrag-stojadinovic/	I neće ih biti više od desetak hiljada.
n1i-668917-049	n1info	668917	kolumna	pol-drustvo	Kolumne/ljubodrag-stojadinovic	49	56	https://n1info.rs/kolumne/ljubodrag-stojadinovic/skitnica-mrzi-vozove-kolumna-ljubodrag-stojadinovic/	Kad se taj protest razišao, vozovi su iznenada krenuli, a nije pronađena bomba i nije otkriven onaj koji je poslao dojavu.
n1i-668917-050	n1info	668917	kolumna	pol-drustvo	Kolumne/ljubodrag-stojadinovic	50	56	https://n1info.rs/kolumne/ljubodrag-stojadinovic/skitnica-mrzi-vozove-kolumna-ljubodrag-stojadinovic/	Nije poznat ni onaj koji je poslao lažnu dojavu o tome da postoji lažna dojava.
n1i-668917-051	n1info	668917	kolumna	pol-drustvo	Kolumne/ljubodrag-stojadinovic	51	56	https://n1info.rs/kolumne/ljubodrag-stojadinovic/skitnica-mrzi-vozove-kolumna-ljubodrag-stojadinovic/	Kao nekadašnji samrtnik, Dačić je izgubio veze sa živim ljudima i sa sobom.
n1i-668917-052	n1info	668917	kolumna	pol-drustvo	Kolumne/ljubodrag-stojadinovic	52	56	https://n1info.rs/kolumne/ljubodrag-stojadinovic/skitnica-mrzi-vozove-kolumna-ljubodrag-stojadinovic/	Ide do kraja uz voštanu figuru koja leti, obojica bez otpora teškoj blokadi uma.
n1i-668917-053	n1info	668917	kolumna	pol-drustvo	Kolumne/ljubodrag-stojadinovic	53	56	https://n1info.rs/kolumne/ljubodrag-stojadinovic/skitnica-mrzi-vozove-kolumna-ljubodrag-stojadinovic/	Vozovi su krenuli i niko ne zna kad će ponovo da stanu.
n1i-726865-006	n1info	726865	kolumna	pol-drustvo	Kolumne/draza-petrovic	6	21	https://n1info.rs/kolumne/draza-petrovic/draza-petrovic-kolumna-drustvo-propalih-tenisera/	Predsednik je, kada je Novak „pumpao“ na Vimbldonu, baš bio na TV UrInformer, gde su ga pitali šta misli o tom čudnom potezu Đokovića.
n1i-726865-007	n1info	726865	kolumna	pol-drustvo	Kolumne/draza-petrovic	7	21	https://n1info.rs/kolumne/draza-petrovic/draza-petrovic-kolumna-drustvo-propalih-tenisera/	I tada je rekao, uz onaj svoj izraz lica mladog pavijana pred eksplozijom: „Pričao sam sa Novakom veče pre nego što je podržao blokadere.
n1i-726865-008	n1info	726865	kolumna	pol-drustvo	Kolumne/draza-petrovic	8	21	https://n1info.rs/kolumne/draza-petrovic/draza-petrovic-kolumna-drustvo-propalih-tenisera/	Neću da govorim detalje, pozvao me je...
n1i-726865-009	n1info	726865	kolumna	pol-drustvo	Kolumne/draza-petrovic	9	21	https://n1info.rs/kolumne/draza-petrovic/draza-petrovic-kolumna-drustvo-propalih-tenisera/	Šta mislim o njegovom političkom stavu?
n1i-726865-010	n1info	726865	kolumna	pol-drustvo	Kolumne/draza-petrovic	10	21	https://n1info.rs/kolumne/draza-petrovic/draza-petrovic-kolumna-drustvo-propalih-tenisera/	O tome govorim celo veče.
n1i-726865-011	n1info	726865	kolumna	pol-drustvo	Kolumne/draza-petrovic	11	21	https://n1info.rs/kolumne/draza-petrovic/draza-petrovic-kolumna-drustvo-propalih-tenisera/	Ali toliko toga je učinio za Srbiju, nikada reč neću reći lošu.
n1i-726865-012	n1info	726865	kolumna	pol-drustvo	Kolumne/draza-petrovic	12	21	https://n1info.rs/kolumne/draza-petrovic/draza-petrovic-kolumna-drustvo-propalih-tenisera/	Može on protiv mene da govori koliko hoće, da podržava političke protivnike, ali protiv njega nešto loše da kažem je blesavo i glupo.“ Naravno, ubrzo zatim Dragan Renta Pljuvač je dobio zadatak da biračkom telu objasni kako je Novak Đoković skroz prop’o, takoreći prop’o ko Đoković.
n1i-726865-013	n1info	726865	kolumna	pol-drustvo	Kolumne/draza-petrovic	13	21	https://n1info.rs/kolumne/draza-petrovic/draza-petrovic-kolumna-drustvo-propalih-tenisera/	– Onaj propali teniser Đoković...
n1i-657783-047	n1info	657783	kolumna	pol-drustvo	Kolumne/biljana-stepanovic	47	55	https://n1info.rs/kolumne/biljana-stepanovic/sta-to-videsmo-u-malom-zvorniku/	Kako god da ovaj talas protesta sada prođe, to nije kraj.
n1i-657783-048	n1info	657783	kolumna	pol-drustvo	Kolumne/biljana-stepanovic	48	55	https://n1info.rs/kolumne/biljana-stepanovic/sta-to-videsmo-u-malom-zvorniku/	Onoliki ljudi koji su izašli po gradovima i selima, jasno govore da je velikom delu Srbije dosta naprednjačke vlasti i da sada očigledno manjina bez legitimiteta vlada većinom.
n1i-657783-049	n1info	657783	kolumna	pol-drustvo	Kolumne/biljana-stepanovic	49	55	https://n1info.rs/kolumne/biljana-stepanovic/sta-to-videsmo-u-malom-zvorniku/	I to prvo krađom izbora, pa onda silom.
n1i-657783-050	n1info	657783	kolumna	pol-drustvo	Kolumne/biljana-stepanovic	50	55	https://n1info.rs/kolumne/biljana-stepanovic/sta-to-videsmo-u-malom-zvorniku/	Vlast hapsi seljake, pa omladince, studente i aktiviste, čak i advokate, u želji da pošalje poruku – vratite se kućama dok niste zaglavili u zatvoru, jači smo.
n1i-657783-051	n1info	657783	kolumna	pol-drustvo	Kolumne/biljana-stepanovic	51	55	https://n1info.rs/kolumne/biljana-stepanovic/sta-to-videsmo-u-malom-zvorniku/	Poslednje utočište njihove odbrane je gola sila, pošto propaganda više ne pomaže.
n1i-657783-052	n1info	657783	kolumna	pol-drustvo	Kolumne/biljana-stepanovic	52	55	https://n1info.rs/kolumne/biljana-stepanovic/sta-to-videsmo-u-malom-zvorniku/	Za svoju politiku očigledno nemaju podršku naroda, a time ni legitimitet.
n1i-657783-053	n1info	657783	kolumna	pol-drustvo	Kolumne/biljana-stepanovic	53	55	https://n1info.rs/kolumne/biljana-stepanovic/sta-to-videsmo-u-malom-zvorniku/	Imaju za sada podršku zainteresovanih „centara moći“ ali onda oni ni prividno nisu demokratski izabrana vlast, već ogoljeni namesnici.
n1i-657783-054	n1info	657783	kolumna	pol-drustvo	Kolumne/biljana-stepanovic	54	55	https://n1info.rs/kolumne/biljana-stepanovic/sta-to-videsmo-u-malom-zvorniku/	A to nikako nije isto i pitanje je koliko još može da potraje.
n1i-881927-002	n1info	881927	kolumna	svet	Kolumne/draza-petrovic	2	26	https://n1info.rs/kolumne/draza-petrovic/dole-porfirije-ziveo-grigorije/	Dobro došli nade naše i bolje našli nas kojima vraćate život i ljudskost, neprestano nas opominjući šta znači časnost, plemenitost i dostojanstvo - rekao je tog dana patrijath Porfirije, koji je studentima obezbedio hranu, piće, prenoćište i fizioterapute.
n1i-881927-003	n1info	881927	kolumna	svet	Kolumne/draza-petrovic	3	26	https://n1info.rs/kolumne/draza-petrovic/dole-porfirije-ziveo-grigorije/	Patrijarh Porfirije pokazao se kao pravi car, kako to i dolikuje čuvaru trona Svetog Save, kao onaj ko uvek podržava slabije i brani ih od jačih i moćnijih, kao pravi hrišćanin, pravoslavac i božji sluga na zemlji.
n1i-881927-004	n1info	881927	kolumna	svet	Kolumne/draza-petrovic	4	26	https://n1info.rs/kolumne/draza-petrovic/dole-porfirije-ziveo-grigorije/	U prva tri pasusa ove kolumne potkrala se sitna greška - sve citirano uopšte nije rekao patrijarh Porfirije, već je sve izrečeno kazao vladika Grigorije , al ako vam je bitno da je to rekao Porfirije, onda verujte u to.
n1i-881927-005	n1info	881927	kolumna	svet	Kolumne/draza-petrovic	5	26	https://n1info.rs/kolumne/draza-petrovic/dole-porfirije-ziveo-grigorije/	Potrebno je samo snažno verovati, uostalom mnoge religije se i zasnivaju na verovanju u nešto što je na prvi pogled neverovatno, pa zašto neko ne bi verovao da je patrijarh Porfirije blagosiljao studente, obezbedio im hranu, prenoćište, piće i fizioterapeute.
n1i-881927-006	n1info	881927	kolumna	svet	Kolumne/draza-petrovic	6	26	https://n1info.rs/kolumne/draza-petrovic/dole-porfirije-ziveo-grigorije/	Možda čak poverovati da ih je lično provozao “audijem” jer su ih bolele noge od pedaliranja.
n1i-881927-007	n1info	881927	kolumna	svet	Kolumne/draza-petrovic	7	26	https://n1info.rs/kolumne/draza-petrovic/dole-porfirije-ziveo-grigorije/	Jer je čuo da će ga uskoro primiti jedan moderni Isus, koji je počeo karijeru kao agent KGB-a, proćelavi lik zagonetnog osmeha visok tačno 170 centimetara, pravi promoter Deset božjih zapovesti.
n1i-881927-008	n1info	881927	kolumna	svet	Kolumne/draza-petrovic	8	26	https://n1info.rs/kolumne/draza-petrovic/dole-porfirije-ziveo-grigorije/	Hapsi novinare, ubija opozicionare, što metkom, što otrovom, vodi osvajačke ratove i slično, preziva se Putin, i po nacionalnosti je Rus.
n1i-881927-009	n1info	881927	kolumna	svet	Kolumne/draza-petrovic	9	26	https://n1info.rs/kolumne/draza-petrovic/dole-porfirije-ziveo-grigorije/	A nas i Rusa, zna se, ima ko kusih pasa i žutih mrava zajedno, otprilike 300 miliona.
n1i-786986-017	n1info	786986	kolumna	pol-drustvo	Kolumne/ljubodrag-stojadinovic	17	54	https://n1info.rs/kolumne/ljubodrag-stojadinovic/nije-asad-ali-moze-da-leti/	Tražiti od lupeža i hulja da sami sebe privedu časnim sudijama, jeste kontroverza koja je neostvariva, osim ako se članovi mafijaškog sindikata ne pobiju oko plena, pa uhvate za šiju i prvog među njima.
n1i-786986-018	n1info	786986	kolumna	pol-drustvo	Kolumne/ljubodrag-stojadinovic	18	54	https://n1info.rs/kolumne/ljubodrag-stojadinovic/nije-asad-ali-moze-da-leti/	Zbog toga je tamo veliku strah a najveći je u vođe mafije.
n1i-786986-019	n1info	786986	kolumna	pol-drustvo	Kolumne/ljubodrag-stojadinovic	19	54	https://n1info.rs/kolumne/ljubodrag-stojadinovic/nije-asad-ali-moze-da-leti/	Svaki pohod na zločine udar je na srce režima.
n1i-786986-020	n1info	786986	kolumna	pol-drustvo	Kolumne/ljubodrag-stojadinovic	20	54	https://n1info.rs/kolumne/ljubodrag-stojadinovic/nije-asad-ali-moze-da-leti/	Nepismeni glasnici iz dvora uče studente kako da misle.
n1i-786986-021	n1info	786986	kolumna	pol-drustvo	Kolumne/ljubodrag-stojadinovic	21	54	https://n1info.rs/kolumne/ljubodrag-stojadinovic/nije-asad-ali-moze-da-leti/	Ako pobuna studenata nastavi da se širi i zahvati sve što izgleda zahvata - on je sasvim pri kraju.
n1i-786986-022	n1info	786986	kolumna	pol-drustvo	Kolumne/ljubodrag-stojadinovic	22	54	https://n1info.rs/kolumne/ljubodrag-stojadinovic/nije-asad-ali-moze-da-leti/	Iz paničnog straha od pada, dolaze svakodnevna „javljanja“ koja potpuno otklanjaju zabludu o političkoj inteligenciji vladara.
n1i-786986-023	n1info	786986	kolumna	pol-drustvo	Kolumne/ljubodrag-stojadinovic	23	54	https://n1info.rs/kolumne/ljubodrag-stojadinovic/nije-asad-ali-moze-da-leti/	Neke teze su zapravo maloumne i one izazivaju strepnju od neizlečive plitkosti i teškog zadaha ustajalosti.
n1i-786986-024	n1info	786986	kolumna	pol-drustvo	Kolumne/ljubodrag-stojadinovic	24	54	https://n1info.rs/kolumne/ljubodrag-stojadinovic/nije-asad-ali-moze-da-leti/	Iz vodeće misaone strukture i siromašnog jezičkog izvođenja, dolazi i čudesna negacija sličnosti ovdašnjeg vladaoca sa Asadom.
n1i-569562-015	n1info	569562	kolumna	sport	Kolumne/draza-petrovic	15	25	https://n1info.rs/kolumne/draza-petrovic/prokleta-avlija-na-andricevom-vencu/	Potom je stigao Kapetan Dragan, nekadašnji komandant elitnih Knindži, koji su se u međuvremenu izgleda transformisali u elitne Mindže, jer su u blizini primećene elitne starlete pa je transformacija elitnih Knindži u elitne Mindže bila vidljiva i golim okom.
n1i-569562-016	n1info	569562	kolumna	sport	Kolumne/draza-petrovic	16	25	https://n1info.rs/kolumne/draza-petrovic/prokleta-avlija-na-andricevom-vencu/	Tim povodom su u Prokletu avliju stigle učesnice Zadruge i jedna suvozačica nekog spektakularnog mafijaškog ubistva.
n1i-569562-017	n1info	569562	kolumna	sport	Kolumne/draza-petrovic	17	25	https://n1info.rs/kolumne/draza-petrovic/prokleta-avlija-na-andricevom-vencu/	Stigao je, naravno, i Branislav Lečić, dramski umetnik prepoznatljiv po mnogim velikim ulogama, koji se trenutno posvetio reklamiranju preparata za prostatu, pa je i tu bilo logično da obiđe ovu čudesnu prostotu.
n1i-569562-018	n1info	569562	kolumna	sport	Kolumne/draza-petrovic	18	25	https://n1info.rs/kolumne/draza-petrovic/prokleta-avlija-na-andricevom-vencu/	Svrnuo je i Dragan J.
n1i-569562-019	n1info	569562	kolumna	sport	Kolumne/draza-petrovic	19	25	https://n1info.rs/kolumne/draza-petrovic/prokleta-avlija-na-andricevom-vencu/	Vučićević, maskota P(l)išane revolucije, čove o kome postoje dve škole mišljenja: za njega normalni misle da nije normalan, a nenormalni da je normalan.
n1i-569562-020	n1info	569562	kolumna	sport	Kolumne/draza-petrovic	20	25	https://n1info.rs/kolumne/draza-petrovic/prokleta-avlija-na-andricevom-vencu/	S obzirom na prirodu njegovog fenomenalnog medija koji se bavi prosipanjem kofa fekalija po poštenim ljudima, moguće da je njegova uloga tu bila čisto tehnička, jer neko treba da isprazni kofe iz “toi-toi” toaleta raspoređenih širom Proklete avlije.
n1i-569562-021	n1info	569562	kolumna	sport	Kolumne/draza-petrovic	21	25	https://n1info.rs/kolumne/draza-petrovic/prokleta-avlija-na-andricevom-vencu/	A nema nikog pozvanijeg od njega da uradi taj delikatan posao.
n1i-569562-022	n1info	569562	kolumna	sport	Kolumne/draza-petrovic	22	25	https://n1info.rs/kolumne/draza-petrovic/prokleta-avlija-na-andricevom-vencu/	Došao je i Đorđe David, veliki pevač, toliko veliki da ga obožavaoci zovu Veliki Đoka, a kad se skine go do pojasa zovu ga Goli Đoka.
n1i-320280-011	n1info	320280	kolumna	pol-drustvo	Kolumne/ljubodrag-stojadinovic	11	48	https://n1info.rs/kolumne/ljubodrag-stojadinovic/umobolna-monodrama/	Moglo je tamo još što-šta da se doda, ali politbiro zlikovaca, protuva, lupeža i raznih vucibatina je, uglavnom, na okupu.
n1i-320280-012	n1info	320280	kolumna	pol-drustvo	Kolumne/ljubodrag-stojadinovic	12	48	https://n1info.rs/kolumne/ljubodrag-stojadinovic/umobolna-monodrama/	Taj Duškov rad je potrefio zverinjak tačno u centralni živac, ali režanje nije dopiralo iz kruga izabranih.
n1i-320280-013	n1info	320280	kolumna	pol-drustvo	Kolumne/ljubodrag-stojadinovic	13	48	https://n1info.rs/kolumne/ljubodrag-stojadinovic/umobolna-monodrama/	Nego od onih koji nisu.
n1i-320280-014	n1info	320280	kolumna	pol-drustvo	Kolumne/ljubodrag-stojadinovic	14	48	https://n1info.rs/kolumne/ljubodrag-stojadinovic/umobolna-monodrama/	Kandidati za blizinu vrhovnog stvora, nalaze se u teškoj depresiji zato što ih Petričić nije metnuo odmah do kolena rugobnom gazdi.
n1i-320280-015	n1info	320280	kolumna	pol-drustvo	Kolumne/ljubodrag-stojadinovic	15	48	https://n1info.rs/kolumne/ljubodrag-stojadinovic/umobolna-monodrama/	Takav je, jebi ga, odvratan i zao.
n1i-320280-016	n1info	320280	kolumna	pol-drustvo	Kolumne/ljubodrag-stojadinovic	16	48	https://n1info.rs/kolumne/ljubodrag-stojadinovic/umobolna-monodrama/	Narod ga je možda izabrao sebi za vođu.
n1i-320280-017	n1info	320280	kolumna	pol-drustvo	Kolumne/ljubodrag-stojadinovic	17	48	https://n1info.rs/kolumne/ljubodrag-stojadinovic/umobolna-monodrama/	Nosi u sebi najgore moguće osobine a usput skuplja nove i još gore.
n1i-320280-018	n1info	320280	kolumna	pol-drustvo	Kolumne/ljubodrag-stojadinovic	18	48	https://n1info.rs/kolumne/ljubodrag-stojadinovic/umobolna-monodrama/	Nije ga moguće voleti, ali niko od njegovih crva i nije tamo zbog ljubavi, nego radi teških veza koje više nije moguće raskinuti.
n1i-884250-032	n1info	884250	kolumna	sport	Kolumne/ljubodrag-stojadinovic	32	46	https://n1info.rs/kolumne/ljubodrag-stojadinovic/ciji-si-ti-stojkovicu/	Selekcija je prestala da bude naša, to je već godinama zabava sakatog cara i njegovih uglednih lupeža.
n1i-884250-033	n1info	884250	kolumna	sport	Kolumne/ljubodrag-stojadinovic	33	46	https://n1info.rs/kolumne/ljubodrag-stojadinovic/ciji-si-ti-stojkovicu/	Majstori su ostali u istoriji.
n1i-884250-034	n1info	884250	kolumna	sport	Kolumne/ljubodrag-stojadinovic	34	46	https://n1info.rs/kolumne/ljubodrag-stojadinovic/ciji-si-ti-stojkovicu/	U tom varijeteu glavnu reč vodi notorni Zvezdan Terzić, onaj koji tvrdi da duh vođe lebdi nad Marakanom i odatle svojom božanskom rukom upravlja životom.
n1i-884250-035	n1info	884250	kolumna	sport	Kolumne/ljubodrag-stojadinovic	35	46	https://n1info.rs/kolumne/ljubodrag-stojadinovic/ciji-si-ti-stojkovicu/	Dok pristaje na poniženja, Stojković ostaje selektor, jer nenadležna institucija određuje smisao njegove karijere.
n1i-884250-036	n1info	884250	kolumna	sport	Kolumne/ljubodrag-stojadinovic	36	46	https://n1info.rs/kolumne/ljubodrag-stojadinovic/ciji-si-ti-stojkovicu/	Stojković je bio gotovo jedini Nišlija - sluga na okupatorskom skupu glavnog dahije.
n1i-884250-037	n1info	884250	kolumna	sport	Kolumne/ljubodrag-stojadinovic	37	46	https://n1info.rs/kolumne/ljubodrag-stojadinovic/ciji-si-ti-stojkovicu/	A silnik je došao da osvoji i konačno ponizi Niš koji mu je već otkazao gostoprimstvo.
n1i-884250-038	n1info	884250	kolumna	sport	Kolumne/ljubodrag-stojadinovic	38	46	https://n1info.rs/kolumne/ljubodrag-stojadinovic/ciji-si-ti-stojkovicu/	Stojković mu je u ličnom epskom padu preo gaće i košulju.
n1i-884250-039	n1info	884250	kolumna	sport	Kolumne/ljubodrag-stojadinovic	39	46	https://n1info.rs/kolumne/ljubodrag-stojadinovic/ciji-si-ti-stojkovicu/	Grad je opstao pred tuđinom, njegovim klozetima i šatorima.
n1i-286806-004	n1info	286806	kolumna	pol-drustvo	Kolumne/draza-petrovic	4	17	https://n1info.rs/kolumne/draza-petrovic/pokret-za-isti-sns-drugo-pakovanje/	- Moramo da smislimo novo ime za Srpsku naprednu stranku, misle da smo bednici, hohštapleri, lopovi, izdajnici, bitange, barabe i ko zna šta sve još izmišljaju za nas časne i poštene.
n1i-286806-005	n1info	286806	kolumna	pol-drustvo	Kolumne/draza-petrovic	5	17	https://n1info.rs/kolumne/draza-petrovic/pokret-za-isti-sns-drugo-pakovanje/	Dakle, treba nam novo ime, ali neko ime koje bi svima ukazalo da smo isto ono SNSranje, pardon - htedoh reći - ista ona veličanstvena stranka, samo u drugom pakovanju.
n1i-286806-006	n1info	286806	kolumna	pol-drustvo	Kolumne/draza-petrovic	6	17	https://n1info.rs/kolumne/draza-petrovic/pokret-za-isti-sns-drugo-pakovanje/	Došao sam da vas pitam, imate li ideju kako da nam se zove pokret?
n1i-286806-007	n1info	286806	kolumna	pol-drustvo	Kolumne/draza-petrovic	7	17	https://n1info.rs/kolumne/draza-petrovic/pokret-za-isti-sns-drugo-pakovanje/	- pitao je predsednik Vučić sve Jagodince, a naročito najbrojnije NeJagodince.
n1i-286806-008	n1info	286806	kolumna	pol-drustvo	Kolumne/draza-petrovic	8	17	https://n1info.rs/kolumne/draza-petrovic/pokret-za-isti-sns-drugo-pakovanje/	Dovedeni građani su odmah došli na straobalnu ideju.
n1i-286806-009	n1info	286806	kolumna	pol-drustvo	Kolumne/draza-petrovic	9	17	https://n1info.rs/kolumne/draza-petrovic/pokret-za-isti-sns-drugo-pakovanje/	- Predsedniče, predsedniče, najbolje da se zovemo Pokret za isto sranje, drugo pakovanje, skraćeno PZISDP – uzviknulo je kolektivno 285.978 hiljada građana koliko ih je, po izveštaju SNS medija, bilo na tom mitingu koji se mogao zvati i “Grlom u Jagodinu”.
n1i-286806-010	n1info	286806	kolumna	pol-drustvo	Kolumne/draza-petrovic	10	17	https://n1info.rs/kolumne/draza-petrovic/pokret-za-isti-sns-drugo-pakovanje/	Možda je to malo nezgodno.
n1i-286806-011	n1info	286806	kolumna	pol-drustvo	Kolumne/draza-petrovic	11	17	https://n1info.rs/kolumne/draza-petrovic/pokret-za-isti-sns-drugo-pakovanje/	Predlažem da se zovemo Pokret za isti SNS, drugo pakovanje, a skraćenica ostaje ista, PZISDP – uzvratio je predsednik uz poklič: “Živeo PZISDP”.
n1i-814434-001	n1info	814434	kolumna	pol-drustvo	Kolumne/draza-petrovic	1	23	https://n1info.rs/kolumne/draza-petrovic/predsednik-je-pod-video-nadzorom/	Sem što seiri, najčešće na tim televizorima obavlja još neke radnje koje počinju na ista dva slova kao i reč seiri, pa je logično zapitati se, kao kad prekidamo nekog smarača u njegovom monotonom izlaganju: “Predsedniče, gde se gasiš, keve ti?
n1i-814434-002	n1info	814434	kolumna	pol-drustvo	Kolumne/draza-petrovic	2	23	https://n1info.rs/kolumne/draza-petrovic/predsednik-je-pod-video-nadzorom/	Za to vreme – nastavio je predsednik u beloj rolci izlaganje na TV Prva - podigao sam ugled Srbije svuda u svetu.
n1i-814434-003	n1info	814434	kolumna	pol-drustvo	Kolumne/draza-petrovic	3	23	https://n1info.rs/kolumne/draza-petrovic/predsednik-je-pod-video-nadzorom/	-Plate su nam tri puta, penzije dva puta veće nego što su bile, imamo tri puta više autoputeva.
n1i-814434-004	n1info	814434	kolumna	pol-drustvo	Kolumne/draza-petrovic	4	23	https://n1info.rs/kolumne/draza-petrovic/predsednik-je-pod-video-nadzorom/	Dvanaest godina je dinar stabilan.
n1i-814434-005	n1info	814434	kolumna	pol-drustvo	Kolumne/draza-petrovic	5	23	https://n1info.rs/kolumne/draza-petrovic/predsednik-je-pod-video-nadzorom/	Kad sve to imate u vidu, čega da se plašim?
n1i-814434-006	n1info	814434	kolumna	pol-drustvo	Kolumne/draza-petrovic	6	23	https://n1info.rs/kolumne/draza-petrovic/predsednik-je-pod-video-nadzorom/	Da se neki Apis pojavi, da me bace sa neke terase?
n1i-814434-007	n1info	814434	kolumna	pol-drustvo	Kolumne/draza-petrovic	7	23	https://n1info.rs/kolumne/draza-petrovic/predsednik-je-pod-video-nadzorom/	Samo on i srpski predsednik bi se tim aktom ponosili.
n1i-814434-008	n1info	814434	kolumna	pol-drustvo	Kolumne/draza-petrovic	8	23	https://n1info.rs/kolumne/draza-petrovic/predsednik-je-pod-video-nadzorom/	Koji smo mi baksuzi da nam državu vodi tip sličan Baksuznom samoubici.
n1i-663709-001	n1info	663709	kolumna	svet	Kolumne/draza-petrovic	1	19	https://n1info.rs/kolumne/draza-petrovic/zitije-svetog-zeksa/	godine, kada je od njih digo ruke u momentu kada su i oni digli ruku od samih sebe.
n1i-663709-002	n1info	663709	kolumna	svet	Kolumne/draza-petrovic	2	19	https://n1info.rs/kolumne/draza-petrovic/zitije-svetog-zeksa/	Mada tada još nije došao na ideju da se samoproglasi za sveca, jerbo je kao i svaki julovac govorio: “Ja sam, hvala Bogu, ateista”.
n1i-663709-003	n1info	663709	kolumna	svet	Kolumne/draza-petrovic	3	19	https://n1info.rs/kolumne/draza-petrovic/zitije-svetog-zeksa/	Pa je onda do 2012.
n1i-663709-004	n1info	663709	kolumna	svet	Kolumne/draza-petrovic	4	19	https://n1info.rs/kolumne/draza-petrovic/zitije-svetog-zeksa/	bio zaštitnik dosovaca, te je tada i od njih digao ruke, s tim što je tada još bio svetac pripravnik, pa njegove čudotvorne moći nisu imale pravi efekat, falila mu je zavšnica u pravljenju biblijskih čudesa.
n1i-663709-005	n1info	663709	kolumna	svet	Kolumne/draza-petrovic	5	19	https://n1info.rs/kolumne/draza-petrovic/zitije-svetog-zeksa/	Potom je postao zaštitnik naprednjaka, što je i trenutno.
n1i-663709-006	n1info	663709	kolumna	svet	Kolumne/draza-petrovic	6	19	https://n1info.rs/kolumne/draza-petrovic/zitije-svetog-zeksa/	I od njih će dići ruke tek kada i oni sami od sebe dignu ruke, takva mu je taktika.
n1i-663709-007	n1info	663709	kolumna	svet	Kolumne/draza-petrovic	7	19	https://n1info.rs/kolumne/draza-petrovic/zitije-svetog-zeksa/	To je provereni sistem Svetog Žeksa.
n1i-663709-008	n1info	663709	kolumna	svet	Kolumne/draza-petrovic	8	19	https://n1info.rs/kolumne/draza-petrovic/zitije-svetog-zeksa/	Tako se isprepletu da samo dragi Bog može da ih rastavi.
n1i-433443-007	n1info	433443	kolumna	pol-drustvo	Kolumne/ljubodrag-stojadinovic	7	50	https://n1info.rs/kolumne/ljubodrag-stojadinovic/cezar-svercer-turskih-gaca/	Čak je i V.V. Putinu, dok je bio brat, pevao Kaljinku i Podmoskovske večeri.
n1i-433443-008	n1info	433443	kolumna	pol-drustvo	Kolumne/ljubodrag-stojadinovic	8	50	https://n1info.rs/kolumne/ljubodrag-stojadinovic/cezar-svercer-turskih-gaca/	A onda je pri kraju sultanovog gostovanja kod vrhovnog proradio mitomanski nerv koji podstiče ludačka pripovedanja o davnim pubertetskim vremenima.
n1i-433443-009	n1info	433443	kolumna	pol-drustvo	Kolumne/ljubodrag-stojadinovic	9	50	https://n1info.rs/kolumne/ljubodrag-stojadinovic/cezar-svercer-turskih-gaca/	Kad sam bio mlad, reče on pred Erdoganom, pred mikrofonom i kamerama, ja sam išao u Tursku, imao sam jedno 14-15 godina.
n1i-433443-010	n1info	433443	kolumna	pol-drustvo	Kolumne/ljubodrag-stojadinovic	10	50	https://n1info.rs/kolumne/ljubodrag-stojadinovic/cezar-svercer-turskih-gaca/	Tamo u Turskoj, kupovao sam neke stvari – patike, farmerke, šorceve, gaće i druge sitnice, i prodavao ovde.
n1i-433443-011	n1info	433443	kolumna	pol-drustvo	Kolumne/ljubodrag-stojadinovic	11	50	https://n1info.rs/kolumne/ljubodrag-stojadinovic/cezar-svercer-turskih-gaca/	Erdogan je predsednik jedne velike zemlje, autokrata koji je sačuvao makar nešto od državničkog stila.
n1i-433443-012	n1info	433443	kolumna	pol-drustvo	Kolumne/ljubodrag-stojadinovic	12	50	https://n1info.rs/kolumne/ljubodrag-stojadinovic/cezar-svercer-turskih-gaca/	Nije mogao da se snađe, niti da izađe na kraj sa tom pričom.
n1i-433443-013	n1info	433443	kolumna	pol-drustvo	Kolumne/ljubodrag-stojadinovic	13	50	https://n1info.rs/kolumne/ljubodrag-stojadinovic/cezar-svercer-turskih-gaca/	Gledao je u svoja kolena i još niže.
n1i-433443-014	n1info	433443	kolumna	pol-drustvo	Kolumne/ljubodrag-stojadinovic	14	50	https://n1info.rs/kolumne/ljubodrag-stojadinovic/cezar-svercer-turskih-gaca/	Priča je bila gora od glupe, bila je budalasta.
n1i-289896-003	n1info	289896	kolumna	pol-drustvo	Kolumne/draza-petrovic	3	19	https://n1info.rs/kolumne/draza-petrovic/draza-petrovic-kolumna-novak-djokovic-cacilend-milos-pavlovic/	Uz uspravnu fotografiju indeksa, Pavlović Miloš je napisao: “Danas sam dobio 10 na ispitu iz Medicinske statistike sa informatikom.
n1i-289896-004	n1info	289896	kolumna	pol-drustvo	Kolumne/draza-petrovic	4	19	https://n1info.rs/kolumne/draza-petrovic/draza-petrovic-kolumna-novak-djokovic-cacilend-milos-pavlovic/	"I to kod profesora Ivana Soldatovića koji je javno svojim potpisom podržao studente blokadere, aktivno učestvuje u blokadama, dolazio na plenume i bio je član štrajkačkog odbora na fakultetu""."
n1i-289896-005	n1info	289896	kolumna	pol-drustvo	Kolumne/draza-petrovic	5	19	https://n1info.rs/kolumne/draza-petrovic/draza-petrovic-kolumna-novak-djokovic-cacilend-milos-pavlovic/	"Ministar za javna ulaganja Darko Glišić odmah je sa suzama radosnicama izjavio da je to najteži ispit na Medicinskom fakultetu, da je profesor kod koga je Pavlović polagao dokazani ""blokader"" i da se profesoru od besa tresla ruka što je morao da mu upiše desetku."
n1i-289896-006	n1info	289896	kolumna	pol-drustvo	Kolumne/draza-petrovic	6	19	https://n1info.rs/kolumne/draza-petrovic/draza-petrovic-kolumna-novak-djokovic-cacilend-milos-pavlovic/	Ministar za javna ulaganja, koji je više ministar za javna laganja, jerbo se mnogo uspešnije bavi ovim drugim nego onim prvim, cvetao je od sreće što Srbija ima svog predstavnika u polufinalu Ćacilenda, koji je profesora “blokadera” pobedio rezultatom 10:0, pa su se profesoru tresle ruke.
n1i-289896-007	n1info	289896	kolumna	pol-drustvo	Kolumne/draza-petrovic	7	19	https://n1info.rs/kolumne/draza-petrovic/draza-petrovic-kolumna-novak-djokovic-cacilend-milos-pavlovic/	-Spavaš li mirno, Novače Đokoviću!
n1i-289896-008	n1info	289896	kolumna	pol-drustvo	Kolumne/draza-petrovic	8	19	https://n1info.rs/kolumne/draza-petrovic/draza-petrovic-kolumna-novak-djokovic-cacilend-milos-pavlovic/	- uzviknuo je ministar za javna laganja Glišić Darko kada je dotrčao na televiziju da naciji saopšti da je Srpska napredna stranka našla adekvatnu zamenu za Novaka, polufinalistu Vimbldona, koji je ionako pred penzijom, plus mnogo pumpa, a to je mladi i perspektivni Miloš, polufinalista Ćacilenda.
n1i-289896-009	n1info	289896	kolumna	pol-drustvo	Kolumne/draza-petrovic	9	19	https://n1info.rs/kolumne/draza-petrovic/draza-petrovic-kolumna-novak-djokovic-cacilend-milos-pavlovic/	Nije vest da je pas ujeo čoveka, već da je čovek ujeo psa.
n1i-289896-010	n1info	289896	kolumna	pol-drustvo	Kolumne/draza-petrovic	10	19	https://n1info.rs/kolumne/draza-petrovic/draza-petrovic-kolumna-novak-djokovic-cacilend-milos-pavlovic/	Tako nije vest ni da je pas ujeo Ćacija, jer koji pas ne bi ujeo Ćacija kada mu je zauzeo omiljeni parka za zapišavanje drveća u centru Beograda, već je vest da je Ćaci ujeo psa.
n1i-264988-023	n1info	264988	kolumna	hronika	Kolumne/ljubodrag-stojadinovic	23	44	https://n1info.rs/kolumne/ljubodrag-stojadinovic/srdjan-skoro-proces/	Ali, takva infantilnost koja se teško podnosi u javnim dnevnim prizorima, ima svoje razrešenje na granici agitpropa i totalnog gašenja slobodnih medija.
n1i-264988-024	n1info	264988	kolumna	hronika	Kolumne/ljubodrag-stojadinovic	24	44	https://n1info.rs/kolumne/ljubodrag-stojadinovic/srdjan-skoro-proces/	Agresija na njih nije više ezopovski ublažena, već postaje otvoreni napad sa svih strana kako bi ućutkivanje značilo i mir za kreaturu kojoj svaka istina narušava sklad sa sobom i mučnom istorijom koju ispisuje.
n1i-264988-025	n1info	264988	kolumna	hronika	Kolumne/ljubodrag-stojadinovic	25	44	https://n1info.rs/kolumne/ljubodrag-stojadinovic/srdjan-skoro-proces/	To je začetak opšte tragedije i sloma svega što ima civilizacijskog smisla.
n1i-264988-026	n1info	264988	kolumna	hronika	Kolumne/ljubodrag-stojadinovic	26	44	https://n1info.rs/kolumne/ljubodrag-stojadinovic/srdjan-skoro-proces/	Jedina poželjna informacija o diktatoru je ona o njegovoj mudrosti i izuzetnosti, o zlatnom dobu koje ne prestaje, o jednoj volji koja je nad nama i ne može da bude osporena.
n1i-264988-027	n1info	264988	kolumna	hronika	Kolumne/ljubodrag-stojadinovic	27	44	https://n1info.rs/kolumne/ljubodrag-stojadinovic/srdjan-skoro-proces/	Ministar za informisanje, sav prilagođen uklizavanju, svoju je servilnost pokušao da dokaže apologijom za optužnicu novinaru u otvorenom inkcizicijskom naumu.
n1i-264988-028	n1info	264988	kolumna	hronika	Kolumne/ljubodrag-stojadinovic	28	44	https://n1info.rs/kolumne/ljubodrag-stojadinovic/srdjan-skoro-proces/	Učinila se nadrealnom okolnost da su ambasadori Velike Britanije i Nemačke otvoreno na strani koja se zalaže za prekopavanje Srbije.
n1i-264988-029	n1info	264988	kolumna	hronika	Kolumne/ljubodrag-stojadinovic	29	44	https://n1info.rs/kolumne/ljubodrag-stojadinovic/srdjan-skoro-proces/	Ako im ovdašnji vladar u tome pomogne, a već pomaže svim silama umesto da ih protera, on postaje nesmenjivi vođa velike jame koja nastaje na mestu gde je bila Srbija, i ključna utvara u velikoj drami koja neizbežno sledi.
n1i-264988-030	n1info	264988	kolumna	hronika	Kolumne/ljubodrag-stojadinovic	30	44	https://n1info.rs/kolumne/ljubodrag-stojadinovic/srdjan-skoro-proces/	Tu je negde i poreklo velike konsternacije koju je izazvao Škoro: jasna priča o tome šta nas čeka, kakve su pogodnosti rada u rudniku litijuma.
n1i-829731-018	n1info	829731	kolumna	pol-drustvo	Kolumne/ljubodrag-stojadinovic	18	54	https://n1info.rs/kolumne/ljubodrag-stojadinovic/premijera-nesto-boli/	Ali ga dobri bog koji pazi na njega vraća na pravi put.
n1i-829731-019	n1info	829731	kolumna	pol-drustvo	Kolumne/ljubodrag-stojadinovic	19	54	https://n1info.rs/kolumne/ljubodrag-stojadinovic/premijera-nesto-boli/	Uveren je bio da mu voljeni sprema fotelju prvog ministra.
n1i-829731-020	n1info	829731	kolumna	pol-drustvo	Kolumne/ljubodrag-stojadinovic	20	54	https://n1info.rs/kolumne/ljubodrag-stojadinovic/premijera-nesto-boli/	Strašno je patio kad mu je to izmaklo.
n1i-829731-021	n1info	829731	kolumna	pol-drustvo	Kolumne/ljubodrag-stojadinovic	21	54	https://n1info.rs/kolumne/ljubodrag-stojadinovic/premijera-nesto-boli/	Ostao je samo „obični“ ministar odbrane, a tamo na sam vrh vlade je zaseo Miloš Vučević, sasvim bezlični službenik iz Novog Sada.
n1i-829731-022	n1info	829731	kolumna	pol-drustvo	Kolumne/ljubodrag-stojadinovic	22	54	https://n1info.rs/kolumne/ljubodrag-stojadinovic/premijera-nesto-boli/	Bata je počeo da olajava vrh, čak je bio viđen za progon.
n1i-829731-023	n1info	829731	kolumna	pol-drustvo	Kolumne/ljubodrag-stojadinovic	23	54	https://n1info.rs/kolumne/ljubodrag-stojadinovic/premijera-nesto-boli/	Ipak su ga smirili, studenti su napali državu, valjao je svaki direk, pa i Bata.
n1i-829731-024	n1info	829731	kolumna	pol-drustvo	Kolumne/ljubodrag-stojadinovic	24	54	https://n1info.rs/kolumne/ljubodrag-stojadinovic/premijera-nesto-boli/	On je izgovorio nekoliko majstorskih oda za šefa i ostao je da brine o odbrani zemlje.
n1i-829731-025	n1info	829731	kolumna	pol-drustvo	Kolumne/ljubodrag-stojadinovic	25	54	https://n1info.rs/kolumne/ljubodrag-stojadinovic/premijera-nesto-boli/	Uz Dačića i brata Andreja komandira, to je javni štab tajnih lojalista koji planira i izvodi napade na studente.
n1i-425235-011	n1info	425235	kolumna	pol-drustvo	Kolumne	11	26	https://n1info.rs/kolumne/presslaganje-vuciceva-maturska-ekskurzija/	Ili besmislu, pitanje je sad.
n1i-425235-012	n1info	425235	kolumna	pol-drustvo	Kolumne	12	26	https://n1info.rs/kolumne/presslaganje-vuciceva-maturska-ekskurzija/	No, za čije babe zdravlje ovaj naš nesretnik šoda po Srbiji?
n1i-425235-013	n1info	425235	kolumna	pol-drustvo	Kolumne	13	26	https://n1info.rs/kolumne/presslaganje-vuciceva-maturska-ekskurzija/	Društvena zajednica uokvirena u državu, za potrebe svojih interesa bira predstavnike, koji će te zajedničke interese rešavati za određenu naknadu.
n1i-425235-014	n1info	425235	kolumna	pol-drustvo	Kolumne	14	26	https://n1info.rs/kolumne/presslaganje-vuciceva-maturska-ekskurzija/	Dakle, državni aparat služi da bi u potpunosti olakšao funkcionisanje individua unutar društva i društva u celini.
n1i-425235-015	n1info	425235	kolumna	pol-drustvo	Kolumne	15	26	https://n1info.rs/kolumne/presslaganje-vuciceva-maturska-ekskurzija/	Pravila po kojima izabrani predstavnici vlasti moraju da rešavaju te probleme su Ustav i zakoni.
n1i-425235-016	n1info	425235	kolumna	pol-drustvo	Kolumne	16	26	https://n1info.rs/kolumne/presslaganje-vuciceva-maturska-ekskurzija/	Ni po jednoj jedinoj tački tih pravila, predstavnik ne bi smeo da radi protivu društvene zajednice i države, naprotiv, to se smatra veleizdajom i najoštrije se kažnjava.
n1i-425235-017	n1info	425235	kolumna	pol-drustvo	Kolumne	17	26	https://n1info.rs/kolumne/presslaganje-vuciceva-maturska-ekskurzija/	Šta onda radi predsednik države, koji lobira za interese privatne kompanije, ubeđujući narod da je dobro da mu ta ista kompanija razbuca zemlju, a sve protivu volje društvene zajednice?
n1i-425235-018	n1info	425235	kolumna	pol-drustvo	Kolumne	18	26	https://n1info.rs/kolumne/presslaganje-vuciceva-maturska-ekskurzija/	To je tačka gde izabran da rešava probleme društvene zajednice postaje problem iste te zajednice.
n1i-927147-007	n1info	927147	kolumna	pol-drustvo	Kolumne	7	26	https://n1info.rs/kolumne/tri-i-po-godine-tehnicke-i-nestabilne-vladavine-naprednjaka/	- Za ova 43 meseca, država Srbija 17 meseci nije imala Vladu u punom mandatu (kada je Narodna skupština raspuštena ili predsednik Vlade podnese ostavku – Vlada radi samo tekuće i neodložne poslove i nema mogućnost zakonodavne inicijative – a usvajanje zakona je glavni instrument kreiranja i vođenja politike).
n1i-927147-008	n1info	927147	kolumna	pol-drustvo	Kolumne	8	26	https://n1info.rs/kolumne/tri-i-po-godine-tehnicke-i-nestabilne-vladavine-naprednjaka/	Voleo sam da naglasim tokom ovih perioda da je Srbija postala „Uredbokratija “ – država u kojoj u stvari vlada tehnička Vlada kroz donošenja uredbi i drugih podzakonskih akata.
n1i-927147-009	n1info	927147	kolumna	pol-drustvo	Kolumne	9	26	https://n1info.rs/kolumne/tri-i-po-godine-tehnicke-i-nestabilne-vladavine-naprednjaka/	godine je raspuštena skupština čime je Vlada ušla u tehnički mandat, a nova Vlada Ane Brnabić je formirana tek krajem oktobra 2022.
n1i-927147-010	n1info	927147	kolumna	pol-drustvo	Kolumne	10	26	https://n1info.rs/kolumne/tri-i-po-godine-tehnicke-i-nestabilne-vladavine-naprednjaka/	Osam i po meseci bez Vlade u mandatu.
n1i-927147-011	n1info	927147	kolumna	pol-drustvo	Kolumne	11	26	https://n1info.rs/kolumne/tri-i-po-godine-tehnicke-i-nestabilne-vladavine-naprednjaka/	je opet raspuštena skupština, a Vlada Miloša Vučevića je izabrana tek 2.
n1i-927147-012	n1info	927147	kolumna	pol-drustvo	Kolumne	12	26	https://n1info.rs/kolumne/tri-i-po-godine-tehnicke-i-nestabilne-vladavine-naprednjaka/	godine (6,5 meseci bez Vlade).
n1i-927147-013	n1info	927147	kolumna	pol-drustvo	Kolumne	13	26	https://n1info.rs/kolumne/tri-i-po-godine-tehnicke-i-nestabilne-vladavine-naprednjaka/	A onda, krajem januara 2025.
n1i-927147-014	n1info	927147	kolumna	pol-drustvo	Kolumne	14	26	https://n1info.rs/kolumne/tri-i-po-godine-tehnicke-i-nestabilne-vladavine-naprednjaka/	godine je Vučević podneo ostavku, a Đuro Macut izabran tek sredinom aprila (još 2,5 meseca bez Vlade u mandatu).
n1i-200810-002	n1info	200810	kolumna	kultura	Kolumne/draza-petrovic	2	32	https://n1info.rs/kolumne/draza-petrovic/dan-kad-je-pabla-pikasa-menjala-vesna-zmijanac/	Oni su šest meseci puštali brade i za svaki dan puštanja brade dobijali dnevnicu.
n1i-200810-003	n1info	200810	kolumna	kultura	Kolumne/draza-petrovic	3	32	https://n1info.rs/kolumne/draza-petrovic/dan-kad-je-pabla-pikasa-menjala-vesna-zmijanac/	Tako da se u to vreme socijalizma veoma isplatilo biti četnik, oni su dobijali veće dnevnice čak i od partizana.
n1i-200810-004	n1info	200810	kolumna	kultura	Kolumne/draza-petrovic	4	32	https://n1info.rs/kolumne/draza-petrovic/dan-kad-je-pabla-pikasa-menjala-vesna-zmijanac/	Statista je na snimanju bilo u tolikom broju da su nervirali i holivudske mega zvezda.
n1i-200810-005	n1info	200810	kolumna	kultura	Kolumne/draza-petrovic	5	32	https://n1info.rs/kolumne/draza-petrovic/dan-kad-je-pabla-pikasa-menjala-vesna-zmijanac/	Orson Vels je u ulozi četničkog senatora umalo prebio jednog statistu kada je 12 puta morao iznova da glumi svoju pogibiju jer je taj statista uporno gledao u kameru iako su mu govorili da se ponaša opušteno i gleda dijagonalno od Orsona.
n1i-200810-006	n1info	200810	kolumna	kultura	Kolumne/draza-petrovic	6	32	https://n1info.rs/kolumne/draza-petrovic/dan-kad-je-pabla-pikasa-menjala-vesna-zmijanac/	Entoni Doson, druga holivudska zvezda u tom filmu, igrao je šah, u pauzama snimanja, u lokalnoj bosanskoj kafani, a statisti su mislili da je nešto ljut jer je stalno pominjao nekakve tenkove i mačeve.
n1i-200810-007	n1info	200810	kolumna	kultura	Kolumne/draza-petrovic	7	32	https://n1info.rs/kolumne/draza-petrovic/dan-kad-je-pabla-pikasa-menjala-vesna-zmijanac/	- Kakve tenkove i mačeve?
n1i-200810-008	n1info	200810	kolumna	kultura	Kolumne/draza-petrovic	8	32	https://n1info.rs/kolumne/draza-petrovic/dan-kad-je-pabla-pikasa-menjala-vesna-zmijanac/	– zabrinuli su se organizatori.
n1i-200810-009	n1info	200810	kolumna	kultura	Kolumne/draza-petrovic	9	32	https://n1info.rs/kolumne/draza-petrovic/dan-kad-je-pabla-pikasa-menjala-vesna-zmijanac/	- Pa kad mu kelner donese kafu stalno govori: „Tenk ju mač!“ – objasnili su lokalci.
n1i-996758-011	n1info	996758	kolumna	ekonomija	Kolumne/draza-petrovic	11	31	https://n1info.rs/kolumne/draza-petrovic/ciklama-vucicu-nastavi/	– objasni mu stari drug, inspektor.
n1i-996758-012	n1info	996758	kolumna	ekonomija	Kolumne/draza-petrovic	12	31	https://n1info.rs/kolumne/draza-petrovic/ciklama-vucicu-nastavi/	Pre neki dan Uprava kriminalističke policije upala je u Rektorat Beogradskog univerziteta u potrazi za biljkama vanevropskog porekla, rektorom van-naprednjačkog porekla i svim drugim van-nastavnim sumnjivim stvarima, van-srpskog porekla.
n1i-996758-013	n1info	996758	kolumna	ekonomija	Kolumne/draza-petrovic	13	31	https://n1info.rs/kolumne/draza-petrovic/ciklama-vucicu-nastavi/	Upali oni tako i javljali redom šefu Kričku šta su sve pronašli.
n1i-996758-014	n1info	996758	kolumna	ekonomija	Kolumne/draza-petrovic	14	31	https://n1info.rs/kolumne/draza-petrovic/ciklama-vucicu-nastavi/	- Evo, vešala vanevropskog porekla!
n1i-996758-015	n1info	996758	kolumna	ekonomija	Kolumne/draza-petrovic	15	31	https://n1info.rs/kolumne/draza-petrovic/ciklama-vucicu-nastavi/	- dotrčao je jedan policajac sa čivilukom.
n1i-996758-016	n1info	996758	kolumna	ekonomija	Kolumne/draza-petrovic	16	31	https://n1info.rs/kolumne/draza-petrovic/ciklama-vucicu-nastavi/	- kazao mu je šef Kričak.
n1i-996758-017	n1info	996758	kolumna	ekonomija	Kolumne/draza-petrovic	17	31	https://n1info.rs/kolumne/draza-petrovic/ciklama-vucicu-nastavi/	- Evo je, atomska bomba vanevropskog porekla!
n1i-996758-018	n1info	996758	kolumna	ekonomija	Kolumne/draza-petrovic	18	31	https://n1info.rs/kolumne/draza-petrovic/ciklama-vucicu-nastavi/	- dotrčao je drugi sa globusom.
n1i-675606-024	n1info	675606	kolumna	pol-drustvo	Kolumne/draza-petrovic	24	35	https://n1info.rs/kolumne/draza-petrovic/trampov-zet-trampova-tasta-i-goca-uzelac/	Goca je tako zaslužila još jedan orden od predsednika, pošto joj je orden već uručio pre neku godinu.
n1i-675606-025	n1info	675606	kolumna	pol-drustvo	Kolumne/draza-petrovic	25	35	https://n1info.rs/kolumne/draza-petrovic/trampov-zet-trampova-tasta-i-goca-uzelac/	Orden se valjda zvao Orden Karađorđeve šnicle sa ukrštenim majonezom, ili se moguće zvao Orden Golog Đoke sa ukrštenim dunavskim somovima za razvoj medija u opštini Grocka.
n1i-675606-026	n1info	675606	kolumna	pol-drustvo	Kolumne/draza-petrovic	26	35	https://n1info.rs/kolumne/draza-petrovic/trampov-zet-trampova-tasta-i-goca-uzelac/	Goca je Supehik srpskog novinarstva.
n1i-675606-027	n1info	675606	kolumna	pol-drustvo	Kolumne/draza-petrovic	27	35	https://n1info.rs/kolumne/draza-petrovic/trampov-zet-trampova-tasta-i-goca-uzelac/	Kao što je Superhik iz “Alan Forda” otimao od siromašnih da bi davao bogatima, tako i Goca, prezimena Uzelac, brani bogate od siromašnih, moćne od nemoćnih i predsednika od novinara.
n1i-675606-028	n1info	675606	kolumna	pol-drustvo	Kolumne/draza-petrovic	28	35	https://n1info.rs/kolumne/draza-petrovic/trampov-zet-trampova-tasta-i-goca-uzelac/	Ona je moderna verzija Superhika, Supepink.
n1i-675606-029	n1info	675606	kolumna	pol-drustvo	Kolumne/draza-petrovic	29	35	https://n1info.rs/kolumne/draza-petrovic/trampov-zet-trampova-tasta-i-goca-uzelac/	I Goca voli da postavlja pitanja predsedniku, ali je ona uvek pristojna, za razliku od Savatovića.
n1i-675606-030	n1info	675606	kolumna	pol-drustvo	Kolumne/draza-petrovic	30	35	https://n1info.rs/kolumne/draza-petrovic/trampov-zet-trampova-tasta-i-goca-uzelac/	Urbana legenda kaže da je jednom prilikom imala dva pitanja, upisana na dva papirčeta.
n1i-675606-031	n1info	675606	kolumna	pol-drustvo	Kolumne/draza-petrovic	31	35	https://n1info.rs/kolumne/draza-petrovic/trampov-zet-trampova-tasta-i-goca-uzelac/	Najpre je postavila prvo, predsednik Republike Srbije je odgovorio.
n1i-992196-021	n1info	992196	kolumna	pol-drustvo	Kolumne/biljana-stepanovic	21	39	https://n1info.rs/kolumne/biljana-stepanovic/sent-ridzis-i-politicki-brutalizam/	Kome su oni više potrebni?
n1i-992196-022	n1info	992196	kolumna	pol-drustvo	Kolumne/biljana-stepanovic	22	39	https://n1info.rs/kolumne/biljana-stepanovic/sent-ridzis-i-politicki-brutalizam/	Nova elita pokazala je da se diplome mogu i pokupovati, sve do doktorata, ne mora ni da se uči.
n1i-992196-023	n1info	992196	kolumna	pol-drustvo	Kolumne/biljana-stepanovic	23	39	https://n1info.rs/kolumne/biljana-stepanovic/sent-ridzis-i-politicki-brutalizam/	Nova elita ionako ih priznaje kao prave.
n1i-992196-024	n1info	992196	kolumna	pol-drustvo	Kolumne/biljana-stepanovic	24	39	https://n1info.rs/kolumne/biljana-stepanovic/sent-ridzis-i-politicki-brutalizam/	Zapošljavaju se nesmetano, napreduju u životu, bogate se, povezuju se sa sebi sličnima, a ovi koji još misle da je to obrazovanje toliko bitno, guraju se na marginu i u novom poretku stvari postaju nebitni, zajedno sa nastavnicima kojima je dovoljno dati tek toliko da prežive.
n1i-992196-025	n1info	992196	kolumna	pol-drustvo	Kolumne/biljana-stepanovic	25	39	https://n1info.rs/kolumne/biljana-stepanovic/sent-ridzis-i-politicki-brutalizam/	Ako neko od potomaka te nove elite baš stvarno poželi da se školuje, eno po svetu onoliko liceja, škola, fakulteta, plaćanje sigurno nije problem.
n1i-992196-026	n1info	992196	kolumna	pol-drustvo	Kolumne/biljana-stepanovic	26	39	https://n1info.rs/kolumne/biljana-stepanovic/sent-ridzis-i-politicki-brutalizam/	Ostali potomci koji ne bi da se zamaraju tim knjigama, imaju alternativu: da voze skupa kola, stanuju u skupim stanovima (onoliki Beograd na vodi treba napuniti) obilaze skupe destinacije i žive život iz snova koji su im omogućili napredni roditelji.
n1i-992196-027	n1info	992196	kolumna	pol-drustvo	Kolumne/biljana-stepanovic	27	39	https://n1info.rs/kolumne/biljana-stepanovic/sent-ridzis-i-politicki-brutalizam/	Svi ostali, kako se snađu.
n1i-992196-028	n1info	992196	kolumna	pol-drustvo	Kolumne/biljana-stepanovic	28	39	https://n1info.rs/kolumne/biljana-stepanovic/sent-ridzis-i-politicki-brutalizam/	Neka se priključe novoj eliti, ima tu posla ko hoće da radi, neka odu negde van zemlje, ko im brani, ili neka ćute i životare, njihov problem.
n1i-427676-010	n1info	427676	kolumna	svet	Kolumne/draza-petrovic	10	28	https://n1info.rs/kolumne/draza-petrovic/lekovito-pismo-apotekarki-iz-peci/	Iako niko od nekoliko Srba u Peći ne zna da tamo postoji neka srpska apoteka, a to, sem malobrojnijih Srba, tvrde i mnogobrojni zli jezici iz ostatka Srbije, vi imate dokaz da tu ima apoteka, u inat neprijateljima srpske farmacije na Kosovu i Metohiji.
n1i-427676-011	n1info	427676	kolumna	svet	Kolumne/draza-petrovic	11	28	https://n1info.rs/kolumne/draza-petrovic/lekovito-pismo-apotekarki-iz-peci/	I to imate pismeni dokaz, zanimljiviji od Miroslavljevog jevanđelja.
n1i-427676-012	n1info	427676	kolumna	svet	Kolumne/draza-petrovic	12	28	https://n1info.rs/kolumne/draza-petrovic/lekovito-pismo-apotekarki-iz-peci/	Prijavili ste mesečni prihod od 131.000 dinara kao v. d.
n1i-427676-013	n1info	427676	kolumna	svet	Kolumne/draza-petrovic	13	28	https://n1info.rs/kolumne/draza-petrovic/lekovito-pismo-apotekarki-iz-peci/	direktorke Apotekarske ustanove Peć, iako ta Apotekarska ustanova ne postoji već pet godina, mada to tvrde samo oni koji bi da izbrišu sve tragove Srbije na Kosovu, pa i apoteke.
n1i-427676-014	n1info	427676	kolumna	svet	Kolumne/draza-petrovic	14	28	https://n1info.rs/kolumne/draza-petrovic/lekovito-pismo-apotekarki-iz-peci/	– Srpska apoteka postoji u srcu Srbije i u njoj imate i kardiopirin koji poboljšava krvotok u srcu!
n1i-427676-015	n1info	427676	kolumna	svet	Kolumne/draza-petrovic	15	28	https://n1info.rs/kolumne/draza-petrovic/lekovito-pismo-apotekarki-iz-peci/	Pa šta, i Kosovo je po Ustavu sastavni deo Srbije, iako odavno nije sastavni deo Srbije, pa što ne bi i Apotekarska ustanova „Peć“ bila sastavni deo srpskih apoteka, iako odavno nije.
n1i-427676-016	n1info	427676	kolumna	svet	Kolumne/draza-petrovic	16	28	https://n1info.rs/kolumne/draza-petrovic/lekovito-pismo-apotekarki-iz-peci/	Draga drugarice Snežana, Nije isključeno da uskoro ispliva neki papir da ste istovremeno i direktorka Javnog komunalnog preduzeća „Kosovo i Metohija“, koje je zaduženo za čišćenje Kosova i Metohije.
n1i-427676-017	n1info	427676	kolumna	svet	Kolumne/draza-petrovic	17	28	https://n1info.rs/kolumne/draza-petrovic/lekovito-pismo-apotekarki-iz-peci/	Ali, ponosno saopštite zlim jezicima da tu ne primate nikakvu platu, već funkciju obavljate pro bono.
n1i-433795-011	n1info	433795	kolumna	pol-drustvo	Kolumne/draza-petrovic	11	33	https://n1info.rs/kolumne/draza-petrovic/zasto-je-u-srbiji-bolje-biti-ljakse-nego-seljak/	Pokazalo se da je to veoma isplativa vrsta, pa će Srbiija verovatno u budućnosti biti među prvima na svetskoj listi broja magraca po glavi stanovnika.
n1i-433795-012	n1info	433795	kolumna	pol-drustvo	Kolumne/draza-petrovic	12	33	https://n1info.rs/kolumne/draza-petrovic/zasto-je-u-srbiji-bolje-biti-ljakse-nego-seljak/	A moguće i broja stanovnika po glavi magaraca.
n1i-433795-013	n1info	433795	kolumna	pol-drustvo	Kolumne/draza-petrovic	13	33	https://n1info.rs/kolumne/draza-petrovic/zasto-je-u-srbiji-bolje-biti-ljakse-nego-seljak/	Tako da srpski narod ima prvog ministra koji shvata ratarstvo na jedan savim logičan način.
n1i-433795-014	n1info	433795	kolumna	pol-drustvo	Kolumne/draza-petrovic	14	33	https://n1info.rs/kolumne/draza-petrovic/zasto-je-u-srbiji-bolje-biti-ljakse-nego-seljak/	Ratari su, ubeđen je ministar poljoprivrede Magarinović, ljudi koji vode hibridni rat protiv predsednika Srbije i države Srbije, nije ih Gospod Bog džaba nazvao ratari, i prema njima ima da se postupa kao prema svim neprijateljima naše zemlje i naše doživotne stranke.
n1i-433795-015	n1info	433795	kolumna	pol-drustvo	Kolumne/draza-petrovic	15	33	https://n1info.rs/kolumne/draza-petrovic/zasto-je-u-srbiji-bolje-biti-ljakse-nego-seljak/	Pa su ratari prešli u nadležnost onog državnog organa koji se bori protiv špijuna, zaverenika i hibridnog rata, taj organ nije Ministarstvo poljoprivrede, već, jasno, Bezbednosno-informativna agencija, zvana BIA.
n1i-433795-016	n1info	433795	kolumna	pol-drustvo	Kolumne/draza-petrovic	16	33	https://n1info.rs/kolumne/draza-petrovic/zasto-je-u-srbiji-bolje-biti-ljakse-nego-seljak/	Te je BIA i sam bila iznenađena kako su godinama ispadali glupi tražeči na svim stranama ljude koji se bave hibridnim ratom, a oni su im bili pred nosom, pod sasvim logičnim imenom - ratari - i kopali po našoj zemlji praveći se da oru njivu.
n1i-433795-017	n1info	433795	kolumna	pol-drustvo	Kolumne/draza-petrovic	17	33	https://n1info.rs/kolumne/draza-petrovic/zasto-je-u-srbiji-bolje-biti-ljakse-nego-seljak/	A u stvari su rovarili, kopali i riljali protiv naše države i našeg predsednika, ili kako je to ministar Magarinović objasnio: “Pojedina poljoprivredna udruženja povezuju sa takozvanim ekološkim u jedinstveni front protiv predsednika Srbije i Vlade Srbije, a u interesu stranih država koje ne žele da se Srbija razvija”.
n1i-433795-018	n1info	433795	kolumna	pol-drustvo	Kolumne/draza-petrovic	18	33	https://n1info.rs/kolumne/draza-petrovic/zasto-je-u-srbiji-bolje-biti-ljakse-nego-seljak/	Kopali su, oni kopali, i evo dokle su našu zemlju doveli ti ratari, vođe hibridnog rata, zaključila je BIA, te jednog ratara odmah spakovala u kombi dok je dete čekao ispred škole u Čačku.
n1i-976710-000	n1info	976710	kolumna	pol-drustvo	Kolumne/draza-petrovic	0	16	https://n1info.rs/kolumne/draza-petrovic/tri-lepe-ane-brnabic/	“Marš na Drinu” je, piše na Vikipediji, tradicionalni srpski marš koji je komponovao Stanislav Binički početkom Prvog svetskog rata u čast pobede srpske nad austrougarskom vojskom na planini Cer.
n1i-976710-001	n1info	976710	kolumna	pol-drustvo	Kolumne/draza-petrovic	1	16	https://n1info.rs/kolumne/draza-petrovic/tri-lepe-ane-brnabic/	Ova pesma postala je simbol hrabrosti Srba tokom Prvog svetskog rata, koji su uprkos ogromnim ljudskim gubicima, izašli kao pobednici.
n1i-976710-002	n1info	976710	kolumna	pol-drustvo	Kolumne/draza-petrovic	2	16	https://n1info.rs/kolumne/draza-petrovic/tri-lepe-ane-brnabic/	Pobeda malobrojne srpske vojske nad superiornom austrougraskom vojskom ujedno predstavlja i prvu pobedu savezničkih sila u Prvom svetskom ratu.
n1i-976710-003	n1info	976710	kolumna	pol-drustvo	Kolumne/draza-petrovic	3	16	https://n1info.rs/kolumne/draza-petrovic/tri-lepe-ane-brnabic/	Sve se, međutim, promenilo kada je srpski narod umesto vojvode Živojina Mišića, počela da simbolizuje vojvotkinja od Jovankine vile Ana Brnabić, osoba koja umesto okupatora u tri tačke, tačnije u originalu - “marš, bre, u ...
n1i-976710-004	n1info	976710	kolumna	pol-drustvo	Kolumne/draza-petrovic	4	16	https://n1info.rs/kolumne/draza-petrovic/tri-lepe-ane-brnabic/	- tera one koji se bore protiv rudarske okupacije delova naše zemlje u blizini pomenute Drine, dok za okupatore ima samo reči hvale.
n1i-976710-005	n1info	976710	kolumna	pol-drustvo	Kolumne/draza-petrovic	5	16	https://n1info.rs/kolumne/draza-petrovic/tri-lepe-ane-brnabic/	Srbija je zaokružila svoju slavnu istoriju koja je počela “Maršem na Drinu”, a završila se tradicionalnim naprednjačkim maršem, mršem u materinu svih koji misle drugačije.
n1i-976710-006	n1info	976710	kolumna	pol-drustvo	Kolumne/draza-petrovic	6	16	https://n1info.rs/kolumne/draza-petrovic/tri-lepe-ane-brnabic/	Ta čudesna osoba, Ana Brnabić, za kratko vreme osvojila je srca svih naprednjaka – od Vučića pa do predsednika Mesnog odbora iz Babušnice - te joj aplaudiraju kad god kaže nešto pametno, ali pošto retko kaže nešto pametno, aplaudiraju joj kad god kaže nešto što svi razumeju.
n1i-976710-007	n1info	976710	kolumna	pol-drustvo	Kolumne/draza-petrovic	7	16	https://n1info.rs/kolumne/draza-petrovic/tri-lepe-ane-brnabic/	A svi razumeju rećenicu “Mrš, bre, u...”, te je i prilikom tog jesenjeg redovnog zasedanja dobila aplauz kada je golim rukama otela papir, zgužvala ga i bacila na pod.
n1i-531933-003	n1info	531933	kolumna	pol-drustvo	Kolumne/draza-petrovic	3	26	https://n1info.rs/kolumne/draza-petrovic/bitka-kod-vulina-i-dobojena-revolucija/	- Uglavnom, pilo se, tako da može biti da su ovo i Termopili, ako baš insistirate, neka bude tako – zaključio je Bajatović.
n1i-531933-004	n1info	531933	kolumna	pol-drustvo	Kolumne/draza-petrovic	4	26	https://n1info.rs/kolumne/draza-petrovic/bitka-kod-vulina-i-dobojena-revolucija/	Jedini koji tog dana bio totalno trezven, nije prešao ni belu liniju niti je izgledao kao da je kod Termopila i Mnogopila, bio je, ko bi drugi, nego predsednik Vučić koji je tog dana konačno postigao svoj tisućvekovni san, da se bavi ginekologijom na nacionalnoj frekvenciji.
n1i-531933-005	n1info	531933	kolumna	pol-drustvo	Kolumne/draza-petrovic	5	26	https://n1info.rs/kolumne/draza-petrovic/bitka-kod-vulina-i-dobojena-revolucija/	- Nisam ginekolog, al’ mogu da pogledam – rekao je Vučić sav srećan u Nacionalnom dnevniku TV Pink i širokom auditorijumu saopštio kompletan ginekološki izveštaj svoje poslanice koja je u osmom mesecu trudnoće i pozlilo joj je tokom Bitke kod Vulina, poznate i kao Bitka kod Mnogopila.
n1i-531933-006	n1info	531933	kolumna	pol-drustvo	Kolumne/draza-petrovic	6	26	https://n1info.rs/kolumne/draza-petrovic/bitka-kod-vulina-i-dobojena-revolucija/	- Sonja Ilić, koja je u 8.
n1i-531933-007	n1info	531933	kolumna	pol-drustvo	Kolumne/draza-petrovic	7	26	https://n1info.rs/kolumne/draza-petrovic/bitka-kod-vulina-i-dobojena-revolucija/	mesecu trudnoće, dobro je, beba je dobro.
n1i-531933-008	n1info	531933	kolumna	pol-drustvo	Kolumne/draza-petrovic	8	26	https://n1info.rs/kolumne/draza-petrovic/bitka-kod-vulina-i-dobojena-revolucija/	Ona sa svojim suprugom se muči, ovo je treći pokušaj vantelesne oplodnje i u trećem su uspeli da Sonja zatrudni i ona bi za nekih mesec dana trebalo da rodi sina.
n1i-531933-009	n1info	531933	kolumna	pol-drustvo	Kolumne/draza-petrovic	9	26	https://n1info.rs/kolumne/draza-petrovic/bitka-kod-vulina-i-dobojena-revolucija/	Dali su mu već ime i iščekuju ga željno, biće Gavrilo i po njihovom planu biće kršten u Dečanima – objasnio je doktor primarijus Vučić, čovek koji gine za svoj narod pa je i zaslužio da bar pet minuta bude ginekolog.
n1i-531933-010	n1info	531933	kolumna	pol-drustvo	Kolumne/draza-petrovic	10	26	https://n1info.rs/kolumne/draza-petrovic/bitka-kod-vulina-i-dobojena-revolucija/	Doktor primarijus ginekolog je zatim u Nacionalnom dnevniku objasnio tačno svoju doktorsku disertaciju iz ginekologije, tezu koja se zove “Uticaj malog Gavrila na otpor obojenoj revoluciji”.
n1i-494127-012	n1info	494127	kolumna	pol-drustvo	Kolumne/draza-petrovic	12	43	https://n1info.rs/kolumne/draza-petrovic/pismo-podrske-vaterpolistima-srbije/	Nije ni slutio da će ovaj na prvom upravnom odboru poželeti da začepi usta svim nevernim Tomama i skočiti u bazen bez budnog oka spasioca.
n1i-494127-013	n1info	494127	kolumna	pol-drustvo	Kolumne/draza-petrovic	13	43	https://n1info.rs/kolumne/draza-petrovic/pismo-podrske-vaterpolistima-srbije/	A čak su se i kafe-kuvarice u Vaterpolo savezu Srbije pitale – šta će ovaj ovde, taj garantovano ne zna ni da pliva?
n1i-494127-014	n1info	494127	kolumna	pol-drustvo	Kolumne/draza-petrovic	14	43	https://n1info.rs/kolumne/draza-petrovic/pismo-podrske-vaterpolistima-srbije/	To je Vulina strašno iznerviralo.
n1i-494127-015	n1info	494127	kolumna	pol-drustvo	Kolumne/draza-petrovic	15	43	https://n1info.rs/kolumne/draza-petrovic/pismo-podrske-vaterpolistima-srbije/	I kroz špalir kafe-kuvarica i higijeničarki Vaterpolo saveza, vičući „bež’te žene ide Vajsmiler“, tog popodneva, zaleteo se i čulo se samo – buć!
n1i-494127-016	n1info	494127	kolumna	pol-drustvo	Kolumne/draza-petrovic	16	43	https://n1info.rs/kolumne/draza-petrovic/pismo-podrske-vaterpolistima-srbije/	– Ima još jedna loša vest – bojažljivo je rekao glasnik.
n1i-494127-017	n1info	494127	kolumna	pol-drustvo	Kolumne/draza-petrovic	17	43	https://n1info.rs/kolumne/draza-petrovic/pismo-podrske-vaterpolistima-srbije/	– ovo ni na sve spreman potpredsednik nije očekivao: „Koja?“ – Zoran Babić skočio da spašava Vulina!
n1i-494127-018	n1info	494127	kolumna	pol-drustvo	Kolumne/draza-petrovic	18	43	https://n1info.rs/kolumne/draza-petrovic/pismo-podrske-vaterpolistima-srbije/	– rekao je glasnik, tiho.
n1i-494127-019	n1info	494127	kolumna	pol-drustvo	Kolumne/draza-petrovic	19	43	https://n1info.rs/kolumne/draza-petrovic/pismo-podrske-vaterpolistima-srbije/	Piramidalni položaj šaka potpredsednika ubrzo je prešao u položaj poznatiji kao – hvatanje za glavu, poluočajno.
n1i-861102-005	n1info	861102	kolumna	hronika	Kolumne/boris-dezulovic	5	30	https://n1info.rs/kolumne/boris-dezulovic/kolumna-borisa-dezulovica-glavu-gore/	Semir je stigao iz Njemačke da ponovo prespava u roditeljskoj kući, zajedno s majkom Đemilom i ocem Redžom.
n1i-861102-006	n1info	861102	kolumna	hronika	Kolumne/boris-dezulovic	6	30	https://n1info.rs/kolumne/boris-dezulovic/kolumna-borisa-dezulovica-glavu-gore/	U susjednoj kući Adela je spavala sa svojim suprugom Vedadom, a u drugoj sobi spavali su njen svekar Hivzija i svekrva Sabaheta.
n1i-861102-007	n1info	861102	kolumna	hronika	Kolumne/boris-dezulovic	7	30	https://n1info.rs/kolumne/boris-dezulovic/kolumna-borisa-dezulovica-glavu-gore/	Malo dalje niz mahalu mirno su spavali Sabahetin brat Fikret sa ženom Amirom, njihov sin Arman i kćerka Irmela sa svojim mužem Jasminom.
n1i-861102-008	n1info	861102	kolumna	hronika	Kolumne/boris-dezulovic	8	30	https://n1info.rs/kolumne/boris-dezulovic/kolumna-borisa-dezulovica-glavu-gore/	Uspavano kišom koja je neprekidno padala, spavalo je cijelo selo: i Zejna i Rahima i Huma i Ernad i Ibrahim i Nezira i Ajla u osmom mjesecu trudnoće, zajedno sa suprugom i petogodišnjom kćerkicom.
n1i-861102-009	n1info	861102	kolumna	hronika	Kolumne/boris-dezulovic	9	30	https://n1info.rs/kolumne/boris-dezulovic/kolumna-borisa-dezulovica-glavu-gore/	Danijel je smjestio u svoj automobil suprugu i njihovo troje djece, desetogodišnju Lanu, sedmogodišnjeg Luku i jednogodišnju Milu, pa zajedno sa susjedom Dijanom krenuo na izlet u nedaleki manastir.
n1i-861102-010	n1info	861102	kolumna	hronika	Kolumne/boris-dezulovic	10	30	https://n1info.rs/kolumne/boris-dezulovic/kolumna-borisa-dezulovica-glavu-gore/	Boško, iskusni upravitelj stroja s trideset pet godina staža na brodu, nadgledao je pripreme za ukrcaj automobila i uočio odlijepljene gumene brtve na pramcu broda.
n1i-861102-011	n1info	861102	kolumna	hronika	Kolumne/boris-dezulovic	11	30	https://n1info.rs/kolumne/boris-dezulovic/kolumna-borisa-dezulovica-glavu-gore/	Pod pramčanom rampom trajekta na pristaništu su mu se onda pridružili i kormilari Denis i Marko.Običan dan.
n1i-861102-012	n1info	861102	kolumna	hronika	Kolumne/boris-dezulovic	12	30	https://n1info.rs/kolumne/boris-dezulovic/kolumna-borisa-dezulovica-glavu-gore/	Već u sljedećem trenutku svi su bili mrtvi – zgnječeni, zdrobljeni, smrskani i živi zakopani pod tisućama tona betona, kamenja, zemlje, blata, drva, čelika, željeza i stakla.
n1i-727014-029	n1info	727014	kolumna	kultura	Kolumne/draza-petrovic	29	38	https://n1info.rs/kolumne/draza-petrovic/balada-o-ani-laca-mati/	Predsednik je voli Jer ga stalno brani Začin je u svakoj Ćacilendskoj hrani.
n1i-727014-030	n1info	727014	kolumna	kultura	Kolumne/draza-petrovic	30	38	https://n1info.rs/kolumne/draza-petrovic/balada-o-ani-laca-mati/	Jarkovačka Ana Propala je skroz Upala u vilu Od Jovanke Broz.
n1i-727014-031	n1info	727014	kolumna	kultura	Kolumne/draza-petrovic	31	38	https://n1info.rs/kolumne/draza-petrovic/balada-o-ani-laca-mati/	Sada tamo živi Po svetu se skita Ponosna na kineskog Novog druga Tita.
n1i-727014-032	n1info	727014	kolumna	kultura	Kolumne/draza-petrovic	32	38	https://n1info.rs/kolumne/draza-petrovic/balada-o-ani-laca-mati/	Ponosito nosi Vijuge baš tanke Pametna je kao Kilo šljive ranke.
n1i-727014-033	n1info	727014	kolumna	kultura	Kolumne/draza-petrovic	33	38	https://n1info.rs/kolumne/draza-petrovic/balada-o-ani-laca-mati/	Ima mali problem Da pročita pasus Ali zato maestralno Savladava lapsus.
n1i-727014-034	n1info	727014	kolumna	kultura	Kolumne/draza-petrovic	34	38	https://n1info.rs/kolumne/draza-petrovic/balada-o-ani-laca-mati/	Nervozna je Ana Dok traju blokade Probošće nas lačem Na kraju balade.
n1i-727014-035	n1info	727014	kolumna	kultura	Kolumne/draza-petrovic	35	38	https://n1info.rs/kolumne/draza-petrovic/balada-o-ani-laca-mati/	Ko se lača mati Za glavu te skrati Ko je jeo suši Ima da povrati.
n1i-727014-036	n1info	727014	kolumna	kultura	Kolumne/draza-petrovic	36	38	https://n1info.rs/kolumne/draza-petrovic/balada-o-ani-laca-mati/	Ko se lača mati Nije mnogo fer Miting im je propo Ko tačkasti softver.
n1i-917305-007	n1info	917305	kolumna	pol-drustvo	Kolumne/draza-petrovic	7	33	https://n1info.rs/kolumne/draza-petrovic/srbiji-treba-prelazni-predsednik/	april, snimio Instagram video u kome je svim studentima čestitao praznik u majici: “I ja sam ćaci”.
n1i-917305-008	n1info	917305	kolumna	pol-drustvo	Kolumne/draza-petrovic	8	33	https://n1info.rs/kolumne/draza-petrovic/srbiji-treba-prelazni-predsednik/	Solidarišući se sa sirotim “ćacijima”, najstupidnijim i najsmešnijim primercima srpske stvarnosti, nekim felinijevskim likovima koji misle da se “biber sprej” zove “biber so”.
n1i-917305-009	n1info	917305	kolumna	pol-drustvo	Kolumne/draza-petrovic	9	33	https://n1info.rs/kolumne/draza-petrovic/srbiji-treba-prelazni-predsednik/	I koji misle da je drvo skraćenica od vola koji je doktorirao, pa bi i oni da dostignu taj cilj.
n1i-917305-010	n1info	917305	kolumna	pol-drustvo	Kolumne/draza-petrovic	10	33	https://n1info.rs/kolumne/draza-petrovic/srbiji-treba-prelazni-predsednik/	DrVo – baš tako izgledaju ćaciji među onolikim drvećem u Pionirskom parku.
n1i-917305-011	n1info	917305	kolumna	pol-drustvo	Kolumne/draza-petrovic	11	33	https://n1info.rs/kolumne/draza-petrovic/srbiji-treba-prelazni-predsednik/	I zato ih izgleda niko ne voli sem predsednika Srbije.
n1i-917305-012	n1info	917305	kolumna	pol-drustvo	Kolumne/draza-petrovic	12	33	https://n1info.rs/kolumne/draza-petrovic/srbiji-treba-prelazni-predsednik/	Uvek na strani najglupljih, najnenormalnijih, najnepristojnijih – trebalo bi da glasi geslo predsednika Srbije, čoveka koji se svakodnevno, kako voli da kaže, bori za “pristojnu i normalnu Srbiju” tako što je uspeo da izobliči osnovne vrednosne kategorije, pa su “ćaciji” u njegovom svetu postali najuzornji studenti kojim se treba diviti.
n1i-917305-013	n1info	917305	kolumna	pol-drustvo	Kolumne/draza-petrovic	13	33	https://n1info.rs/kolumne/draza-petrovic/srbiji-treba-prelazni-predsednik/	Najveći lažovi su postali najuzorniji novinari kojima se takođe treba diviti.
n1i-917305-014	n1info	917305	kolumna	pol-drustvo	Kolumne/draza-petrovic	14	33	https://n1info.rs/kolumne/draza-petrovic/srbiji-treba-prelazni-predsednik/	A najveći dripci, hohštapleri i muljatori su postali najuzorniji građani.
n1i-546031-017	n1info	546031	kolumna	pol-drustvo	Kolumne	17	39	https://n1info.rs/kolumne/ana-na-litijumske-baterije/	Osamdeset odsto flaširane vode sa izvorišta Srbije nalazi se u rukama stranih kompanija.
n1i-546031-018	n1info	546031	kolumna	pol-drustvo	Kolumne	18	39	https://n1info.rs/kolumne/ana-na-litijumske-baterije/	Za to su krivi oni koji su bili u juče u Loznici - rekla je ona.
n1i-546031-019	n1info	546031	kolumna	pol-drustvo	Kolumne	19	39	https://n1info.rs/kolumne/ana-na-litijumske-baterije/	Te, ne tako davne, 2019.
n1i-546031-020	n1info	546031	kolumna	pol-drustvo	Kolumne	20	39	https://n1info.rs/kolumne/ana-na-litijumske-baterije/	godine, započet je talas prodaja banja koje su u vlasništvu PIO fonda.
n1i-546031-021	n1info	546031	kolumna	pol-drustvo	Kolumne	21	39	https://n1info.rs/kolumne/ana-na-litijumske-baterije/	Najavljena je prodaja svih 27.
n1i-546031-022	n1info	546031	kolumna	pol-drustvo	Kolumne	22	39	https://n1info.rs/kolumne/ana-na-litijumske-baterije/	prodata je Gamzigradska banja, dok je Banjski kompleks Zlatar u Novoj Varoši prodat 2021.
n1i-546031-023	n1info	546031	kolumna	pol-drustvo	Kolumne	23	39	https://n1info.rs/kolumne/ana-na-litijumske-baterije/	Mataruška i Bogutovačka banja su se na dobošu našle združeno kao jedna firma i prodate su 2021.
n1i-546031-024	n1info	546031	kolumna	pol-drustvo	Kolumne	24	39	https://n1info.rs/kolumne/ana-na-litijumske-baterije/	"Iste godine, prodata je Kuršumlijska banja, kompaniji AD Planinka, koja poseduje i hotel ""Radan"" u Prolom banji i hotele ""Kopaonik"", ""Jelek"" i ""Bela jela"" u Lukovskoj banji."
n1i-818178-019	n1info	818178	kolumna	pol-drustvo	Kolumne/draza-petrovic	19	42	https://n1info.rs/kolumne/draza-petrovic/kolumna-draze-petrovica-mama-tata-predsednik-i-podkast/	-Šta si tamo radio, bogati?
n1i-818178-020	n1info	818178	kolumna	pol-drustvo	Kolumne/draza-petrovic	20	42	https://n1info.rs/kolumne/draza-petrovic/kolumna-draze-petrovica-mama-tata-predsednik-i-podkast/	- pita ga obično neko.
n1i-818178-021	n1info	818178	kolumna	pol-drustvo	Kolumne/draza-petrovic	21	42	https://n1info.rs/kolumne/draza-petrovic/kolumna-draze-petrovica-mama-tata-predsednik-i-podkast/	Onda samuvereno prepričava događaj koji je u biti izgledao sasvim drugačije.
n1i-818178-022	n1info	818178	kolumna	pol-drustvo	Kolumne/draza-petrovic	22	42	https://n1info.rs/kolumne/draza-petrovic/kolumna-draze-petrovica-mama-tata-predsednik-i-podkast/	Sačekam da ustane, dočekam ga desnom...
n1i-818178-023	n1info	818178	kolumna	pol-drustvo	Kolumne/draza-petrovic	23	42	https://n1info.rs/kolumne/draza-petrovic/kolumna-draze-petrovica-mama-tata-predsednik-i-podkast/	Vidim ne miče se, šta ću, pustim ga...
n1i-818178-024	n1info	818178	kolumna	pol-drustvo	Kolumne/draza-petrovic	24	42	https://n1info.rs/kolumne/draza-petrovic/kolumna-draze-petrovica-mama-tata-predsednik-i-podkast/	- opisuje predsednik tu borbu iz koje jedino nije jasno – otkud njemu masnica ispod oka, otkud skoro nezavisno Kosovo, otkud skoro pa izgledno kopanje litijuma u Jadru i Rađevini.
n1i-818178-025	n1info	818178	kolumna	pol-drustvo	Kolumne/draza-petrovic	25	42	https://n1info.rs/kolumne/draza-petrovic/kolumna-draze-petrovica-mama-tata-predsednik-i-podkast/	Dakle, negde po šumama i gorama interneta nađeš nešto što je totalna budalaština, i što svakako em niko normalan ne bi uzeo za ozbiljno, em je sramno bilo kome pominjati familiju, pogotovo majku i oca.
n1i-818178-026	n1info	818178	kolumna	pol-drustvo	Kolumne/draza-petrovic	26	42	https://n1info.rs/kolumne/draza-petrovic/kolumna-draze-petrovica-mama-tata-predsednik-i-podkast/	I niko to sem šačice pratilaca jednog od onih 12.350 podkasta ne bi ni video da tu budalaštinu prvo prenesu predsednikovi tabloidi, pa predsednikove televizije, te za to po želji predsednika sazna cela zemlja, od Horgoša i skoro do Dragaša.
n1i-465919-046	n1info	465919	kolumna	sport	Kolumne/ljubodrag-stojadinovic	46	57	https://n1info.rs/kolumne/ljubodrag-stojadinovic/nemanja-iz-srbije/	Nije on Tomašević niti Tipsarević da ga panegirici vođi drže u sramoti.
n1i-465919-047	n1info	465919	kolumna	sport	Kolumne/ljubodrag-stojadinovic	47	57	https://n1info.rs/kolumne/ljubodrag-stojadinovic/nemanja-iz-srbije/	Pretnje i planovi da se povredi ili ukloni Vidić, dolaze iz vrha vlasti i možda još stoje.
n1i-465919-048	n1info	465919	kolumna	sport	Kolumne/ljubodrag-stojadinovic	48	57	https://n1info.rs/kolumne/ljubodrag-stojadinovic/nemanja-iz-srbije/	Nije to zbog fudbalskog saveza, taj brlog je u nepovratnom rasulu, nego zbog prkosa i prezira prema njima.
n1i-465919-049	n1info	465919	kolumna	sport	Kolumne/ljubodrag-stojadinovic	49	57	https://n1info.rs/kolumne/ljubodrag-stojadinovic/nemanja-iz-srbije/	A to Vidić nije želeo da sakrije.
n1i-465919-050	n1info	465919	kolumna	sport	Kolumne/ljubodrag-stojadinovic	50	57	https://n1info.rs/kolumne/ljubodrag-stojadinovic/nemanja-iz-srbije/	Neuporedivo veći id svih koji su mu pretili, bez mrlje i senke, bio je a i sada je strašan centarhalf koga ne mogu da nadskoče, da kupe ili prepadnu.
n1i-465919-051	n1info	465919	kolumna	sport	Kolumne/ljubodrag-stojadinovic	51	57	https://n1info.rs/kolumne/ljubodrag-stojadinovic/nemanja-iz-srbije/	Juče je pitao „nadležne organe“: važe li još pretnje njemu, ili su povučene nestankom Kokeze.
n1i-465919-052	n1info	465919	kolumna	sport	Kolumne/ljubodrag-stojadinovic	52	57	https://n1info.rs/kolumne/ljubodrag-stojadinovic/nemanja-iz-srbije/	Mada uličari i propalice još rukovode fudbalom i državom.
n1i-465919-053	n1info	465919	kolumna	sport	Kolumne/ljubodrag-stojadinovic	53	57	https://n1info.rs/kolumne/ljubodrag-stojadinovic/nemanja-iz-srbije/	Da li mu je bezbednost i dalje ugoržena, neka kaže nitkov koji je umesto toga rekao: ne zanimaju me ni Vidić ni Kokeza.
n1i-441823-002	n1info	441823	kolumna	svet	Kolumne/ljubodrag-stojadinovic	2	63	https://n1info.rs/kolumne/ljubodrag-stojadinovic/novogodisnja-arka/	"""Šef je mislio na kraj dočeka"", kazao je Đuka dok je glodao neki svinjski papak i brisao se stolnjakom, ""događaju se velike stvari, Vuline, a ti si se udesio još u devet."
n1i-441823-003	n1info	441823	kolumna	svet	Kolumne/ljubodrag-stojadinovic	3	63	https://n1info.rs/kolumne/ljubodrag-stojadinovic/novogodisnja-arka/	Rekao sam ti da ne ušmrkuješ...
n1i-441823-004	n1info	441823	kolumna	svet	Kolumne/ljubodrag-stojadinovic	4	63	https://n1info.rs/kolumne/ljubodrag-stojadinovic/novogodisnja-arka/	"""Nisam ni šmrknuo"", štucnu Vulin, ""ta stvar je već u meni i radi...Jaoj što mi je lepo!"
n1i-441823-005	n1info	441823	kolumna	svet	Kolumne/ljubodrag-stojadinovic	5	63	https://n1info.rs/kolumne/ljubodrag-stojadinovic/novogodisnja-arka/	"""Kakva je to stvar u tebi, šta se to krije od mene"", zacvrkutala je Ana, držeći u ručici čašu malvazije."
n1i-441823-006	n1info	441823	kolumna	svet	Kolumne/ljubodrag-stojadinovic	6	63	https://n1info.rs/kolumne/ljubodrag-stojadinovic/novogodisnja-arka/	"""Belo, to je boja zime"", lanu Vulin i zaceni se od smeha..."
n1i-441823-007	n1info	441823	kolumna	svet	Kolumne/ljubodrag-stojadinovic	7	63	https://n1info.rs/kolumne/ljubodrag-stojadinovic/novogodisnja-arka/	"""Nestale su pljeskavice, moram da jedem krezle"", groknu Dačić iz nekog ćoška i obisa masne ruke o zadnjicu Jorgovanke Tabaković."
n1i-441823-008	n1info	441823	kolumna	svet	Kolumne/ljubodrag-stojadinovic	8	63	https://n1info.rs/kolumne/ljubodrag-stojadinovic/novogodisnja-arka/	"""Ijuuh"", ciknu Jorgovanka, ""Aleksandre, Srbija tebe nije dostojna, ali ove svinje iz SPS-a, sačuvaj me gospode, šlepaju se uz tebe."
n1i-441823-009	n1info	441823	kolumna	svet	Kolumne/ljubodrag-stojadinovic	9	63	https://n1info.rs/kolumne/ljubodrag-stojadinovic/novogodisnja-arka/	"""Pusti Dačića"", reče Šef, ""on mi je pouzdaniji od svih vas, mada ga ne podnosim."
n1i-717253-029	n1info	717253	kolumna	pol-drustvo	Kolumne	29	60	https://n1info.rs/kolumne/veliki-mestar-sviju-hulja-pretnje-nasoj-lepoj-deci/	Pad nadstrešnice, posle niza zločina i pogibija, bila je ta kap koja je prelila prepunu čašu i narod se izlio na ulice.
n1i-717253-030	n1info	717253	kolumna	pol-drustvo	Kolumne	30	60	https://n1info.rs/kolumne/veliki-mestar-sviju-hulja-pretnje-nasoj-lepoj-deci/	Iz letargije i očajanja izvukla su nas naša deca od koje to nismo ni očekivali, greh na našu dušu.
n1i-717253-031	n1info	717253	kolumna	pol-drustvo	Kolumne	31	60	https://n1info.rs/kolumne/veliki-mestar-sviju-hulja-pretnje-nasoj-lepoj-deci/	Cela se Srbija podigla, a naša deca su krenula na biciklama da podignu i Evropu.
n1i-717253-032	n1info	717253	kolumna	pol-drustvo	Kolumne	32	60	https://n1info.rs/kolumne/veliki-mestar-sviju-hulja-pretnje-nasoj-lepoj-deci/	Velike su šanse da ih taj potez odvede pravo u istoriju.
n1i-717253-033	n1info	717253	kolumna	pol-drustvo	Kolumne	33	60	https://n1info.rs/kolumne/veliki-mestar-sviju-hulja-pretnje-nasoj-lepoj-deci/	A šta za to vreme rade ćaci na čelu sa svojim guruom, kraljem svih ćacija, velikim meštrom sviju hulja (Krleža)?
n1i-717253-034	n1info	717253	kolumna	pol-drustvo	Kolumne	34	60	https://n1info.rs/kolumne/veliki-mestar-sviju-hulja-pretnje-nasoj-lepoj-deci/	Okreću se po prvi put oko sebe u čudu, ne znaju šta se događa, pa ne znaju ni kako to da spreče.
n1i-717253-035	n1info	717253	kolumna	pol-drustvo	Kolumne	35	60	https://n1info.rs/kolumne/veliki-mestar-sviju-hulja-pretnje-nasoj-lepoj-deci/	Jedino vide da u novom poretku koji neminovno dolazi, za njih i njihov ćacilend nema mesta.
n1i-717253-036	n1info	717253	kolumna	pol-drustvo	Kolumne	36	60	https://n1info.rs/kolumne/veliki-mestar-sviju-hulja-pretnje-nasoj-lepoj-deci/	I umesto da to shvate i povuku se dok još mogu, nikako bez posledica, ali svakako sa manjim posledicama nego što će biti u budućnosti, oni negiraju realnost.
n1i-968871-020	n1info	968871	kolumna	svet	Kolumne/boris-dezulovic	20	56	https://n1info.rs/kolumne/boris-dezulovic/boris-dezulovic-kolumne-marko-perkovic-thompson/	"Je li to ona iz pjesme ""Zašto si se okomila na me"", ""ti si ljuta zmija, seko"", ili jedna od onih iz ""Ne pitaj mene"", ""al' se barem nismo kao zmije krili"", ili možda ona iz ""Maranathe"", ""satri zmiju, zmaja paklenoga""?"
n1i-968871-021	n1info	968871	kolumna	svet	Kolumne/boris-dezulovic	21	56	https://n1info.rs/kolumne/boris-dezulovic/boris-dezulovic-kolumne-marko-perkovic-thompson/	"Je li to poskok iz ""Zagore"", gdje su ""poskok, čovik, vuk i vila"", ili onaj iz ""Čelebića i Rujana"", gdje ""ugrist će te poskok iz kamena svakog""?"
n1i-968871-022	n1info	968871	kolumna	svet	Kolumne/boris-dezulovic	22	56	https://n1info.rs/kolumne/boris-dezulovic/boris-dezulovic-kolumne-marko-perkovic-thompson/	Pa ono, kako pjesnik reče, grmlje, trave i šikare.
n1i-968871-023	n1info	968871	kolumna	svet	Kolumne/boris-dezulovic	23	56	https://n1info.rs/kolumne/boris-dezulovic/boris-dezulovic-kolumne-marko-perkovic-thompson/	"Je li šikara koju će popularni pjevač vratiti na mjesto svojih bespravnih objekata ona iz ""Dive Grabovčeve"", ""gdje iz kamena raste cvijeće"", ili ona iz pjesme ""Tamo gdje su moji korijeni"", ""jutro mi nosi miris smilja gorskoga""?"
n1i-968871-024	n1info	968871	kolumna	svet	Kolumne/boris-dezulovic	24	56	https://n1info.rs/kolumne/boris-dezulovic/boris-dezulovic-kolumne-marko-perkovic-thompson/	"Je li to poljsko cvijeće iz ""Samo je ljubav tajna dvaju svjetova"", ""kao cvijet u polju/ medju bijelim brezama"", ili grm divljih ruža iz ""Dan dolazi"", ""kada divlje ruže procvjetaju""?"
n1i-968871-025	n1info	968871	kolumna	svet	Kolumne/boris-dezulovic	25	56	https://n1info.rs/kolumne/boris-dezulovic/boris-dezulovic-kolumne-marko-perkovic-thompson/	"Je li to trnje iz ""Bog i Hrvati"", kad Svemogući ""vodi svoj narod kroz trnje i led"", ili ono iz ""Uvijek vjerni tebi"", ""kako trnje bode/ na putu do slobode""?"
n1i-968871-026	n1info	968871	kolumna	svet	Kolumne/boris-dezulovic	26	56	https://n1info.rs/kolumne/boris-dezulovic/boris-dezulovic-kolumne-marko-perkovic-thompson/	"Je li to drača iz ""Zašto si se okomila na me"", u kojoj ""moju je dušu uhvatilo trnje"", ili ona iz ""Ne boj se"", u kojoj ""život je staza i trnja i cvijeća""?"
n1i-968871-027	n1info	968871	kolumna	svet	Kolumne/boris-dezulovic	27	56	https://n1info.rs/kolumne/boris-dezulovic/boris-dezulovic-kolumne-marko-perkovic-thompson/	"Je li to ona trava iz ""Moj Ivane"", u kojoj se ne zna ""čija j' ono livada, čija j' ono trava"", ili iz ""Dan dolazi"", ""zbogom nebo plavo/ i mog doma rosna travo""?"
n1i-648790-033	n1info	648790	kolumna	pol-drustvo	Kolumne/ljubodrag-stojadinovic	33	43	https://n1info.rs/kolumne/ljubodrag-stojadinovic/kolumna-ljubodraga-stojadinovica-izopaceno-lice-drzavne-prinude/	Vodeći general koji godinama drži glavu među jajima, nije smeo da kaže ono što je morao: ta jedinica ne napada ono najbolje što imamo.
n1i-648790-034	n1info	648790	kolumna	pol-drustvo	Kolumne/ljubodrag-stojadinovic	34	43	https://n1info.rs/kolumne/ljubodrag-stojadinovic/kolumna-ljubodraga-stojadinovica-izopaceno-lice-drzavne-prinude/	Sila bez razuma nije legitimna.
n1i-648790-035	n1info	648790	kolumna	pol-drustvo	Kolumne/ljubodrag-stojadinovic	35	43	https://n1info.rs/kolumne/ljubodrag-stojadinovic/kolumna-ljubodraga-stojadinovica-izopaceno-lice-drzavne-prinude/	Legitimna je odbrana od nje.
n1i-648790-036	n1info	648790	kolumna	pol-drustvo	Kolumne/ljubodrag-stojadinovic	36	43	https://n1info.rs/kolumne/ljubodrag-stojadinovic/kolumna-ljubodraga-stojadinovica-izopaceno-lice-drzavne-prinude/	Napad na studente ako razapnu šatore da taboruju na Autokomandi (kao replika Majdana), za njega je poslednji čas.
n1i-648790-037	n1info	648790	kolumna	pol-drustvo	Kolumne/ljubodrag-stojadinovic	37	43	https://n1info.rs/kolumne/ljubodrag-stojadinovic/kolumna-ljubodraga-stojadinovica-izopaceno-lice-drzavne-prinude/	Srbija nema Majdan, Beograd, na primer, ima Slaviju.
n1i-648790-038	n1info	648790	kolumna	pol-drustvo	Kolumne/ljubodrag-stojadinovic	38	43	https://n1info.rs/kolumne/ljubodrag-stojadinovic/kolumna-ljubodraga-stojadinovica-izopaceno-lice-drzavne-prinude/	Stvor kome preti opasnost da precrkne zbog toga što ga svi ignorišu a postaje predmet sprdnje i zajebancije, možda želi da pokaže svirepu ozbiljnost.
n1i-648790-039	n1info	648790	kolumna	pol-drustvo	Kolumne/ljubodrag-stojadinovic	39	43	https://n1info.rs/kolumne/ljubodrag-stojadinovic/kolumna-ljubodraga-stojadinovica-izopaceno-lice-drzavne-prinude/	Siguran je spontani i tragični raspad njegove oružane sile ako bi je poveo u napad na beogradske i novosadske studente uz sasluženje brata Andreja, vlasnika Vojvodine.
n1i-648790-040	n1info	648790	kolumna	pol-drustvo	Kolumne/ljubodrag-stojadinovic	40	43	https://n1info.rs/kolumne/ljubodrag-stojadinovic/kolumna-ljubodraga-stojadinovica-izopaceno-lice-drzavne-prinude/	Pobunjeni studenti i građani koji ne žele, ne mogu niti imaju gde da uzmaknu, strepe od tragedije.
n1i-434641-029	n1info	434641	kolumna	pol-drustvo	Kolumne/ljubodrag-stojadinovic	29	41	https://n1info.rs/kolumne/ljubodrag-stojadinovic/carapice-boje-lila/	Jovanov je duhovit kao šporet, ali on to ne zna niti je moguće da sazna.
n1i-434641-030	n1info	434641	kolumna	pol-drustvo	Kolumne/ljubodrag-stojadinovic	30	41	https://n1info.rs/kolumne/ljubodrag-stojadinovic/carapice-boje-lila/	Ništa na svetu ne može čoveka bez duha da uveri kako je lišen toga i da mu takav poremećaj oduzima skoro sve što misli da ima.
n1i-434641-031	n1info	434641	kolumna	pol-drustvo	Kolumne/ljubodrag-stojadinovic	31	41	https://n1info.rs/kolumne/ljubodrag-stojadinovic/carapice-boje-lila/	Izašao je i javno rekao da ni on neće primiti Piculu, jer – to ste čuli i videli – ima neodložne poslove u vezi sa slaganjem čarapa po bojama.
n1i-434641-032	n1info	434641	kolumna	pol-drustvo	Kolumne/ljubodrag-stojadinovic	32	41	https://n1info.rs/kolumne/ljubodrag-stojadinovic/carapice-boje-lila/	On je pokazao nadmoćni osmeh nakon te dosetke sa neodložnim poslovima oko obuvki koje on ima u posedu, u više boja: od tamnih do ružičastih, ultramarin, klot belih i lila.
n1i-434641-033	n1info	434641	kolumna	pol-drustvo	Kolumne/ljubodrag-stojadinovic	33	41	https://n1info.rs/kolumne/ljubodrag-stojadinovic/carapice-boje-lila/	Pletenih, vezenih izatkanih sa folklornim šarama.
n1i-434641-034	n1info	434641	kolumna	pol-drustvo	Kolumne/ljubodrag-stojadinovic	34	41	https://n1info.rs/kolumne/ljubodrag-stojadinovic/carapice-boje-lila/	Obred sa slaganjem čarapa uz antologijski tupu dosetku, ovde postaje deo diplomatskog vaspitanja.
n1i-434641-035	n1info	434641	kolumna	pol-drustvo	Kolumne/ljubodrag-stojadinovic	35	41	https://n1info.rs/kolumne/ljubodrag-stojadinovic/carapice-boje-lila/	Čarape Milenka Jovanova ulaze u rekvizite za spoljne poslove.
n1i-434641-036	n1info	434641	kolumna	pol-drustvo	Kolumne/ljubodrag-stojadinovic	36	41	https://n1info.rs/kolumne/ljubodrag-stojadinovic/carapice-boje-lila/	Pre nego što započne sređivanje gaća, podvezica, haltera, tangi i čitavog ekskluzivnog naprednjačkog vešeraja.
n1i-419508-019	n1info	419508	kolumna	pol-drustvo	Kolumne/ljubodrag-stojadinovic	19	59	https://n1info.rs/kolumne/ljubodrag-stojadinovic/generali-njegove-vojske-kolumna-ljubodraga-stojadinovica/	Policiju smo razumeli kao mobilno pretorijansko udruženje, poniženo i iscrpljeno i na samoj granici nerava i rasula.
n1i-419508-020	n1info	419508	kolumna	pol-drustvo	Kolumne/ljubodrag-stojadinovic	20	59	https://n1info.rs/kolumne/ljubodrag-stojadinovic/generali-njegove-vojske-kolumna-ljubodraga-stojadinovica/	Policija se možda već raspala, samo je oklopi i maske drže u jednom komadu.
n1i-419508-021	n1info	419508	kolumna	pol-drustvo	Kolumne/ljubodrag-stojadinovic	21	59	https://n1info.rs/kolumne/ljubodrag-stojadinovic/generali-njegove-vojske-kolumna-ljubodraga-stojadinovica/	Ako građani vide da se unutra nalaze ljudi, ostaće samo nakaze iz Pionirskog parka, fukara sa gumenim čekićima i ofucani zlikovci.
n1i-419508-022	n1info	419508	kolumna	pol-drustvo	Kolumne/ljubodrag-stojadinovic	22	59	https://n1info.rs/kolumne/ljubodrag-stojadinovic/generali-njegove-vojske-kolumna-ljubodraga-stojadinovica/	I student-doktor Pavlović, fantastična tvorevina iz predanja o poreklu mučnine.
n1i-419508-023	n1info	419508	kolumna	pol-drustvo	Kolumne/ljubodrag-stojadinovic	23	59	https://n1info.rs/kolumne/ljubodrag-stojadinovic/generali-njegove-vojske-kolumna-ljubodraga-stojadinovica/	Ljubimac i bliski družbenik despota i njegov pomoćnik u proizvodnji apsurda i nespokoja.
n1i-419508-024	n1info	419508	kolumna	pol-drustvo	Kolumne/ljubodrag-stojadinovic	24	59	https://n1info.rs/kolumne/ljubodrag-stojadinovic/generali-njegove-vojske-kolumna-ljubodraga-stojadinovica/	Vojska ostaje zagonenta, pretežno zbog neprijatne servilnosti njenog vrha.
n1i-419508-025	n1info	419508	kolumna	pol-drustvo	Kolumne/ljubodrag-stojadinovic	25	59	https://n1info.rs/kolumne/ljubodrag-stojadinovic/generali-njegove-vojske-kolumna-ljubodraga-stojadinovica/	Iza te fasadne cigle od generalskih lica, svakako stoji vrednosna iluzija o tome šta je njihov posao.
n1i-419508-026	n1info	419508	kolumna	pol-drustvo	Kolumne/ljubodrag-stojadinovic	26	59	https://n1info.rs/kolumne/ljubodrag-stojadinovic/generali-njegove-vojske-kolumna-ljubodraga-stojadinovica/	Takozvani vojni vrh je sačinjen od probranih podanika koji su u svojoj karijernoj vrednosnoj inverziji za svoj najvažniji posao uzeli čuvanje ludog monarha na prestolu.
n1i-539601-019	n1info	539601	kolumna	pol-drustvo	Kolumne/draza-petrovic	19	29	https://n1info.rs/kolumne/draza-petrovic/cacilendologija-nauku-o-cacilendu-nova-kolumna-draze-petrovica/	Ćacilend je, dakle, bio klica otpora svim poštenim ljudima koji su želeli da se voze autobusima broj 26 i broj 37, to je njegova herojska istorijska uloga, pisaće u udžbenicima iz Ćacilendologije.
n1i-539601-020	n1info	539601	kolumna	pol-drustvo	Kolumne/draza-petrovic	20	29	https://n1info.rs/kolumne/draza-petrovic/cacilendologija-nauku-o-cacilendu-nova-kolumna-draze-petrovica/	I onda je jednog dana, jedan korisnik gradskog prevoza koji je čekao autobus u Francuskoj ulici na Dorćolu, posle dva sata čekanja slučajno saznao da „dvaes šestica“ više ne ide tom trasom pa samim tim i ne staje na toj stanici.
n1i-539601-021	n1info	539601	kolumna	pol-drustvo	Kolumne/draza-petrovic	21	29	https://n1info.rs/kolumne/draza-petrovic/cacilendologija-nauku-o-cacilendu-nova-kolumna-draze-petrovica/	U napadu besa, on je na pumpi u Francuskoj ulici natočio kanister benzina i otišao da zapali Ćacilend.
n1i-539601-022	n1info	539601	kolumna	pol-drustvo	Kolumne/draza-petrovic	22	29	https://n1info.rs/kolumne/draza-petrovic/cacilendologija-nauku-o-cacilendu-nova-kolumna-draze-petrovica/	Kada je stigao tamo, među ćacilendske šatore, kao u „Hasanaginici“, počeo je da recituje: Šta se bijeli u gori zelenoj?
n1i-539601-023	n1info	539601	kolumna	pol-drustvo	Kolumne/draza-petrovic	23	29	https://n1info.rs/kolumne/draza-petrovic/cacilendologija-nauku-o-cacilendu-nova-kolumna-draze-petrovica/	Jal' je snijeg, jal' su labudovi?
n1i-539601-024	n1info	539601	kolumna	pol-drustvo	Kolumne/draza-petrovic	24	29	https://n1info.rs/kolumne/draza-petrovic/cacilendologija-nauku-o-cacilendu-nova-kolumna-draze-petrovica/	Da je snijeg, već bi okopnio, Labudovi već bi poletjeli.
n1i-539601-025	n1info	539601	kolumna	pol-drustvo	Kolumne/draza-petrovic	25	29	https://n1info.rs/kolumne/draza-petrovic/cacilendologija-nauku-o-cacilendu-nova-kolumna-draze-petrovica/	Nit' je snijeg nit' su labudovi, Već šatori Lage Hasan Lage.
n1i-539601-026	n1info	539601	kolumna	pol-drustvo	Kolumne/draza-petrovic	26	29	https://n1info.rs/kolumne/draza-petrovic/cacilendologija-nauku-o-cacilendu-nova-kolumna-draze-petrovica/	Međutim, taj besni korisnik linije 26 je uhapšen jer je jedinom preostalom žitelju Ćacilenda bilo sumnjivo što neko nosi kanister s benzinom i prosipa ga po šatorima, upravo u trenutku kada su uvedene sankcije NIS-u, pisaće u udžbeniku iz Ćacilendologije.
n1i-467835-015	n1info	467835	kolumna	pol-drustvo	Kolumne/biljana-stepanovic	15	36	https://n1info.rs/kolumne/biljana-stepanovic/koliko-ce-jos-izdrzati-telesina-na-staklenim-nozicama-i-sta-cemo-u-danu-posle/	Svi oni su najjače optužnice protiv ovoga što živimo.
n1i-467835-016	n1info	467835	kolumna	pol-drustvo	Kolumne/biljana-stepanovic	16	36	https://n1info.rs/kolumne/biljana-stepanovic/koliko-ce-jos-izdrzati-telesina-na-staklenim-nozicama-i-sta-cemo-u-danu-posle/	Nije izvesno šta Srbiju čeka u bliskoj budućnosti.
n1i-467835-017	n1info	467835	kolumna	pol-drustvo	Kolumne/biljana-stepanovic	17	36	https://n1info.rs/kolumne/biljana-stepanovic/koliko-ce-jos-izdrzati-telesina-na-staklenim-nozicama-i-sta-cemo-u-danu-posle/	Šta će biti sa NIS-om, a time i sa redovnim snabdevanjem derivatima nafte, nije u našim rukama.
n1i-467835-018	n1info	467835	kolumna	pol-drustvo	Kolumne/biljana-stepanovic	18	36	https://n1info.rs/kolumne/biljana-stepanovic/koliko-ce-jos-izdrzati-telesina-na-staklenim-nozicama-i-sta-cemo-u-danu-posle/	Šta će biti sa gasom, čekamo Novu godinu i novi dogovor sa Rusijom koja nam je jedini snabdevač.
n1i-467835-019	n1info	467835	kolumna	pol-drustvo	Kolumne/biljana-stepanovic	19	36	https://n1info.rs/kolumne/biljana-stepanovic/koliko-ce-jos-izdrzati-telesina-na-staklenim-nozicama-i-sta-cemo-u-danu-posle/	Šta će biti sa ekonomijom, kursom dinara, inflacijom, cenama, radnim mestima, grejanjem zimus, zavisi od razrešenja prva dva pitanja.
n1i-467835-020	n1info	467835	kolumna	pol-drustvo	Kolumne/biljana-stepanovic	20	36	https://n1info.rs/kolumne/biljana-stepanovic/koliko-ce-jos-izdrzati-telesina-na-staklenim-nozicama-i-sta-cemo-u-danu-posle/	Jedino što je sasvim izvesno, to je da je ovaj radikalski anti-sistem prevaziđen i potrošen i da je ostao u prošlosti.
n1i-467835-021	n1info	467835	kolumna	pol-drustvo	Kolumne/biljana-stepanovic	21	36	https://n1info.rs/kolumne/biljana-stepanovic/koliko-ce-jos-izdrzati-telesina-na-staklenim-nozicama-i-sta-cemo-u-danu-posle/	Koliko će njegove staklene nožice još moći da nose tu telesinu, koliko ćemo se još tačno sa njim mrcvariti i da li će izbori biti način da ode, to trenutno ne znamo, ali na odgovor sigurno nećemo čekati godinama, već mesecima.
n1i-467835-022	n1info	467835	kolumna	pol-drustvo	Kolumne/biljana-stepanovic	22	36	https://n1info.rs/kolumne/biljana-stepanovic/koliko-ce-jos-izdrzati-telesina-na-staklenim-nozicama-i-sta-cemo-u-danu-posle/	Naše je da već sada, na vreme, razmišljamo o tome kako da nam se ovako nešto zaista više nikad ne ponovi.
n1i-609675-040	n1info	609675	kolumna	svet	Kolumne/boris-dezulovic	40	70	https://n1info.rs/kolumne/boris-dezulovic/zakon-o-javnom-lincu/	A protiv nas dižu prijave!
n1i-609675-041	n1info	609675	kolumna	svet	Kolumne/boris-dezulovic	41	70	https://n1info.rs/kolumne/boris-dezulovic/zakon-o-javnom-lincu/	Zato što ti smradovi komunistički, udbaški, KOS-ovski, jugoslavenski, velikosrpski vode hrvatsku državu!
n1i-609675-042	n1info	609675	kolumna	svet	Kolumne/boris-dezulovic	42	70	https://n1info.rs/kolumne/boris-dezulovic/zakon-o-javnom-lincu/	I zato ja kažem: Hrvatsku ćemo osloboditi!
n1i-609675-043	n1info	609675	kolumna	svet	Kolumne/boris-dezulovic	43	70	https://n1info.rs/kolumne/boris-dezulovic/zakon-o-javnom-lincu/	Evo, to je hrvatska država: Hrvatska policija brani četnika, običnog četnika!
n1i-609675-044	n1info	609675	kolumna	svet	Kolumne/boris-dezulovic	44	70	https://n1info.rs/kolumne/boris-dezulovic/zakon-o-javnom-lincu/	On nema nogu, pokaži im!
n1i-609675-045	n1info	609675	kolumna	svet	Kolumne/boris-dezulovic	45	70	https://n1info.rs/kolumne/boris-dezulovic/zakon-o-javnom-lincu/	Ajde u Beograd u Informera!
n1i-609675-046	n1info	609675	kolumna	svet	Kolumne/boris-dezulovic	46	70	https://n1info.rs/kolumne/boris-dezulovic/zakon-o-javnom-lincu/	Dežuloviću, znamo mi gdje ti živiš, na kojoj adresi na magistrali, znamo mi jako dobro tko si ti, ali nećete više pisati protiv Hrvatske, zapamti to!
n1i-609675-047	n1info	609675	kolumna	svet	Kolumne/boris-dezulovic	47	70	https://n1info.rs/kolumne/boris-dezulovic/zakon-o-javnom-lincu/	Ajde u Srbiju, jebem ti mater, mater ti jebem!
n1i-243965-022	n1info	243965	kolumna	pol-drustvo	Kolumne/draza-petrovic	22	34	https://n1info.rs/kolumne/draza-petrovic/leteci-cirkus-montenegro-pajtona/	I onda su opisali svoju misiju: predsedniku je, recimo, rođendan, onda oni kupe baklje, kupe helijumske balone u obliku „Happy birthday“, kupe tortu koja ima spratova ko „kulčina“, sakriju se negde, pa kad se predsednik pojavi, oni iskoče iz zaklona i viknu: „Suprajs!“ – Ijaooo, baš slatko!
n1i-243965-023	n1info	243965	kolumna	pol-drustvo	Kolumne/draza-petrovic	23	34	https://n1info.rs/kolumne/draza-petrovic/leteci-cirkus-montenegro-pajtona/	– konačno se oraspoložio neljubazni aerodromski policajac, zamišljajući ovih 87 ćelavih pripadnika AVačkog klana kako složno viču „Suprajs“, mašu prskalicama i duvaju u šarene rođendanske trubice.
n1i-243965-024	n1info	243965	kolumna	pol-drustvo	Kolumne/draza-petrovic	24	34	https://n1info.rs/kolumne/draza-petrovic/leteci-cirkus-montenegro-pajtona/	Setio se onda ključne stvari.
n1i-243965-025	n1info	243965	kolumna	pol-drustvo	Kolumne/draza-petrovic	25	34	https://n1info.rs/kolumne/draza-petrovic/leteci-cirkus-montenegro-pajtona/	– I čekaj, vašem predsedniku je sad rođendan, pa ste došli u naš prelepi Montenegro!?
n1i-243965-026	n1info	243965	kolumna	pol-drustvo	Kolumne/draza-petrovic	26	34	https://n1info.rs/kolumne/draza-petrovic/leteci-cirkus-montenegro-pajtona/	– Ne, nije mu rođendan, bio mu je već 5.
n1i-243965-027	n1info	243965	kolumna	pol-drustvo	Kolumne/draza-petrovic	27	34	https://n1info.rs/kolumne/draza-petrovic/leteci-cirkus-montenegro-pajtona/	marta, sad mu spremamo iznenađenje da vide svi ovi Makroni, moroni, morbili, ustaše, blokaderi, milogorci i ostali EU zlotvori da Srbija pobeđuje na svim frontovima!
n1i-243965-028	n1info	243965	kolumna	pol-drustvo	Kolumne/draza-petrovic	28	34	https://n1info.rs/kolumne/draza-petrovic/leteci-cirkus-montenegro-pajtona/	Samo, pliz, ćutite, o tome nikom ni reč, to je iznenađenje za njega – kazali su.
n1i-243965-029	n1info	243965	kolumna	pol-drustvo	Kolumne/draza-petrovic	29	34	https://n1info.rs/kolumne/draza-petrovic/leteci-cirkus-montenegro-pajtona/	Hm, zamislio se aerodromski policajac.
n1i-569098-023	n1info	569098	kolumna	svet	Kolumne/draza-petrovic	23	44	https://n1info.rs/kolumne/draza-petrovic/uskliknimo-s-ljubavlju-svetitelju-av-i/	Hram Svetog Save, objasnili su iz SPC-a, radi do 20 časova, pošto se hramovi Srpske pravoslavne crkve odavno ne razlikuju od šoping-molova.
n1i-569098-024	n1info	569098	kolumna	svet	Kolumne/draza-petrovic	24	44	https://n1info.rs/kolumne/draza-petrovic/uskliknimo-s-ljubavlju-svetitelju-av-i/	Mada čak i šoping-molovi rade do 22 sata, pa bi trebalo razmisliti da se po tom principu produži i radno vreme Hrama Svetog Save.
n1i-569098-025	n1info	569098	kolumna	svet	Kolumne/draza-petrovic	25	44	https://n1info.rs/kolumne/draza-petrovic/uskliknimo-s-ljubavlju-svetitelju-av-i/	Jer ako može Galerija da ima produženo radno vreme, može i Hram.
n1i-569098-026	n1info	569098	kolumna	svet	Kolumne/draza-petrovic	26	44	https://n1info.rs/kolumne/draza-petrovic/uskliknimo-s-ljubavlju-svetitelju-av-i/	Hram Svetog AV-a je svuda oko nas i radi non-stop.
n1i-569098-027	n1info	569098	kolumna	svet	Kolumne/draza-petrovic	27	44	https://n1info.rs/kolumne/draza-petrovic/uskliknimo-s-ljubavlju-svetitelju-av-i/	Sveti AV-a vas budi u jutarnjim programima, zatim oko 11 sati, kad se završi jutarnji program, Sveti AV-a ima specijalni program kada učimo osnovne principe svetoAVlja.
n1i-569098-028	n1info	569098	kolumna	svet	Kolumne/draza-petrovic	28	44	https://n1info.rs/kolumne/draza-petrovic/uskliknimo-s-ljubavlju-svetitelju-av-i/	Uveče je Sveti AV-a na Kolegijumu Informera, svetoAVskom pravoslavnom organu za koji je potreban specijalistički konzilijum.
n1i-569098-029	n1info	569098	kolumna	svet	Kolumne/draza-petrovic	29	44	https://n1info.rs/kolumne/draza-petrovic/uskliknimo-s-ljubavlju-svetitelju-av-i/	Hram Svetog Save je na Vračaru, dok je Sveti AV-a najpoznatija srpska vračara.
n1i-569098-030	n1info	569098	kolumna	svet	Kolumne/draza-petrovic	30	44	https://n1info.rs/kolumne/draza-petrovic/uskliknimo-s-ljubavlju-svetitelju-av-i/	Kao takav, sve zna šta će se desiti i to unapred.
n1i-722816-035	n1info	722816	kolumna	pol-drustvo	Kolumne/ljubodrag-stojadinovic	35	43	https://n1info.rs/kolumne/ljubodrag-stojadinovic/ostala-je-samo-ulica-kolumna-ljubodrag-stojadinovic/	Oni spremaju svu silu kojom raspolažu za to što sledi kao nova farsa.
n1i-722816-036	n1info	722816	kolumna	pol-drustvo	Kolumne/ljubodrag-stojadinovic	36	43	https://n1info.rs/kolumne/ljubodrag-stojadinovic/ostala-je-samo-ulica-kolumna-ljubodrag-stojadinovic/	I onda ćemo obeleženi lomovima i modricama, slomljenih rebara i krvavih glava, reći da je dobro, nedostaje samo još malo.
n1i-722816-037	n1info	722816	kolumna	pol-drustvo	Kolumne/ljubodrag-stojadinovic	37	43	https://n1info.rs/kolumne/ljubodrag-stojadinovic/ostala-je-samo-ulica-kolumna-ljubodrag-stojadinovic/	Sledeći put, kroz četiri godine sigurno će biti mnogo bolje.
n1i-722816-038	n1info	722816	kolumna	pol-drustvo	Kolumne/ljubodrag-stojadinovic	38	43	https://n1info.rs/kolumne/ljubodrag-stojadinovic/ostala-je-samo-ulica-kolumna-ljubodrag-stojadinovic/	On sprema zatvaranje preostalih slobodnih medija, hapšenje opozicionih lidera i slobodnih novinara.
n1i-722816-039	n1info	722816	kolumna	pol-drustvo	Kolumne/ljubodrag-stojadinovic	39	43	https://n1info.rs/kolumne/ljubodrag-stojadinovic/ostala-je-samo-ulica-kolumna-ljubodrag-stojadinovic/	Agresivni agitprop bi sve protivnike vlasti proglasio za teroriste i ustaše, a to već i čini.
n1i-722816-040	n1info	722816	kolumna	pol-drustvo	Kolumne/ljubodrag-stojadinovic	40	43	https://n1info.rs/kolumne/ljubodrag-stojadinovic/ostala-je-samo-ulica-kolumna-ljubodrag-stojadinovic/	Srbija će izgubiti budućnost ako građani odustanu od svoje slobode, masovne pobune i otpora.
n1i-722816-041	n1info	722816	kolumna	pol-drustvo	Kolumne/ljubodrag-stojadinovic	41	43	https://n1info.rs/kolumne/ljubodrag-stojadinovic/ostala-je-samo-ulica-kolumna-ljubodrag-stojadinovic/	Ukidanje velikog zla je neminovno i neizbežno, ulica je mesto demokratske borbe i presudne odbrane od terora.
n1i-722816-042	n1info	722816	kolumna	pol-drustvo	Kolumne/ljubodrag-stojadinovic	42	43	https://n1info.rs/kolumne/ljubodrag-stojadinovic/ostala-je-samo-ulica-kolumna-ljubodrag-stojadinovic/	To su slobodni izbori, jedini koji su preostali.
n1i-816622-024	n1info	816622	kolumna	pol-drustvo	Kolumne/ljubodrag-stojadinovic	24	34	https://n1info.rs/kolumne/ljubodrag-stojadinovic/epska-tragedija/	Mnogi su se, iz za sada nepoznatih razloga smejali ovom poetskom remek delu.
n1i-816622-025	n1info	816622	kolumna	pol-drustvo	Kolumne/ljubodrag-stojadinovic	25	34	https://n1info.rs/kolumne/ljubodrag-stojadinovic/epska-tragedija/	Ali, pesnikinje više nigde nema.
n1i-816622-026	n1info	816622	kolumna	pol-drustvo	Kolumne/ljubodrag-stojadinovic	26	34	https://n1info.rs/kolumne/ljubodrag-stojadinovic/epska-tragedija/	Posle slave i bruke koju mu je donela, muž joj je trajno zabranio da izlazi iz kuće.
n1i-816622-027	n1info	816622	kolumna	pol-drustvo	Kolumne/ljubodrag-stojadinovic	27	34	https://n1info.rs/kolumne/ljubodrag-stojadinovic/epska-tragedija/	Na nekoj slavi kod D.J.
n1i-816622-028	n1info	816622	kolumna	pol-drustvo	Kolumne/ljubodrag-stojadinovic	28	34	https://n1info.rs/kolumne/ljubodrag-stojadinovic/epska-tragedija/	Vučićevića, on i izvesni Žare harmonikaš pevaju: Nema kralja, nema Tita/ Još se Vučić za sve pita!
n1i-816622-029	n1info	816622	kolumna	pol-drustvo	Kolumne/ljubodrag-stojadinovic	29	34	https://n1info.rs/kolumne/ljubodrag-stojadinovic/epska-tragedija/	I Žare i Vučko su potpuno natopljeni vatrenom vodicom, ali je njihova umetnička izvedba prikazana na matičnoj Informer televiziji i tamo se stalno okreće.
n1i-816622-030	n1info	816622	kolumna	pol-drustvo	Kolumne/ljubodrag-stojadinovic	30	34	https://n1info.rs/kolumne/ljubodrag-stojadinovic/epska-tragedija/	Nema ovde dovoljno mesta kako bi se videlo koliki je pesnički entuzijazam u Srbiji, i kako se slavi monarh uz ulizičke pesme.
n1i-816622-031	n1info	816622	kolumna	pol-drustvo	Kolumne/ljubodrag-stojadinovic	31	34	https://n1info.rs/kolumne/ljubodrag-stojadinovic/epska-tragedija/	A one su u stvari parodija misaonog ambijenta odakle nastaju, dobar znak sunovrata ukusa i svega ostalog u ništavilo kome je to smeće i posvećeno.
n1i-867896-032	n1info	867896	kolumna	svet	Kolumne/ljubodrag-stojadinovic	32	51	https://n1info.rs/kolumne/ljubodrag-stojadinovic/tajna-kamilje-dlake/	Pa makar to bila crna ovca ili nešto još crnje.
n1i-867896-033	n1info	867896	kolumna	svet	Kolumne/ljubodrag-stojadinovic	33	51	https://n1info.rs/kolumne/ljubodrag-stojadinovic/tajna-kamilje-dlake/	Posle svega, kad se činilo da je sve prošlo, a pojas se vratio u Vatoped, pojavile se se tamne mrlje koje su osenčile to sveto gostovanje.
n1i-867896-034	n1info	867896	kolumna	svet	Kolumne/ljubodrag-stojadinovic	34	51	https://n1info.rs/kolumne/ljubodrag-stojadinovic/tajna-kamilje-dlake/	Izvesni Miloš Stojković, koji je sebe predstavio kao poverenika manastira Hilandar, rukoljubac A.
n1i-867896-035	n1info	867896	kolumna	svet	Kolumne/ljubodrag-stojadinovic	35	51	https://n1info.rs/kolumne/ljubodrag-stojadinovic/tajna-kamilje-dlake/	Vučića , saopštio je na Pinku u tom svojstvu ono što nismo znali: da su Anđelko i Andrej Vučić omogućili, a država dala milion evra u znak zahvalnosti što je sveti pojas stigao u Beograd.
n1i-867896-036	n1info	867896	kolumna	svet	Kolumne/ljubodrag-stojadinovic	36	51	https://n1info.rs/kolumne/ljubodrag-stojadinovic/tajna-kamilje-dlake/	Stojković kaže da se delovanjem Anđelka i Andreja ta ideja rodila, a pare su se već našle.
n1i-867896-037	n1info	867896	kolumna	svet	Kolumne/ljubodrag-stojadinovic	37	51	https://n1info.rs/kolumne/ljubodrag-stojadinovic/tajna-kamilje-dlake/	Izgleda da su se Vučići, kao u sve drugo, umešali i u stvari vere.
n1i-867896-038	n1info	867896	kolumna	svet	Kolumne/ljubodrag-stojadinovic	38	51	https://n1info.rs/kolumne/ljubodrag-stojadinovic/tajna-kamilje-dlake/	Ali, to putovanje svetinje nije bilo sasvim u skladu sa zavetom o skrušenosti i skromnsti.
n1i-867896-039	n1info	867896	kolumna	svet	Kolumne/ljubodrag-stojadinovic	39	51	https://n1info.rs/kolumne/ljubodrag-stojadinovic/tajna-kamilje-dlake/	Milion evra, to znači da je u opticaju korporativna stvar, uz nedoumicu o poreklu novca: da li je državni, ili su Vučiči ( brat i otac) bili dobrotvori povodom svetog odevnog predmeta od kamilje dlake?
n1i-148573-009	n1info	148573	kolumna	svet	Kolumne	9	17	https://n1info.rs/kolumne/o-mojoj-majci-crkvi-i-bogu/	Čak i kad je shvatila da sam u tom koračanju kroz svetovne i duhovne vrleti otišao u nekom drugom smeru, to nije poljuljalo njenu veru u mene.
n1i-148573-010	n1info	148573	kolumna	svet	Kolumne	10	17	https://n1info.rs/kolumne/o-mojoj-majci-crkvi-i-bogu/	Jedna od mojih velikih bojazni, čak strah da se pisanje o “aferi Pahomije” ne ispreči između mene, majke i Boga, pokazaće se sasvim neosnovanim.
n1i-148573-011	n1info	148573	kolumna	svet	Kolumne	11	17	https://n1info.rs/kolumne/o-mojoj-majci-crkvi-i-bogu/	Prilično dugo, dok su se ređale skaredne slike o pedofiliji visokog crkvenog velikodostojnika, majka Rada je samo ćutala, a ja se nisam usuđivao da zapodenem razgovor na tu temu.
n1i-148573-012	n1info	148573	kolumna	svet	Kolumne	12	17	https://n1info.rs/kolumne/o-mojoj-majci-crkvi-i-bogu/	Onda me, jednog dana, iznenada, samo tiho upitala: - Sine, je li ovo istina?
n1i-148573-013	n1info	148573	kolumna	svet	Kolumne	13	17	https://n1info.rs/kolumne/o-mojoj-majci-crkvi-i-bogu/	I tu se sav naš razgovor na ovu temu završio.
n1i-148573-014	n1info	148573	kolumna	svet	Kolumne	14	17	https://n1info.rs/kolumne/o-mojoj-majci-crkvi-i-bogu/	Tek nešto kasnije primetio sam da više ne ide, kao do tada, u saborni hram Sv. Trojice gde je najčešće činodejstvovao vladika Pahomije.
n1i-148573-015	n1info	148573	kolumna	svet	Kolumne	15	17	https://n1info.rs/kolumne/o-mojoj-majci-crkvi-i-bogu/	Za svoje molitve odabrala je crkvu Svete Petke, poznatiju kao „krstata džamija“, nešto dalje od centra grada.
n1i-148573-016	n1info	148573	kolumna	svet	Kolumne	16	17	https://n1info.rs/kolumne/o-mojoj-majci-crkvi-i-bogu/	Nije mi nikad kazala ali iskreno verujem da je i ovu nelaku odluku donela u razgovoru i dogovoru sa Bogom.
n1i-219788-037	n1info	219788	kolumna	pol-drustvo	Kolumne/ljubodrag-stojadinovic	37	45	https://n1info.rs/kolumne/ljubodrag-stojadinovic/vucicev-sobar-i-ustaska-telad-kolumna-ljubodrag-stojadinovic/	Sad mu je dockan da ide bilo gde.
n1i-219788-038	n1info	219788	kolumna	pol-drustvo	Kolumne/ljubodrag-stojadinovic	38	45	https://n1info.rs/kolumne/ljubodrag-stojadinovic/vucicev-sobar-i-ustaska-telad-kolumna-ljubodrag-stojadinovic/	Suviše je izmožden, mlohav i škembav.
n1i-219788-039	n1info	219788	kolumna	pol-drustvo	Kolumne/ljubodrag-stojadinovic	39	45	https://n1info.rs/kolumne/ljubodrag-stojadinovic/vucicev-sobar-i-ustaska-telad-kolumna-ljubodrag-stojadinovic/	Za te stvari ima kineske rakete, koje stalno pokazuje kao budala onu stvar.
n1i-219788-040	n1info	219788	kolumna	pol-drustvo	Kolumne/ljubodrag-stojadinovic	40	45	https://n1info.rs/kolumne/ljubodrag-stojadinovic/vucicev-sobar-i-ustaska-telad-kolumna-ljubodrag-stojadinovic/	Ili Glišića, tragikomičnog pajaca, budaletinu iz ličnog uzgajališta.
n1i-219788-041	n1info	219788	kolumna	pol-drustvo	Kolumne/ljubodrag-stojadinovic	41	45	https://n1info.rs/kolumne/ljubodrag-stojadinovic/vucicev-sobar-i-ustaska-telad-kolumna-ljubodrag-stojadinovic/	Protiv ratobornog bostandžije, ustaškim grlima ostaje samo čuđenje i goveđe upišavanje od smeha.
n1i-219788-042	n1info	219788	kolumna	pol-drustvo	Kolumne/ljubodrag-stojadinovic	42	45	https://n1info.rs/kolumne/ljubodrag-stojadinovic/vucicev-sobar-i-ustaska-telad-kolumna-ljubodrag-stojadinovic/	Ovde je vlasnik projektila mobilisao i žive a naročito pokojnike, kako bi na lokalnim izborima upisao još jednu pobedu nad svima.
n1i-219788-043	n1info	219788	kolumna	pol-drustvo	Kolumne/ljubodrag-stojadinovic	43	45	https://n1info.rs/kolumne/ljubodrag-stojadinovic/vucicev-sobar-i-ustaska-telad-kolumna-ljubodrag-stojadinovic/	Na lokalnom groblju u Lučanima razvijen je transparent koji leprša na martovskom vetru.
n1i-219788-044	n1info	219788	kolumna	pol-drustvo	Kolumne/ljubodrag-stojadinovic	44	45	https://n1info.rs/kolumne/ljubodrag-stojadinovic/vucicev-sobar-i-ustaska-telad-kolumna-ljubodrag-stojadinovic/	Na njemu piše: Dobro nam došao, predsedniče!
n1i-515930-013	n1info	515930	kolumna	pol-drustvo	Kolumne/draza-petrovic	13	29	https://n1info.rs/kolumne/draza-petrovic/e-moj-vladimire-kolumna-draze-petrovica/	Onda se posle pojavi neki snimak gde saznam da je lik zapravo dostavljač hrane.
n1i-515930-014	n1info	515930	kolumna	pol-drustvo	Kolumne/draza-petrovic	14	29	https://n1info.rs/kolumne/draza-petrovic/e-moj-vladimire-kolumna-draze-petrovica/	Pošten posao, pomislim, šta sve ljudi moraju da rade u životu samo zato što su protiv vlasti.
n1i-515930-015	n1info	515930	kolumna	pol-drustvo	Kolumne/draza-petrovic	15	29	https://n1info.rs/kolumne/draza-petrovic/e-moj-vladimire-kolumna-draze-petrovica/	Na društvenim mrežama, naime, pojavi se njegov selfi snimak gde kroz suze priča kako mu je upravo gladno dete ukralo pljeskavicu iz kola.
n1i-515930-016	n1info	515930	kolumna	pol-drustvo	Kolumne/draza-petrovic	16	29	https://n1info.rs/kolumne/draza-petrovic/e-moj-vladimire-kolumna-draze-petrovica/	„U državi nam deca od devet godina kradu hranu.
n1i-515930-017	n1info	515930	kolumna	pol-drustvo	Kolumne/draza-petrovic	17	29	https://n1info.rs/kolumne/draza-petrovic/e-moj-vladimire-kolumna-draze-petrovica/	Vučiću ološu jedan, i ti i ona tvoja kriminalna stoka sa Beograda na vodi” - govorio je to pravo u kameru, i mreže su gorele zbog iskrenosti tog čoveka.
n1i-515930-018	n1info	515930	kolumna	pol-drustvo	Kolumne/draza-petrovic	18	29	https://n1info.rs/kolumne/draza-petrovic/e-moj-vladimire-kolumna-draze-petrovica/	Znate kako je sa takvim likovima: nikada im nije dosta čudnih zanimanja i istorijskih uloga pa je lik na kraju postao reporter Televizije Informer.
n1i-515930-019	n1info	515930	kolumna	pol-drustvo	Kolumne/draza-petrovic	19	29	https://n1info.rs/kolumne/draza-petrovic/e-moj-vladimire-kolumna-draze-petrovica/	Nije to baš klasičan TV reporter, to zanimanje bi se pre moglo nazvati reporter-provokator pošto ide po antirežimskim skupovima i provocira pošten svet.
n1i-515930-020	n1info	515930	kolumna	pol-drustvo	Kolumne/draza-petrovic	20	29	https://n1info.rs/kolumne/draza-petrovic/e-moj-vladimire-kolumna-draze-petrovica/	Tako je bilo i pre neki dan.
n1i-452735-003	n1info	452735	kolumna	pol-drustvo	Kolumne/draza-petrovic	3	19	https://n1info.rs/kolumne/draza-petrovic/studenti-su-koknuli-i-baju/	"A da je ""zvučni top"" pobio studente koji su i ispalili đule iz zvučnog tupa, izbio bi građanski rat."
n1i-452735-004	n1info	452735	kolumna	pol-drustvo	Kolumne/draza-petrovic	4	19	https://n1info.rs/kolumne/draza-petrovic/studenti-su-koknuli-i-baju/	"""Jeste li videli čime se bave, majke im ga spalim balave"", skoro da je rekla na kraju svog obraćanja Ana Brnabić, sa onom svojom facom mladog pavijana koga danima muče šuljevi i sunčanica."
n1i-452735-005	n1info	452735	kolumna	pol-drustvo	Kolumne/draza-petrovic	5	19	https://n1info.rs/kolumne/draza-petrovic/studenti-su-koknuli-i-baju/	I posle te izjave odletela je na đuletu Barona Minhauzena nazad na planum, da razmišlja sama sa sobom o neobjašnjivim pojavama Srbije i čovečanstva.
n1i-452735-006	n1info	452735	kolumna	pol-drustvo	Kolumne/draza-petrovic	6	19	https://n1info.rs/kolumne/draza-petrovic/studenti-su-koknuli-i-baju/	Kao u Maratoncima kada se Laki pripremao za dvoboj, te ga pitali: -Jesi ti ikada pucao iz pištolja?
n1i-452735-007	n1info	452735	kolumna	pol-drustvo	Kolumne/draza-petrovic	7	19	https://n1info.rs/kolumne/draza-petrovic/studenti-su-koknuli-i-baju/	-A u šta si pucao?
n1i-452735-008	n1info	452735	kolumna	pol-drustvo	Kolumne/draza-petrovic	8	19	https://n1info.rs/kolumne/draza-petrovic/studenti-su-koknuli-i-baju/	Tako je Ana utvrdila da su studenti promašili predsednika, pa upucali sebe i teško ranili vazduh.
n1i-452735-009	n1info	452735	kolumna	pol-drustvo	Kolumne/draza-petrovic	9	19	https://n1info.rs/kolumne/draza-petrovic/studenti-su-koknuli-i-baju/	Više javno tužibabstvo će na osnovu ostalih zapisnika sa studentskih plenuma uskoro utvrditi i sledeće: -da je na jednom plenumu studenata matematike pominjan broj 27, čime je utvrđeno da su studenti još pre godinu dana planirali ubistvo u restoranu „27“.
n1i-452735-010	n1info	452735	kolumna	pol-drustvo	Kolumne/draza-petrovic	10	19	https://n1info.rs/kolumne/draza-petrovic/studenti-su-koknuli-i-baju/	Da, saopštiće Više javno tužilaštvo: „na zapisniku sa zvaničnog plenuma Matematičkog fakulteta studenti pominju: - Pedeset četiri puta sinus od pi kroz šest jednako je dvadeset sedam.
n1i-286741-004	n1info	286741	kolumna	kultura	Kolumne/draza-petrovic	4	29	https://n1info.rs/kolumne/draza-petrovic/bulevari-vojvode-misica-i-corsokaci-ratka-mladica/	Srbija je sa procvatom radikala dobila sasvim drugačije heroje.
n1i-286741-005	n1info	286741	kolumna	kultura	Kolumne/draza-petrovic	5	29	https://n1info.rs/kolumne/draza-petrovic/bulevari-vojvode-misica-i-corsokaci-ratka-mladica/	Što su više kaljali obraz, to su bili cenjeniji među radikalsko-naprednjačkim polusvetom svih srpskih zemalja.
n1i-286741-006	n1info	286741	kolumna	kultura	Kolumne/draza-petrovic	6	29	https://n1info.rs/kolumne/draza-petrovic/bulevari-vojvode-misica-i-corsokaci-ratka-mladica/	Kakvi heroji, takvi i mitovi.
n1i-286741-007	n1info	286741	kolumna	kultura	Kolumne/draza-petrovic	7	29	https://n1info.rs/kolumne/draza-petrovic/bulevari-vojvode-misica-i-corsokaci-ratka-mladica/	Nestalo lice Radovan Karadžić opisivano je, tokom svog slavnog bekstva, u stihovima: „Sinu munja sa mračnih visina, a mutna se zatalasa Drina, sinu oganj, a iz ognja toga, eto vođe srpskoga naroda, krst mu zlatni u desnici sija, svak bi reko gromovnik Ilija“.
n1i-286741-008	n1info	286741	kolumna	kultura	Kolumne/draza-petrovic	8	29	https://n1info.rs/kolumne/draza-petrovic/bulevari-vojvode-misica-i-corsokaci-ratka-mladica/	Nikome na pamet nije padala mogućnost da se gromovnik krije u Bloku 45, već su svi mislili da je u pitanju neka zabačena planinska oblast, na granici Srbije, Pakistana, Avganistana, Himalaja i Romanije: „Siđi, Rašo, siđi sa planine, nisi siš'o četiri godine.
n1i-286741-009	n1info	286741	kolumna	kultura	Kolumne/draza-petrovic	9	29	https://n1info.rs/kolumne/draza-petrovic/bulevari-vojvode-misica-i-corsokaci-ratka-mladica/	Radovane, jelika te krije, čuvaju te vuci s Romanije“.
n1i-286741-010	n1info	286741	kolumna	kultura	Kolumne/draza-petrovic	10	29	https://n1info.rs/kolumne/draza-petrovic/bulevari-vojvode-misica-i-corsokaci-ratka-mladica/	Ipak, te guslarske epove kasnije je bilo nemoguće menjati.
n1i-286741-011	n1info	286741	kolumna	kultura	Kolumne/draza-petrovic	11	29	https://n1info.rs/kolumne/draza-petrovic/bulevari-vojvode-misica-i-corsokaci-ratka-mladica/	Na šta bi, recimo, ličio remiks pesme „Siđi, Rašo, sa planine“, ako bi ona opisivala stvarni tajni život dr Radovana Karadžića, alijas dr Dragana Dabića.
n1i-660704-010	n1info	660704	kolumna	svet	Kolumne/boris-dezulovic	10	27	https://n1info.rs/kolumne/boris-dezulovic/kolumna-boris-dezulovic-kanye-west-na-hip-hopodromu/	Obudaljelom i oboljelom američkom reperu Yeu, nekoć poznatom pod imenom Yaydolf Hitler, ostala je tako samo - Hrvatska.
n1i-660704-011	n1info	660704	kolumna	svet	Kolumne/boris-dezulovic	11	27	https://n1info.rs/kolumne/boris-dezulovic/kolumna-boris-dezulovic-kanye-west-na-hip-hopodromu/	"Dakako, i u originalu i u hrvatskom prepjevu, nešto kao ""All my niggas Nazis, nigga, za dom spremni/ nigga, za dom spremni"", tako nekako."
n1i-660704-012	n1info	660704	kolumna	svet	Kolumne/boris-dezulovic	12	27	https://n1info.rs/kolumne/boris-dezulovic/kolumna-boris-dezulovic-kanye-west-na-hip-hopodromu/	"I, jasno - last but not least - puno razumijevanje za Westov teško oštećeni desni frontalni moždani režanj i njegov bipolarni poremećaj, u hrvatskoj medicinskoj literaturi poznat i kao ""dvostruka konotacija""."
n1i-660704-013	n1info	660704	kolumna	svet	Kolumne/boris-dezulovic	13	27	https://n1info.rs/kolumne/boris-dezulovic/kolumna-boris-dezulovic-kanye-west-na-hip-hopodromu/	Kakav bi to svjetski događaj bio!
n1i-660704-014	n1info	660704	kolumna	svet	Kolumne/boris-dezulovic	14	27	https://n1info.rs/kolumne/boris-dezulovic/kolumna-boris-dezulovic-kanye-west-na-hip-hopodromu/	"""Naravno, znao sam da će se svesti na dvije riječi pjesme 'Heil Hitler', ali mi nećemo zabranjivati pjesmu"", objasnio bi im Plenković."
n1i-660704-015	n1info	660704	kolumna	svet	Kolumne/boris-dezulovic	15	27	https://n1info.rs/kolumne/boris-dezulovic/kolumna-boris-dezulovic-kanye-west-na-hip-hopodromu/	"""To je dio njegovog integralnog repertoara i nije na meni objašnjavati u kojem je kontekstu pjesma nastala."
n1i-660704-016	n1info	660704	kolumna	svet	Kolumne/boris-dezulovic	16	27	https://n1info.rs/kolumne/boris-dezulovic/kolumna-boris-dezulovic-kanye-west-na-hip-hopodromu/	Kakva Coachella, kakva Madonna i Sabrina !
n1i-660704-017	n1info	660704	kolumna	svet	Kolumne/boris-dezulovic	17	27	https://n1info.rs/kolumne/boris-dezulovic/kolumna-boris-dezulovic-kanye-west-na-hip-hopodromu/	Ja se evo naježio dok pišem.
n1i-865459-001	n1info	865459	kolumna	pol-drustvo	Kolumne/draza-petrovic	1	28	https://n1info.rs/kolumne/draza-petrovic/madjar-koji-je-lajao-av-av-av/	- Ne, ne, rekao sam da je vaš otac bio lađar?
n1i-865459-002	n1info	865459	kolumna	pol-drustvo	Kolumne/draza-petrovic	2	28	https://n1info.rs/kolumne/draza-petrovic/madjar-koji-je-lajao-av-av-av/	- Ma nije Mađar, kakav Mađar pobogu!
n1i-865459-003	n1info	865459	kolumna	pol-drustvo	Kolumne/draza-petrovic	3	28	https://n1info.rs/kolumne/draza-petrovic/madjar-koji-je-lajao-av-av-av/	- ljutio se nagluvi bokser, dok se na kraju ipak nisu sporazumeli da je bokserov tata bio lađar nikako Mađar.
n1i-865459-004	n1info	865459	kolumna	pol-drustvo	Kolumne/draza-petrovic	4	28	https://n1info.rs/kolumne/draza-petrovic/madjar-koji-je-lajao-av-av-av/	Ovih dana u Srbiji Mađari su postali naglo popularni do besvesti, a svako bi voleo da je neki Mađar, po mogućstvu Mađar Peter.
n1i-865459-005	n1info	865459	kolumna	pol-drustvo	Kolumne/draza-petrovic	5	28	https://n1info.rs/kolumne/draza-petrovic/madjar-koji-je-lajao-av-av-av/	Čak i oni kojima su očevi bili lađari priznali bi drage volje da su oni zapravo bili Mađari.
n1i-865459-006	n1info	865459	kolumna	pol-drustvo	Kolumne/draza-petrovic	6	28	https://n1info.rs/kolumne/draza-petrovic/madjar-koji-je-lajao-av-av-av/	Moderno je danas biti Mađar u Srbiji, jelte, ali Srbi imaju kratko pamćenje pa su zaboravili da je pre Petera Mađara još jedan drugi Mađar stekao simpatije širokih narodnih masa.
n1i-865459-007	n1info	865459	kolumna	pol-drustvo	Kolumne/draza-petrovic	7	28	https://n1info.rs/kolumne/draza-petrovic/madjar-koji-je-lajao-av-av-av/	Bio je to jedan opasni mađarski vučjak, ponosni član pogranične patrole, dresiran da laje kad oseti Vulina.
n1i-865459-008	n1info	865459	kolumna	pol-drustvo	Kolumne/draza-petrovic	8	28	https://n1info.rs/kolumne/draza-petrovic/madjar-koji-je-lajao-av-av-av/	Ali se ispostavilo da pas nije bio dresiran samo da oseti Vulina, već su ga mađarski policajci izdresirali da laje i kad oseti drogu, pa je kuče lajalo “av, av, av” dok je 15.
n1i-362140-027	n1info	362140	kolumna	pol-drustvo	Kolumne/ljubodrag-stojadinovic	27	57	https://n1info.rs/kolumne/ljubodrag-stojadinovic/andjelkovi-sinovi/	Ali, to ipak nije bila njegova, nego glava predsednika Kolumbije.
n1i-362140-028	n1info	362140	kolumna	pol-drustvo	Kolumne/ljubodrag-stojadinovic	28	57	https://n1info.rs/kolumne/ljubodrag-stojadinovic/andjelkovi-sinovi/	Čovek se zove Gustavo Pedro i zalaže se za legalizaciju kokaina.
n1i-362140-029	n1info	362140	kolumna	pol-drustvo	Kolumne/ljubodrag-stojadinovic	29	57	https://n1info.rs/kolumne/ljubodrag-stojadinovic/andjelkovi-sinovi/	To je pečat vremena i atest za svojstvo praha.
n1i-362140-030	n1info	362140	kolumna	pol-drustvo	Kolumne/ljubodrag-stojadinovic	30	57	https://n1info.rs/kolumne/ljubodrag-stojadinovic/andjelkovi-sinovi/	Marinika se nije potrudila da raspozna koje je lice čije i ko na koga podseća.
n1i-362140-031	n1info	362140	kolumna	pol-drustvo	Kolumne/ljubodrag-stojadinovic	31	57	https://n1info.rs/kolumne/ljubodrag-stojadinovic/andjelkovi-sinovi/	Morala je odmah juče da kaže odakle takva greška koja postaje nevažna ako je sve drugo bila neosporna istina i ako je slepilo za lica obrazloženo logikom žurbe.
n1i-362140-032	n1info	362140	kolumna	pol-drustvo	Kolumne/ljubodrag-stojadinovic	32	57	https://n1info.rs/kolumne/ljubodrag-stojadinovic/andjelkovi-sinovi/	Ovaj ovde je daleko od svega, izbezumljen od euforije i ekstaze, u svom zaumlju udaljen od smisla, odvojen od sebe i od ljudskog sveta.
n1i-362140-033	n1info	362140	kolumna	pol-drustvo	Kolumne/ljubodrag-stojadinovic	33	57	https://n1info.rs/kolumne/ljubodrag-stojadinovic/andjelkovi-sinovi/	Potpuno je na vrhuncu sreće i divljačkog bunila.
n1i-362140-034	n1info	362140	kolumna	pol-drustvo	Kolumne/ljubodrag-stojadinovic	34	57	https://n1info.rs/kolumne/ljubodrag-stojadinovic/andjelkovi-sinovi/	Nije mu potrebna crta niti igla, takav je napravljen.
n1i-325887-012	n1info	325887	kolumna	pol-drustvo	Kolumne/draza-petrovic	12	21	https://n1info.rs/kolumne/draza-petrovic/od-kolevke-pa-do-groba-najlepse-je-expo-doba/	"""Izvinte, nisam videla delfine, pa pomislih..., reći će učiteljica i nastaviti proboj ka ostatku štandova."
n1i-325887-013	n1info	325887	kolumna	pol-drustvo	Kolumne/draza-petrovic	13	21	https://n1info.rs/kolumne/draza-petrovic/od-kolevke-pa-do-groba-najlepse-je-expo-doba/	Na red će onda doći kulturna baština Surčina, glavnog domaćina Ekspa, a Surčin sem aerodroma od nematerijalne kulturne baštine ima samo Surčinski klan, čiji najuspešniji pojedinac Ljubiša Buha Čume, po zanimanju zaštićeni svedok, će potpisivati svoju autobiografiju “Od kolevke pa do groba, najlepše je EXPO doba” na štandu Opštine Surčin.
n1i-325887-014	n1info	325887	kolumna	pol-drustvo	Kolumne/draza-petrovic	14	21	https://n1info.rs/kolumne/draza-petrovic/od-kolevke-pa-do-groba-najlepse-je-expo-doba/	Odmah pored, biće nešto što deca mnogo vole.
n1i-325887-015	n1info	325887	kolumna	pol-drustvo	Kolumne/draza-petrovic	15	21	https://n1info.rs/kolumne/draza-petrovic/od-kolevke-pa-do-groba-najlepse-je-expo-doba/	"""Surčin je, deco, poznat i po velikim ergelema, ovo je njihov štand"", improvizovače učiteljica svoju ulogu sajamskog vodiča kroz EXPO."
n1i-325887-016	n1info	325887	kolumna	pol-drustvo	Kolumne/draza-petrovic	16	21	https://n1info.rs/kolumne/draza-petrovic/od-kolevke-pa-do-groba-najlepse-je-expo-doba/	"""Ovo je štand uglednog Informera, gospođo, nije štand surčinskih ergela"", šapnuće joj domaćin štanda Informera, Aleksandrov Trbuhozborac, skraćeno A.T."
n1i-325887-017	n1info	325887	kolumna	pol-drustvo	Kolumne/draza-petrovic	17	21	https://n1info.rs/kolumne/draza-petrovic/od-kolevke-pa-do-groba-najlepse-je-expo-doba/	"""Gospodine A.T, praštajte, poslali su nas ovde bez ikakve pripreme, kako ja da razlikujem surčinske ergele od štanda Informera"", kazaće učiteljica na ivici nervnog sloma."
n1i-325887-018	n1info	325887	kolumna	pol-drustvo	Kolumne/draza-petrovic	18	21	https://n1info.rs/kolumne/draza-petrovic/od-kolevke-pa-do-groba-najlepse-je-expo-doba/	Onda će učiteljica imati zadatak da svu decu bezbedno vrati do njihove osnovne škole, što od Surčina do Petlovog brda u vreme trajanja Ekspa, u ionako neizdrživom beogradskom špicu, može da se računa kao trodnevna ekskurzija u Rim.
n1i-325887-019	n1info	325887	kolumna	pol-drustvo	Kolumne/draza-petrovic	19	21	https://n1info.rs/kolumne/draza-petrovic/od-kolevke-pa-do-groba-najlepse-je-expo-doba/	Jedino što su u Rimu sve staro sačuvali, dok su u Beogradu sve staro porušili, a planira se i da Kalemegdan izmeste u Kotež, da ne smeta u predivnom pogledu na “kulčinu”, što je vrsta srpske Ajfelove kule, samo bez Ajfela.
n1i-855495-005	n1info	855495	kolumna	sport	Kolumne/draza-petrovic	5	29	https://n1info.rs/kolumne/draza-petrovic/otvoreno-pismo-ani-bekuti-draza-kolumna/	Mada sigurno da vam nisu rekli da vas angažuju kao kaskaderku da biste vi pokazali da su oni živi, već su vam sigurno rekli da lepo pevate i da ste baš vi izabrani da uveličate tradicionalni doček Srpske nove godine na čačanskom trgu.
n1i-855495-006	n1info	855495	kolumna	sport	Kolumne/draza-petrovic	6	29	https://n1info.rs/kolumne/draza-petrovic/otvoreno-pismo-ani-bekuti-draza-kolumna/	Na koji pritom, niko od njih nije došao iz bezbednosnih razloga.
n1i-855495-007	n1info	855495	kolumna	sport	Kolumne/draza-petrovic	7	29	https://n1info.rs/kolumne/draza-petrovic/otvoreno-pismo-ani-bekuti-draza-kolumna/	Tako da, draga Ana, lokalni naprednjaci su vas poslali mečki na rupu, ili Čačanima na grudvu.
n1i-855495-008	n1info	855495	kolumna	sport	Kolumne/draza-petrovic	8	29	https://n1info.rs/kolumne/draza-petrovic/otvoreno-pismo-ani-bekuti-draza-kolumna/	Moram priznati da mi je bilo veoma simpatično što ste svoj “srpskonovogodišnji” nastup u Čačku završili pevajući u bekstejdžu iz sivog kombija crvene boje i zaradili svoj tenderski honorar do poslednjeg centa.
n1i-855495-009	n1info	855495	kolumna	sport	Kolumne/draza-petrovic	9	29	https://n1info.rs/kolumne/draza-petrovic/otvoreno-pismo-ani-bekuti-draza-kolumna/	U tome je naravno prednjačio i Informer u kome je jedno čačansko grudvanje dobilo razmere kao da je Tramp upravo zauzeo Grenland koristeći samo grudve.
n1i-855495-010	n1info	855495	kolumna	sport	Kolumne/draza-petrovic	10	29	https://n1info.rs/kolumne/draza-petrovic/otvoreno-pismo-ani-bekuti-draza-kolumna/	Samo što o vašem nastupu nije napisana epska narodna pesma postčačanskog ciklusa koja opisuje tu Golgotu u kojoj su učestvovali tradicionalno neugodni Čačani i hladno oružje poznatije kao podjelička grudva.
n1i-855495-011	n1info	855495	kolumna	sport	Kolumne/draza-petrovic	11	29	https://n1info.rs/kolumne/draza-petrovic/otvoreno-pismo-ani-bekuti-draza-kolumna/	Pesma, na primer, ovakva: Mili Bože, čuda velikoga, Kad Bekuta u Čačku pevaše Čačani je snegom izgrudvaše.
n1i-855495-012	n1info	855495	kolumna	sport	Kolumne/draza-petrovic	12	29	https://n1info.rs/kolumne/draza-petrovic/otvoreno-pismo-ani-bekuti-draza-kolumna/	Jedne noći, starog kalendara, Tu za šaku budžetskih evara, Peva Ana, Čačani joj kliču, Čas grudvaju, čas složno urliču.
n1i-598628-002	n1info	598628	kolumna	kultura	Kolumne/ljubodrag-stojadinovic	2	42	https://n1info.rs/kolumne/ljubodrag-stojadinovic/gradja-za-vidovdansku-knjigu/	Sklone su da mu uteknu ispod pera i nastave svoj život nezavisno od njegove volje.
n1i-598628-003	n1info	598628	kolumna	kultura	Kolumne/ljubodrag-stojadinovic	3	42	https://n1info.rs/kolumne/ljubodrag-stojadinovic/gradja-za-vidovdansku-knjigu/	Nepismen je kao bot, ali tek namerava da počne i bude veliki u tome kao u svemu drugom.
n1i-598628-004	n1info	598628	kolumna	kultura	Kolumne/ljubodrag-stojadinovic	4	42	https://n1info.rs/kolumne/ljubodrag-stojadinovic/gradja-za-vidovdansku-knjigu/	Ali da ne dangubi no odmah da napravi trag kakav niko nije i da njegovo delo ostavi bez pameti i daha sve koji su čuli i ne čuli za njega.
n1i-598628-005	n1info	598628	kolumna	kultura	Kolumne/ljubodrag-stojadinovic	5	42	https://n1info.rs/kolumne/ljubodrag-stojadinovic/gradja-za-vidovdansku-knjigu/	Ovde su ljudi skloni da brzo izbace iz pamćenja skoro sve, naročito velike mudrosti važnih budala, ili njihove tupoumne zamisli i zločinstva - zavisi kako ko vidi to što se odvijalo pred našim očima.
n1i-598628-006	n1info	598628	kolumna	kultura	Kolumne/ljubodrag-stojadinovic	6	42	https://n1info.rs/kolumne/ljubodrag-stojadinovic/gradja-za-vidovdansku-knjigu/	A mi smo samo gledali, očekujući da to što nam je najteže i najmučnije, može da se okonča samo po sebi i bez nas.
n1i-598628-007	n1info	598628	kolumna	kultura	Kolumne/ljubodrag-stojadinovic	7	42	https://n1info.rs/kolumne/ljubodrag-stojadinovic/gradja-za-vidovdansku-knjigu/	Ovo je samo isečak iz života koji je mnogo manje naš nego što želimo.
n1i-598628-008	n1info	598628	kolumna	kultura	Kolumne/ljubodrag-stojadinovic	8	42	https://n1info.rs/kolumne/ljubodrag-stojadinovic/gradja-za-vidovdansku-knjigu/	U njemu sudi i deli onaj koji nam je zagadio sve, jer smo ga pustili da to učini.
n1i-598628-009	n1info	598628	kolumna	kultura	Kolumne/ljubodrag-stojadinovic	9	42	https://n1info.rs/kolumne/ljubodrag-stojadinovic/gradja-za-vidovdansku-knjigu/	Ako želite da se sećate, taj je odlučio da postane književnik, poslednji sudija vremena.
n1i-413598-015	n1info	413598	kolumna	svet	Kolumne/boris-dezulovic	15	29	https://n1info.rs/kolumne/boris-dezulovic/balada-o-ronaldu-iz-knina/	"Poziv stranim radnicima: ovdje postoji dovoljno Hrvata, ovo je Hrvatska!"", viče onda s improvizirane govornice stanoviti Ronaldo Barišić, predsjednik inicijative ""Za bolju Hrvatsku"", a tri muška glasa odozdo zadovoljno odgovaraju: ""Tako je, Hrvatska Hrvatima!"
n1i-413598-016	n1info	413598	kolumna	svet	Kolumne/boris-dezulovic	16	29	https://n1info.rs/kolumne/boris-dezulovic/balada-o-ronaldu-iz-knina/	Hrvatski očevi u hrvatskim zatvorima, hrvatska djeca u hrvatskom SOS Dječjem selu, za dom spremni!
n1i-413598-017	n1info	413598	kolumna	svet	Kolumne/boris-dezulovic	17	29	https://n1info.rs/kolumne/boris-dezulovic/balada-o-ronaldu-iz-knina/	"""Njihov je plan zamijeniti mene, zamijeniti sve"", zaključio je, prema novinskim izvještajima, mladi Ronaldo."
n1i-413598-018	n1info	413598	kolumna	svet	Kolumne/boris-dezulovic	18	29	https://n1info.rs/kolumne/boris-dezulovic/balada-o-ronaldu-iz-knina/	"""Možda ni ja neću biti ovdje za dvadeset godina, možda će Nepalci imati svoj skup!"
n1i-413598-019	n1info	413598	kolumna	svet	Kolumne/boris-dezulovic	19	29	https://n1info.rs/kolumne/boris-dezulovic/balada-o-ronaldu-iz-knina/	"Ili, ukratko: ""Mi napadamo Nepalce, Filipince i Indijce jer su se naselili ovdje i uzimaju nam posao."
n1i-413598-020	n1info	413598	kolumna	svet	Kolumne/boris-dezulovic	20	29	https://n1info.rs/kolumne/boris-dezulovic/balada-o-ronaldu-iz-knina/	I njegova životna priča slična je priči Mehe, Tome i Brzog: rođen u Kninu prije dvadeset tri godine bio je talentirani nogometaš, viđen za buduću zvijezdu Dinama, zbog lakog koraka i jakog udarca mladi je Ronaldo Barišić uskoro i ponio nadimak Ronaldo.
n1i-413598-021	n1info	413598	kolumna	svet	Kolumne/boris-dezulovic	21	29	https://n1info.rs/kolumne/boris-dezulovic/balada-o-ronaldu-iz-knina/	Došao kninski originalni Ronaldo na probu u Dinamo, a tamo na njegovom mjestu već pod ugovorima igraju neki čudni ljudi čudnog imena, kojekakvi Kolumbijci, Alžirci, Albanci, Bosanci, Portugalci, Francuzi, Šveđani i Španjolci, crnci, Arapi, ovi, oni, ne zna čovjek je li Eurosong ili Dinamo!
n1i-413598-022	n1info	413598	kolumna	svet	Kolumne/boris-dezulovic	22	29	https://n1info.rs/kolumne/boris-dezulovic/balada-o-ronaldu-iz-knina/	Tako je, eto, završila nogometna karijera mladog Ronalda iz Knina.
n1i-124956-006	n1info	124956	kolumna	pol-drustvo	Kolumne/draza-petrovic	6	23	https://n1info.rs/kolumne/draza-petrovic/svaki-svoga-ubite-pokojnika-kolumna-draza-petrovic/	– Spavaš li mirno, Dragane J.
n1i-124956-007	n1info	124956	kolumna	pol-drustvo	Kolumne/draza-petrovic	7	23	https://n1info.rs/kolumne/draza-petrovic/svaki-svoga-ubite-pokojnika-kolumna-draza-petrovic/	– uzviknuo je pobedonosno Željko Mitrović posle emitovanja ovog priloga, a pomenuti Dragan je očajno sedeo u svom TV brlogu i razmišljao: „Kako se ja ovoga prvi nisam setio!?
n1i-124956-008	n1info	124956	kolumna	pol-drustvo	Kolumne/draza-petrovic	8	23	https://n1info.rs/kolumne/draza-petrovic/svaki-svoga-ubite-pokojnika-kolumna-draza-petrovic/	Održan je i vanredni kolegijum Informera, gde su urednici dobili kritiku vlasnika da su počeli da ošljare i da Pink polako preuzima njihovu do tada neprikosnovenu poziciju lidera u nezavisnom, objektivnom i profesionalnom laganju.
n1i-124956-009	n1info	124956	kolumna	pol-drustvo	Kolumne/draza-petrovic	9	23	https://n1info.rs/kolumne/draza-petrovic/svaki-svoga-ubite-pokojnika-kolumna-draza-petrovic/	– Imam ideju kako da se vratimo na staze stare slave!
n1i-124956-010	n1info	124956	kolumna	pol-drustvo	Kolumne/draza-petrovic	10	23	https://n1info.rs/kolumne/draza-petrovic/svaki-svoga-ubite-pokojnika-kolumna-draza-petrovic/	– kao i uvek kada je teško, javio se Dragan J.
n1i-124956-011	n1info	124956	kolumna	pol-drustvo	Kolumne/draza-petrovic	11	23	https://n1info.rs/kolumne/draza-petrovic/svaki-svoga-ubite-pokojnika-kolumna-draza-petrovic/	Vučićević uzvikom „eureka“, za koji se u Informeru smatra da je najduža reka u EU.
n1i-124956-012	n1info	124956	kolumna	pol-drustvo	Kolumne/draza-petrovic	12	23	https://n1info.rs/kolumne/draza-petrovic/svaki-svoga-ubite-pokojnika-kolumna-draza-petrovic/	– Mi sad treba da napravimo prilog koji će zaseniti ovaj prilog Pinka, a u kome ćemo optužiti blokadere da planiraju da ubijaju mrtve, samo da oni ne bi mogli da glasaju na izborima!
n1i-124956-013	n1info	124956	kolumna	pol-drustvo	Kolumne/draza-petrovic	13	23	https://n1info.rs/kolumne/draza-petrovic/svaki-svoga-ubite-pokojnika-kolumna-draza-petrovic/	– rekao je Dragan i takozvani novinari Informera su krenuli na posao.
n1i-700571-003	n1info	700571	kolumna	pol-drustvo	Kolumne/draza-petrovic	3	33	https://n1info.rs/kolumne/draza-petrovic/domacin-godine-predsednik-opstine-indjija/	marta bilo je u startu propuštena prilika da Marko postane zaista velika faca.
n1i-700571-004	n1info	700571	kolumna	pol-drustvo	Kolumne/draza-petrovic	4	33	https://n1info.rs/kolumne/draza-petrovic/domacin-godine-predsednik-opstine-indjija/	Naime, da je rođen samo dan ranije, 5.
n1i-700571-005	n1info	700571	kolumna	pol-drustvo	Kolumne/draza-petrovic	5	33	https://n1info.rs/kolumne/draza-petrovic/domacin-godine-predsednik-opstine-indjija/	marta, slavio bi rođendan kada i predsednik Aleksandar Vučić, koji se ovozemaljski vaspostavio 5.
n1i-700571-006	n1info	700571	kolumna	pol-drustvo	Kolumne/draza-petrovic	6	33	https://n1info.rs/kolumne/draza-petrovic/domacin-godine-predsednik-opstine-indjija/	marta, ali 16 godina pre Marka Gašića, što pretpostavlja da bi i Marko dalje dogurao da se na zemaljskoj kugli pojavio samo dan pre nego što se rodio.
n1i-700571-007	n1info	700571	kolumna	pol-drustvo	Kolumne/draza-petrovic	7	33	https://n1info.rs/kolumne/draza-petrovic/domacin-godine-predsednik-opstine-indjija/	Desila se još jedna sudbinska stvar: da su Marku dali ime Bratislav, on bi bio Bratislav Gašić, a ne Marko Gašić, i takođe se pretpostavlja da bi mnogo dalje dogurao u životu kao Bratislav, nego što je dogurao kao Marko.
n1i-700571-008	n1info	700571	kolumna	pol-drustvo	Kolumne/draza-petrovic	8	33	https://n1info.rs/kolumne/draza-petrovic/domacin-godine-predsednik-opstine-indjija/	A onda mu se, pre neki dan, ukazala neviđena šansa da se proslavi i zaseni jednim svojim herojskim delom sva dosadašnja herojska dela kako Aleksandra Vučića, tako i Bratislava Gašića.
n1i-700571-009	n1info	700571	kolumna	pol-drustvo	Kolumne/draza-petrovic	9	33	https://n1info.rs/kolumne/draza-petrovic/domacin-godine-predsednik-opstine-indjija/	Mogao je da stane na ulaz u Inđiju, kao domaćin, predsednik opštine Inđija, i dočeka studente i građane koji šetaju ka Novom Sadu.
n1i-700571-010	n1info	700571	kolumna	pol-drustvo	Kolumne/draza-petrovic	10	33	https://n1info.rs/kolumne/draza-petrovic/domacin-godine-predsednik-opstine-indjija/	Jer to je tako ljudski.
n1i-328638-022	n1info	328638	kolumna	hronika	Kolumne/draza-petrovic	22	42	https://n1info.rs/kolumne/draza-petrovic/zivotopis-sinise-vucinica-vojvode-za-branje-kukuruza/	Osim što Siniša nikada nije radio u policiji.
n1i-328638-023	n1info	328638	kolumna	hronika	Kolumne/draza-petrovic	23	42	https://n1info.rs/kolumne/draza-petrovic/zivotopis-sinise-vucinica-vojvode-za-branje-kukuruza/	Nezvanično, svi su se pitali koju godinu kasnije šta će on u počasnoj loži tokom proslave Dana policije na stadionu FK Milicionar u Makišu.
n1i-328638-024	n1info	328638	kolumna	hronika	Kolumne/draza-petrovic	24	42	https://n1info.rs/kolumne/draza-petrovic/zivotopis-sinise-vucinica-vojvode-za-branje-kukuruza/	Dok se u defileu nisu pojavili pripadnici Konjičke policije.
n1i-328638-025	n1info	328638	kolumna	hronika	Kolumne/draza-petrovic	25	42	https://n1info.rs/kolumne/draza-petrovic/zivotopis-sinise-vucinica-vojvode-za-branje-kukuruza/	Tad su svi shvatili da u našoj policiji ima i punokrvnih atova.
n1i-328638-026	n1info	328638	kolumna	hronika	Kolumne/draza-petrovic	26	42	https://n1info.rs/kolumne/draza-petrovic/zivotopis-sinise-vucinica-vojvode-za-branje-kukuruza/	– Hm, opet, šta će tu Siniša?
n1i-328638-027	n1info	328638	kolumna	hronika	Kolumne/draza-petrovic	27	42	https://n1info.rs/kolumne/draza-petrovic/zivotopis-sinise-vucinica-vojvode-za-branje-kukuruza/	– pitali su se svi oni koji nikako ne bi prošli test Mense.
n1i-328638-028	n1info	328638	kolumna	hronika	Kolumne/draza-petrovic	28	42	https://n1info.rs/kolumne/draza-petrovic/zivotopis-sinise-vucinica-vojvode-za-branje-kukuruza/	Siniša, osobno, prilikom davanja ličnih podataka sudskom veću opštinskog suda, jedared je rekao da je zaposlen kao savetnik direktora izvesne firme iz Novog Sada i da je „jedan od suvlasnika italijanskog fudbalskog kluba Milano“.
n1i-328638-029	n1info	328638	kolumna	hronika	Kolumne/draza-petrovic	29	42	https://n1info.rs/kolumne/draza-petrovic/zivotopis-sinise-vucinica-vojvode-za-branje-kukuruza/	Sudiji ništa nije bilo sumnjivo.
n1i-580762-019	n1info	580762	kolumna	ekonomija	Kolumne/ljubodrag-stojadinovic	19	31	https://n1info.rs/kolumne/ljubodrag-stojadinovic/umobolna-drama-kolumna-ljubodrag-stojadinovic/	Ko bi ostao normalan pred bilo čim od navedenog?
n1i-580762-020	n1info	580762	kolumna	ekonomija	Kolumne/ljubodrag-stojadinovic	20	31	https://n1info.rs/kolumne/ljubodrag-stojadinovic/umobolna-drama-kolumna-ljubodrag-stojadinovic/	Monarh i nije dužan da poludi lično, ima pored sebe toliko dvorskih teladi koje ga zamenjuju u opasnim scenama.
n1i-580762-021	n1info	580762	kolumna	ekonomija	Kolumne/ljubodrag-stojadinovic	21	31	https://n1info.rs/kolumne/ljubodrag-stojadinovic/umobolna-drama-kolumna-ljubodrag-stojadinovic/	A ipak je sebe isturio kao opravdanje zašto je takav kakav je.
n1i-580762-022	n1info	580762	kolumna	ekonomija	Kolumne/ljubodrag-stojadinovic	22	31	https://n1info.rs/kolumne/ljubodrag-stojadinovic/umobolna-drama-kolumna-ljubodrag-stojadinovic/	On inače nije želeo da se pravda, niti da se drži dublera i drugih cepanica koji ga rado uzimaju za sveca i zalažu svoju ništavnost za njega.
n1i-580762-023	n1info	580762	kolumna	ekonomija	Kolumne/ljubodrag-stojadinovic	23	31	https://n1info.rs/kolumne/ljubodrag-stojadinovic/umobolna-drama-kolumna-ljubodrag-stojadinovic/	Nego je rekao da je poludeo od sebe, što je više nego dovoljan razlog.
n1i-580762-024	n1info	580762	kolumna	ekonomija	Kolumne/ljubodrag-stojadinovic	24	31	https://n1info.rs/kolumne/ljubodrag-stojadinovic/umobolna-drama-kolumna-ljubodrag-stojadinovic/	Slutim da se između njega i njega a i u njemu odvijala teška borba i otpor slabih tragova zdravih snaga, zatočenih negde na periferiji tog složenog bića.
n1i-580762-025	n1info	580762	kolumna	ekonomija	Kolumne/ljubodrag-stojadinovic	25	31	https://n1info.rs/kolumne/ljubodrag-stojadinovic/umobolna-drama-kolumna-ljubodrag-stojadinovic/	U tragičnom unutrašnjem sukobu, On i On su nastojali da se povrate sebi jedinom, ne znajući koji je taj.
n1i-580762-026	n1info	580762	kolumna	ekonomija	Kolumne/ljubodrag-stojadinovic	26	31	https://n1info.rs/kolumne/ljubodrag-stojadinovic/umobolna-drama-kolumna-ljubodrag-stojadinovic/	Taj koji je pobedio unutar frakcijske borbe te rasparane ličnosti, doveo je do svesti o ludilu koje je izazvano unutrašnjim sagorevanjem a videlo se godinama.
n1i-501488-027	n1info	501488	kolumna	pol-drustvo	Kolumne/biljana-stepanovic	27	56	https://n1info.rs/kolumne/biljana-stepanovic/vasa-deca-nisu-vasa-deca-ona-lome-sudbinu-srbije/	Skoro bez glasa smo povili glave dok nam je grupa uzurpatora zaogrnuta pričom o svojoj izbornoj pobedi oduzela državu, razbila je na paramparčad, zadužila, opljačkala, na sva mesta dovela one najgore bez morala, znanja, skrupula, pa čak i bez predstave šta im je posao.
n1i-501488-028	n1info	501488	kolumna	pol-drustvo	Kolumne/biljana-stepanovic	28	56	https://n1info.rs/kolumne/biljana-stepanovic/vasa-deca-nisu-vasa-deca-ona-lome-sudbinu-srbije/	Ima doduše među njima i onih koji vrlo dobro znaju i gde su i s kim su i šta rade, ali rade jer im se to debelo isplati.
n1i-501488-029	n1info	501488	kolumna	pol-drustvo	Kolumne/biljana-stepanovic	29	56	https://n1info.rs/kolumne/biljana-stepanovic/vasa-deca-nisu-vasa-deca-ona-lome-sudbinu-srbije/	Dokopali su se „seta mogućnosti“ koje su se pred njima ukazale, od položaja kome se nisu nadali, do para koje nisu mogli ni da sanjaju.
n1i-501488-030	n1info	501488	kolumna	pol-drustvo	Kolumne/biljana-stepanovic	30	56	https://n1info.rs/kolumne/biljana-stepanovic/vasa-deca-nisu-vasa-deca-ona-lome-sudbinu-srbije/	Pa su samo iskoristili prečicu do rajskog vrta.
n1i-501488-031	n1info	501488	kolumna	pol-drustvo	Kolumne/biljana-stepanovic	31	56	https://n1info.rs/kolumne/biljana-stepanovic/vasa-deca-nisu-vasa-deca-ona-lome-sudbinu-srbije/	E sad, kandidati za ove srećne dobitnike su se godinama množili, a na ruku im je išla novouspostavljena beskrupuloznost, neznanje, primitivizam, neodgovornost i bahatost koji su zacarili našom državom.
n1i-501488-032	n1info	501488	kolumna	pol-drustvo	Kolumne/biljana-stepanovic	32	56	https://n1info.rs/kolumne/biljana-stepanovic/vasa-deca-nisu-vasa-deca-ona-lome-sudbinu-srbije/	Glasovi koji su se tome protivili bili su retki, a i oni su se javljali uzalud i na sopstvenu odgovornost.
n1i-501488-033	n1info	501488	kolumna	pol-drustvo	Kolumne/biljana-stepanovic	33	56	https://n1info.rs/kolumne/biljana-stepanovic/vasa-deca-nisu-vasa-deca-ona-lome-sudbinu-srbije/	Džabe su neki govorili da ovaj anti-poredak ne može večno trajati, da se kraj bliži, da to čak nije dobro ni za ovu novu kastu.
n1i-501488-034	n1info	501488	kolumna	pol-drustvo	Kolumne/biljana-stepanovic	34	56	https://n1info.rs/kolumne/biljana-stepanovic/vasa-deca-nisu-vasa-deca-ona-lome-sudbinu-srbije/	Vrhovni guru novog poretka nije ništa razumeo, jer i ne može da razume.
n1i-998117-023	n1info	998117	kolumna	pol-drustvo	Kolumne/draza-petrovic	23	36	https://n1info.rs/kolumne/draza-petrovic/nenad-jezdic-ili-jesi-ili-nisi/	"Niko živ ne zna ko su onih 17, ali svi znaju ko je Jezdić i zato je on vest"" - objasnio je predsednik države, u kojoj decu izbacuju iz vrtića jer su im roditelji svoji, a stend ap komičarima otkazuju sale, takođe jer su svoji."
n1i-998117-024	n1info	998117	kolumna	pol-drustvo	Kolumne/draza-petrovic	24	36	https://n1info.rs/kolumne/draza-petrovic/nenad-jezdic-ili-jesi-ili-nisi/	Novinarima pale kuće jer su svoji, a studente i građane biju i gaze po ulicama jer su takođe svoji.
n1i-998117-025	n1info	998117	kolumna	pol-drustvo	Kolumne/draza-petrovic	25	36	https://n1info.rs/kolumne/draza-petrovic/nenad-jezdic-ili-jesi-ili-nisi/	Miloš Vučević, planetarni borac protiv jednoumlja, rekao je: „Ja bih voleo da je za SNS, ali nije.
n1i-998117-026	n1info	998117	kolumna	pol-drustvo	Kolumne/draza-petrovic	26	36	https://n1info.rs/kolumne/draza-petrovic/nenad-jezdic-ili-jesi-ili-nisi/	Čovek je patriota, i ima svoj stav, i pokazao ga je.
n1i-998117-027	n1info	998117	kolumna	pol-drustvo	Kolumne/draza-petrovic	27	36	https://n1info.rs/kolumne/draza-petrovic/nenad-jezdic-ili-jesi-ili-nisi/	I svi pričaju o Nenadu Jezdiću, a niko o onih 15 ljudi koji su dizali indekse, krvave šake.
n1i-998117-028	n1info	998117	kolumna	pol-drustvo	Kolumne/draza-petrovic	28	36	https://n1info.rs/kolumne/draza-petrovic/nenad-jezdic-ili-jesi-ili-nisi/	Političke stavove nek iskazuju na trgu, to je vaše pravo, imate pravo na to, ali ljudi, ne plaća se karta u pozorištu da bi neko slušao političke stavove glumaca i režisera.
n1i-998117-029	n1info	998117	kolumna	pol-drustvo	Kolumne/draza-petrovic	29	36	https://n1info.rs/kolumne/draza-petrovic/nenad-jezdic-ili-jesi-ili-nisi/	Mi živimo u društvu u kom se nameće da vi kada imate svoj stav morate biti isključeni!
n1i-998117-030	n1info	998117	kolumna	pol-drustvo	Kolumne/draza-petrovic	30	36	https://n1info.rs/kolumne/draza-petrovic/nenad-jezdic-ili-jesi-ili-nisi/	"To je primer kensel kulture""."
n1i-237499-008	n1info	237499	kolumna	pol-drustvo	Kolumne/draza-petrovic	8	30	https://n1info.rs/kolumne/draza-petrovic/srpski-sampioni-u-biatlonu/	Ako je pak beli i ako odjeknu zvona s bazilike svetog Petra, to je znak da je rimokatolička crkva dobila novog poglavara.
n1i-237499-009	n1info	237499	kolumna	pol-drustvo	Kolumne/draza-petrovic	9	30	https://n1info.rs/kolumne/draza-petrovic/srpski-sampioni-u-biatlonu/	Kandidati za šefa BIA moraju mnogo pre izbora za šefa BIA da duboko uđu na jedno mesto koje liči na kapelu, ali nije kapela.
n1i-237499-010	n1info	237499	kolumna	pol-drustvo	Kolumne/draza-petrovic	10	30	https://n1info.rs/kolumne/draza-petrovic/srpski-sampioni-u-biatlonu/	Što dublje uđu na to mesto, koje liči na kapelu, a nije kapela, i koje je lično oslikao najveći genije čovečanstva, Aleksandar Vučić, to su im veće šanse da budu izabrani za šefa BIA, o čemu lično odlučuje pomenuti najveći genije čovečanstva dvotrećinskom većinom svojih ličnih glasova.
n1i-237499-011	n1info	237499	kolumna	pol-drustvo	Kolumne/draza-petrovic	11	30	https://n1info.rs/kolumne/draza-petrovic/srpski-sampioni-u-biatlonu/	Takoreći svotrećinskom većinom samog sebe.
n1i-237499-012	n1info	237499	kolumna	pol-drustvo	Kolumne/draza-petrovic	12	30	https://n1info.rs/kolumne/draza-petrovic/srpski-sampioni-u-biatlonu/	Jednom kada izbor šefa BIA počne, kandidati borave unutar tog ograničenog područja sve dok novi šef BIA nije izabran i kontakt sa spoljnim svetom imaju samo kada izađu odatle kako bi svima, nekom svojom izjavom o pomenutom geniju, dokazali koliko su duboko ušli u “kapelu”.
n1i-237499-013	n1info	237499	kolumna	pol-drustvo	Kolumne/draza-petrovic	13	30	https://n1info.rs/kolumne/draza-petrovic/srpski-sampioni-u-biatlonu/	Genija uvek treba pohvaliti, diviti mu se do imbecilnosti, ukazati srpskom narodu na spoljne i unutrašnje neprijatelje koji rade o glavi geniju, istaći visoku genijevu genijalnost, genijevu lepotu, genijev šarm i genijev habitus.
n1i-237499-014	n1info	237499	kolumna	pol-drustvo	Kolumne/draza-petrovic	14	30	https://n1info.rs/kolumne/draza-petrovic/srpski-sampioni-u-biatlonu/	Da bi postao šef BIA moraš imati vrline šampiona u BIAtlonu.
n1i-237499-015	n1info	237499	kolumna	pol-drustvo	Kolumne/draza-petrovic	15	30	https://n1info.rs/kolumne/draza-petrovic/srpski-sampioni-u-biatlonu/	Biatlon je, inače, kombinovanje dve sportske discipline, recimo skijaškog trčanja i gađanja iz puške u metu.
n1i-803780-006	n1info	803780	kolumna	ekonomija	Kolumne/draza-petrovic	6	20	https://n1info.rs/kolumne/draza-petrovic/memorandum-o-srpskim-naprednim-sirovinama/	Pre toga su se reciklirali u Srpsku naprednu stranku, impozantan skup sekundarnih sirovina, čiji je lider u početku bio jedan eminentni kragujevački stručnjak za ukopavanje, da bi ga kad je dete poraslo, osamostalilo se, zamenio jedan drugi stručnjak za ukopavanje, koji je pritom od 2012.
n1i-803780-007	n1info	803780	kolumna	ekonomija	Kolumne/draza-petrovic	7	20	https://n1info.rs/kolumne/draza-petrovic/memorandum-o-srpskim-naprednim-sirovinama/	Iskopavao je razne sirovine, uglavnom tipove bahate, priproste i neotesane.
n1i-803780-008	n1info	803780	kolumna	ekonomija	Kolumne/draza-petrovic	8	20	https://n1info.rs/kolumne/draza-petrovic/memorandum-o-srpskim-naprednim-sirovinama/	Školske primere starog dobrog srpskog izraza – koja su ovo sirovine!
n1i-803780-009	n1info	803780	kolumna	ekonomija	Kolumne/draza-petrovic	9	20	https://n1info.rs/kolumne/draza-petrovic/memorandum-o-srpskim-naprednim-sirovinama/	I kako god bi se pojavilo neko novo lice među Srpskim Naprednim Sirovinama, vaskolko građanstvo se pitalo: “Gde li su ovog iskopali, bože me oprosti?
n1i-803780-010	n1info	803780	kolumna	ekonomija	Kolumne/draza-petrovic	10	20	https://n1info.rs/kolumne/draza-petrovic/memorandum-o-srpskim-naprednim-sirovinama/	Pa su tako iskopali Đuku, Simu, Marijana, Jutku, Jovanova, Julina, Pilju, Nevenu, Martinovića, Atlagića, recikliranog bakarnog Bakareca, Vučićevića, Brnabu, i još razne neke sirovine iz sirovinske familije Dalabu.
n1i-803780-011	n1info	803780	kolumna	ekonomija	Kolumne/draza-petrovic	11	20	https://n1info.rs/kolumne/draza-petrovic/memorandum-o-srpskim-naprednim-sirovinama/	I Srbija je za njihovog vakta procvetala ko kad šimpanza ima upalu zadnjice, pa su rešili da svoju misiju nastave tako što će ubuduće iskopavati sirovine koje malo ko ima u Evropi, a mi ih imamo milion i dvesta hiljada tona u Jadru & Rađevini.
n1i-803780-012	n1info	803780	kolumna	ekonomija	Kolumne/draza-petrovic	12	20	https://n1info.rs/kolumne/draza-petrovic/memorandum-o-srpskim-naprednim-sirovinama/	Naime, Evropa nije bila zainteresovana za druge retke sirovine koje samo Srbija ima – dakle Šešeljarita, Jutku, Jovanova, Julina, Pilju, Nevenu, Martinovića, Atlagića, recikliranog bakarnog Bakareca, Vučićevića, Brnabu i još razne neke sirovine iz sirovinske familije Dalabu.
n1i-803780-013	n1info	803780	kolumna	ekonomija	Kolumne/draza-petrovic	13	20	https://n1info.rs/kolumne/draza-petrovic/memorandum-o-srpskim-naprednim-sirovinama/	Evropi je trebala sirovina od koje mogu da se prave baterije koje će pokretati automobile, a evropski stručnjaci su zaključili da od nabrojanih sirovina mogu samo da prave kočnice.
n1i-873125-007	n1info	873125	kolumna	sport	Kolumne/draza-petrovic	7	43	https://n1info.rs/kolumne/draza-petrovic/piksi-u-piksli/	Tada je naš fudbalski selektor od svih igrača koji su bili u avionu, najviše pohvalio sveopšteg selektora.
n1i-873125-008	n1info	873125	kolumna	sport	Kolumne/draza-petrovic	8	43	https://n1info.rs/kolumne/draza-petrovic/piksi-u-piksli/	Rekao je: “Srbija kao Srbija postaje sve lepša i bolja zemlja za život.
n1i-873125-009	n1info	873125	kolumna	sport	Kolumne/draza-petrovic	9	43	https://n1info.rs/kolumne/draza-petrovic/piksi-u-piksli/	Ja vidim razliku, napredak, ko misli drugačije, nemam ništa protiv.
n1i-873125-010	n1info	873125	kolumna	sport	Kolumne/draza-petrovic	10	43	https://n1info.rs/kolumne/draza-petrovic/piksi-u-piksli/	U poslu u kom sam sada osećam tu podršku.
n1i-873125-011	n1info	873125	kolumna	sport	Kolumne/draza-petrovic	11	43	https://n1info.rs/kolumne/draza-petrovic/piksi-u-piksli/	Bukvalno deset minuta pre leta aviona je došao.
n1i-873125-012	n1info	873125	kolumna	sport	Kolumne/draza-petrovic	12	43	https://n1info.rs/kolumne/draza-petrovic/piksi-u-piksli/	Ne postoji slučaj u svetu gde vam predsednik dođe i poželi sreću i to što je rekao idite i pobedite.
n1i-873125-013	n1info	873125	kolumna	sport	Kolumne/draza-petrovic	13	43	https://n1info.rs/kolumne/draza-petrovic/piksi-u-piksli/	To je poruka države, idite, pobedite.
n1i-873125-014	n1info	873125	kolumna	sport	Kolumne/draza-petrovic	14	43	https://n1info.rs/kolumne/draza-petrovic/piksi-u-piksli/	Njegov dolazak u avion će ostati upamćen.
n1i-568445-000	n1info	568445	vest	pol-drustvo	Ustavokrsitelj	0	8	https://n1info.rs/ustavokrsitelj/akademska-zajednica-vucic-sprovodi-drzavni-udar-sudije-i-tuzioci-da-preduzmu-hitne-mere/	"""Na delu je permanentni državni udar koji sprovodi predsednik Republike."
n1i-568445-001	n1info	568445	vest	pol-drustvo	Ustavokrsitelj	1	8	https://n1info.rs/ustavokrsitelj/akademska-zajednica-vucic-sprovodi-drzavni-udar-sudije-i-tuzioci-da-preduzmu-hitne-mere/	"Kontinuirano prisustvo policije na fakultetima u Novom Sadu, sprečavanje njihovog rada, brutalna intervencija policije u kampusu Univerziteta u Novom Sadu, kao i nelegalna smena dekanke Medicinskog fakulteta u Beogradu, grubo su kršenje Zakona o visokom obrazovanju i de facto ukidanje autonomije univerziteta"", saopštilo je više neformalnih akademskih grupa."
n1i-568445-002	n1info	568445	vest	pol-drustvo	Ustavokrsitelj	2	8	https://n1info.rs/ustavokrsitelj/akademska-zajednica-vucic-sprovodi-drzavni-udar-sudije-i-tuzioci-da-preduzmu-hitne-mere/	"""U Novom Pazaru su samovoljom predsednika uskraćena novčana sredstva zbog čega već mesec dana platu ne primaju zaposleni u gradskom javnom sektoru."
n1i-568445-003	n1info	568445	vest	pol-drustvo	Ustavokrsitelj	3	8	https://n1info.rs/ustavokrsitelj/akademska-zajednica-vucic-sprovodi-drzavni-udar-sudije-i-tuzioci-da-preduzmu-hitne-mere/	"Predsednik Republike javno preti tužiocima da će preuzeti njihove funkcije, ako ne sprovedu njegove naredbe o procesuiranju građana koji se mirno bore za poštovanje Ustava"", dodaje se u saopštenju."
n1i-568445-004	n1info	568445	vest	pol-drustvo	Ustavokrsitelj	4	8	https://n1info.rs/ustavokrsitelj/akademska-zajednica-vucic-sprovodi-drzavni-udar-sudije-i-tuzioci-da-preduzmu-hitne-mere/	Zbog toga, poručuju, akademska zajednica zahteva od javnih tužilaca i sudija da hitno preduzmu mere protiv predsednika Republike i, kako kažu, preduprede dalje uništavanje pravnog sistema države, koje sprovode on i otuđena izvršna i tužilačka vlast.
n1i-568445-005	n1info	568445	vest	pol-drustvo	Ustavokrsitelj	5	8	https://n1info.rs/ustavokrsitelj/akademska-zajednica-vucic-sprovodi-drzavni-udar-sudije-i-tuzioci-da-preduzmu-hitne-mere/	"""Takođe, pozivamo Savet Evrope i OEBS da se u skladu sa svojom misijom suprotstave potpunom urušavanju ljudskih prava, vladavine prava i demokratije u Srbiji, koja je članica tih evropskih tela."
n1i-568445-006	n1info	568445	vest	pol-drustvo	Ustavokrsitelj	6	8	https://n1info.rs/ustavokrsitelj/akademska-zajednica-vucic-sprovodi-drzavni-udar-sudije-i-tuzioci-da-preduzmu-hitne-mere/	"Poslednji je trenutak da se spreči faktičko ukidanje Ustava, međunarodnih konvencija i zakona, te ulazak u potpuno samovlašće i diktaturu"", zaključuju u saopštenju."
n1i-568445-007	n1info	568445	vest	pol-drustvo	Ustavokrsitelj	7	8	https://n1info.rs/ustavokrsitelj/akademska-zajednica-vucic-sprovodi-drzavni-udar-sudije-i-tuzioci-da-preduzmu-hitne-mere/	A post shared by @pobunjeni_univerzitet Saopštenje su potpisali: Pobunjeni univerzitet, Beograd, Forum Univerziteta umetnosti u Beogradu, Slobodan univerzitet Novi Sad, Slobodni univerzitet Kragujevac, Slobodni univerzitet u Nišu, Slobodni Državni univerzitet u Novom Pazaru, Proaktiv Univerziteta u Prištini sa privremenim sedištem u Kosovskoj Mitrovici i Akademski plenum iz Novog Sada.
n1i-372766-028	n1info	372766	vest	pol-drustvo	Nase price	28	45	https://n1info.rs/vesti/priprema-za-skolu-sta-djak-prvak-treba-da-zna/	Ne možemo reći da decu treba ‘posaditi’ na neko mesto i sada učimo i spremamo se za školu.
n1i-372766-029	n1info	372766	vest	pol-drustvo	Nase price	29	45	https://n1info.rs/vesti/priprema-za-skolu-sta-djak-prvak-treba-da-zna/	Rekla bih da se celog života spremamo za školu, kroz razne aktivnosti i razne događaje koji se dešavaju u životu deteta”, navodi Mrđenov.
n1i-372766-030	n1info	372766	vest	pol-drustvo	Nase price	30	45	https://n1info.rs/vesti/priprema-za-skolu-sta-djak-prvak-treba-da-zna/	Komunikacija roditelja sa decom je ključna za pravilan razvoj deteta, kaže ona, ističući da su roditelji najsigurnija luka za dete.
n1i-372766-031	n1info	372766	vest	pol-drustvo	Nase price	31	45	https://n1info.rs/vesti/priprema-za-skolu-sta-djak-prvak-treba-da-zna/	Međutim, upravo je to ono što, kako navodi, sve više nedostaje.
n1i-372766-032	n1info	372766	vest	pol-drustvo	Nase price	32	45	https://n1info.rs/vesti/priprema-za-skolu-sta-djak-prvak-treba-da-zna/	“Nastavnici i prosvetni kadar generalno misle da se roditelji manje bave svojom decom.
n1i-372766-033	n1info	372766	vest	pol-drustvo	Nase price	33	45	https://n1info.rs/vesti/priprema-za-skolu-sta-djak-prvak-treba-da-zna/	Ne svi, naravno, ali utisak je da se manje priča sa decom , da se manje razgovara.
n1i-372766-034	n1info	372766	vest	pol-drustvo	Nase price	34	45	https://n1info.rs/vesti/priprema-za-skolu-sta-djak-prvak-treba-da-zna/	Kada dete dođe iz vrtića sa pričom da se nešto desilo, da je drugar nešto uradio, a roditelj ga pita kako bi se ono postavilo u toj situaciji , kod dece razvijamo mišljenje.
n1i-372766-035	n1info	372766	vest	pol-drustvo	Nase price	35	45	https://n1info.rs/vesti/priprema-za-skolu-sta-djak-prvak-treba-da-zna/	To je jako važno za napredak kasnije.
n1i-537390-001	n1info	537390	vest	pol-drustvo	Nase price	1	12	https://n1info.rs/vesti/spc-osniva-svoj-univerzitet-sta-je-jos-predvidjeno-izmenama-zakona-o-crkvama/	Izmenama je, između ostalog, predviđeno osnivanje posebnog univerziteta Srpske pravoslavne crkve.
n1i-537390-002	n1info	537390	vest	pol-drustvo	Nase price	2	12	https://n1info.rs/vesti/spc-osniva-svoj-univerzitet-sta-je-jos-predvidjeno-izmenama-zakona-o-crkvama/	"Zakonopisac predlaže usvajanje zakona po hitnom postupku, imajući u vidu, kako se navodi - ""da bi njegovo nedonošenje po hitnom postupku moglo da prouzrokuje štetne posledice po rad crkava i verskih zajednica i njihovih institucija""."
n1i-537390-003	n1info	537390	vest	pol-drustvo	Nase price	3	12	https://n1info.rs/vesti/spc-osniva-svoj-univerzitet-sta-je-jos-predvidjeno-izmenama-zakona-o-crkvama/	"Na ovaj način, kako se ističe, ""ujednačavaju se obrazovni standardi u svim poljima, jer se uvođenjem obaveze delovanja u svim obrazovno-naučnim, odnosno obrazovno-umetničkim poljima u skladu sa zakonom obezbeđuje da ove ustanove ispunjavaju potpuno iste standarde kvaliteta, programa, licenciranja i akreditacije kao i državne ili druge privatne škole i fakulteti""."
n1i-537390-004	n1info	537390	vest	pol-drustvo	Nase price	4	12	https://n1info.rs/vesti/spc-osniva-svoj-univerzitet-sta-je-jos-predvidjeno-izmenama-zakona-o-crkvama/	"Novim izmenama i dopunama Zakona o crkvama i verskim zajednicama, predviđa se da Srpska pravoslavna crkva osnuje poseban univerzitet, ""kao visokoškolsku ustanovu koja ima poseban društveni značaj""."
n1i-537390-005	n1info	537390	vest	pol-drustvo	Nase price	5	12	https://n1info.rs/vesti/spc-osniva-svoj-univerzitet-sta-je-jos-predvidjeno-izmenama-zakona-o-crkvama/	"""Zakonodavac ovim putem eksplicitno prepoznaje i definiše poseban društveni značaj univerziteta čiji je osnivač Srpska pravoslavna crkva, uzimajući u obzir njenu neprocenjivu istorijsku ulogu u razvoju obrazovanja, nauke i kulture, kao i u očuvanju duhovnog i nacionalnog identiteta srpskog naroda i Republike Srbije."
n1i-537390-006	n1info	537390	vest	pol-drustvo	Nase price	6	12	https://n1info.rs/vesti/spc-osniva-svoj-univerzitet-sta-je-jos-predvidjeno-izmenama-zakona-o-crkvama/	"Uvođenje ovih odredbi postupa se u potpunom skladu sa načelima saradnje i uvažavanja istorijskih tekovina"", stoji u obrazloženju predloga zakona."
n1i-537390-007	n1info	537390	vest	pol-drustvo	Nase price	7	12	https://n1info.rs/vesti/spc-osniva-svoj-univerzitet-sta-je-jos-predvidjeno-izmenama-zakona-o-crkvama/	Istovremeno, dodaje se, razlog za donošenje ove izmene je i postavljanje fleksibilnog pravnog okvira za finansiranje i upravljanje takvim univerzitetom, s obzirom na to da se novim rešenjem otvara zakonska mogućnost suosnivanja.
n1i-537390-008	n1info	537390	vest	pol-drustvo	Nase price	8	12	https://n1info.rs/vesti/spc-osniva-svoj-univerzitet-sta-je-jos-predvidjeno-izmenama-zakona-o-crkvama/	Visokoškolska ustanova čiji je osnivač SPC ne dostavlja dokaz o osnivačkom kapitalu ili bankarskoj garanciji uz zahtev za početnu akreditaciju, odnosno prvu i svaku narednu akreditaciju, odnosno za upis studenata na akreditovane studijske programe.
n1i-995339-000	n1info	995339	vest	pol-drustvo	Ustavokrsitelj	0	8	https://n1info.rs/ustavokrsitelj/birodi-vucic-kroz-stalne-medijske-nastupe-sprovodi-fakticku-izbornu-kampanju-krsi-ustav-i-zakone/	Biro za društvena istraživanja (Birodi) upozorio je danas da predsednik Srbije Aleksandar Vučić kroz kontinuirane medijske nastupe sprovodi faktičku izbornu kampanju pre njenog zvaničnog raspisivanja, čime krši Ustav i zakone.
n1i-995339-001	n1info	995339	vest	pol-drustvo	Ustavokrsitelj	1	8	https://n1info.rs/ustavokrsitelj/birodi-vucic-kroz-stalne-medijske-nastupe-sprovodi-fakticku-izbornu-kampanju-krsi-ustav-i-zakone/	Birodi zahteva stoga od Regulatornog tela za elektronske medije (REM) da hitno objavi analizu medijskih nastupa predsednika države i jasno razgraniči da li on nastupa u okviru ustavnih ovlašćenja ili kao politički akter.
n1i-995339-002	n1info	995339	vest	pol-drustvo	Ustavokrsitelj	2	8	https://n1info.rs/ustavokrsitelj/birodi-vucic-kroz-stalne-medijske-nastupe-sprovodi-fakticku-izbornu-kampanju-krsi-ustav-i-zakone/	Prema navodima Birodija, Vučić je tokom 2025.
n1i-995339-003	n1info	995339	vest	pol-drustvo	Ustavokrsitelj	3	8	https://n1info.rs/ustavokrsitelj/birodi-vucic-kroz-stalne-medijske-nastupe-sprovodi-fakticku-izbornu-kampanju-krsi-ustav-i-zakone/	godine u centralnim informativnim emisijama pomenut 12.888 puta, dok je predsednik Vlade pomenut manje od 600 puta, što može da bude indicija, imajući u vidu nadležnosti predsednika Republike (član 112 Ustava) i nadležnosti Vlade (član 123 Ustava), da je predsednik Republike preuzeo nadležnosti premijera i ministara.
n1i-995339-004	n1info	995339	vest	pol-drustvo	Ustavokrsitelj	4	8	https://n1info.rs/ustavokrsitelj/birodi-vucic-kroz-stalne-medijske-nastupe-sprovodi-fakticku-izbornu-kampanju-krsi-ustav-i-zakone/	Istovremeno, Birodi poziva Agenciju za sprečavanje korupcije da bez odlaganja ispita postojanje sukoba interesa u skladu sa Zakonom o sprečavanju korupcije (član 40).
n1i-995339-005	n1info	995339	vest	pol-drustvo	Ustavokrsitelj	5	8	https://n1info.rs/ustavokrsitelj/birodi-vucic-kroz-stalne-medijske-nastupe-sprovodi-fakticku-izbornu-kampanju-krsi-ustav-i-zakone/	"Izostanak reakcije REM i Agencije znači ""institucionalno saučesništvo u urušavanju integriteta izbornog procesa"" i povlaći mogućnost pokretanja krivičnog postupka po članu 359 Krivičnog zakonika, upozorio je Birodi."
n1i-995339-006	n1info	995339	vest	pol-drustvo	Ustavokrsitelj	6	8	https://n1info.rs/ustavokrsitelj/birodi-vucic-kroz-stalne-medijske-nastupe-sprovodi-fakticku-izbornu-kampanju-krsi-ustav-i-zakone/	Kako bi sprečio takvo postupanje predsednika, Birodi je dostavio REM-u predlog Upustva o izveštavanju medija o predsedniku Republike, koje to regulatorno telo može da usvoji i primenjuje prema Zakonu o elektronskim medijima.
n1i-995339-007	n1info	995339	vest	pol-drustvo	Ustavokrsitelj	7	8	https://n1info.rs/ustavokrsitelj/birodi-vucic-kroz-stalne-medijske-nastupe-sprovodi-fakticku-izbornu-kampanju-krsi-ustav-i-zakone/	Na taj predlog, međutim, Birodi nikada nije dobio odgovor.
n1i-603569-000	n1info	603569	vest	pol-drustvo	Ustavokrsitelj	0	24	https://n1info.rs/ustavokrsitelj/gostovanje-predsednika-vucica-na-prvoj/	Predsednik Srbije je na gostovanju na televiziji sa nacionalnom frekvencijom po ustaljenom običaju pričao o raznim temama od kojih ogromna većina ne spada u njegove nadležnosti.
n1i-603569-001	n1info	603569	vest	pol-drustvo	Ustavokrsitelj	1	24	https://n1info.rs/ustavokrsitelj/gostovanje-predsednika-vucica-na-prvoj/	"""Kada jedna grana vlasti preuzima u nadležnosti druge vlasti, to je autokratija i to je ono što stalno gledamo"", kaže Maravić za N1."
n1i-603569-002	n1info	603569	vest	pol-drustvo	Ustavokrsitelj	2	24	https://n1info.rs/ustavokrsitelj/gostovanje-predsednika-vucica-na-prvoj/	Predsednik je, prema njegovim rečima, ostao u domenu svojih nadležnosti govoreći o mogućim sankcijama Srbiji i pozivu kosovskim Srbima da posle bojkota , ovog puta izađu na izbore .
n1i-603569-003	n1info	603569	vest	pol-drustvo	Ustavokrsitelj	3	24	https://n1info.rs/ustavokrsitelj/gostovanje-predsednika-vucica-na-prvoj/	"""Jeste malo problematično da li može da ih pozove, jer ako smatramo da Kosovo jeste deo Srbije onda to nisu spoljni poslovi kojima se predsednik bavi."
n1i-603569-004	n1info	603569	vest	pol-drustvo	Ustavokrsitelj	4	24	https://n1info.rs/ustavokrsitelj/gostovanje-predsednika-vucica-na-prvoj/	S druge strane, imamo realnost u kojoj na Kosovu nemamo prisutnu državu Srbiju, već međunarodnu zajednicu, tako da je razumljivo što to radi.
n1i-603569-005	n1info	603569	vest	pol-drustvo	Ustavokrsitelj	5	24	https://n1info.rs/ustavokrsitelj/gostovanje-predsednika-vucica-na-prvoj/	"To je nasleđena situacija u kojoj je doduše i on doprineo devedesetih godina prošlog veka, ali je u domenu diplomatije što se poklapa sa predsedničkim ovlašćenjima"", smatra Maravić."
n1i-603569-006	n1info	603569	vest	pol-drustvo	Ustavokrsitelj	6	24	https://n1info.rs/ustavokrsitelj/gostovanje-predsednika-vucica-na-prvoj/	Predsednik Srbije je tokom gostovanja govorio o temama koje tiču zdravstva, drumske i železničke infrastrukture, studentskih platnih kartica.
n1i-603569-007	n1info	603569	vest	pol-drustvo	Ustavokrsitelj	7	24	https://n1info.rs/ustavokrsitelj/gostovanje-predsednika-vucica-na-prvoj/	Pričao je o stanici Prokop, auto-putevima, mamografima, lečenju od teških bolesti, metrou, platama i penzijama, izborima, rezultatima aktuelnog režima...
n1i-261679-013	n1info	261679	vest	pol-drustvo	Ustavokrsitelj	13	25	https://n1info.rs/ustavokrsitelj/tanasije-marinkovic-jos-jedna-vuciceva-neustavna-ponuda-o-referendumu-o-razresenju/	Naime, on ne može da poima da bi o tome da li je povredio Ustav mogli odlučivati Narodna skupština i Ustavni sud.
n1i-261679-014	n1info	261679	vest	pol-drustvo	Ustavokrsitelj	14	25	https://n1info.rs/ustavokrsitelj/tanasije-marinkovic-jos-jedna-vuciceva-neustavna-ponuda-o-referendumu-o-razresenju/	On smatra da je iznad tih institucija i da jedino može odgovarati građanima Srbije, tvrdi profesor.
n1i-261679-015	n1info	261679	vest	pol-drustvo	Ustavokrsitelj	15	25	https://n1info.rs/ustavokrsitelj/tanasije-marinkovic-jos-jedna-vuciceva-neustavna-ponuda-o-referendumu-o-razresenju/	"Naravno, sve pod uslovom da on odlučuje o tome ko su građani Srbije, s obzirom na sve manipulacije s Jedinstvenim biračkim spiskom, i da on odlučuje o tome kakva će biti svest ""odabranih"" građana Srbije, s obzirom na sve manipulacije u medijima s nacionalnom frekvencijom, rekao je Marinković."
n1i-261679-016	n1info	261679	vest	pol-drustvo	Ustavokrsitelj	16	25	https://n1info.rs/ustavokrsitelj/tanasije-marinkovic-jos-jedna-vuciceva-neustavna-ponuda-o-referendumu-o-razresenju/	Nije isključeno ni da je ideju o savetodavnom referendumu predsednik Republike našao u Zakonu o referendumu i narodnoj inicijativi.
n1i-261679-017	n1info	261679	vest	pol-drustvo	Ustavokrsitelj	17	25	https://n1info.rs/ustavokrsitelj/tanasije-marinkovic-jos-jedna-vuciceva-neustavna-ponuda-o-referendumu-o-razresenju/	Istina, taj zakon predviđa da Skupština može raspisati referendum o pitanju od šireg značaja iz svoje nadležnosti radi pribavljanja mišljenja građana o odluci koja treba da bude doneta u vezi sa tim pitanjem - savetodavni referendum, rekao je Marinković.
n1i-261679-018	n1info	261679	vest	pol-drustvo	Ustavokrsitelj	18	25	https://n1info.rs/ustavokrsitelj/tanasije-marinkovic-jos-jedna-vuciceva-neustavna-ponuda-o-referendumu-o-razresenju/	"Marinković je naveo i da predsednik Republike previđa da Zakon propisuje i da, ""prema vrsti akta koji je predmet izjašnjavanja građana, referendum može biti ustavotvorni, zakonodavni ili upravni""."
n1i-261679-019	n1info	261679	vest	pol-drustvo	Ustavokrsitelj	19	25	https://n1info.rs/ustavokrsitelj/tanasije-marinkovic-jos-jedna-vuciceva-neustavna-ponuda-o-referendumu-o-razresenju/	Nadležnosti Narodne skupštine da pokrene postupak za utvrđivanje odgovornosti predsednika Republike za povredu Ustava, i da glasa o njegovom razrešenju spadaju u knjiške primere pravosudne (tužilačke i sudske) funkcije parlamenta, a pravosudni akti ne mogu biti predmet izjašnjavanja građana na referendumu, dodao je profesor.
n1i-261679-020	n1info	261679	vest	pol-drustvo	Ustavokrsitelj	20	25	https://n1info.rs/ustavokrsitelj/tanasije-marinkovic-jos-jedna-vuciceva-neustavna-ponuda-o-referendumu-o-razresenju/	Marinković ponavlja da ni slovo ni duh Ustava iz 2006.
n1i-999945-008	n1info	999945	vest	pol-drustvo	Ustavokrsitelj	8	18	https://n1info.rs/ustavokrsitelj/nenadic-izborna-funkcionerska-kampanja-vucic-nastupao-i-kao-nosilac-liste-i-kao-predsednik-drzave/	"""Ne samo da smo imali funkcionersku kampanju, već smo imali i jednu zonu gde krše neka od postojećih pravila, a onda iza svega toga imamo odluke Agencije za sprečavanje korupcije koja propušta da utvrdi povredu tih pravila"", navodi Nenadić."
n1i-999945-009	n1info	999945	vest	pol-drustvo	Ustavokrsitelj	9	18	https://n1info.rs/ustavokrsitelj/nenadic-izborna-funkcionerska-kampanja-vucic-nastupao-i-kao-nosilac-liste-i-kao-predsednik-drzave/	"Dodaje da to ne može biti slučajno, jer su imali sve relevantne pokazatelje o nepravilnosti, ""i oni na osnovu toga zaključuju da je sve bilo u redu""."
n1i-999945-010	n1info	999945	vest	pol-drustvo	Ustavokrsitelj	10	18	https://n1info.rs/ustavokrsitelj/nenadic-izborna-funkcionerska-kampanja-vucic-nastupao-i-kao-nosilac-liste-i-kao-predsednik-drzave/	Osvrnuo se i na tekst CINS, čija novinarka se zaposlila u kol centru SNS i otkrila šemu rada, ali i kako se plaća glas.
n1i-999945-011	n1info	999945	vest	pol-drustvo	Ustavokrsitelj	11	18	https://n1info.rs/ustavokrsitelj/nenadic-izborna-funkcionerska-kampanja-vucic-nastupao-i-kao-nosilac-liste-i-kao-predsednik-drzave/	"""Više javno tužilaštvo je trebalo to da ispita po službenoj dužnosti, i rekli su da neće ni da rade već da će da čekaju prijavu od izbornih komisija."
n1i-999945-012	n1info	999945	vest	pol-drustvo	Ustavokrsitelj	12	18	https://n1info.rs/ustavokrsitelj/nenadic-izborna-funkcionerska-kampanja-vucic-nastupao-i-kao-nosilac-liste-i-kao-predsednik-drzave/	"U saopštenju pred Novu godinu VJT je pomenuo sve krivične prijave koje su dobili, ali ovaj slučaj uopšte nisu pomenuli, tako da ne znamo ni da li se njime bavio"", kaže Nenadić."
n1i-999945-013	n1info	999945	vest	pol-drustvo	Ustavokrsitelj	13	18	https://n1info.rs/ustavokrsitelj/nenadic-izborna-funkcionerska-kampanja-vucic-nastupao-i-kao-nosilac-liste-i-kao-predsednik-drzave/	Dodaje da je Transparentnost tražila od Agencije za sprečavanje korupcije da ispita neke aspekte ove priče, ali ni 25 dana posle nisu dobili nikakav odgovor, iako je rok za postupanje agencije pet dana.
n1i-999945-014	n1info	999945	vest	pol-drustvo	Ustavokrsitelj	14	18	https://n1info.rs/ustavokrsitelj/nenadic-izborna-funkcionerska-kampanja-vucic-nastupao-i-kao-nosilac-liste-i-kao-predsednik-drzave/	U izveštaju Transparentnost navodi i da su od svih ministarstava tražili da im dostave akte iz kojih može da se vidi koliko imaju posebnih savetnika i koje su im kvalifikacije.
n1i-999945-015	n1info	999945	vest	pol-drustvo	Ustavokrsitelj	15	18	https://n1info.rs/ustavokrsitelj/nenadic-izborna-funkcionerska-kampanja-vucic-nastupao-i-kao-nosilac-liste-i-kao-predsednik-drzave/	Prema rečima Nenadića, od skoro svih ministarstava su dobili podatke, osim od Ministarstva za zaštitu životne sredine, koje se pozvalo na zaštitu privatnosti.
n1i-920473-003	n1info	920473	vest	pol-drustvo	Nase price	3	29	https://n1info.rs/vesti/selakoviceva-izjava-o-generalstabu-kritike-diplomata/	Međutim, bivši ambasador Srbije u Sjedinjenim Američkim Državama Ivan Vujačić za N1 naglašava da se SAD nikad nisu izvinjavale, niti imaju nameru da se izvine za NATO bombardovanje Srbije.
n1i-920473-004	n1info	920473	vest	pol-drustvo	Nase price	4	29	https://n1info.rs/vesti/selakoviceva-izjava-o-generalstabu-kritike-diplomata/	"""Neki su izrazili žaljenja što je do toga došlo, ali to nije isto što izvinjenje."
n1i-920473-005	n1info	920473	vest	pol-drustvo	Nase price	5	29	https://n1info.rs/vesti/selakoviceva-izjava-o-generalstabu-kritike-diplomata/	"Pod dva, izvinjenja su obično direktna, a ne indirektna i svojevrsna, ako do njih uopšte dolazi"", objašnjava sagovornik N1."
n1i-920473-006	n1info	920473	vest	pol-drustvo	Nase price	6	29	https://n1info.rs/vesti/selakoviceva-izjava-o-generalstabu-kritike-diplomata/	Prema tome, dodaje Vujačić, nikakvo izvinjenje nije sadržano u pokušaju da se dođe do jednog komercijalnog posla od strane Trampove familije u Beogradu.
n1i-920473-007	n1info	920473	vest	pol-drustvo	Nase price	7	29	https://n1info.rs/vesti/selakoviceva-izjava-o-generalstabu-kritike-diplomata/	"""Kao i načina na koji su srpske vlasti pokušale da se približe Trampu preko davanja izvanrednih uslova za posao i praktično jednog tipa poklona američkoj administraciji, u velikom delu makar."
n1i-920473-008	n1info	920473	vest	pol-drustvo	Nase price	8	29	https://n1info.rs/vesti/selakoviceva-izjava-o-generalstabu-kritike-diplomata/	"Tako da je to jedan pokušaj približavanja"", kazao je Vujačić."
n1i-920473-009	n1info	920473	vest	pol-drustvo	Nase price	9	29	https://n1info.rs/vesti/selakoviceva-izjava-o-generalstabu-kritike-diplomata/	Ipak, kako ističe, nije Srbija jedinstvena u tome, te navodi primer Edija Rame u Albaniji.
n1i-920473-010	n1info	920473	vest	pol-drustvo	Nase price	10	29	https://n1info.rs/vesti/selakoviceva-izjava-o-generalstabu-kritike-diplomata/	"""Mnogi Amerikanci i javno mnjenje velikog dela Amerike zamera Trampu što je pobrkao, odnosno povezao političku moć sa komercijalnim poslovima."
n1i-615712-035	n1info	615712	vest	pol-drustvo	Nase price	35	54	https://n1info.rs/zeleni-kutak/kratkorocna-steta-dugorocne-posledice-kako-je-pozar-u-deliblatskoj-pescari-pogodio-pcele/	Ne prave med, zato što njima nije potrebna zimnica, pošto sve odrasle jedinike uginu pre početka zime, navodi naša sagovornica.
n1i-615712-036	n1info	615712	vest	pol-drustvo	Nase price	36	54	https://n1info.rs/zeleni-kutak/kratkorocna-steta-dugorocne-posledice-kako-je-pozar-u-deliblatskoj-pescari-pogodio-pcele/	Ona ističe da u njihovom slučaju nije bila moguća pomoć, kao ni izmeriti štetu.
n1i-615712-037	n1info	615712	vest	pol-drustvo	Nase price	37	54	https://n1info.rs/zeleni-kutak/kratkorocna-steta-dugorocne-posledice-kako-je-pozar-u-deliblatskoj-pescari-pogodio-pcele/	Izvesno je da sve pčele koje imaju svoja staništa u zemlji, kao i njihove larve, nisu preživele.
n1i-615712-038	n1info	615712	vest	pol-drustvo	Nase price	38	54	https://n1info.rs/zeleni-kutak/kratkorocna-steta-dugorocne-posledice-kako-je-pozar-u-deliblatskoj-pescari-pogodio-pcele/	"""Možda su ptice odletele, ali pčele su uginule."
n1i-615712-039	n1info	615712	vest	pol-drustvo	Nase price	39	54	https://n1info.rs/zeleni-kutak/kratkorocna-steta-dugorocne-posledice-kako-je-pozar-u-deliblatskoj-pescari-pogodio-pcele/	One žive potpuno drugačije nego medonosne pčele.
n1i-615712-040	n1info	615712	vest	pol-drustvo	Nase price	40	54	https://n1info.rs/zeleni-kutak/kratkorocna-steta-dugorocne-posledice-kako-je-pozar-u-deliblatskoj-pescari-pogodio-pcele/	Kod medonosnih, ako preživi matica, ona će odleteti, pa će osnovati novu koloniju, što kod drugih nije slučaj.
n1i-615712-041	n1info	615712	vest	pol-drustvo	Nase price	41	54	https://n1info.rs/zeleni-kutak/kratkorocna-steta-dugorocne-posledice-kako-je-pozar-u-deliblatskoj-pescari-pogodio-pcele/	Ove pčele su nezamenljive, jer medonosne ne mogu da opraše sve biljke koje nas okružuju.
n1i-615712-042	n1info	615712	vest	pol-drustvo	Nase price	42	54	https://n1info.rs/zeleni-kutak/kratkorocna-steta-dugorocne-posledice-kako-je-pozar-u-deliblatskoj-pescari-pogodio-pcele/	"To prolazi nekako neopaženo, a u stvar je jako važno"", ocenjuje Bila Dubaić."
n1i-510470-006	n1info	510470	vest	pol-drustvo	Ustavokrsitelj	6	29	https://n1info.rs/ustavokrsitelj/vucicu-verujem-ili-ne-verujem-na-ustavu-se-zakleo-ali-je-izgleda-zaboravio-neke-njegove-clanove/	Evo naših 100 potpisa, čekamo samo 67 potpisa opozicije i idemo na savetodavni referednum.
n1i-510470-007	n1info	510470	vest	pol-drustvo	Ustavokrsitelj	7	29	https://n1info.rs/ustavokrsitelj/vucicu-verujem-ili-ne-verujem-na-ustavu-se-zakleo-ali-je-izgleda-zaboravio-neke-njegove-clanove/	"Idemo da pitamo narod"", izjavila je predsednica Skupština Ana Brnabić."
n1i-510470-008	n1info	510470	vest	pol-drustvo	Ustavokrsitelj	8	29	https://n1info.rs/ustavokrsitelj/vucicu-verujem-ili-ne-verujem-na-ustavu-se-zakleo-ali-je-izgleda-zaboravio-neke-njegove-clanove/	"""Vox populi, vox dei, dakle glas naroda je glas Boga"", nadovezao se na predsednicu Milenko Jovanov, poslanik SNS."
n1i-510470-009	n1info	510470	vest	pol-drustvo	Ustavokrsitelj	9	29	https://n1info.rs/ustavokrsitelj/vucicu-verujem-ili-ne-verujem-na-ustavu-se-zakleo-ali-je-izgleda-zaboravio-neke-njegove-clanove/	Ali, problem je što Ustav tačno propisuje kako prestaje mandat predsednika.
n1i-510470-010	n1info	510470	vest	pol-drustvo	Ustavokrsitelj	10	29	https://n1info.rs/ustavokrsitelj/vucicu-verujem-ili-ne-verujem-na-ustavu-se-zakleo-ali-je-izgleda-zaboravio-neke-njegove-clanove/	Osim isteka mandata, a Vučićev traje do 2027, moguća je ostavka ili razrešenje.
n1i-510470-011	n1info	510470	vest	pol-drustvo	Ustavokrsitelj	11	29	https://n1info.rs/ustavokrsitelj/vucicu-verujem-ili-ne-verujem-na-ustavu-se-zakleo-ali-je-izgleda-zaboravio-neke-njegove-clanove/	Ali ne i savetnodavni referendum.
n1i-510470-012	n1info	510470	vest	pol-drustvo	Ustavokrsitelj	12	29	https://n1info.rs/ustavokrsitelj/vucicu-verujem-ili-ne-verujem-na-ustavu-se-zakleo-ali-je-izgleda-zaboravio-neke-njegove-clanove/	N1: Zašto niste postupili po Ustavu, nego po nižem zakonu, kada Ustav jasno propisuje proceduru?
n1i-510470-013	n1info	510470	vest	pol-drustvo	Ustavokrsitelj	13	29	https://n1info.rs/ustavokrsitelj/vucicu-verujem-ili-ne-verujem-na-ustavu-se-zakleo-ali-je-izgleda-zaboravio-neke-njegove-clanove/	"""Jeste, jeste i ovo je deo procedure iz Ustava"", odgovorila je Brnabić."
n1i-429213-006	n1info	429213	vest	pol-drustvo	Ustavokrsitelj	6	44	https://n1info.rs/ustavokrsitelj/sinisa-mali-krsi-ustav-i-ministar-i-odbornik/	Kako je navedeno na sajtu Agencije, zabrana vršenja druge javne funkcije propisana je odredbom članom 56 Zakona o sprečavanju korupcije , a to znači da javni funkcioner ne može da obavlјa drugu javnu funkciju bez saglasnosti Agencije.
n1i-429213-007	n1info	429213	vest	pol-drustvo	Ustavokrsitelj	7	44	https://n1info.rs/ustavokrsitelj/sinisa-mali-krsi-ustav-i-ministar-i-odbornik/	Sama Agencija prema članu 56 tog zakona je dužna da odluči po potpunom i urednom zahtevu u roku od 15 dana od dana njegovog prijema.
n1i-429213-008	n1info	429213	vest	pol-drustvo	Ustavokrsitelj	8	44	https://n1info.rs/ustavokrsitelj/sinisa-mali-krsi-ustav-i-ministar-i-odbornik/	"""Agencija neće dati saglasnost za vršenje druge javne funkcije, ukoliko je vršenje te javne funkcije nespojivo sa javnom funkcijom koju javni funkcioner već vrši, odnosno ukoliko utvrdi postojanje sukoba interesa , o čemu donosi obrazloženu odluku"", navodi se u zakonu."
n1i-429213-009	n1info	429213	vest	pol-drustvo	Ustavokrsitelj	9	44	https://n1info.rs/ustavokrsitelj/sinisa-mali-krsi-ustav-i-ministar-i-odbornik/	N1 je poslao pitanja Agenciji za sprečavanje korupcije, Gradu Beogradu, Ministarstvu finansija i Vladi Srbije.
n1i-429213-010	n1info	429213	vest	pol-drustvo	Ustavokrsitelj	10	44	https://n1info.rs/ustavokrsitelj/sinisa-mali-krsi-ustav-i-ministar-i-odbornik/	"Jedino je odgovorila Agencija za sprečavanje korupcije, koja je navela da je ""Siniša Mali, prvi potpredsednik Vlade i ministar finansija, podneo Agenciji za sprečavanje korupcije zahtev za davanje saglasnosti za vršenje druge javne funkcije odbornika Skupštine grada Beograda, u smislu odredaba čl."
n1i-429213-011	n1info	429213	vest	pol-drustvo	Ustavokrsitelj	11	44	https://n1info.rs/ustavokrsitelj/sinisa-mali-krsi-ustav-i-ministar-i-odbornik/	56 Zakona o sprečavanju korupcije.
n1i-429213-012	n1info	429213	vest	pol-drustvo	Ustavokrsitelj	12	44	https://n1info.rs/ustavokrsitelj/sinisa-mali-krsi-ustav-i-ministar-i-odbornik/	"Postupak po zahtevu imenovanog je u toku""."
n1i-429213-013	n1info	429213	vest	pol-drustvo	Ustavokrsitelj	13	44	https://n1info.rs/ustavokrsitelj/sinisa-mali-krsi-ustav-i-ministar-i-odbornik/	Agencija nije navela kada je Mali podneo zahtev.
n1i-771924-069	n1info	771924	vest	pol-drustvo	Ustavokrsitelj	69	78	https://n1info.rs/ustavokrsitelj/predsednik-u-decembru-stanovi-za-sve-mlade-kobre-tajne-sluzbe-i-stotine-miliona-evra-za-borbu-protiv-njega/	"""Špijuni"" koje sada žvalavi razvlači po televiji su turisti, studenti elektrotehnike iz Hrvatske koji kupili karte za novogodišnji maskembal u KST-u."
n1i-771924-070	n1info	771924	vest	pol-drustvo	Ustavokrsitelj	70	78	https://n1info.rs/ustavokrsitelj/predsednik-u-decembru-stanovi-za-sve-mlade-kobre-tajne-sluzbe-i-stotine-miliona-evra-za-borbu-protiv-njega/	Sede šokirani videći svoja imena na televiziji.
n1i-771924-071	n1info	771924	vest	pol-drustvo	Ustavokrsitelj	71	78	https://n1info.rs/ustavokrsitelj/predsednik-u-decembru-stanovi-za-sve-mlade-kobre-tajne-sluzbe-i-stotine-miliona-evra-za-borbu-protiv-njega/	pic.twitter.com/kLmnxsGRRQ Kraj godine bio je odvojen za pretnje predsednika Srbije prosvetnim radnicima koji su u štrajku od 16.
n1i-771924-072	n1info	771924	vest	pol-drustvo	Ustavokrsitelj	72	78	https://n1info.rs/ustavokrsitelj/predsednik-u-decembru-stanovi-za-sve-mlade-kobre-tajne-sluzbe-i-stotine-miliona-evra-za-borbu-protiv-njega/	"On je izjavio da neće biti potpune obustave rada u školama, navodeći da prosvetni radnici mogu da stupe u generalni štrajk, ali je ocenio da se oni na to neće odlučiti, jer, kako je rekao, ""vole da prave blokade, a da plate dolaze u celini""."
n1i-771924-073	n1info	771924	vest	pol-drustvo	Ustavokrsitelj	73	78	https://n1info.rs/ustavokrsitelj/predsednik-u-decembru-stanovi-za-sve-mlade-kobre-tajne-sluzbe-i-stotine-miliona-evra-za-borbu-protiv-njega/	godine predsednik je rešio da se bavi građevinarstvom i posledično zdravstvom.
n1i-771924-074	n1info	771924	vest	pol-drustvo	Ustavokrsitelj	74	78	https://n1info.rs/ustavokrsitelj/predsednik-u-decembru-stanovi-za-sve-mlade-kobre-tajne-sluzbe-i-stotine-miliona-evra-za-borbu-protiv-njega/	"On je na gradilištu obećao da će dečja bonica ""Tiršova 2"" biti gotova do maja – juna 2027."
n1i-771924-075	n1info	771924	vest	pol-drustvo	Ustavokrsitelj	75	78	https://n1info.rs/ustavokrsitelj/predsednik-u-decembru-stanovi-za-sve-mlade-kobre-tajne-sluzbe-i-stotine-miliona-evra-za-borbu-protiv-njega/	Isti čovek je sa iste funkcije godinama ranije najavio da će bolnica biti gotova najdalje do kraja 2022.
n1i-771924-076	n1info	771924	vest	pol-drustvo	Ustavokrsitelj	76	78	https://n1info.rs/ustavokrsitelj/predsednik-u-decembru-stanovi-za-sve-mlade-kobre-tajne-sluzbe-i-stotine-miliona-evra-za-borbu-protiv-njega/	"""Konzervativni rok je da ćemo završiti novu Tiršovu do kraja 2022."
n1i-993588-026	n1info	993588	vest	pol-drustvo	Ustavokrsitelj	26	35	https://n1info.rs/ustavokrsitelj/predsednik-opet-govori-samo-o-stvarima-van-svoje-nadleznosti/	"Iako je bio uspešan student prava i završio osnovne studije ali njegova znanja su skromna i ne razmišlja kao pravnik""."
n1i-993588-027	n1info	993588	vest	pol-drustvo	Ustavokrsitelj	27	35	https://n1info.rs/ustavokrsitelj/predsednik-opet-govori-samo-o-stvarima-van-svoje-nadleznosti/	"""Trebalo bi izražava državno jedinstvo države Srbije i svih njenih građana koji su nosioci suvereniteta."
n1i-993588-028	n1info	993588	vest	pol-drustvo	Ustavokrsitelj	28	35	https://n1info.rs/ustavokrsitelj/predsednik-opet-govori-samo-o-stvarima-van-svoje-nadleznosti/	Vidimo kao se ponaša prema nesitomišljenicima, vređa ih, umesto da ih poštuje.
n1i-993588-029	n1info	993588	vest	pol-drustvo	Ustavokrsitelj	29	35	https://n1info.rs/ustavokrsitelj/predsednik-opet-govori-samo-o-stvarima-van-svoje-nadleznosti/	"On razdvaja i deli građane na one koji su za njega i one koji nisu"", dodaje."
n1i-993588-030	n1info	993588	vest	pol-drustvo	Ustavokrsitelj	30	35	https://n1info.rs/ustavokrsitelj/predsednik-opet-govori-samo-o-stvarima-van-svoje-nadleznosti/	Ivošević kaže da kada predstavlja državu predsednik treba da govori u granicama politike koje utvrdila Vlada, a ne koju on odluči da zastupa.
n1i-993588-031	n1info	993588	vest	pol-drustvo	Ustavokrsitelj	31	35	https://n1info.rs/ustavokrsitelj/predsednik-opet-govori-samo-o-stvarima-van-svoje-nadleznosti/	Pregovori Beograda i Prištine su, kaže, primer toga.
n1i-993588-032	n1info	993588	vest	pol-drustvo	Ustavokrsitelj	32	35	https://n1info.rs/ustavokrsitelj/predsednik-opet-govori-samo-o-stvarima-van-svoje-nadleznosti/	"""Prihvatio je Briselski sporazum, a od tada nemamo policiju, sudstvo i organe lokalne samouprave na Kosovu već smo ih preneli na tu kvazi državu."
n1i-993588-033	n1info	993588	vest	pol-drustvo	Ustavokrsitelj	33	35	https://n1info.rs/ustavokrsitelj/predsednik-opet-govori-samo-o-stvarima-van-svoje-nadleznosti/	Tu je i Ohridski sporazum koji kaže da nije potpisao.
n1i-194167-003	n1info	194167	vest	pol-drustvo	Ustavokrsitelj	3	67	https://n1info.rs/ustavokrsitelj/nenadlezni-predsednik-vucic-i-tuzioci-od-pada-nastresnice-do-danas-od-sugestija-do-pretnji-gonjenjem/	godine, u prvim danima i nedeljama od pada nastrešnice na železničkoj stanici u Novom Sadu zbog čega je poginulo 16 ljudi, a jedna osoba je teško povređena, predsednik bio taj koji je komunicirao sa javnošću, dok se nadležno Tužilaštvo nije izjašnjavalo 20-ak dana.
n1i-194167-004	n1info	194167	vest	pol-drustvo	Ustavokrsitelj	4	67	https://n1info.rs/ustavokrsitelj/nenadlezni-predsednik-vucic-i-tuzioci-od-pada-nastresnice-do-danas-od-sugestija-do-pretnji-gonjenjem/	Aleksandar Vučić je, sad već uobičajeno, van svojih ovlašćenja, umesto nadležnih organa ocenjivao slučaj i odgovornost.
n1i-194167-005	n1info	194167	vest	pol-drustvo	Ustavokrsitelj	5	67	https://n1info.rs/ustavokrsitelj/nenadlezni-predsednik-vucic-i-tuzioci-od-pada-nastresnice-do-danas-od-sugestija-do-pretnji-gonjenjem/	"""Ta odgovornost mora da bude pre svega krivično – pravna"", izjavio je."
n1i-194167-006	n1info	194167	vest	pol-drustvo	Ustavokrsitelj	6	67	https://n1info.rs/ustavokrsitelj/nenadlezni-predsednik-vucic-i-tuzioci-od-pada-nastresnice-do-danas-od-sugestija-do-pretnji-gonjenjem/	"Nedugo zatim je rekao i sledeće: ""Siguran sam da će nadležni organi i tužilaštvo i pravosuđe, odnosno, sudovi kasnije moći i morati da daju pravi odgovor na to""."
n1i-194167-007	n1info	194167	vest	pol-drustvo	Ustavokrsitelj	7	67	https://n1info.rs/ustavokrsitelj/nenadlezni-predsednik-vucic-i-tuzioci-od-pada-nastresnice-do-danas-od-sugestija-do-pretnji-gonjenjem/	Da bi u jednom od čestih tv obraćanja, objasnio kome će biti najteže...
n1i-194167-008	n1info	194167	vest	pol-drustvo	Ustavokrsitelj	8	67	https://n1info.rs/ustavokrsitelj/nenadlezni-predsednik-vucic-i-tuzioci-od-pada-nastresnice-do-danas-od-sugestija-do-pretnji-gonjenjem/	"""Biće mnogo teško i tužilaštvu i sudovima da ustanove, veštacima ponajviše, da li bi da nije bilo opterećenja stakla to stajalo još godinu, dve, ili tri"", rekao je Vučić."
n1i-194167-009	n1info	194167	vest	pol-drustvo	Ustavokrsitelj	9	67	https://n1info.rs/ustavokrsitelj/nenadlezni-predsednik-vucic-i-tuzioci-od-pada-nastresnice-do-danas-od-sugestija-do-pretnji-gonjenjem/	"""Sve to se svakako može tumačiti kao poruka onim tužiocima koji postupaju u tom organu i može se tumačiti kao pritisak na njih."
n1i-194167-010	n1info	194167	vest	pol-drustvo	Ustavokrsitelj	10	67	https://n1info.rs/ustavokrsitelj/nenadlezni-predsednik-vucic-i-tuzioci-od-pada-nastresnice-do-danas-od-sugestija-do-pretnji-gonjenjem/	"Bilo bi jako dobro kada bi se naši političari uzdržavali od komentarisanja postupaka, ali mi nemamo takvu političku kulturu ni tradiciju"", rekao je za N1 javni tužilac Radovan Lazić, novembra 2024."
n1i-319384-028	n1info	319384	vest	pol-drustvo	Nase price	28	51	https://n1info.rs/svet/pravni-status-fetusa-kao-linosti-u-sad/	Umesto da trudnice dobiju adekvatnu psihološku i medicinsku negu nakon traumatičnog gubitka ploda, one se neretko suočavaju sa policijskim ispitivanjem i lisicama na rukama dok još leže u bolničkim krevetima.
n1i-319384-029	n1info	319384	vest	pol-drustvo	Nase price	29	51	https://n1info.rs/svet/pravni-status-fetusa-kao-linosti-u-sad/	Najbolji dokaz ideološkog slepila i nespojivosti ovog pokreta sa modernom stvarnošću dogodio se početkom 2024.
n1i-319384-030	n1info	319384	vest	pol-drustvo	Nase price	30	51	https://n1info.rs/svet/pravni-status-fetusa-kao-linosti-u-sad/	godine, kada je Vrhovni sud Alabame doneo šokantnu i istorijsku presudu kojom je zamrznute embrione, koji se koriste u procesu vantelesne oplodnje, zvanično proglasio „decom”.
n1i-319384-031	n1info	319384	vest	pol-drustvo	Nase price	31	51	https://n1info.rs/svet/pravni-status-fetusa-kao-linosti-u-sad/	Ova sudska odluka je momentalno, u roku od nekoliko sati, paralisala rad vodećih klinika za plodnost širom ove savezne države.
n1i-319384-032	n1info	319384	vest	pol-drustvo	Nase price	32	51	https://n1info.rs/svet/pravni-status-fetusa-kao-linosti-u-sad/	Proces vantelesne oplodnje po svojoj prirodi zahteva stvaranje znatno većeg broja embriona nego što će zapravo biti implantirano u matericu žene tokom jednog ciklusa.
n1i-319384-033	n1info	319384	vest	pol-drustvo	Nase price	33	51	https://n1info.rs/svet/pravni-status-fetusa-kao-linosti-u-sad/	Višak stvorenih embriona se zamrzava za potencijalne buduće pokušaje, donira u naučne svrhe ili bezbedno uništava ako pacijenti tako odluče nakon uspešne trudnoće.
n1i-319384-034	n1info	319384	vest	pol-drustvo	Nase price	34	51	https://n1info.rs/svet/pravni-status-fetusa-kao-linosti-u-sad/	Međutim, ako je svaki zamrznuti embrion u tečnom azotu pravno gledano „dete”, onda njegovo slučajno oštećenje tokom laboratorijskih procesa, neuspešno odmrzavanje ili svesno uništavanje predstavlja krivično delo teškog ubistva maloletnog lica.
n1i-319384-035	n1info	319384	vest	pol-drustvo	Nase price	35	51	https://n1info.rs/svet/pravni-status-fetusa-kao-linosti-u-sad/	U agresivnom pokušaju da navodno zaštite „život od samog začeća”, konzervativni sudije i zakonodavci su preko noći onemogućili hiljadama ljudi, koji očajnički žele decu, da postanu roditelji putem moderne medicine.
n1i-417709-047	n1info	417709	vest	pol-drustvo	Nase price	47	77	https://n1info.rs/vesti/nove-tehnologije-na-izborima-iskustva-region-srbija/	Preduslov su bile izmene izbornih zakona, koje je takođe nametnuo visoki predstavnik.
n1i-417709-048	n1info	417709	vest	pol-drustvo	Nase price	48	77	https://n1info.rs/vesti/nove-tehnologije-na-izborima-iskustva-region-srbija/	„Suštinski, ovo ne odgovara nijednoj opciji, osim onima koji su govorili da su pokradeni.
n1i-417709-049	n1info	417709	vest	pol-drustvo	Nase price	49	77	https://n1info.rs/vesti/nove-tehnologije-na-izborima-iskustva-region-srbija/	Najveći protivnici bili su HDZ i SNSD Milorada Dodika.
n1i-417709-050	n1info	417709	vest	pol-drustvo	Nase price	50	77	https://n1info.rs/vesti/nove-tehnologije-na-izborima-iskustva-region-srbija/	Drugi protivnici, kao što je HDZ 1990, pravdali su da se prvo mora rešiti hrvatsko pitanje u BiH“, kazao je sagovornik N1 i dodao da je kod drugih postojala podrška, ali pre svega deklarativna.
n1i-417709-051	n1info	417709	vest	pol-drustvo	Nase price	51	77	https://n1info.rs/vesti/nove-tehnologije-na-izborima-iskustva-region-srbija/	„Bugarski voz“, odnosno unošenje unapred popunjenog glasačkog listića na biračko mesto, dok se prazan listić iznosi i napolju popunjava kako organizatoru ove izborne krađe odgovara, zaustavljen je u Bugarskoj primenom tehnoloških rešenja na samim biračkim mestima.
n1i-417709-052	n1info	417709	vest	pol-drustvo	Nase price	52	77	https://n1info.rs/vesti/nove-tehnologije-na-izborima-iskustva-region-srbija/	Poslanica Stranke slobode i pravde (SSP) u Skupštini Srbije Jelena Milošević bila je član posmatračke misije Saveta Evrope na parlamentarnim izborima održanim 2.
n1i-417709-053	n1info	417709	vest	pol-drustvo	Nase price	53	77	https://n1info.rs/vesti/nove-tehnologije-na-izborima-iskustva-region-srbija/	Kako je ispričala po povratku u Srbiju, mašina za glasanje iskorenila je „bugarski voz“ u zemlji u kojoj je nastao.
n1i-417709-054	n1info	417709	vest	pol-drustvo	Nase price	54	77	https://n1info.rs/vesti/nove-tehnologije-na-izborima-iskustva-region-srbija/	"""Ova mašina je iskorenila čuveni 'bugarski voz' i slikanje listića."
n1i-742971-013	n1info	742971	vest	pol-drustvo	Nase price	13	33	https://n1info.rs/vesti/pravac-potocari-zasto-niko-ne-kaznjava-slavljenje-ratnog-zlocinca-i-genocida/	Tako da bi jednima, onima koji hoće državnu sahranu, mogu da kaže, evo imate, to je državna stahrana.
n1i-742971-014	n1info	742971	vest	pol-drustvo	Nase price	14	33	https://n1info.rs/vesti/pravac-potocari-zasto-niko-ne-kaznjava-slavljenje-ratnog-zlocinca-i-genocida/	"Onima koji su protiv državne sahrane, može da kaže nisam bio ja, nije bilo većine najviših državnih predstavnika"", kaže Olenik za N1."
n1i-742971-015	n1info	742971	vest	pol-drustvo	Nase price	15	33	https://n1info.rs/vesti/pravac-potocari-zasto-niko-ne-kaznjava-slavljenje-ratnog-zlocinca-i-genocida/	Kada je u pitanju kazna za pomenuto negiranje zločina, Olenik podseća da postoji zakon koji je usvojila još vlada Vojislava Koštunice da Srbija priznaje sve presude Haškog tribunala, koje postaju deo unutrašnjih pravnog sistema, dok je u Skupštini usvojena rezulacija u kojoj Srbija priznaje presudu za genocid u Srebrenici 1995.
n1i-742971-016	n1info	742971	vest	pol-drustvo	Nase price	16	33	https://n1info.rs/vesti/pravac-potocari-zasto-niko-ne-kaznjava-slavljenje-ratnog-zlocinca-i-genocida/	"""Sve presude su deo našeg unutrašnjeg pravnog poretka jer smo ih priznali kao država."
n1i-742971-017	n1info	742971	vest	pol-drustvo	Nase price	17	33	https://n1info.rs/vesti/pravac-potocari-zasto-niko-ne-kaznjava-slavljenje-ratnog-zlocinca-i-genocida/	Ovaj zakon nije menjala ili ukidala, ni ova, radikalska vlast.
n1i-742971-018	n1info	742971	vest	pol-drustvo	Nase price	18	33	https://n1info.rs/vesti/pravac-potocari-zasto-niko-ne-kaznjava-slavljenje-ratnog-zlocinca-i-genocida/	"U situaciji gde se jedno misli, drugo govori, treće radi, mi formalno priznajemo te odluke, ali suštinski ne postupamo po njima"", kaže Olenik."
n1i-742971-019	n1info	742971	vest	pol-drustvo	Nase price	19	33	https://n1info.rs/vesti/pravac-potocari-zasto-niko-ne-kaznjava-slavljenje-ratnog-zlocinca-i-genocida/	Da su kojim slučajem presude bile drugačije – oslobađajuće, država bi ih, kako kaže, primenjivala bez ostaka.
n1i-742971-020	n1info	742971	vest	pol-drustvo	Nase price	20	33	https://n1info.rs/vesti/pravac-potocari-zasto-niko-ne-kaznjava-slavljenje-ratnog-zlocinca-i-genocida/	Kao ističe, ovakvo ponašenje može se nazvati šibicarenjem, te da zbog takvog pristupa propadamo i kao država i društvo.
n1i-385016-014	n1info	385016	vest	svet	Region	14	27	https://n1info.rs/region/rade-serbezija-ja-sam-srbin-iz-like/	Građanska inicijativa „Gospić je naš dom“ organizovala je protest „Hodaj za Liku, hodaj za Hrvatsku“ posle višemesečnih upozorenja na problem nezakonito odloženog otpada i planirane fabrike litijuma u Smiljanskom polju.
n1i-385016-015	n1info	385016	vest	svet	Region	15	27	https://n1info.rs/region/rade-serbezija-ja-sam-srbin-iz-like/	Protest je najavljen kao borba za zdravlje ljudi, zaštitu životne sredine i pravo lokalnog stanovništva da bude uključeno u odluke koje direktno utiču na njihov život.
n1i-385016-016	n1info	385016	vest	svet	Region	16	27	https://n1info.rs/region/rade-serbezija-ja-sam-srbin-iz-like/	U junu je u Gospiću održan prvi „Hodaj za Liku“, na ruti dugoj oko pet kilometara, od lokacije ilegalnog odlagališta do područja planirane fabrike.
n1i-385016-017	n1info	385016	vest	svet	Region	17	27	https://n1info.rs/region/rade-serbezija-ja-sam-srbin-iz-like/	Organizatori su tada tražili objavljivanje svih analiza, nezavisno ispitivanje zemljišta, otpada i podzemnih voda, plan sanacije sa jasnim rokovima, kao i javnu raspravu o fabrici litijuma.
n1i-385016-018	n1info	385016	vest	svet	Region	18	27	https://n1info.rs/region/rade-serbezija-ja-sam-srbin-iz-like/	Prema izveštajima hrvatskih medija, u pitanju je više desetina hiljada tona otpada na području Gospića, dok građani istovremeno upozoravaju na pitanja kvaliteta vode i zemljišta.
n1i-385016-019	n1info	385016	vest	svet	Region	19	27	https://n1info.rs/region/rade-serbezija-ja-sam-srbin-iz-like/	Zbog toga je protest prerastao lokalne okvire.
n1i-385016-020	n1info	385016	vest	svet	Region	20	27	https://n1info.rs/region/rade-serbezija-ja-sam-srbin-iz-like/	Više od 200 javnih ličnosti i udruženja javno je podržalo inicijativu, dok su podršku pružile i sindikalne centrale, uz ocenu da pravo na zdravu životnu sredinu, čistu vodu i bezbedne uslove života nije samo lokalno već pitanje javnog interesa.
n1i-385016-021	n1info	385016	vest	svet	Region	21	27	https://n1info.rs/region/rade-serbezija-ja-sam-srbin-iz-like/	Šerbedžija je među onima koji su podržali protest, a u intervjuu je upravo problem otpada izdvojio kao posebno tragičan.
n1i-787470-002	n1info	787470	vest	svet	Region	2	10	https://n1info.rs/region/uhapsena-dva-policajca-delili-fotografije-samoubistvo-ruski-drzavljanin-trostruko-ubistvo/	Prema sumnjama do kojih su došli policijski službenici unutrašnje kontrole, pišu Vijesti, Dragićević je sačinio fotografiju sa mesta događaja na kojoj se vidi beživotno telo Šabunjina, nakon čega je fotografiju prosledio Vilić.
n1i-787470-003	n1info	787470	vest	svet	Region	3	10	https://n1info.rs/region/uhapsena-dva-policajca-delili-fotografije-samoubistvo-ruski-drzavljanin-trostruko-ubistvo/	Slučaj je pokrenut nakon što je odbegli Miloš Medenica na Telegram kanalu objavio detalje iz istrage zločina, kako dalje piše, kao i fotografije tela Šabunjina.
n1i-787470-004	n1info	787470	vest	svet	Region	4	10	https://n1info.rs/region/uhapsena-dva-policajca-delili-fotografije-samoubistvo-ruski-drzavljanin-trostruko-ubistvo/	Slučaj je pokrenut nakon informacija da su na jednom kanalu za komunikaciju objavljeni detalji i fotografije sa mesta događaja u naselju Topla, gdje je policija obavljala uviđaj nakon samoubistva ruskog državljanina.
n1i-787470-005	n1info	787470	vest	svet	Region	5	10	https://n1info.rs/region/uhapsena-dva-policajca-delili-fotografije-samoubistvo-ruski-drzavljanin-trostruko-ubistvo/	Nakon prikupljenih obavještenja i materijalnih dokaza, dva policajca su uhapšena i privedena postupajućem državnom tužiocu, navodi se u saopštenju koje prenose Vijesti.
n1i-787470-006	n1info	787470	vest	svet	Region	6	10	https://n1info.rs/region/uhapsena-dva-policajca-delili-fotografije-samoubistvo-ruski-drzavljanin-trostruko-ubistvo/	Tužilac im je odredio zadržavanje, nakon čega su privedeni sudiji za istragu nadležnog suda.
n1i-787470-007	n1info	787470	vest	svet	Region	7	10	https://n1info.rs/region/uhapsena-dva-policajca-delili-fotografije-samoubistvo-ruski-drzavljanin-trostruko-ubistvo/	Saslušani su, a odluka sudije za istragu se očekuje.
n1i-787470-008	n1info	787470	vest	svet	Region	8	10	https://n1info.rs/region/uhapsena-dva-policajca-delili-fotografije-samoubistvo-ruski-drzavljanin-trostruko-ubistvo/	"septembra na strelištu ""Češka zbrojevka"" u Danilovgradu ubio tri osobe - dvadesetogodišnjeg Nemanju Kapora iz Podgorice, njegovog četiri godine starijeg sugrađanina Petra Globarevića i Momira Radonjića (67) iz Danilovgrada, da bi ga u noći sa utorka na srijedu policija locirala u šumi iznad hercegnovskog naselja Topla."
n1i-787470-009	n1info	787470	vest	svet	Region	9	10	https://n1info.rs/region/uhapsena-dva-policajca-delili-fotografije-samoubistvo-ruski-drzavljanin-trostruko-ubistvo/	On je u trenutku hapšenja otvorio vatru na policiju, a potom i pucao sebi u glavu.
n1i-923506-000	n1info	923506	vest	svet	Region	0	7	https://n1info.rs/region/snazna-grmljavinska-oluja-u-italiji-i-sloveniji-stigla-i-do-hrvatske/	Velika promena vremena zahvatila je delove Evrope, a nakon udara na području južne Francuske i severne Italije, snažne grmljavinske oluje stigle su i do Slovenije, a nevreme je danas zahvatilo i deo Hrvatske, prenosi N1 Hrvatska.
n1i-923506-001	n1info	923506	vest	svet	Region	1	7	https://n1info.rs/region/snazna-grmljavinska-oluja-u-italiji-i-sloveniji-stigla-i-do-hrvatske/	Najjače je duvalo uz more, gde su udari vetra dostizali oko 50 kilometara na sat.
n1i-923506-002	n1info	923506	vest	svet	Region	2	7	https://n1info.rs/region/snazna-grmljavinska-oluja-u-italiji-i-sloveniji-stigla-i-do-hrvatske/	Prepodne su nove oluje zahvatile zapad Slovenije, a zatim su se premestile i prema unutrašnjosti zemlje pa su oko 12 sati zahvatile i glavni grad Ljubljanu, piše N1 Slovenija.
n1i-923506-003	n1info	923506	vest	svet	Region	3	7	https://n1info.rs/region/snazna-grmljavinska-oluja-u-italiji-i-sloveniji-stigla-i-do-hrvatske/	"⛈️Video di Mauro Ghirardon, per ""Tornado in Italia"", dell'avvicinamento della linea temporalesca a Sottomarina (VE)."
n1i-923506-004	n1info	923506	vest	svet	Region	4	7	https://n1info.rs/region/snazna-grmljavinska-oluja-u-italiji-i-sloveniji-stigla-i-do-hrvatske/	pic.twitter.com/GJay0mbSpI Nevreme je tokom prepodneva stiglo i u Hrvatsku, a prvo je zahvatilo severni Jadran i Gorski kotar.
n1i-923506-005	n1info	923506	vest	svet	Region	5	7	https://n1info.rs/region/snazna-grmljavinska-oluja-u-italiji-i-sloveniji-stigla-i-do-hrvatske/	U Rijeci je pala jaka kiša, a u Zagreb duva jak vetar, javio je portal Index.hr.
n1i-923506-006	n1info	923506	vest	svet	Region	6	7	https://n1info.rs/region/snazna-grmljavinska-oluja-u-italiji-i-sloveniji-stigla-i-do-hrvatske/	Državni hidrometeorološki zavod je za danas i četvrtak izdao upozorenja zbog mogućeg grmljavinskog nevremena, lokalnih bujičnih poplava, olujnih udara vetra i grada.
n1i-778553-000	n1info	778553	vest	svet	Region	0	9	https://n1info.rs/region/severna-makedonija-obelezava-35-godina-nezavisnosti/	Severna Makedonija danas obeležava 35 godina nezavisnosti sa više manifestacija i aktivnosti.
n1i-778553-001	n1info	778553	vest	svet	Region	1	9	https://n1info.rs/region/severna-makedonija-obelezava-35-godina-nezavisnosti/	Predsednica Severne Makedonije Gordana Siljanovska-Davkova položila je jutros cveće na grobove prvog makedonskog predsednika Kira Gligorova, kao i predsednika Borisa Trajkovskog i prvog premijera Nikole Kljuseva.
n1i-778553-002	n1info	778553	vest	svet	Region	2	9	https://n1info.rs/region/severna-makedonija-obelezava-35-godina-nezavisnosti/	"septembra"", na kojoj će Davkova dodeliti ordene Jordanu Plevnešu i Radetu Siljanu i posthumno Dževat Gegi, Metu Jovanovskom i Gligoru Čemerskom."
n1i-778553-003	n1info	778553	vest	svet	Region	3	9	https://n1info.rs/region/severna-makedonija-obelezava-35-godina-nezavisnosti/	Premijer Severne Makedinije Hristijan Mickoski će se obratiti na ceremoniji obeležavanja 35.
n1i-778553-004	n1info	778553	vest	svet	Region	4	9	https://n1info.rs/region/severna-makedonija-obelezava-35-godina-nezavisnosti/	"godišnjice nezavisnosti pod motom ""Snažno je zasijao dan!"", koja će se održati na platou ispred zgrade vlade, sa početkom u 14.00."
n1i-778553-005	n1info	778553	vest	svet	Region	5	9	https://n1info.rs/region/severna-makedonija-obelezava-35-godina-nezavisnosti/	"Nacionalni arheološki muzej u Skoplju u 15.00 organizuje svečanu muzejsku manifestaciju ""35 godina - 35 predmeta - 35 priča"" povodom 35 godina nezavisnosti."
n1i-778553-006	n1info	778553	vest	svet	Region	6	9	https://n1info.rs/region/severna-makedonija-obelezava-35-godina-nezavisnosti/	"Koncert svetski poznatog di-džeja Davida Gete, koji će se održati večeras u Skoplju, predstavlja finale svih događaja u okviru manifestacije ""35 godina nezavisnosti Makedonije"", koja je obuhvatila više aktivnosti i kulturnih događaja pod motom 35 godina nezavisnosti u periodu od avgusta do septembra u nekoliko opština."
n1i-778553-007	n1info	778553	vest	svet	Region	7	9	https://n1info.rs/region/severna-makedonija-obelezava-35-godina-nezavisnosti/	godine na referendumu, ogromnom većinom potvrdili svoju volju za suverenom i nezavisnom državom.
n1i-309945-002	n1info	309945	vest	svet	Region	2	13	https://n1info.rs/region/cevapomat-karlovac-automat-meso-cevapi/	Svrha projekta je da pojednostavi nabavku i izbegne čekanje u redovima, što je, prema komentarima korisnika, česta pojava u toj popularnoj mesari.
n1i-309945-003	n1info	309945	vest	svet	Region	3	13	https://n1info.rs/region/cevapomat-karlovac-automat-meso-cevapi/	„Najukusnije meso u gradu“, pohvalio je jedan korisnik kvalitet mesare , dok su drugi raspravljali o praktičnosti samog automata.
n1i-309945-004	n1info	309945	vest	svet	Region	4	13	https://n1info.rs/region/cevapomat-karlovac-automat-meso-cevapi/	Jedan od skeptičnih komentara glasio je: „Kakvog ima smisla ako su to sveži ćevapi?
n1i-309945-005	n1info	309945	vest	svet	Region	5	13	https://n1info.rs/region/cevapomat-karlovac-automat-meso-cevapi/	Pa neću pijan u tri ujutru tražiti pola kile nepečenih ćevapa.
n1i-309945-006	n1info	309945	vest	svet	Region	6	13	https://n1info.rs/region/cevapomat-karlovac-automat-meso-cevapi/	Kojim to ljudima fale sveži ćevapi 0–24“.
n1i-309945-007	n1info	309945	vest	svet	Region	7	13	https://n1info.rs/region/cevapomat-karlovac-automat-meso-cevapi/	S druge strane, mnogi su u ovom konceptu videli veliku prednost.
n1i-309945-008	n1info	309945	vest	svet	Region	8	13	https://n1info.rs/region/cevapomat-karlovac-automat-meso-cevapi/	„Onima koji se sete u subotu popodne ili nedelju da bi pekli ćevape.
n1i-309945-009	n1info	309945	vest	svet	Region	9	13	https://n1info.rs/region/cevapomat-karlovac-automat-meso-cevapi/	Stvarno su im jako ukusni ćevapi, a inače su takve gužve da ljudi stoje u redu napolju“, objasnio je jedan korisnik.
n1i-378528-000	n1info	378528	vest	svet	Region	0	7	https://n1info.rs/region/vicepremijer-hrvatske-najavio-poteze-prema-srbiji-kada-se-dogovore-sabor-vlada-i-predsednik/	Potpredsednik Vlade Hrvatske i ministar odbrane Ivan Anušić je danas najavio da će Hrvatska povući političke poteze prema Srbiji posle sahrane osuđenog ratnog zločinca Ratka Mladića uz državne počasti, ali uz ocenu da ne treba brzati nije precizirao kakvi bi to potezi mogli da budu.
n1i-378528-001	n1info	378528	vest	svet	Region	1	7	https://n1info.rs/region/vicepremijer-hrvatske-najavio-poteze-prema-srbiji-kada-se-dogovore-sabor-vlada-i-predsednik/	"""Treba dobro razmisliti hladne glave, odlučiti šta će biti najučinkovitije i tu odluku doneti"", rekao je Anušić."
n1i-378528-002	n1info	378528	vest	svet	Region	2	7	https://n1info.rs/region/vicepremijer-hrvatske-najavio-poteze-prema-srbiji-kada-se-dogovore-sabor-vlada-i-predsednik/	"Anušić je ocenio da je ceo svet nakon Mladićeve sahrane ponovno mogao da vidi ""pravo lice Srbije"" ."
n1i-378528-003	n1info	378528	vest	svet	Region	3	7	https://n1info.rs/region/vicepremijer-hrvatske-najavio-poteze-prema-srbiji-kada-se-dogovore-sabor-vlada-i-predsednik/	"""Takvom čoveku davati državne i vojne počasti na nivou koji je dala Srbija, jasno usmerava i jasno pokazuje kakva je politika Srbije i kakva će biti u budućnosti"", rekao je hrvatski ministar."
n1i-378528-004	n1info	378528	vest	svet	Region	4	7	https://n1info.rs/region/vicepremijer-hrvatske-najavio-poteze-prema-srbiji-kada-se-dogovore-sabor-vlada-i-predsednik/	"Na pitanje o Republici Srpskoj i učešću funkcionera tog entiteta BIH u sahrani, Anušić je rekao da RS i Srbiju povezuje isti politički narativ i da njihovu politiku ""stavlja u isti koš""."
n1i-378528-005	n1info	378528	vest	svet	Region	5	7	https://n1info.rs/region/vicepremijer-hrvatske-najavio-poteze-prema-srbiji-kada-se-dogovore-sabor-vlada-i-predsednik/	On je rekao da nije iznaneđen takvih ponašanjem, jer se njihova politika nije promenila.
n1i-378528-006	n1info	378528	vest	svet	Region	6	7	https://n1info.rs/region/vicepremijer-hrvatske-najavio-poteze-prema-srbiji-kada-se-dogovore-sabor-vlada-i-predsednik/	"""Politika mora i preventivno delovati da problem ne bi nastao"", ocenio je Anušić."
n1i-148301-000	n1info	148301	vest	svet	Region	0	22	https://n1info.rs/region/picula-vreme-je-da-se-vrlo-jasno-okrene-ploca-i-preduzmu-ostrije-akcije-protiv-rezima-u-beogradu/	"Hrvatski evroparlamentarac i izvestilac Evropskog parlamenta za Srbiju Tonino Picula ocenio je da Srbija sama bira svoj put, ali da ako želi u Evropsku uniju, mora da odbaci istorijski revizionizam, ustvrdivši da je oštrija politika prema Beogradu nužna jer je ""Vučićeva Srbija glavni destabilizator odnosa na jugoistoku Evrope""."
n1i-148301-001	n1info	148301	vest	svet	Region	1	22	https://n1info.rs/region/picula-vreme-je-da-se-vrlo-jasno-okrene-ploca-i-preduzmu-ostrije-akcije-protiv-rezima-u-beogradu/	Osvrnuo se i na posledice u regionu nakon što je ministar spoljnih poslova Bosne i Hercegovine Elmedin Konaković objavio da su dve osobe iz Ambasade Srbije u BiH proterane iz zemlje, dok su predstavnici političkog vrha Republike Srpske prisustvovali sahrani.
n1i-148301-002	n1info	148301	vest	svet	Region	2	22	https://n1info.rs/region/picula-vreme-je-da-se-vrlo-jasno-okrene-ploca-i-preduzmu-ostrije-akcije-protiv-rezima-u-beogradu/	""" Sahrana osuđenog ratnog zločinca mora imati posledice po odnose na jugoistoku Evrope, koji još ni izdaleka nije apsorbovao posledice agresije."
n1i-148301-003	n1info	148301	vest	svet	Region	3	22	https://n1info.rs/region/picula-vreme-je-da-se-vrlo-jasno-okrene-ploca-i-preduzmu-ostrije-akcije-protiv-rezima-u-beogradu/	BiH je takođe u predizbornom periodu i ovo je ulje na vatru ionako poremećenim odnosima u BiH.
n1i-148301-004	n1info	148301	vest	svet	Region	4	22	https://n1info.rs/region/picula-vreme-je-da-se-vrlo-jasno-okrene-ploca-i-preduzmu-ostrije-akcije-protiv-rezima-u-beogradu/	"Oštrija politika prema Beogradu je nužna jer je Vučićeva Srbija glavni destabilizator odnosa na jugoistoku Evrope"", rekao je Picula."
n1i-148301-005	n1info	148301	vest	svet	Region	5	22	https://n1info.rs/region/picula-vreme-je-da-se-vrlo-jasno-okrene-ploca-i-preduzmu-ostrije-akcije-protiv-rezima-u-beogradu/	Picula je, gostujući u Dnevniku HRT-a, ocenio da sahrana Ratka Mladića, pravosnažno osuđenog za genocid, mora biti prekretnica u odnosu Evropske unije prema predsedniku Srbije Aleksandru Vučiću.
n1i-148301-006	n1info	148301	vest	svet	Region	6	22	https://n1info.rs/region/picula-vreme-je-da-se-vrlo-jasno-okrene-ploca-i-preduzmu-ostrije-akcije-protiv-rezima-u-beogradu/	"""Sahrana ratnog zločinca Ratka Mladića, pravosnažno osuđenog za genocid, zaista mora iz temelja promeniti dugogodišnju politiku popuštanja Aleksandru Vučiću od strane Evropske unije."
n1i-148301-007	n1info	148301	vest	svet	Region	7	22	https://n1info.rs/region/picula-vreme-je-da-se-vrlo-jasno-okrene-ploca-i-preduzmu-ostrije-akcije-protiv-rezima-u-beogradu/	"To se naročito odnosi na dosad benevolentnu Evropsku komisiju, kao i na neke vrlo uticajne države članice"", rekao je Picula."
n1i-150656-013	n1info	150656	vest	svet	Nase price	13	62	https://n1info.rs/zeleni-kutak/ptice-tesko-pogodjene-pozarima-u-deliblatskoj-pescari/	"""Bilo je sigurno nekih vrsta kojima su se sasula gnezda, ili mladunci u gnezdu koji nisu mogli da pobegnu od požara."
n1i-150656-014	n1info	150656	vest	svet	Nase price	14	62	https://n1info.rs/zeleni-kutak/ptice-tesko-pogodjene-pozarima-u-deliblatskoj-pescari/	Ali, uglavnom nisu toliko pogođene požarom u vidu smrtnosti, nego više na duže staze.
n1i-150656-015	n1info	150656	vest	svet	Nase price	15	62	https://n1info.rs/zeleni-kutak/ptice-tesko-pogodjene-pozarima-u-deliblatskoj-pescari/	"Zato što one sada nemaju mesta gde da se gnezde i gde da love"", navodi Prekajski."
n1i-150656-016	n1info	150656	vest	svet	Nase price	16	62	https://n1info.rs/zeleni-kutak/ptice-tesko-pogodjene-pozarima-u-deliblatskoj-pescari/	U tom pogledu, kako kaže, više su pogođene veće ptice zbog gnežđenja.
n1i-150656-017	n1info	150656	vest	svet	Nase price	17	62	https://n1info.rs/zeleni-kutak/ptice-tesko-pogodjene-pozarima-u-deliblatskoj-pescari/	Ali, sreću u nesreći sagovornik N1 ipak vidi u tome što je sezona gnežđenja, manje-više, prošla - jer se ptice u Deliblatskoj peščari uglavnom gnezde na proleće.
n1i-150656-018	n1info	150656	vest	svet	Nase price	18	62	https://n1info.rs/zeleni-kutak/ptice-tesko-pogodjene-pozarima-u-deliblatskoj-pescari/	"""Naravno, zavisi da li su stanarice ili su selice."
n1i-150656-019	n1info	150656	vest	svet	Nase price	19	62	https://n1info.rs/zeleni-kutak/ptice-tesko-pogodjene-pozarima-u-deliblatskoj-pescari/	Zavisi i od vrste ptice, odnosno njene veličine.
n1i-150656-020	n1info	150656	vest	svet	Nase price	20	62	https://n1info.rs/zeleni-kutak/ptice-tesko-pogodjene-pozarima-u-deliblatskoj-pescari/	Jer što su veće, to je duži period gnežđenja.
n1i-518252-044	n1info	518252	vest	ekonomija	Nase price	44	100	https://n1info.rs/vesti/jorgandzija-rucno-radjen-jorgan-beograd-predrag-jankovic-stari-zanati/	Na Guglu tebi ne treba nijedan drugi marketing.
n1i-518252-045	n1info	518252	vest	ekonomija	Nase price	45	100	https://n1info.rs/vesti/jorgandzija-rucno-radjen-jorgan-beograd-predrag-jankovic-stari-zanati/	Sve zanatske radnje imaju dugu tradiciju, jer niko nije nasledio to od komšije.
n1i-518252-046	n1info	518252	vest	ekonomija	Nase price	46	100	https://n1info.rs/vesti/jorgandzija-rucno-radjen-jorgan-beograd-predrag-jankovic-stari-zanati/	One imaju veliku ljubav i tradiciju, a ima i neke dobiti, inače bi zatvorio“ , uverava Predrag dok o računici govori skrštenih ruku.
n1i-518252-047	n1info	518252	vest	ekonomija	Nase price	47	100	https://n1info.rs/vesti/jorgandzija-rucno-radjen-jorgan-beograd-predrag-jankovic-stari-zanati/	A računica, prema njegovim rečima, nije naročito za pohvalu.
n1i-518252-048	n1info	518252	vest	ekonomija	Nase price	48	100	https://n1info.rs/vesti/jorgandzija-rucno-radjen-jorgan-beograd-predrag-jankovic-stari-zanati/	"""Popularni“ jorgandžija je, kaže, ""tu, na minimalcu“."
n1i-518252-049	n1info	518252	vest	ekonomija	Nase price	49	100	https://n1info.rs/vesti/jorgandzija-rucno-radjen-jorgan-beograd-predrag-jankovic-stari-zanati/	Prihode na mesečnom ili nedeljnom nivou ne može unapred da odredi.
n1i-518252-050	n1info	518252	vest	ekonomija	Nase price	50	100	https://n1info.rs/vesti/jorgandzija-rucno-radjen-jorgan-beograd-predrag-jankovic-stari-zanati/	"Najviše posla trebalo bi da bude leti, ""kada ljudi skidaju jorgane i donose ih na preradu"", dok najmanje vremena u dobro poznatom položaju provodi tokom februara, marta i aprila."
n1i-518252-051	n1info	518252	vest	ekonomija	Nase price	51	100	https://n1info.rs/vesti/jorgandzija-rucno-radjen-jorgan-beograd-predrag-jankovic-stari-zanati/	Ipak, više ni (zamišljeni) Predrag ne može da odredi koji je to period kad razmišlja o tome zašto nije bio novinar Diskaverija.
n1i-678961-018	n1info	678961	vest	ekonomija	Biznis	18	30	https://n1info.rs/biznis/djakovic-cene-hrane-su-nam-skoro-sustigle-evropski-prosek-a-plate-nisu-ni-na-polovini/	Naglašava da je još jedan zabrinjavajući faktor taj da u Srbiji, čak i u segmentu primarne proizvodnje, postoje namirnice koje su skuplje nego u EU.
n1i-678961-019	n1info	678961	vest	ekonomija	Biznis	19	30	https://n1info.rs/biznis/djakovic-cene-hrane-su-nam-skoro-sustigle-evropski-prosek-a-plate-nisu-ni-na-polovini/	"""Te cene su u rasponu od osam do čak 20 odsto, a navode se namirnice poput jaja, mesnih prerađevina, mleka, ulja, masti, slatkiša - sve ono osnovno."
n1i-678961-020	n1info	678961	vest	ekonomija	Biznis	20	30	https://n1info.rs/biznis/djakovic-cene-hrane-su-nam-skoro-sustigle-evropski-prosek-a-plate-nisu-ni-na-polovini/	A svako od nas za hranu izdvaja najviše novca.
n1i-678961-021	n1info	678961	vest	ekonomija	Biznis	21	30	https://n1info.rs/biznis/djakovic-cene-hrane-su-nam-skoro-sustigle-evropski-prosek-a-plate-nisu-ni-na-polovini/	"I s jedne strane imamo plate koje nisu ni na polovini evropskog proseka, a s druge, cene hrane koje sustižu evropski prosek"", rekla je Đaković."
n1i-678961-022	n1info	678961	vest	ekonomija	Biznis	22	30	https://n1info.rs/biznis/djakovic-cene-hrane-su-nam-skoro-sustigle-evropski-prosek-a-plate-nisu-ni-na-polovini/	Đaković objašnjava da građani u lancu koji kreće od primarnih proizvođača, preko prerađivačke industrije i distribucije do trgovinskih lanaca na kraju, a da obično najviše krive trgovinski lanci.
n1i-678961-023	n1info	678961	vest	ekonomija	Biznis	23	30	https://n1info.rs/biznis/djakovic-cene-hrane-su-nam-skoro-sustigle-evropski-prosek-a-plate-nisu-ni-na-polovini/	Pored toga, dodaje, u javnosti vlada mišljenje da su u tom lancu primarni proizvođači, odnosno poljoprivrednici, najmanje zaštićeni - što oni zaista jesu.
n1i-678961-024	n1info	678961	vest	ekonomija	Biznis	24	30	https://n1info.rs/biznis/djakovic-cene-hrane-su-nam-skoro-sustigle-evropski-prosek-a-plate-nisu-ni-na-polovini/	"""Ali, ono što je ova studija pokazala jeste da, čak i u tom segmentu, postoje poremećaji zbog kojih te cene ne bi smele da budu onolike kakve jesu."
n1i-678961-025	n1info	678961	vest	ekonomija	Biznis	25	30	https://n1info.rs/biznis/djakovic-cene-hrane-su-nam-skoro-sustigle-evropski-prosek-a-plate-nisu-ni-na-polovini/	Deo toga je pogrešno usmeren novac koji se daje kroz subvencije.
