sentence_id	source	article_id	genre	topic	category	sent_idx	n_clean	url	text	in_quote	text_marked
pol-749912-007	politika	749912	kolumna	pol-drustvo	pogledi	7	23	https://www.politika.rs/sr/clanak/749912/evropske-sile-ne-cekaju-ekoloske-dozvole-sa-ulice	Investicija teška 1,8 milijardi evra, koju predvodi kompanija Imerys uz snažno pokroviteljstvo države, projektovana je da od 2030. godine proizvodi 34.000 tona litijum-hidroksida godišnje.		Investicija teška 1,8 milijardi evra, koju predvodi kompanija Imerys uz snažno pokroviteljstvo države, projektovana je da od 2030. godine proizvodi 34.000 tona litijum-hidroksida godišnje.
pol-749912-008	politika	749912	kolumna	pol-drustvo	pogledi	8	23	https://www.politika.rs/sr/clanak/749912/evropske-sile-ne-cekaju-ekoloske-dozvole-sa-ulice	To je količina dovoljna za opremanje 700.000 automobila, što pokriva gotovo polovinu francuskih nacionalnih potreba.		To je količina dovoljna za opremanje 700.000 automobila, što pokriva gotovo polovinu francuskih nacionalnih potreba.
pol-749912-009	politika	749912	kolumna	pol-drustvo	pogledi	9	23	https://www.politika.rs/sr/clanak/749912/evropske-sile-ne-cekaju-ekoloske-dozvole-sa-ulice	Za Pariz, ovo nije samo ekonomsko pitanje, već pitanje suvereniteta.		Za Pariz, ovo nije samo ekonomsko pitanje, već pitanje suvereniteta.
pol-749912-010	politika	749912	kolumna	pol-drustvo	pogledi	10	23	https://www.politika.rs/sr/clanak/749912/evropske-sile-ne-cekaju-ekoloske-dozvole-sa-ulice	Svaka tona litijuma iskopana u departmanu Alije znači manju zavisnost od Kine i veću stabilnost za francusku auto-industriju.		Svaka tona litijuma iskopana u departmanu Alije znači manju zavisnost od Kine i veću stabilnost za francusku auto-industriju.
pol-749912-011	politika	749912	kolumna	pol-drustvo	pogledi	11	23	https://www.politika.rs/sr/clanak/749912/evropske-sile-ne-cekaju-ekoloske-dozvole-sa-ulice	I dok Francuska ruši birokratske barijere kako bi što pre zagrebala tlo u potrazi za „belim zlatom”, Srbija se nalazi u svojevrsnom stanju paralize.		I dok Francuska ruši birokratske barijere kako bi što pre zagrebala tlo u potrazi za „belim zlatom”, Srbija se nalazi u svojevrsnom stanju paralize.
pol-749912-012	politika	749912	kolumna	pol-drustvo	pogledi	12	23	https://www.politika.rs/sr/clanak/749912/evropske-sile-ne-cekaju-ekoloske-dozvole-sa-ulice	Paradoks je uočljiv svakom objektivnom posmatraču.		Paradoks je uočljiv svakom objektivnom posmatraču.
pol-749912-013	politika	749912	kolumna	pol-drustvo	pogledi	13	23	https://www.politika.rs/sr/clanak/749912/evropske-sile-ne-cekaju-ekoloske-dozvole-sa-ulice	Zemlja koja raspolaže jednim od najkvalitetnijih nalazišta litijuma u Evropi, jedina je koja svesno odbija da koristi svoje resurse.		Zemlja koja raspolaže jednim od najkvalitetnijih nalazišta litijuma u Evropi, jedina je koja svesno odbija da koristi svoje resurse.
pol-749912-014	politika	749912	kolumna	pol-drustvo	pogledi	14	23	https://www.politika.rs/sr/clanak/749912/evropske-sile-ne-cekaju-ekoloske-dozvole-sa-ulice	Glavni kočničari ovog procesa, popularno nazvani „blokaderi”, pod maskom ekologije sprovode agendu koja direktno podriva ekonomsku budućnost zemlje.		Glavni kočničari ovog procesa, popularno nazvani „blokaderi”, pod maskom ekologije sprovode agendu koja direktno podriva ekonomsku budućnost zemlje.
pol-749400-027	politika	749400	kolumna	pol-drustvo	pogledi	27	37	https://www.politika.rs/sr/clanak/749400/haos-na-srpskim-univerzitetima-apsolutno-je-nezamisliv-u-americi	Univerzitet je vlasnik osnovnih sredstava (zgrada, itd.; za državne univerzitete vlasnik je država), kojima u ime UO upravlja ’rektor’ – a rekli smo šta mora biti njegov fokus i šta ne sme biti njegov fokus.	Y	„Univerzitet je vlasnik osnovnih sredstava (zgrada, itd.; za državne univerzitete vlasnik je država), kojima u ime UO upravlja ’rektor’ – a rekli smo šta mora biti njegov fokus i šta ne sme biti njegov fokus.“
pol-749400-028	politika	749400	kolumna	pol-drustvo	pogledi	28	37	https://www.politika.rs/sr/clanak/749400/haos-na-srpskim-univerzitetima-apsolutno-je-nezamisliv-u-americi	Ono što po univerzitetima u Srbiji rade blokaderi bilo bi kršenje i zakona SAD o svojini, kao i kršenje univerzitetskih pravila za studente – a za one koji slabo čitaju postoji i univerzitetska policija – čiji su domen i način rada definisani odlukom UO.	Y	„Ono što po univerzitetima u Srbiji rade blokaderi bilo bi kršenje i zakona SAD o svojini, kao i kršenje univerzitetskih pravila za studente – a za one koji slabo čitaju postoji i univerzitetska policija – čiji su domen i način rada definisani odlukom UO.“
pol-749400-029	politika	749400	kolumna	pol-drustvo	pogledi	29	37	https://www.politika.rs/sr/clanak/749400/haos-na-srpskim-univerzitetima-apsolutno-je-nezamisliv-u-americi	Ustav SAD garantuje apsolutnu slobodu govora i pisanja svakom državljaninu SAD (stranci nisu državljani).	Y	„Ustav SAD garantuje apsolutnu slobodu govora i pisanja svakom državljaninu SAD (stranci nisu državljani).“
pol-749400-030	politika	749400	kolumna	pol-drustvo	pogledi	30	37	https://www.politika.rs/sr/clanak/749400/haos-na-srpskim-univerzitetima-apsolutno-je-nezamisliv-u-americi	S druge strane, vlasnik bilo koje organizacije – uključujući UO za privatne, i državna vlast za državne univerzitete, propisuje šta, kad i kako i gde homo sapiens može da govori ili piše unutar – ili u kontekstu! – u našem slučaju univerziteta.	Y	„S druge strane, vlasnik bilo koje organizacije – uključujući UO za privatne, i državna vlast za državne univerzitete, propisuje šta, kad i kako i gde homo sapiens može da govori ili piše unutar – ili u kontekstu! – u našem slučaju univerziteta.“
pol-749400-031	politika	749400	kolumna	pol-drustvo	pogledi	31	37	https://www.politika.rs/sr/clanak/749400/haos-na-srpskim-univerzitetima-apsolutno-je-nezamisliv-u-americi	Za homo sapiense s bedžom svog univerziteta već sam rekao kako to hoda unutar univerziteta za zaposlene i studente.	Y	„Za homo sapiense s bedžom svog univerziteta već sam rekao kako to hoda unutar univerziteta za zaposlene i studente.“
pol-749400-032	politika	749400	kolumna	pol-drustvo	pogledi	32	37	https://www.politika.rs/sr/clanak/749400/haos-na-srpskim-univerzitetima-apsolutno-je-nezamisliv-u-americi	Za homo sapiense unutar univerziteta koji nemaju bedž brine se univerzitetska policija.	Y	„Za homo sapiense unutar univerziteta koji nemaju bedž brine se univerzitetska policija.“
pol-749400-033	politika	749400	kolumna	pol-drustvo	pogledi	33	37	https://www.politika.rs/sr/clanak/749400/haos-na-srpskim-univerzitetima-apsolutno-je-nezamisliv-u-americi	U vezi s ratom u Gazi na zemljištu i u zgradama nekoliko univerziteta u SAD studenti, zaposleni i drugi homo sapiensi bez bedža držali su proteste, ozleđivali ljude i pravili štetu na imovini.	Y	„U vezi s ratom u Gazi na zemljištu i u zgradama nekoliko univerziteta u SAD studenti, zaposleni i drugi homo sapiensi bez bedža držali su proteste, ozleđivali ljude i pravili štetu na imovini.“
pol-749400-034	politika	749400	kolumna	pol-drustvo	pogledi	34	37	https://www.politika.rs/sr/clanak/749400/haos-na-srpskim-univerzitetima-apsolutno-je-nezamisliv-u-americi	Pošto su predsednici tih univerziteta ’zaboravili’ pravila univerziteta, oni više nisu zaposleni na tim univerzitetima.	Y	„Pošto su predsednici tih univerziteta ’zaboravili’ pravila univerziteta, oni više nisu zaposleni na tim univerzitetima.“
pol-750838-006	politika	750838	kolumna	pol-drustvo	pogledi	6	34	https://www.politika.rs/sr/clanak/750838/vandalizovanje-pravoslavne-svetinje-u-centru-zagreba	Razloge za toliku pažnju treba tražiti kako po mestu incidenta, tako i po značaju napadnutog objekta, ali i po vremenu u kojem se desio.		Razloge za toliku pažnju treba tražiti kako po mestu incidenta, tako i po značaju napadnutog objekta, ali i po vremenu u kojem se desio.
pol-750838-007	politika	750838	kolumna	pol-drustvo	pogledi	7	34	https://www.politika.rs/sr/clanak/750838/vandalizovanje-pravoslavne-svetinje-u-centru-zagreba	Mesto incidenta (kolokvijalno Cvetni trg, zvanično Trg Petra Preradovića) jedan je od najživljih javnih prostora u centru Zagreba, poznat kao srce gradske „špice” i pešačka zona.		Mesto incidenta (kolokvijalno Cvetni trg, zvanično Trg Petra Preradovića) jedan je od najživljih javnih prostora u centru Zagreba, poznat kao srce gradske „špice” i pešačka zona.
pol-750838-008	politika	750838	kolumna	pol-drustvo	pogledi	8	34	https://www.politika.rs/sr/clanak/750838/vandalizovanje-pravoslavne-svetinje-u-centru-zagreba	Povezan je s okolnim ulicama kroz šarmantne prolaze ispunjene prodavnicama, omiljeno je sastajalište građana, mesto uličnih svirača i čestih javnih promocija ili akcija udruženja građana.		Povezan je s okolnim ulicama kroz šarmantne prolaze ispunjene prodavnicama, omiljeno je sastajalište građana, mesto uličnih svirača i čestih javnih promocija ili akcija udruženja građana.
pol-750838-009	politika	750838	kolumna	pol-drustvo	pogledi	9	34	https://www.politika.rs/sr/clanak/750838/vandalizovanje-pravoslavne-svetinje-u-centru-zagreba	Napadnuti hram predstavlja jedan od najznačajnijih spomenika sakralne arhitekture 19. veka u Zagrebu.		Napadnuti hram predstavlja jedan od najznačajnijih spomenika sakralne arhitekture 19. veka u Zagrebu.
pol-750838-010	politika	750838	kolumna	pol-drustvo	pogledi	10	34	https://www.politika.rs/sr/clanak/750838/vandalizovanje-pravoslavne-svetinje-u-centru-zagreba	Na mestu današnjeg hrama nekada se nalazila katolička crkva Svete Margarete, koja se u spisima pominje još od 1334. i koju je Pravoslavna crkvena opština kupila 1794. od Zagrebačke biskupije.		Na mestu današnjeg hrama nekada se nalazila katolička crkva Svete Margarete, koja se u spisima pominje još od 1334. i koju je Pravoslavna crkvena opština kupila 1794. od Zagrebačke biskupije.
pol-750838-011	politika	750838	kolumna	pol-drustvo	pogledi	11	34	https://www.politika.rs/sr/clanak/750838/vandalizovanje-pravoslavne-svetinje-u-centru-zagreba	Izgradnja današnje crkve započeta je 1865, a završena 1866, prema projektu arhitekte Franje Klajna.		Izgradnja današnje crkve započeta je 1865, a završena 1866, prema projektu arhitekte Franje Klajna.
pol-750838-012	politika	750838	kolumna	pol-drustvo	pogledi	12	34	https://www.politika.rs/sr/clanak/750838/vandalizovanje-pravoslavne-svetinje-u-centru-zagreba	Čuveni arhitekta Herman Bole vršio je značajne rekonstrukcije u tri navrata: 1883–1884. uređenje enterijera i postavljanje današnjeg ikonostasa, koji je oslikao Epaminondas Bučevski; 1899. postavljena je nova, veća kapa zvonika; 1913–1914. izvršena je potpuna modifikacija fasade u neovizantijskom stilu.		Čuveni arhitekta Herman Bole vršio je značajne rekonstrukcije u tri navrata: 1883–1884. uređenje enterijera i postavljanje današnjeg ikonostasa, koji je oslikao Epaminondas Bučevski; 1899. postavljena je nova, veća kapa zvonika; 1913–1914. izvršena je potpuna modifikacija fasade u neovizantijskom stilu.
pol-750838-013	politika	750838	kolumna	pol-drustvo	pogledi	13	34	https://www.politika.rs/sr/clanak/750838/vandalizovanje-pravoslavne-svetinje-u-centru-zagreba	Status saborne crkve dobila je 1931, nakon osnivanja Zagrebačko-ljubljanske eparhije.		Status saborne crkve dobila je 1931, nakon osnivanja Zagrebačko-ljubljanske eparhije.
pol-748724-011	politika	748724	kolumna	pol-drustvo	pogledi	11	26	https://www.politika.rs/sr/clanak/748724/cemu-se-nadate	No, vratimo se na promotere Vučićevog pada od prošle nedelje, koji su jednako tako tvrdili da je zapravo Vučić pao i nedelju dana ranije kada su završeni izbori za deset lokalnih samouprava.		No, vratimo se na promotere Vučićevog pada od prošle nedelje, koji su jednako tako tvrdili da je zapravo Vučić pao i nedelju dana ranije kada su završeni izbori za deset lokalnih samouprava.
pol-748724-012	politika	748724	kolumna	pol-drustvo	pogledi	12	26	https://www.politika.rs/sr/clanak/748724/cemu-se-nadate	Još uvek nas ubeđuju kako je nula veća od 10, te kako je procenat i broj glasova blokadera zapravo veći u odnosu na ono što je osvojio SNS.		Još uvek nas ubeđuju kako je nula veća od 10, te kako je procenat i broj glasova blokadera zapravo veći u odnosu na ono što je osvojio SNS.
pol-748724-013	politika	748724	kolumna	pol-drustvo	pogledi	13	26	https://www.politika.rs/sr/clanak/748724/cemu-se-nadate	To pomalo nasilno medijsko ubeđivanje da je belo crno, a crno da je belo, liči na onu priču kako su sve vreme oni koji blokiraju fakultete, ulice, institucije, koji spaljuju tuđe prostorije, premlaćuju i napadaju, pa čak i pucaju u protivničke aktiviste, zapravo žrtve diktature.		To pomalo nasilno medijsko ubeđivanje da je belo crno, a crno da je belo, liči na onu priču kako su sve vreme oni koji blokiraju fakultete, ulice, institucije, koji spaljuju tuđe prostorije, premlaćuju i napadaju, pa čak i pucaju u protivničke aktiviste, zapravo žrtve diktature.
pol-748724-014	politika	748724	kolumna	pol-drustvo	pogledi	14	26	https://www.politika.rs/sr/clanak/748724/cemu-se-nadate	Doduše, ubeđivali su nas da je Orban autokrata i da nikada neće priznati izborni rezultat, što je sve palo u vodu kada je dva sata po zatvaranju birališta izašao pred javnost i priznao poraz čestitavši protivnicima.		Doduše, ubeđivali su nas da je Orban autokrata i da nikada neće priznati izborni rezultat, što je sve palo u vodu kada je dva sata po zatvaranju birališta izašao pred javnost i priznao poraz čestitavši protivnicima.
pol-748724-015	politika	748724	kolumna	pol-drustvo	pogledi	15	26	https://www.politika.rs/sr/clanak/748724/cemu-se-nadate	Inače, sve ove gluposti tvrde, jer baš oni nikada nikom nisu čestitali izbornu pobedu, a uredno tvrde kako ih iskustvo, koje inače nisu ni imali, uči da Vučić nikada neće priznati poraz.		Inače, sve ove gluposti tvrde, jer baš oni nikada nikom nisu čestitali izbornu pobedu, a uredno tvrde kako ih iskustvo, koje inače nisu ni imali, uči da Vučić nikada neće priznati poraz.
pol-748724-016	politika	748724	kolumna	pol-drustvo	pogledi	16	26	https://www.politika.rs/sr/clanak/748724/cemu-se-nadate	Kao da zaboravljaju da je baš Vučić taj koji je na svega jedan odsto razlike priznao i čestitao Nenadu Bogdanoviću pobedu u trci za gradonačelnika Beograda.		Kao da zaboravljaju da je baš Vučić taj koji je na svega jedan odsto razlike priznao i čestitao Nenadu Bogdanoviću pobedu u trci za gradonačelnika Beograda.
pol-748724-017	politika	748724	kolumna	pol-drustvo	pogledi	17	26	https://www.politika.rs/sr/clanak/748724/cemu-se-nadate	Tako to inače rade čestiti i pošteni ljudi, ali mi sa druge strane takve nemamo.		Tako to inače rade čestiti i pošteni ljudi, ali mi sa druge strane takve nemamo.
pol-748724-018	politika	748724	kolumna	pol-drustvo	pogledi	18	26	https://www.politika.rs/sr/clanak/748724/cemu-se-nadate	Imamo one koji se kreću u granicama sopstvene pokvarenosti i koji sada počinju da bacaju drvlje i kamenje na Petera Mađara, jer nije pokrenuo talas revanšizma i lustracije prema Fidesovim pristalicama i rukovodiocima, što bi oni inače uradili smatrajući da je to nagrada za njihovu revolucionarnu borbu.		Imamo one koji se kreću u granicama sopstvene pokvarenosti i koji sada počinju da bacaju drvlje i kamenje na Petera Mađara, jer nije pokrenuo talas revanšizma i lustracije prema Fidesovim pristalicama i rukovodiocima, što bi oni inače uradili smatrajući da je to nagrada za njihovu revolucionarnu borbu.
pol-754679-016	politika	754679	kolumna	pol-drustvo	pogledi	16	111	https://www.politika.rs/sr/clanak/754679/kazuj-zeljko-jesi-li-vestica	U takvom pristupu medijsko vlasništvo nije predmet analize, već samo povod za aktiviranje stare političke matrice.		U takvom pristupu medijsko vlasništvo nije predmet analize, već samo povod za aktiviranje stare političke matrice.
pol-754679-017	politika	754679	kolumna	pol-drustvo	pogledi	17	111	https://www.politika.rs/sr/clanak/754679/kazuj-zeljko-jesi-li-vestica	Ivanović tu poziciju gradi decenijama.		Ivanović tu poziciju gradi decenijama.
pol-754679-018	politika	754679	kolumna	pol-drustvo	pogledi	18	111	https://www.politika.rs/sr/clanak/754679/kazuj-zeljko-jesi-li-vestica	Njegova javna biografija nije biografija novinara koji je stajao izvan sistema, već čoveka koji je iz sistema izrastao, u njemu se formirao, potom sa njim sarađivao, pa se sa njim sukobio kada su se odnosi promenili.		Njegova javna biografija nije biografija novinara koji je stajao izvan sistema, već čoveka koji je iz sistema izrastao, u njemu se formirao, potom sa njim sarađivao, pa se sa njim sukobio kada su se odnosi promenili.
pol-754679-019	politika	754679	kolumna	pol-drustvo	pogledi	19	111	https://www.politika.rs/sr/clanak/754679/kazuj-zeljko-jesi-li-vestica	Početak tog puta vezuje se za titogradski omladinski medijski ambijent, za redakcije i strukture koje u socijalističkoj Crnoj Gori nisu bile nezavisne škole slobodnog novinarstva, već deo kontrolisanog društveno-političkog mehanizma.		Početak tog puta vezuje se za titogradski omladinski medijski ambijent, za redakcije i strukture koje u socijalističkoj Crnoj Gori nisu bile nezavisne škole slobodnog novinarstva, već deo kontrolisanog društveno-političkog mehanizma.
pol-754679-020	politika	754679	kolumna	pol-drustvo	pogledi	20	111	https://www.politika.rs/sr/clanak/754679/kazuj-zeljko-jesi-li-vestica	Omladinski pokret u Titogradu svakako nije bio disidentski kružok.		Omladinski pokret u Titogradu svakako nije bio disidentski kružok.
pol-754679-021	politika	754679	kolumna	pol-drustvo	pogledi	21	111	https://www.politika.rs/sr/clanak/754679/kazuj-zeljko-jesi-li-vestica	To je bio prostor u kojem su se selektovali kadrovi prihvatljivi sistemu, ljudi koji su znali granice dozvoljenog, ali i načine kako se unutar tih granica napreduje.		To je bio prostor u kojem su se selektovali kadrovi prihvatljivi sistemu, ljudi koji su znali granice dozvoljenog, ali i načine kako se unutar tih granica napreduje.
pol-754679-022	politika	754679	kolumna	pol-drustvo	pogledi	22	111	https://www.politika.rs/sr/clanak/754679/kazuj-zeljko-jesi-li-vestica	U tom krugu, uz imena koja će kasnije ući u medije, politiku i biznis, pominju se i Željko Ivanović, Fahrudin Radončić, Šeki Radončić, Novica Đurić i drugi akteri jedne generacije koja je iz omladinskog novinarstva ušla u mnogo unosnije i uticajnije poslove.		U tom krugu, uz imena koja će kasnije ući u medije, politiku i biznis, pominju se i Željko Ivanović, Fahrudin Radončić, Šeki Radončić, Novica Đurić i drugi akteri jedne generacije koja je iz omladinskog novinarstva ušla u mnogo unosnije i uticajnije poslove.
pol-754679-023	politika	754679	kolumna	pol-drustvo	pogledi	23	111	https://www.politika.rs/sr/clanak/754679/kazuj-zeljko-jesi-li-vestica	Ta generacija nije nastala u vakuumu, već u sistemu koji je znao koga pušta u javni prostor.		Ta generacija nije nastala u vakuumu, već u sistemu koji je znao koga pušta u javni prostor.
pol-752256-012	politika	752256	kolumna	pol-drustvo	pogledi	12	48	https://www.politika.rs/sr/clanak/752256/pravo-i-pravda-po-marti-kos	Osnovno u hrišćanstvu, da ljubimo bližnjeg svog, ne postoji, jer se kao glavna vrednost u društvu postavlja da je individua bitnija od kolektiva, pa je samim tim i postojanje države postalo deplasirano.		Osnovno u hrišćanstvu, da ljubimo bližnjeg svog, ne postoji, jer se kao glavna vrednost u društvu postavlja da je individua bitnija od kolektiva, pa je samim tim i postojanje države postalo deplasirano.
pol-752256-013	politika	752256	kolumna	pol-drustvo	pogledi	13	48	https://www.politika.rs/sr/clanak/752256/pravo-i-pravda-po-marti-kos	Naravno, sve ovo odnosi se isključivo prema hrišćanskom svetu, dok je islamska kultura gotovo izdignuta na pijedestal i njoj se svuda izlazi u susret zbog neophodnosti radne snage, koja veoma nedostaje Evropi.		Naravno, sve ovo odnosi se isključivo prema hrišćanskom svetu, dok je islamska kultura gotovo izdignuta na pijedestal i njoj se svuda izlazi u susret zbog neophodnosti radne snage, koja veoma nedostaje Evropi.
pol-752256-014	politika	752256	kolumna	pol-drustvo	pogledi	14	48	https://www.politika.rs/sr/clanak/752256/pravo-i-pravda-po-marti-kos	Da li smo mi kao srpsko društvo spremni da prihvatimo te vrednosti?		Da li smo mi kao srpsko društvo spremni da prihvatimo te vrednosti?
pol-752256-015	politika	752256	kolumna	pol-drustvo	pogledi	15	48	https://www.politika.rs/sr/clanak/752256/pravo-i-pravda-po-marti-kos	Da li smo spremni da kažemo da je sasvim u redu da se podrži neki politički kandidat za koga je bivša supruga javno tvrdila da je ispekao njihovog kućnog ljubimca u mikro-pećnici kako bi kaznio decu ili da je onanisao pred rođenom decom?		Da li smo spremni da kažemo da je sasvim u redu da se podrži neki politički kandidat za koga je bivša supruga javno tvrdila da je ispekao njihovog kućnog ljubimca u mikro-pećnici kako bi kaznio decu ili da je onanisao pred rođenom decom?
pol-752256-016	politika	752256	kolumna	pol-drustvo	pogledi	16	48	https://www.politika.rs/sr/clanak/752256/pravo-i-pravda-po-marti-kos	Evropska unija u tome nije videla nikakav problem, naravno jer je kandidat bio po njenom ukusu.		Evropska unija u tome nije videla nikakav problem, naravno jer je kandidat bio po njenom ukusu.
pol-752256-017	politika	752256	kolumna	pol-drustvo	pogledi	17	48	https://www.politika.rs/sr/clanak/752256/pravo-i-pravda-po-marti-kos	Setimo se pojedinih slovenačkih političara, za koje Marta Kos svakako dobro zna, koji su silovali mastife i uživali u seksualnim odnosima s njima.		Setimo se pojedinih slovenačkih političara, za koje Marta Kos svakako dobro zna, koji su silovali mastife i uživali u seksualnim odnosima s njima.
pol-752256-018	politika	752256	kolumna	pol-drustvo	pogledi	18	48	https://www.politika.rs/sr/clanak/752256/pravo-i-pravda-po-marti-kos	Naravno, to se nekako sve brzo zataška zbog različitih karijera, ali da li su to vrednosti koje mi želimo da prihvatimo?		Naravno, to se nekako sve brzo zataška zbog različitih karijera, ali da li su to vrednosti koje mi želimo da prihvatimo?
pol-752256-019	politika	752256	kolumna	pol-drustvo	pogledi	19	48	https://www.politika.rs/sr/clanak/752256/pravo-i-pravda-po-marti-kos	Da li naše društvo, koje je ipak utemeljeno u pravoslavnom hrišćanstvu i svetosavlju, može to da prihvati?		Da li naše društvo, koje je ipak utemeljeno u pravoslavnom hrišćanstvu i svetosavlju, može to da prihvati?
pol-754422-010	politika	754422	kolumna	pol-drustvo	pogledi	10	22	https://www.politika.rs/sr/clanak/754422/venecijanska-komisija-kao-medunarodni-ustavni-sud	Ustavni sudovi ih preuzimaju kao referentne standarde, zakonodavci kao orijentacione tačke, a politički akteri kao važan legitimacioni resurs.		Ustavni sudovi ih preuzimaju kao referentne standarde, zakonodavci kao orijentacione tačke, a politički akteri kao važan legitimacioni resurs.
pol-754422-011	politika	754422	kolumna	pol-drustvo	pogledi	11	22	https://www.politika.rs/sr/clanak/754422/venecijanska-komisija-kao-medunarodni-ustavni-sud	Tako se pred našim očima formira jedan suptilan, ali delotvoran mehanizam „meke” normotvorne vlasti – bez imperativne snage, ali sa snažnim uticajem na to šta će se smatrati ustavnopravno prihvatljivim.		Tako se pred našim očima formira jedan suptilan, ali delotvoran mehanizam „meke” normotvorne vlasti – bez imperativne snage, ali sa snažnim uticajem na to šta će se smatrati ustavnopravno prihvatljivim.
pol-754422-012	politika	754422	kolumna	pol-drustvo	pogledi	12	22	https://www.politika.rs/sr/clanak/754422/venecijanska-komisija-kao-medunarodni-ustavni-sud	Drugim rečima, nije reč više o pitanju da li su mišljenja Venecijanske komisije obavezujuća, već o tome kako ona deluju u pojedinačnom pravnom poretku.		Drugim rečima, nije reč više o pitanju da li su mišljenja Venecijanske komisije obavezujuća, već o tome kako ona deluju u pojedinačnom pravnom poretku.
pol-754422-013	politika	754422	kolumna	pol-drustvo	pogledi	13	22	https://www.politika.rs/sr/clanak/754422/venecijanska-komisija-kao-medunarodni-ustavni-sud	A deluju kao neformalni standardi za ustavotvornu i zakonodavnu vlast.		A deluju kao neformalni standardi za ustavotvornu i zakonodavnu vlast.
pol-754422-014	politika	754422	kolumna	pol-drustvo	pogledi	14	22	https://www.politika.rs/sr/clanak/754422/venecijanska-komisija-kao-medunarodni-ustavni-sud	U tom smislu standardna slika ustavnog prava kao zatvorenog sistema u kojem nacionalni ustavni sudovi imaju poslednju reč postepeno ustupa mesto jednoj mrežnoj strukturi u kojoj se argumenti, standardi i tumačenja kreću preko granica.		U tom smislu standardna slika ustavnog prava kao zatvorenog sistema u kojem nacionalni ustavni sudovi imaju poslednju reč postepeno ustupa mesto jednoj mrežnoj strukturi u kojoj se argumenti, standardi i tumačenja kreću preko granica.
pol-754422-015	politika	754422	kolumna	pol-drustvo	pogledi	15	22	https://www.politika.rs/sr/clanak/754422/venecijanska-komisija-kao-medunarodni-ustavni-sud	U toj mreži Venecijanska komisija ne donosi odluke, ali i te kako oblikuje okvir u kojem se one donose.		U toj mreži Venecijanska komisija ne donosi odluke, ali i te kako oblikuje okvir u kojem se one donose.
pol-754422-016	politika	754422	kolumna	pol-drustvo	pogledi	16	22	https://www.politika.rs/sr/clanak/754422/venecijanska-komisija-kao-medunarodni-ustavni-sud	I u tome leži suština njene moći.		I u tome leži suština njene moći.
pol-754422-017	politika	754422	kolumna	pol-drustvo	pogledi	17	22	https://www.politika.rs/sr/clanak/754422/venecijanska-komisija-kao-medunarodni-ustavni-sud	No, tu se otvara i jedno daleko „neprijatnije” pitanje – pitanje legitimiteta.		No, tu se otvara i jedno daleko „neprijatnije” pitanje – pitanje legitimiteta.
pol-750140-029	politika	750140	kolumna	pol-drustvo	pogledi	29	53	https://www.politika.rs/sr/clanak/750140/desmitovanje-bosne-i-hercegovine	Istup predsedavajućeg Vasilija Nebenzje u SB UN, na koju Šmita nije ni pozvao, i američko znakovito ćutanje, bili su poslednji ekser u njegovom kovčegu.		Istup predsedavajućeg Vasilija Nebenzje u SB UN, na koju Šmita nije ni pozvao, i američko znakovito ćutanje, bili su poslednji ekser u njegovom kovčegu.
pol-750140-030	politika	750140	kolumna	pol-drustvo	pogledi	30	53	https://www.politika.rs/sr/clanak/750140/desmitovanje-bosne-i-hercegovine	Međutim, posramljeni Šmit ne samo da se nije odmah pokupio kući, niti je otišao do Nove godine, kako se predviđalo, nego i dalje sedi u Sarajevu.		Međutim, posramljeni Šmit ne samo da se nije odmah pokupio kući, niti je otišao do Nove godine, kako se predviđalo, nego i dalje sedi u Sarajevu.
pol-750140-031	politika	750140	kolumna	pol-drustvo	pogledi	31	53	https://www.politika.rs/sr/clanak/750140/desmitovanje-bosne-i-hercegovine	Štaviše, dobija podršku iz domovine.		Štaviše, dobija podršku iz domovine.
pol-750140-032	politika	750140	kolumna	pol-drustvo	pogledi	32	53	https://www.politika.rs/sr/clanak/750140/desmitovanje-bosne-i-hercegovine	Ambasador Granat veli da „Nemačka nije učestvovala u dogovoru SAD sa Srpskom i Dodikom i da očekuje promene pre oktobarskih izbora”, što će reći da je ne obavezuje da odustane od antisrpske agende.		Ambasador Granat veli da „Nemačka nije učestvovala u dogovoru SAD sa Srpskom i Dodikom i da očekuje promene pre oktobarskih izbora”, što će reći da je ne obavezuje da odustane od antisrpske agende.
pol-750140-033	politika	750140	kolumna	pol-drustvo	pogledi	33	53	https://www.politika.rs/sr/clanak/750140/desmitovanje-bosne-i-hercegovine	Predsednik Austrije Van der Belen stigao je prošle nedelje u Sarajevo da, u odsustvu Željke Cvijanović, dvočlanom Predsedništvu BiH, Bećiroviću i Komšiću, podrži produžetak mandata OHR-a.		Predsednik Austrije Van der Belen stigao je prošle nedelje u Sarajevo da, u odsustvu Željke Cvijanović, dvočlanom Predsedništvu BiH, Bećiroviću i Komšiću, podrži produžetak mandata OHR-a.
pol-750140-034	politika	750140	kolumna	pol-drustvo	pogledi	34	53	https://www.politika.rs/sr/clanak/750140/desmitovanje-bosne-i-hercegovine	Datum Šmitovog odlaska pomeren je tek nakon oktobarskih izbora, jer očito još nije dogovoreno da li će dešmitizacija istovremeno biti i deohaerizacija.		Datum Šmitovog odlaska pomeren je tek nakon oktobarskih izbora, jer očito još nije dogovoreno da li će dešmitizacija istovremeno biti i deohaerizacija.
pol-750140-035	politika	750140	kolumna	pol-drustvo	pogledi	35	53	https://www.politika.rs/sr/clanak/750140/desmitovanje-bosne-i-hercegovine	Loša vest za sve Srbe jeste i izborni poraz Viktora Orbana, sjajnog političara i još boljeg prijatelja, dok Ursula i Kaja u Briselu rastu od sreće.		Loša vest za sve Srbe jeste i izborni poraz Viktora Orbana, sjajnog političara i još boljeg prijatelja, dok Ursula i Kaja u Briselu rastu od sreće.
pol-750140-036	politika	750140	kolumna	pol-drustvo	pogledi	36	53	https://www.politika.rs/sr/clanak/750140/desmitovanje-bosne-i-hercegovine	Bošnjačko Sarajevo posebno je nasekiralo to što Dodik 25. aprila opet putuje u SAD, i to na Svetski forum lidera i da primi priznanje „za liderstvo i borbu za suverenitet i demokratiju” Univerziteta Čad iz Čikaga, kao i gostovanje Trampa juniora kod Dodika juniora.		Bošnjačko Sarajevo posebno je nasekiralo to što Dodik 25. aprila opet putuje u SAD, i to na Svetski forum lidera i da primi priznanje „za liderstvo i borbu za suverenitet i demokratiju” Univerziteta Čad iz Čikaga, kao i gostovanje Trampa juniora kod Dodika juniora.
pol-747221-022	politika	747221	kolumna	svet	pogledi	22	51	https://www.politika.rs/sr/clanak/747221/kako-su-nastali-petrodolari-i-rat-na-bliskom-istoku	Zemlje koje prodaju naftu (poput članica OPEK-a) ostvaruju velike dolarske viškove, koje zatim reinvestiraju u američke obveznice, akcije ili ih drže u bankama.		Zemlje koje prodaju naftu (poput članica OPEK-a) ostvaruju velike dolarske viškove, koje zatim reinvestiraju u američke obveznice, akcije ili ih drže u bankama.
pol-747221-023	politika	747221	kolumna	svet	pogledi	23	51	https://www.politika.rs/sr/clanak/747221/kako-su-nastali-petrodolari-i-rat-na-bliskom-istoku	Sistem petrodolara ojačao je ulogu američkog dolara kao glavne svetske rezervne valute i obezbedio SAD jeftino finansiranje njihovog budžetskog deficita.		Sistem petrodolara ojačao je ulogu američkog dolara kao glavne svetske rezervne valute i obezbedio SAD jeftino finansiranje njihovog budžetskog deficita.
pol-747221-024	politika	747221	kolumna	svet	pogledi	24	51	https://www.politika.rs/sr/clanak/747221/kako-su-nastali-petrodolari-i-rat-na-bliskom-istoku	Petrodolar, dakle, nije posebna valuta, već koncept koji povezuje tržište nafte s američkim dolarom.		Petrodolar, dakle, nije posebna valuta, već koncept koji povezuje tržište nafte s američkim dolarom.
pol-747221-025	politika	747221	kolumna	svet	pogledi	25	51	https://www.politika.rs/sr/clanak/747221/kako-su-nastali-petrodolari-i-rat-na-bliskom-istoku	Amerika se suočava s velikim izazovima u očuvanju sistema petrodolara, posebno nakon isteka pedesetogodišnjeg sporazuma sa Saudijskom Arabijom 2024, što omogućava prodaju nafte u drugim valutama.		Amerika se suočava s velikim izazovima u očuvanju sistema petrodolara, posebno nakon isteka pedesetogodišnjeg sporazuma sa Saudijskom Arabijom 2024, što omogućava prodaju nafte u drugim valutama.
pol-747221-026	politika	747221	kolumna	svet	pogledi	26	51	https://www.politika.rs/sr/clanak/747221/kako-su-nastali-petrodolari-i-rat-na-bliskom-istoku	Iako dolar ostaje dominantan, porast trgovine u juanima i rubljama, kao i širenje BRIKS-a, slabe ovaj sistem.		Iako dolar ostaje dominantan, porast trgovine u juanima i rubljama, kao i širenje BRIKS-a, slabe ovaj sistem.
pol-747221-027	politika	747221	kolumna	svet	pogledi	27	51	https://www.politika.rs/sr/clanak/747221/kako-su-nastali-petrodolari-i-rat-na-bliskom-istoku	SAD pokušavaju da održe hegemoniju kroz geopolitičke uticaje, ali je budućnost petrodolara pod velikim znakom pitanja.		SAD pokušavaju da održe hegemoniju kroz geopolitičke uticaje, ali je budućnost petrodolara pod velikim znakom pitanja.
pol-747221-028	politika	747221	kolumna	svet	pogledi	28	51	https://www.politika.rs/sr/clanak/747221/kako-su-nastali-petrodolari-i-rat-na-bliskom-istoku	Danas se često govori o „kraju ere petrodolara” zbog sve češćih trgovinskih transakcija naftom u drugim valutama.		Danas se često govori o „kraju ere petrodolara” zbog sve češćih trgovinskih transakcija naftom u drugim valutama.
pol-747221-029	politika	747221	kolumna	svet	pogledi	29	51	https://www.politika.rs/sr/clanak/747221/kako-su-nastali-petrodolari-i-rat-na-bliskom-istoku	Zemlje poput Rusije i Saudijske Arabije aktivno traže alternativne mehanizme plaćanja, smanjujući zavisnost od dolara.		Zemlje poput Rusije i Saudijske Arabije aktivno traže alternativne mehanizme plaćanja, smanjujući zavisnost od dolara.
pol-749395-016	politika	749395	kolumna	pol-drustvo	pogledi	16	61	https://www.politika.rs/sr/clanak/749395/vidova-pravda	Tokom suđenja otkriveno je da je „Er Srbija” i formalno imala različit odnos kad je reč o osobama s posebnim potrebama kada lete za Njujork i kad lete na druge destinacije.		Tokom suđenja otkriveno je da je „Er Srbija” i formalno imala različit odnos kad je reč o osobama s posebnim potrebama kada lete za Njujork i kad lete na druge destinacije.
pol-749395-017	politika	749395	kolumna	pol-drustvo	pogledi	17	61	https://www.politika.rs/sr/clanak/749395/vidova-pravda	Dakle ljudska prava zavise od toga da li putujete na Menhetn ili idete u selo Seljani u Crnoj Gori.		Dakle ljudska prava zavise od toga da li putujete na Menhetn ili idete u selo Seljani u Crnoj Gori.
pol-749395-018	politika	749395	kolumna	pol-drustvo	pogledi	18	61	https://www.politika.rs/sr/clanak/749395/vidova-pravda	Presuda je zato trebalo da bude presedan.		Presuda je zato trebalo da bude presedan.
pol-749395-019	politika	749395	kolumna	pol-drustvo	pogledi	19	61	https://www.politika.rs/sr/clanak/749395/vidova-pravda	Profesor sam univerziteta, a i da to nisam – dovoljno sam imućan da do nekog srpskog sela na crnogorskoj obali dođem na nekoliko načina.		Profesor sam univerziteta, a i da to nisam – dovoljno sam imućan da do nekog srpskog sela na crnogorskoj obali dođem na nekoliko načina.
pol-749395-020	politika	749395	kolumna	pol-drustvo	pogledi	20	61	https://www.politika.rs/sr/clanak/749395/vidova-pravda	Živim u Beogradu, koji je prema deci s posebnim potrebama gostoljubiviji, bolji, solidarniji i čestitiji nego velika većina gradova Evropske unije.		Živim u Beogradu, koji je prema deci s posebnim potrebama gostoljubiviji, bolji, solidarniji i čestitiji nego velika većina gradova Evropske unije.
pol-749395-021	politika	749395	kolumna	pol-drustvo	pogledi	21	61	https://www.politika.rs/sr/clanak/749395/vidova-pravda	No, zamislite mog kolegu koji predaje istoriju s nepunim fondom časova u, recimo, Plandištu.		No, zamislite mog kolegu koji predaje istoriju s nepunim fondom časova u, recimo, Plandištu.
pol-749395-022	politika	749395	kolumna	pol-drustvo	pogledi	22	61	https://www.politika.rs/sr/clanak/749395/vidova-pravda	Njegovo desetogodišnje dete je u to vreme učilo u redovnoj školi, bez asistenta, uz pratnju i pomoć majke koja je radi negovanja takvog učenika napustila posao i život upodobila jednom teškom stanju (a ne bolesti).		Njegovo desetogodišnje dete je u to vreme učilo u redovnoj školi, bez asistenta, uz pratnju i pomoć majke koja je radi negovanja takvog učenika napustila posao i život upodobila jednom teškom stanju (a ne bolesti).
pol-749395-023	politika	749395	kolumna	pol-drustvo	pogledi	23	61	https://www.politika.rs/sr/clanak/749395/vidova-pravda	Često su s tom porodicom – opterećenom detetom koje ne trpi socijalne kontakte, a ne druži se sa drugom decom – prijatelji i rođaci smanjili ili čak prekinuli veze i druženje.		Često su s tom porodicom – opterećenom detetom koje ne trpi socijalne kontakte, a ne druži se sa drugom decom – prijatelji i rođaci smanjili ili čak prekinuli veze i druženje.
pol-759678-000	politika	759678	kolumna	hronika	pogledi	0	54	https://www.politika.rs/sr/clanak/759678/ratni-zlocini-silovanjem-po-hrvatskom-modelu-2	U tekstu pod istim naslovom, objavljenom na ovim stranicama pre osam dana, napisao sam da su u poslednjih pola godine, po istom modelu, podignute i dve optužnice protiv dvojice pripadnika SVK, što je privuklo pažnju čitalaca uz molbu da i tim slučajevima posvetim jednu kolumnu, što i činim ovom prilikom.		U tekstu pod istim naslovom, objavljenom na ovim stranicama pre osam dana, napisao sam da su u poslednjih pola godine, po istom modelu, podignute i dve optužnice protiv dvojice pripadnika SVK, što je privuklo pažnju čitalaca uz molbu da i tim slučajevima posvetim jednu kolumnu, što i činim ovom prilikom.
pol-759678-001	politika	759678	kolumna	hronika	pogledi	1	54	https://www.politika.rs/sr/clanak/759678/ratni-zlocini-silovanjem-po-hrvatskom-modelu-2	Prvi (1970) se tereti da je u prvoj polovini 1992, u privremeno okupiranom selu na području Promine „s još šest naoružanih pripadnika iste srpske paravojne jedinice došao u kuću žrtve, tada maloletne ženske osobe, gde su je okrivljeni i ostali pripadnici srpske paravojne jedinice silovali”.		Prvi (1970) se tereti da je u prvoj polovini 1992, u privremeno okupiranom selu na području Promine „s još šest naoružanih pripadnika iste srpske paravojne jedinice došao u kuću žrtve, tada maloletne ženske osobe, gde su je okrivljeni i ostali pripadnici srpske paravojne jedinice silovali”.
pol-759678-002	politika	759678	kolumna	hronika	pogledi	2	54	https://www.politika.rs/sr/clanak/759678/ratni-zlocini-silovanjem-po-hrvatskom-modelu-2	Drugi (1967) se tereti da je tokom 1993, u privremeno okupiranim selima na području Promine „više puta silovao tada maloletnu žensku osobu te da je krajem 1993. zajedno s više naoružanih pripadnika srpskih paravojnih postrojbi fizički zlostavljao tri žrtve, pri čemu su dve žrtve silovali”.		Drugi (1967) se tereti da je tokom 1993, u privremeno okupiranim selima na području Promine „više puta silovao tada maloletnu žensku osobu te da je krajem 1993. zajedno s više naoružanih pripadnika srpskih paravojnih postrojbi fizički zlostavljao tri žrtve, pri čemu su dve žrtve silovali”.
pol-759678-003	politika	759678	kolumna	hronika	pogledi	3	54	https://www.politika.rs/sr/clanak/759678/ratni-zlocini-silovanjem-po-hrvatskom-modelu-2	Skoro svi hrvatski mediji propratili su podizanje ovih optužnica i otkrili imena optuženih, prvi se zove Nenad P., a drugi Željko C., oba iz Razvođa, ali ne i ime oštećene, iako je u pitanju ista osoba u oba slučaja, koja se, po saznanjima „Veritasa”, zove Željka I. iz Suknovaca.		Skoro svi hrvatski mediji propratili su podizanje ovih optužnica i otkrili imena optuženih, prvi se zove Nenad P., a drugi Željko C., oba iz Razvođa, ali ne i ime oštećene, iako je u pitanju ista osoba u oba slučaja, koja se, po saznanjima „Veritasa”, zove Željka I. iz Suknovaca.
pol-759678-004	politika	759678	kolumna	hronika	pogledi	4	54	https://www.politika.rs/sr/clanak/759678/ratni-zlocini-silovanjem-po-hrvatskom-modelu-2	„Kad su JNA i srpske paravojne jedinice okupirale sela u opštini Promina, većina građana hrvatske nacionalnosti je prognana.		„Kad su JNA i srpske paravojne jedinice okupirale sela u opštini Promina, većina građana hrvatske nacionalnosti je prognana.
pol-759678-005	politika	759678	kolumna	hronika	pogledi	5	54	https://www.politika.rs/sr/clanak/759678/ratni-zlocini-silovanjem-po-hrvatskom-modelu-2	Moja majka, braća i ja nismo išli nigde.	Y	„Moja majka, braća i ja nismo išli nigde.“
pol-759678-006	politika	759678	kolumna	hronika	pogledi	6	54	https://www.politika.rs/sr/clanak/759678/ratni-zlocini-silovanjem-po-hrvatskom-modelu-2	A čim su pripadnici JNA i srpskih paravojnih jedinica ušli u selo, počeli su pljačkati i paliti kuće te maltretirati preostalo malobrojno hrvatsko stanovništvo.	Y	„A čim su pripadnici JNA i srpskih paravojnih jedinica ušli u selo, počeli su pljačkati i paliti kuće te maltretirati preostalo malobrojno hrvatsko stanovništvo.“
pol-759678-007	politika	759678	kolumna	hronika	pogledi	7	54	https://www.politika.rs/sr/clanak/759678/ratni-zlocini-silovanjem-po-hrvatskom-modelu-2	Pripadnici srpskih paravojnih jedinica uhapsili su jednog od moje braće i zatvorili ga u kninskom zatvoru, tako da smo majka, drugi brat i ja u kući ostali sami.	Y	„Pripadnici srpskih paravojnih jedinica uhapsili su jednog od moje braće i zatvorili ga u kninskom zatvoru, tako da smo majka, drugi brat i ja u kući ostali sami.“
pol-756279-005	politika	756279	kolumna	pol-drustvo	pogledi	5	29	https://www.politika.rs/sr/clanak/756279/nekoliko-cinjenica-o-laznoj-studentskoj-listi	Svađa se 129 fantomskih „plenuma” pojedinačnih fakulteta.		Svađa se 129 fantomskih „plenuma” pojedinačnih fakulteta.
pol-756279-006	politika	756279	kolumna	pol-drustvo	pogledi	6	29	https://www.politika.rs/sr/clanak/756279/nekoliko-cinjenica-o-laznoj-studentskoj-listi	Svi „plenumi” imaju oko 2.000 kandidata za lažnu Studentsku listu.		Svi „plenumi” imaju oko 2.000 kandidata za lažnu Studentsku listu.
pol-756279-007	politika	756279	kolumna	pol-drustvo	pogledi	7	29	https://www.politika.rs/sr/clanak/756279/nekoliko-cinjenica-o-laznoj-studentskoj-listi	Sastav lažne Studentske liste ne određuju studenti već tajni fantomski „plenumi”, na osnovu fantomskog dokumenta „Direktiva”.		Sastav lažne Studentske liste ne određuju studenti već tajni fantomski „plenumi”, na osnovu fantomskog dokumenta „Direktiva”.
pol-756279-008	politika	756279	kolumna	pol-drustvo	pogledi	8	29	https://www.politika.rs/sr/clanak/756279/nekoliko-cinjenica-o-laznoj-studentskoj-listi	Lažna Studentska lista, kao svoju falangu, kao SA odrede, na nivou opština, osnovala je fašističke „Zborove” po ugledu na fašističku organizaciju Dimitrija Ljotića „Zbor” iz vremena Drugog svetskog rata.		Lažna Studentska lista, kao svoju falangu, kao SA odrede, na nivou opština, osnovala je fašističke „Zborove” po ugledu na fašističku organizaciju Dimitrija Ljotića „Zbor” iz vremena Drugog svetskog rata.
pol-756279-009	politika	756279	kolumna	pol-drustvo	pogledi	9	29	https://www.politika.rs/sr/clanak/756279/nekoliko-cinjenica-o-laznoj-studentskoj-listi	Konačni sastav lažne Studentske liste odrediće stranci sa Zapada, preko svojih transmitera iz glavnih NVO.		Konačni sastav lažne Studentske liste odrediće stranci sa Zapada, preko svojih transmitera iz glavnih NVO.
pol-756279-010	politika	756279	kolumna	pol-drustvo	pogledi	10	29	https://www.politika.rs/sr/clanak/756279/nekoliko-cinjenica-o-laznoj-studentskoj-listi	Na lažnoj Studentskoj listi biće blokaderi profesori, predavači koji su uništavali fakultete tokom 2025. i druge kompromitovane ličnosti.		Na lažnoj Studentskoj listi biće blokaderi profesori, predavači koji su uništavali fakultete tokom 2025. i druge kompromitovane ličnosti.
pol-756279-011	politika	756279	kolumna	pol-drustvo	pogledi	11	29	https://www.politika.rs/sr/clanak/756279/nekoliko-cinjenica-o-laznoj-studentskoj-listi	Lažna „Studentska lista” je blokaderska, zapadna, hrvatska, Kurtijeva i Đokićeva lista.		Lažna „Studentska lista” je blokaderska, zapadna, hrvatska, Kurtijeva i Đokićeva lista.
pol-756279-012	politika	756279	kolumna	pol-drustvo	pogledi	12	29	https://www.politika.rs/sr/clanak/756279/nekoliko-cinjenica-o-laznoj-studentskoj-listi	Studenti blokaderi čine tri odsto studentske populacije.		Studenti blokaderi čine tri odsto studentske populacije.
pol-759883-061	politika	759883	kolumna	pol-drustvo	pogledi	61	99	https://www.politika.rs/sr/clanak/759883/mandicev-glas-za-tudu-istinu-o-1918-godini	Ipak, stranka nije najvažnija, ma koliko njen pad bio vidljiv.		Ipak, stranka nije najvažnija, ma koliko njen pad bio vidljiv.
pol-759883-062	politika	759883	kolumna	pol-drustvo	pogledi	62	99	https://www.politika.rs/sr/clanak/759883/mandicev-glas-za-tudu-istinu-o-1918-godini	Najveća šteta je to što se srpski nacionalni interes u Crnoj Gori ponovo potrošio kao moneta za politički opstanak, a to je tvoja stvarna odgovornost.		Najveća šteta je to što se srpski nacionalni interes u Crnoj Gori ponovo potrošio kao moneta za politički opstanak, a to je tvoja stvarna odgovornost.
pol-759883-063	politika	759883	kolumna	pol-drustvo	pogledi	63	99	https://www.politika.rs/sr/clanak/759883/mandicev-glas-za-tudu-istinu-o-1918-godini	Kada si ušao u institucionalnu poziciju koja ti je dala funkciju predsednika Skupštine, imao si priliku da pokažeš da srpska politika u Crnoj Gori može biti zrela, državotvorna i istorijski pismena bez odricanja od svojih temeljnih stavova.		Kada si ušao u institucionalnu poziciju koja ti je dala funkciju predsednika Skupštine, imao si priliku da pokažeš da srpska politika u Crnoj Gori može biti zrela, državotvorna i istorijski pismena bez odricanja od svojih temeljnih stavova.
pol-759883-064	politika	759883	kolumna	pol-drustvo	pogledi	64	99	https://www.politika.rs/sr/clanak/759883/mandicev-glas-za-tudu-istinu-o-1918-godini	Mogao si da pokažeš da Srbi u Crnoj Gori ne traže privilegije, već poštovanje, da nema stabilne Crne Gore ako se trećina njenih građana istorijski ponižava.		Mogao si da pokažeš da Srbi u Crnoj Gori ne traže privilegije, već poštovanje, da nema stabilne Crne Gore ako se trećina njenih građana istorijski ponižava.
pol-759883-065	politika	759883	kolumna	pol-drustvo	pogledi	65	99	https://www.politika.rs/sr/clanak/759883/mandicev-glas-za-tudu-istinu-o-1918-godini	Umesto toga, tvoja politika sve češće liči na disciplinovano pristajanje na tuđe okvire, uz naknadno srpsko objašnjenje za domaću upotrebu.		Umesto toga, tvoja politika sve češće liči na disciplinovano pristajanje na tuđe okvire, uz naknadno srpsko objašnjenje za domaću upotrebu.
pol-759883-066	politika	759883	kolumna	pol-drustvo	pogledi	66	99	https://www.politika.rs/sr/clanak/759883/mandicev-glas-za-tudu-istinu-o-1918-godini	Tako je bilo i sada.		Tako je bilo i sada.
pol-759883-067	politika	759883	kolumna	pol-drustvo	pogledi	67	99	https://www.politika.rs/sr/clanak/759883/mandicev-glas-za-tudu-istinu-o-1918-godini	Tvrdnja da Srbija nije izričito pomenuta ne menja suštinu.		Tvrdnja da Srbija nije izričito pomenuta ne menja suštinu.
pol-759883-068	politika	759883	kolumna	pol-drustvo	pogledi	68	99	https://www.politika.rs/sr/clanak/759883/mandicev-glas-za-tudu-istinu-o-1918-godini	Kada se u crnogorskom zakonu govori o 1918. godini i okupaciji, svako zna na koga se misli.		Kada se u crnogorskom zakonu govori o 1918. godini i okupaciji, svako zna na koga se misli.
pol-756889-007	politika	756889	kolumna	pol-drustvo	pogledi	7	44	https://www.politika.rs/sr/clanak/756889/neuspela-drzava-crna-gora	Po priznanju njenog tadašnjeg potpredsednika i kasnijeg premijera Duška Markovića tzv. Kosovo je priznato protivno volji 80% građana Crne Gore.		Po priznanju njenog tadašnjeg potpredsednika i kasnijeg premijera Duška Markovića tzv. Kosovo je priznato protivno volji 80% građana Crne Gore.
pol-756889-008	politika	756889	kolumna	pol-drustvo	pogledi	8	44	https://www.politika.rs/sr/clanak/756889/neuspela-drzava-crna-gora	Zatim su usledile sankcije Ruskoj Federaciji 2014, koje zbog evropskih integracija ni danas ne bi bili u obavezi da formalno uvedemo, pa uvlačenje u NATO pakt bez referenduma.		Zatim su usledile sankcije Ruskoj Federaciji 2014, koje zbog evropskih integracija ni danas ne bi bili u obavezi da formalno uvedemo, pa uvlačenje u NATO pakt bez referenduma.
pol-756889-009	politika	756889	kolumna	pol-drustvo	pogledi	9	44	https://www.politika.rs/sr/clanak/756889/neuspela-drzava-crna-gora	Prema anketi javnog servisa RTCG u februaru 2022. čak 86% građana Crne Gore izjasnilo se protiv sankcija Rusiji.		Prema anketi javnog servisa RTCG u februaru 2022. čak 86% građana Crne Gore izjasnilo se protiv sankcija Rusiji.
pol-756889-010	politika	756889	kolumna	pol-drustvo	pogledi	10	44	https://www.politika.rs/sr/clanak/756889/neuspela-drzava-crna-gora	"Ove poražavajuće činjenice, nekadašnje pristalice zajedničke države uvaljene pre par godina u fotelje pokušavaju da relativizuju floskulama ""mi smo mali, kolonija, šaka jada, moramo""."		"Ove poražavajuće činjenice, nekadašnje pristalice zajedničke države uvaljene pre par godina u fotelje pokušavaju da relativizuju floskulama ""mi smo mali, kolonija, šaka jada, moramo""."
pol-756889-011	politika	756889	kolumna	pol-drustvo	pogledi	11	44	https://www.politika.rs/sr/clanak/756889/neuspela-drzava-crna-gora	"Tu istine ima, ali objašnjenja nema zašto se u odnosu prema Srbiji Crna Gora postavlja kao Hrvatska i Albanija, a recimo ne kao Rumunija i Grčka, odnosno zašto prema Rusiji u međunarodnim organizacijama nastupamo kao ""baltički tigrovi"" Litvanija, Letonija i Estonija, a ne kao Slovačka i Mađarska."		"Tu istine ima, ali objašnjenja nema zašto se u odnosu prema Srbiji Crna Gora postavlja kao Hrvatska i Albanija, a recimo ne kao Rumunija i Grčka, odnosno zašto prema Rusiji u međunarodnim organizacijama nastupamo kao ""baltički tigrovi"" Litvanija, Letonija i Estonija, a ne kao Slovačka i Mađarska."
pol-756889-012	politika	756889	kolumna	pol-drustvo	pogledi	12	44	https://www.politika.rs/sr/clanak/756889/neuspela-drzava-crna-gora	Nema tih floskula i relativizacije koje mogu opravdati učešće crnogorskih vojnika u misijama EU i NATO podrške Ukrajini, odnosno glasanja za prijem tzv. države Kosovo u UNESKO I Interpol, i tako redom do podrške rezoluciji UN kojom se konstatuje „genocid“ u Srebrenici.		Nema tih floskula i relativizacije koje mogu opravdati učešće crnogorskih vojnika u misijama EU i NATO podrške Ukrajini, odnosno glasanja za prijem tzv. države Kosovo u UNESKO I Interpol, i tako redom do podrške rezoluciji UN kojom se konstatuje „genocid“ u Srebrenici.
pol-756889-013	politika	756889	kolumna	pol-drustvo	pogledi	13	44	https://www.politika.rs/sr/clanak/756889/neuspela-drzava-crna-gora	Nebrojene akte otvorenog neprijateljstva Crne Gore prema Rusiji i Srbiji, koji spadaju u najsramnjije stranice njene istorije, bivše i sadašnje političke elite u Podgorici kamufliraju devizom „napad je najbolja odbrana“.		Nebrojene akte otvorenog neprijateljstva Crne Gore prema Rusiji i Srbiji, koji spadaju u najsramnjije stranice njene istorije, bivše i sadašnje političke elite u Podgorici kamufliraju devizom „napad je najbolja odbrana“.
pol-756889-014	politika	756889	kolumna	pol-drustvo	pogledi	14	44	https://www.politika.rs/sr/clanak/756889/neuspela-drzava-crna-gora	Sveprisutan je narativ, bez ijednog dokaza, da Rusija vodi nekakav hibridni rat protiv Crne Gore, a da većeg neprijatelja od Aleksandra Vučića nemamo.		Sveprisutan je narativ, bez ijednog dokaza, da Rusija vodi nekakav hibridni rat protiv Crne Gore, a da većeg neprijatelja od Aleksandra Vučića nemamo.
pol-759039-064	politika	759039	kolumna	pol-drustvo	pogledi	64	94	https://www.politika.rs/sr/clanak/759039/medijsko-nasilje-vijesti-protiv-srpskog-stava-o-kosovu-u-crnoj-gori	Ali proglašavati već samu političku volju za pravno nasilje znači preskakati pravni postupak i unapred izricati javnu presudu upakovanu u pravničku terminologiju.		Ali proglašavati već samu političku volju za pravno nasilje znači preskakati pravni postupak i unapred izricati javnu presudu upakovanu u pravničku terminologiju.
pol-759039-065	politika	759039	kolumna	pol-drustvo	pogledi	65	94	https://www.politika.rs/sr/clanak/759039/medijsko-nasilje-vijesti-protiv-srpskog-stava-o-kosovu-u-crnoj-gori	Ironija je u tome što se isti medijski i politički krugovi nisu tako uzbuđivali kada su lokalni parlamenti, organizacije, institucije i javni akteri u Crnoj Gori godinama zauzimali stavove o temama koje nisu bile strogo lokalne.		Ironija je u tome što se isti medijski i politički krugovi nisu tako uzbuđivali kada su lokalni parlamenti, organizacije, institucije i javni akteri u Crnoj Gori godinama zauzimali stavove o temama koje nisu bile strogo lokalne.
pol-759039-066	politika	759039	kolumna	pol-drustvo	pogledi	66	94	https://www.politika.rs/sr/clanak/759039/medijsko-nasilje-vijesti-protiv-srpskog-stava-o-kosovu-u-crnoj-gori	O Ukrajini, NATO-u, Srebrenici, sankcijama Rusiji, evropskim integracijama, regionalnim pitanjima i istorijskim rezolucijama moglo se govoriti sa svih nivoa.		O Ukrajini, NATO-u, Srebrenici, sankcijama Rusiji, evropskim integracijama, regionalnim pitanjima i istorijskim rezolucijama moglo se govoriti sa svih nivoa.
pol-759039-067	politika	759039	kolumna	pol-drustvo	pogledi	67	94	https://www.politika.rs/sr/clanak/759039/medijsko-nasilje-vijesti-protiv-srpskog-stava-o-kosovu-u-crnoj-gori	Tada nije bilo priče o pravnom nasilju, niti su deklaracije rušile ustavni poredak.		Tada nije bilo priče o pravnom nasilju, niti su deklaracije rušile ustavni poredak.
pol-759039-068	politika	759039	kolumna	pol-drustvo	pogledi	68	94	https://www.politika.rs/sr/clanak/759039/medijsko-nasilje-vijesti-protiv-srpskog-stava-o-kosovu-u-crnoj-gori	Tada je politička simbolika bila dozvoljena, a zabrana počinje tek kada tema postane Kosovo i Metohija i kada stav dolazi iz srpskog političkog korpusa.		Tada je politička simbolika bila dozvoljena, a zabrana počinje tek kada tema postane Kosovo i Metohija i kada stav dolazi iz srpskog političkog korpusa.
pol-759039-069	politika	759039	kolumna	pol-drustvo	pogledi	69	94	https://www.politika.rs/sr/clanak/759039/medijsko-nasilje-vijesti-protiv-srpskog-stava-o-kosovu-u-crnoj-gori	To otkriva selektivnost cele argumentacije., jer nije problem u pravnoj formi deklaracije, već u činjenici da ona dovodi u pitanje jednu od ključnih odluka bivšeg režima Mila Đukanovića.		To otkriva selektivnost cele argumentacije., jer nije problem u pravnoj formi deklaracije, već u činjenici da ona dovodi u pitanje jednu od ključnih odluka bivšeg režima Mila Đukanovića.
pol-759039-070	politika	759039	kolumna	pol-drustvo	pogledi	70	94	https://www.politika.rs/sr/clanak/759039/medijsko-nasilje-vijesti-protiv-srpskog-stava-o-kosovu-u-crnoj-gori	Priznanje tzv. Kosova bilo je jedan od najjačih simbola politike distanciranja Crne Gore od Srbije.		Priznanje tzv. Kosova bilo je jedan od najjačih simbola politike distanciranja Crne Gore od Srbije.
pol-759039-071	politika	759039	kolumna	pol-drustvo	pogledi	71	94	https://www.politika.rs/sr/clanak/759039/medijsko-nasilje-vijesti-protiv-srpskog-stava-o-kosovu-u-crnoj-gori	Zato se danas njegovo preispitivanje doživljava kao udar na čitavu ideološku arhitekturu nastalu posle 2006. godine.		Zato se danas njegovo preispitivanje doživljava kao udar na čitavu ideološku arhitekturu nastalu posle 2006. godine.
pol-759176-013	politika	759176	kolumna	svet	pogledi	13	55	https://www.politika.rs/sr/clanak/759176/rat-na-bliskom-istoku-asimetricni-globalni-sok	Nekima će možda biti potrebna veća spoljna podrška, dok im pomoć opada.		Nekima će možda biti potrebna veća spoljna podrška, dok im pomoć opada.
pol-759176-014	politika	759176	kolumna	svet	pogledi	14	55	https://www.politika.rs/sr/clanak/759176/rat-na-bliskom-istoku-asimetricni-globalni-sok	Iako bi rat mogao da oblikuje globalnu ekonomiju na različite načine, svi putevi vode ka višim cenama i sporijem rastu.		Iako bi rat mogao da oblikuje globalnu ekonomiju na različite načine, svi putevi vode ka višim cenama i sporijem rastu.
pol-759176-015	politika	759176	kolumna	svet	pogledi	15	55	https://www.politika.rs/sr/clanak/759176/rat-na-bliskom-istoku-asimetricni-globalni-sok	Kratak sukob mogao bi da dovede do skoka cena nafte i gasa pre nego što se tržišta prilagode, dok bi dug sukob mogao da održi energiju skupom i da optereti zemlje koje se oslanjaju na uvoz.		Kratak sukob mogao bi da dovede do skoka cena nafte i gasa pre nego što se tržišta prilagode, dok bi dug sukob mogao da održi energiju skupom i da optereti zemlje koje se oslanjaju na uvoz.
pol-759176-016	politika	759176	kolumna	svet	pogledi	16	55	https://www.politika.rs/sr/clanak/759176/rat-na-bliskom-istoku-asimetricni-globalni-sok	Ili se svet „može smiriti negde između toga da – tenzije traju, energija ostaje skupa, a inflacija se teško obuzdava – uz stalnu neizvesnost i geopolitički rizik”, navode eksperti MMF-a.		Ili se svet „može smiriti negde između toga da – tenzije traju, energija ostaje skupa, a inflacija se teško obuzdava – uz stalnu neizvesnost i geopolitički rizik”, navode eksperti MMF-a.
pol-759176-017	politika	759176	kolumna	svet	pogledi	17	55	https://www.politika.rs/sr/clanak/759176/rat-na-bliskom-istoku-asimetricni-globalni-sok	Mnogo šta zavisi od toga koliko dugo će sukob trajati, koliko će se proširiti i koliku štetu će naneti infrastrukturi i lancima snabdevanja.		Mnogo šta zavisi od toga koliko dugo će sukob trajati, koliko će se proširiti i koliku štetu će naneti infrastrukturi i lancima snabdevanja.
pol-759176-018	politika	759176	kolumna	svet	pogledi	18	55	https://www.politika.rs/sr/clanak/759176/rat-na-bliskom-istoku-asimetricni-globalni-sok	Energija je glavni kanal prenosa.		Energija je glavni kanal prenosa.
pol-759176-019	politika	759176	kolumna	svet	pogledi	19	55	https://www.politika.rs/sr/clanak/759176/rat-na-bliskom-istoku-asimetricni-globalni-sok	Defakto zatvaranje Ormuskog moreuza i oštećenje regionalne infrastrukture izazvali su najveći poremećaj na globalnom tržištu nafte u njegovoj istoriji, prema podacima Međunarodne agencije za energiju.		Defakto zatvaranje Ormuskog moreuza i oštećenje regionalne infrastrukture izazvali su najveći poremećaj na globalnom tržištu nafte u njegovoj istoriji, prema podacima Međunarodne agencije za energiju.
pol-759176-020	politika	759176	kolumna	svet	pogledi	20	55	https://www.politika.rs/sr/clanak/759176/rat-na-bliskom-istoku-asimetricni-globalni-sok	Za ekonomije koje uvoze gorivo negativni efekat je veliki.		Za ekonomije koje uvoze gorivo negativni efekat je veliki.
pol-761066-052	politika	761066	kolumna	pol-drustvo	pogledi	52	100	https://www.politika.rs/sr/clanak/761066/redovi-pred-svetinjom-i-lov-na-vernike	Samo drevna tišina koja kao da je doputovala iz davnih vremena i ostala da lebdi iznad Hrama Svetog Save i bližih i daljih ulica u kojima mirno čekaju radni ljudi i građani.		Samo drevna tišina koja kao da je doputovala iz davnih vremena i ostala da lebdi iznad Hrama Svetog Save i bližih i daljih ulica u kojima mirno čekaju radni ljudi i građani.
pol-761066-053	politika	761066	kolumna	pol-drustvo	pogledi	53	100	https://www.politika.rs/sr/clanak/761066/redovi-pred-svetinjom-i-lov-na-vernike	Ta istina je nekima neuobičajeno neprijatna.		Ta istina je nekima neuobičajeno neprijatna.
pol-761066-054	politika	761066	kolumna	pol-drustvo	pogledi	54	100	https://www.politika.rs/sr/clanak/761066/redovi-pred-svetinjom-i-lov-na-vernike	Kao navodni dokaz da društvo nije ispalo onakvo kako je projektovano.		Kao navodni dokaz da društvo nije ispalo onakvo kako je projektovano.
pol-761066-055	politika	761066	kolumna	pol-drustvo	pogledi	55	100	https://www.politika.rs/sr/clanak/761066/redovi-pred-svetinjom-i-lov-na-vernike	Ako se složimo da postoje Srbija iz konferencijskih sala, sa panela, i Srbija iz crkvenih porti, Srbija iz istraživanja javnog mnjenja i Srbija iz reda pred svetinjom, složićemo se da one nisu iste.		Ako se složimo da postoje Srbija iz konferencijskih sala, sa panela, i Srbija iz crkvenih porti, Srbija iz istraživanja javnog mnjenja i Srbija iz reda pred svetinjom, složićemo se da one nisu iste.
pol-761066-056	politika	761066	kolumna	pol-drustvo	pogledi	56	100	https://www.politika.rs/sr/clanak/761066/redovi-pred-svetinjom-i-lov-na-vernike	To je ono što izaziva nervozu i blago čuđenje manjinskih takozvanih elitističkih grupa.		To je ono što izaziva nervozu i blago čuđenje manjinskih takozvanih elitističkih grupa.
pol-761066-057	politika	761066	kolumna	pol-drustvo	pogledi	57	100	https://www.politika.rs/sr/clanak/761066/redovi-pred-svetinjom-i-lov-na-vernike	Nije problem u časnom pojasu Presvete Bogorodice, najvećoj pravoslavnoj i jednoj od najvećih hrišćanskih svetinja, i ljudima koji od Majke svih nas i Onoga traže blagoslov.		Nije problem u časnom pojasu Presvete Bogorodice, najvećoj pravoslavnoj i jednoj od najvećih hrišćanskih svetinja, i ljudima koji od Majke svih nas i Onoga traže blagoslov.
pol-761066-058	politika	761066	kolumna	pol-drustvo	pogledi	58	100	https://www.politika.rs/sr/clanak/761066/redovi-pred-svetinjom-i-lov-na-vernike	Nije problem ni u Crkvi.		Nije problem ni u Crkvi.
pol-761066-059	politika	761066	kolumna	pol-drustvo	pogledi	59	100	https://www.politika.rs/sr/clanak/761066/redovi-pred-svetinjom-i-lov-na-vernike	Problem je to što je neko ponovo video narod kakav jeste: bez prevodioca i bez ideološkog titlovanja!		Problem je to što je neko ponovo video narod kakav jeste: bez prevodioca i bez ideološkog titlovanja!
pol-756787-027	politika	756787	kolumna	pol-drustvo	pogledi	27	63	https://www.politika.rs/sr/clanak/756787/hladna-buducnost-toplih-zabluda	Njihova odanost traje tačno onoliko koliko traje njihova korist.		Njihova odanost traje tačno onoliko koliko traje njihova korist.
pol-756787-028	politika	756787	kolumna	pol-drustvo	pogledi	28	63	https://www.politika.rs/sr/clanak/756787/hladna-buducnost-toplih-zabluda	Vremenom oni oteraju najbolje, ne zato što su najbolji neposlušni, nego zato što njihovo prisustvo podseća da je nekada kriterijum bio stroži, rad ozbiljniji, a motiv manje prljav.		Vremenom oni oteraju najbolje, ne zato što su najbolji neposlušni, nego zato što njihovo prisustvo podseća da je nekada kriterijum bio stroži, rad ozbiljniji, a motiv manje prljav.
pol-756787-029	politika	756787	kolumna	pol-drustvo	pogledi	29	63	https://www.politika.rs/sr/clanak/756787/hladna-buducnost-toplih-zabluda	Tako oko svakog centra ostanu najprijatniji, a ne najkorisniji.		Tako oko svakog centra ostanu najprijatniji, a ne najkorisniji.
pol-756787-030	politika	756787	kolumna	pol-drustvo	pogledi	30	63	https://www.politika.rs/sr/clanak/756787/hladna-buducnost-toplih-zabluda	I tada poredak spolja još izgleda čvrsto, ali iznutra počinje da gubi kvalitet.		I tada poredak spolja još izgleda čvrsto, ali iznutra počinje da gubi kvalitet.
pol-756787-031	politika	756787	kolumna	pol-drustvo	pogledi	31	63	https://www.politika.rs/sr/clanak/756787/hladna-buducnost-toplih-zabluda	U takvom času opozicija pravi drugu veliku grešku.		U takvom času opozicija pravi drugu veliku grešku.
pol-756787-032	politika	756787	kolumna	pol-drustvo	pogledi	32	63	https://www.politika.rs/sr/clanak/756787/hladna-buducnost-toplih-zabluda	Umesto da razume da narod neće rušenje radi rušenja, ona nudi moralnu nadmoć bez državne zrelosti.		Umesto da razume da narod neće rušenje radi rušenja, ona nudi moralnu nadmoć bez državne zrelosti.
pol-756787-033	politika	756787	kolumna	pol-drustvo	pogledi	33	63	https://www.politika.rs/sr/clanak/756787/hladna-buducnost-toplih-zabluda	Nudi presudu, ali ne i poredak.		Nudi presudu, ali ne i poredak.
pol-756787-034	politika	756787	kolumna	pol-drustvo	pogledi	34	63	https://www.politika.rs/sr/clanak/756787/hladna-buducnost-toplih-zabluda	Nudi bes, ali ne i oblik.		Nudi bes, ali ne i oblik.
pol-757014-055	politika	757014	kolumna	svet	pogledi	55	69	https://www.politika.rs/sr/clanak/757014/tramp-ne-odustaje-od-grenlanda	Administracija traži i efektivno pravo veta nad stranim investicijama, pre svega kineskim i ruskim.		Administracija traži i efektivno pravo veta nad stranim investicijama, pre svega kineskim i ruskim.
pol-757014-056	politika	757014	kolumna	svet	pogledi	56	69	https://www.politika.rs/sr/clanak/757014/tramp-ne-odustaje-od-grenlanda	Sve što se dešava oko konferencije, deregulacije korišćenja rudnika i statusa baza, deo je iste veće i logične strategije – smanjenja zavisnosti američkog uvoza strateških sirovina iz Kine.		Sve što se dešava oko konferencije, deregulacije korišćenja rudnika i statusa baza, deo je iste veće i logične strategije – smanjenja zavisnosti američkog uvoza strateških sirovina iz Kine.
pol-757014-057	politika	757014	kolumna	svet	pogledi	57	69	https://www.politika.rs/sr/clanak/757014/tramp-ne-odustaje-od-grenlanda	I, kome „patetični” Tramp ide na noge, s kojim potezima obavljenim pre toga, i usput uvali minimum 200 „boinga”?		I, kome „patetični” Tramp ide na noge, s kojim potezima obavljenim pre toga, i usput uvali minimum 200 „boinga”?
pol-757014-058	politika	757014	kolumna	svet	pogledi	58	69	https://www.politika.rs/sr/clanak/757014/tramp-ne-odustaje-od-grenlanda	Dešavanja na Grenlandu, naravno, nastavićemo da pratimo.		Dešavanja na Grenlandu, naravno, nastavićemo da pratimo.
pol-757014-059	politika	757014	kolumna	svet	pogledi	59	69	https://www.politika.rs/sr/clanak/757014/tramp-ne-odustaje-od-grenlanda	Jedna od važnijih tema jeste ko će raditi u rudnicima i ko će servisirati potrebe novih baza.		Jedna od važnijih tema jeste ko će raditi u rudnicima i ko će servisirati potrebe novih baza.
pol-757014-060	politika	757014	kolumna	svet	pogledi	60	69	https://www.politika.rs/sr/clanak/757014/tramp-ne-odustaje-od-grenlanda	Grenland ima 57.000 stanovnika, od kojih trećina živi u Danskoj.		Grenland ima 57.000 stanovnika, od kojih trećina živi u Danskoj.
pol-757014-061	politika	757014	kolumna	svet	pogledi	61	69	https://www.politika.rs/sr/clanak/757014/tramp-ne-odustaje-od-grenlanda	Radna snaga stari, prirodni priraštaj je loš.		Radna snaga stari, prirodni priraštaj je loš.
pol-757014-062	politika	757014	kolumna	svet	pogledi	62	69	https://www.politika.rs/sr/clanak/757014/tramp-ne-odustaje-od-grenlanda	Već sada dolaze nekvalifikovani radnici iz Azije za poslove u ribarstvu i ugostiteljstvu.		Već sada dolaze nekvalifikovani radnici iz Azije za poslove u ribarstvu i ugostiteljstvu.
pol-761290-019	politika	761290	kolumna	pol-drustvo	pogledi	19	33	https://www.politika.rs/sr/clanak/761290/deca-kao-politicki-aktivisti	Zamislite da ga je neko dohvatio i naučio pameti.		Zamislite da ga je neko dohvatio i naučio pameti.
pol-761290-020	politika	761290	kolumna	pol-drustvo	pogledi	20	33	https://www.politika.rs/sr/clanak/761290/deca-kao-politicki-aktivisti	Sava i Dunav ga ne bi oprali, jer bi ispalo da je istukao dete, a niko neće uzeti u obzir da je to dete prethodno ciljano bilo poslato da vređa ljude, da im psuje sve do desetog kolena i da bukvalno traži sukob.		Sava i Dunav ga ne bi oprali, jer bi ispalo da je istukao dete, a niko neće uzeti u obzir da je to dete prethodno ciljano bilo poslato da vređa ljude, da im psuje sve do desetog kolena i da bukvalno traži sukob.
pol-761290-021	politika	761290	kolumna	pol-drustvo	pogledi	21	33	https://www.politika.rs/sr/clanak/761290/deca-kao-politicki-aktivisti	Dok vi to objasnite, perje je odavno rasuto i ne može da se skupi, jer će se svuda objaviti kako su pristalice vlasti istukle dete.		Dok vi to objasnite, perje je odavno rasuto i ne može da se skupi, jer će se svuda objaviti kako su pristalice vlasti istukle dete.
pol-761290-022	politika	761290	kolumna	pol-drustvo	pogledi	22	33	https://www.politika.rs/sr/clanak/761290/deca-kao-politicki-aktivisti	Uostalom, metode unajmljivanje maloletnika, čak i dece, nisu novost.		Uostalom, metode unajmljivanje maloletnika, čak i dece, nisu novost.
pol-761290-023	politika	761290	kolumna	pol-drustvo	pogledi	23	33	https://www.politika.rs/sr/clanak/761290/deca-kao-politicki-aktivisti	Za teška krivična dela odavno ih unajmljuju razne kriminalne grupe, što smo inače svedoci na beogradskim ulicama već duže vreme.		Za teška krivična dela odavno ih unajmljuju razne kriminalne grupe, što smo inače svedoci na beogradskim ulicama već duže vreme.
pol-761290-024	politika	761290	kolumna	pol-drustvo	pogledi	24	33	https://www.politika.rs/sr/clanak/761290/deca-kao-politicki-aktivisti	Dete do 14. godine je krivično neodgovorno, pa shodno tome posledice su gotovo nikakve kada učini krivično delo.		Dete do 14. godine je krivično neodgovorno, pa shodno tome posledice su gotovo nikakve kada učini krivično delo.
pol-761290-025	politika	761290	kolumna	pol-drustvo	pogledi	25	33	https://www.politika.rs/sr/clanak/761290/deca-kao-politicki-aktivisti	To su negde provalili i lažni studenti, te je i to negde razlog zašto im je isplativije da unajmljuju decu za njihove političke aktivnosti.		To su negde provalili i lažni studenti, te je i to negde razlog zašto im je isplativije da unajmljuju decu za njihove političke aktivnosti.
pol-761290-026	politika	761290	kolumna	pol-drustvo	pogledi	26	33	https://www.politika.rs/sr/clanak/761290/deca-kao-politicki-aktivisti	Deluje nam svima kao da je to nadrealno, ali moramo biti svesni da se to događa i da je to nešto što je postalo normalno.		Deluje nam svima kao da je to nadrealno, ali moramo biti svesni da se to događa i da je to nešto što je postalo normalno.
pol-767254-012	politika	767254	kolumna	pol-drustvo	pogledi	12	50	https://www.politika.rs/sr/clanak/767254/ujedinjenje-ili-podela	Osim prema ostvarenju osnovnih funkcija, uspešnost nekog skupa moguće je meriti i poređenjem sa sličnim skupovima održanim u prošlosti, kao i poređenjem sa skupovima političkih konkurenata.		Osim prema ostvarenju osnovnih funkcija, uspešnost nekog skupa moguće je meriti i poređenjem sa sličnim skupovima održanim u prošlosti, kao i poređenjem sa skupovima političkih konkurenata.
pol-767254-013	politika	767254	kolumna	pol-drustvo	pogledi	13	50	https://www.politika.rs/sr/clanak/767254/ujedinjenje-ili-podela	Jedini politički konkurent koji u ovom trenutku ima snagu da organizuje politički miting je takozvana Studentska lista.		Jedini politički konkurent koji u ovom trenutku ima snagu da organizuje politički miting je takozvana Studentska lista.
pol-767254-014	politika	767254	kolumna	pol-drustvo	pogledi	14	50	https://www.politika.rs/sr/clanak/767254/ujedinjenje-ili-podela	Centralni skup koji je ona organizovala 23. maja na Slaviji bio je, međutim, takav da je čak i TV N1, koja je događaj direktno prenosila, u više navrata isključivala kamere, a pažnju publike održavala razgovorom s gostom u studiju.		Centralni skup koji je ona organizovala 23. maja na Slaviji bio je, međutim, takav da je čak i TV N1, koja je događaj direktno prenosila, u više navrata isključivala kamere, a pažnju publike održavala razgovorom s gostom u studiju.
pol-767254-015	politika	767254	kolumna	pol-drustvo	pogledi	15	50	https://www.politika.rs/sr/clanak/767254/ujedinjenje-ili-podela	Još važnije je poređenje sa sličnim skupom koji je pod nazivom „Ne damo Srbiju” organizovan 11. aprila prošle godine.		Još važnije je poređenje sa sličnim skupom koji je pod nazivom „Ne damo Srbiju” organizovan 11. aprila prošle godine.
pol-767254-016	politika	767254	kolumna	pol-drustvo	pogledi	16	50	https://www.politika.rs/sr/clanak/767254/ujedinjenje-ili-podela	Svako ko se seća tog skupa lako će ustanoviti ogromnu razliku koja svedoči o svojevrsnom preporodu vladajuće stranke.		Svako ko se seća tog skupa lako će ustanoviti ogromnu razliku koja svedoči o svojevrsnom preporodu vladajuće stranke.
pol-767254-017	politika	767254	kolumna	pol-drustvo	pogledi	17	50	https://www.politika.rs/sr/clanak/767254/ujedinjenje-ili-podela	Nije reč samo o brojnosti okupljenih, već, pre svega, o energiji, samouverenosti i poletu, koji se, za razliku od prošlog proleća, sada mogao osetiti.		Nije reč samo o brojnosti okupljenih, već, pre svega, o energiji, samouverenosti i poletu, koji se, za razliku od prošlog proleća, sada mogao osetiti.
pol-767254-018	politika	767254	kolumna	pol-drustvo	pogledi	18	50	https://www.politika.rs/sr/clanak/767254/ujedinjenje-ili-podela	Ovakvi veliki politički skupovi obično se održavaju povodom početka i/li završetka izbornih kampanja, ali i kao odgovor na političke krize.		Ovakvi veliki politički skupovi obično se održavaju povodom početka i/li završetka izbornih kampanja, ali i kao odgovor na političke krize.
pol-767254-019	politika	767254	kolumna	pol-drustvo	pogledi	19	50	https://www.politika.rs/sr/clanak/767254/ujedinjenje-ili-podela	S obzirom na to da je najavio povlačenje sa funkcije predsednika Republike, ovaj miting se može tumačiti i kao početak izborne kampanje.		S obzirom na to da je najavio povlačenje sa funkcije predsednika Republike, ovaj miting se može tumačiti i kao početak izborne kampanje.
pol-765327-014	politika	765327	kolumna	pol-drustvo	pogledi	14	40	https://www.politika.rs/sr/clanak/765327/in-te-gra-ci-ja-isto-rij-skih-iz-be-gli-ca-u-sr-bi-ji	Međutim, zatvaranje kolektivnih centara ne označava da je svaka izbeglička suza dobila svoj krov.		Međutim, zatvaranje kolektivnih centara ne označava da je svaka izbeglička suza dobila svoj krov.
pol-765327-015	politika	765327	kolumna	pol-drustvo	pogledi	15	40	https://www.politika.rs/sr/clanak/765327/in-te-gra-ci-ja-isto-rij-skih-iz-be-gli-ca-u-sr-bi-ji	Zvanična statistika kaže da u ovom statusu lebdi još 24.000 ljudi, uglavnom iz Hrvatske, ali iza tog broja krije se oko 7.000 porodica koje tri decenije plaćaju kiriju za tuđe kvadrate.		Zvanična statistika kaže da u ovom statusu lebdi još 24.000 ljudi, uglavnom iz Hrvatske, ali iza tog broja krije se oko 7.000 porodica koje tri decenije plaćaju kiriju za tuđe kvadrate.
pol-765327-016	politika	765327	kolumna	pol-drustvo	pogledi	16	40	https://www.politika.rs/sr/clanak/765327/in-te-gra-ci-ja-isto-rij-skih-iz-be-gli-ca-u-sr-bi-ji	Regionalni stambeni program (RSP) jeste uradio lavovski deo posla, deleći cigle, ključeve od stanova i kupujući napuštena seoska domaćinstva.		Regionalni stambeni program (RSP) jeste uradio lavovski deo posla, deleći cigle, ključeve od stanova i kupujući napuštena seoska domaćinstva.
pol-765327-017	politika	765327	kolumna	pol-drustvo	pogledi	17	40	https://www.politika.rs/sr/clanak/765327/in-te-gra-ci-ja-isto-rij-skih-iz-be-gli-ca-u-sr-bi-ji	Onima najstarijima obezbeđeni su zaštićeni stanovi ili starački domovi.		Onima najstarijima obezbeđeni su zaštićeni stanovi ili starački domovi.
pol-765327-018	politika	765327	kolumna	pol-drustvo	pogledi	18	40	https://www.politika.rs/sr/clanak/765327/in-te-gra-ci-ja-isto-rij-skih-iz-be-gli-ca-u-sr-bi-ji	Ali stambeni konkursi i dalje traju.		Ali stambeni konkursi i dalje traju.
pol-765327-019	politika	765327	kolumna	pol-drustvo	pogledi	19	40	https://www.politika.rs/sr/clanak/765327/in-te-gra-ci-ja-isto-rij-skih-iz-be-gli-ca-u-sr-bi-ji	To su trke sa vremenom u kojima mnogi, nažalost, neće dočekati da overe sopstvenu tapiju.		To su trke sa vremenom u kojima mnogi, nažalost, neće dočekati da overe sopstvenu tapiju.
pol-765327-020	politika	765327	kolumna	pol-drustvo	pogledi	20	40	https://www.politika.rs/sr/clanak/765327/in-te-gra-ci-ja-isto-rij-skih-iz-be-gli-ca-u-sr-bi-ji	Srbija je sprovela masovnu integraciju podelivši oko 400.000 državljanstava, što je na papiru bio potez za svaku pohvalu.		Srbija je sprovela masovnu integraciju podelivši oko 400.000 državljanstava, što je na papiru bio potez za svaku pohvalu.
pol-765327-021	politika	765327	kolumna	pol-drustvo	pogledi	21	40	https://www.politika.rs/sr/clanak/765327/in-te-gra-ci-ja-isto-rij-skih-iz-be-gli-ca-u-sr-bi-ji	Ali baš tu dolazimo do apsurda koji samo birokratija može da izrežira.		Ali baš tu dolazimo do apsurda koji samo birokratija može da izrežira.
pol-766974-026	politika	766974	kolumna	pol-drustvo	pogledi	26	46	https://www.politika.rs/sr/clanak/766974/afe-ra-tompson-ko-je-ubica-pod-uzdoljskim-hrastom	Čovek sa fotografije u novinama neverovatno je ličio na onog vojnika pod hrastom.		Čovek sa fotografije u novinama neverovatno je ličio na onog vojnika pod hrastom.
pol-766974-027	politika	766974	kolumna	pol-drustvo	pogledi	27	46	https://www.politika.rs/sr/clanak/766974/afe-ra-tompson-ko-je-ubica-pod-uzdoljskim-hrastom	Podsetimo, „Zagrepčanin” (koji je zapravo pričao na lokalnoj ikavici) eksplicitno joj je rekao da je to rođeni brat poznatog pevača Marka Perkovića Tompsona koji peva ustaške pesme.		Podsetimo, „Zagrepčanin” (koji je zapravo pričao na lokalnoj ikavici) eksplicitno joj je rekao da je to rođeni brat poznatog pevača Marka Perkovića Tompsona koji peva ustaške pesme.
pol-766974-028	politika	766974	kolumna	pol-drustvo	pogledi	28	46	https://www.politika.rs/sr/clanak/766974/afe-ra-tompson-ko-je-ubica-pod-uzdoljskim-hrastom	To je isti onaj vojnik koji je, po svedočenju Bose Šare, hladnokrvno („da mu se ne ohladi jagnjetina”) ubio sedam nevinih meštana Uzdolja.		To je isti onaj vojnik koji je, po svedočenju Bose Šare, hladnokrvno („da mu se ne ohladi jagnjetina”) ubio sedam nevinih meštana Uzdolja.
pol-766974-029	politika	766974	kolumna	pol-drustvo	pogledi	29	46	https://www.politika.rs/sr/clanak/766974/afe-ra-tompson-ko-je-ubica-pod-uzdoljskim-hrastom	Kada sam joj predočio da Tompsonov brat Dražen ima alibi u istrazi, Mira mi je mirno i odsečno rekla: „Jedan od njih dvojice bio je pod hrastom u Uzdolju i pobio moje rođake i komšije.”		Kada sam joj predočio da Tompsonov brat Dražen ima alibi u istrazi, Mira mi je mirno i odsečno rekla: „Jedan od njih dvojice bio je pod hrastom u Uzdolju i pobio moje rođake i komšije.”
pol-766974-030	politika	766974	kolumna	pol-drustvo	pogledi	30	46	https://www.politika.rs/sr/clanak/766974/afe-ra-tompson-ko-je-ubica-pod-uzdoljskim-hrastom	Iako Ustavni sud u odluci tvrdi da je to bila majka osumnjičenog Ivice Ujakovića (koji je dokazao da je u inkriminisano vreme bio na slovenačkoj granici), lokalna svest nepogrešivo prepoznaje ko je i zašto pod uzdoljskim hrastom prao nečistu savest.		Iako Ustavni sud u odluci tvrdi da je to bila majka osumnjičenog Ivice Ujakovića (koji je dokazao da je u inkriminisano vreme bio na slovenačkoj granici), lokalna svest nepogrešivo prepoznaje ko je i zašto pod uzdoljskim hrastom prao nečistu savest.
pol-766974-031	politika	766974	kolumna	pol-drustvo	pogledi	31	46	https://www.politika.rs/sr/clanak/766974/afe-ra-tompson-ko-je-ubica-pod-uzdoljskim-hrastom	Postoji još jedan krunski dokaz koji splitsko tužilaštvo svesno ignoriše.		Postoji još jedan krunski dokaz koji splitsko tužilaštvo svesno ignoriše.
pol-766974-032	politika	766974	kolumna	pol-drustvo	pogledi	32	46	https://www.politika.rs/sr/clanak/766974/afe-ra-tompson-ko-je-ubica-pod-uzdoljskim-hrastom	Miru Berić je iz sela u kamp UN u crnom kombiju prevezao „časnik” (oficir) 7. gardijske brigade „Pume”, koji se predstavio kao Srećko.		Miru Berić je iz sela u kamp UN u crnom kombiju prevezao „časnik” (oficir) 7. gardijske brigade „Pume”, koji se predstavio kao Srećko.
pol-766974-033	politika	766974	kolumna	pol-drustvo	pogledi	33	46	https://www.politika.rs/sr/clanak/766974/afe-ra-tompson-ko-je-ubica-pod-uzdoljskim-hrastom	On je bio svedok koji se na njenu molbu vratio na stratište i s njom ugledao strašan prizor – tela pobijenih staraca i poluživog Krstana Šare, kako se iz gomile leševa pridiže na kolena.		On je bio svedok koji se na njenu molbu vratio na stratište i s njom ugledao strašan prizor – tela pobijenih staraca i poluživog Krstana Šare, kako se iz gomile leševa pridiže na kolena.
pol-763223-045	politika	763223	kolumna	svet	pogledi	45	56	https://www.politika.rs/sr/clanak/763223/kina-najveca-laboratorija-za-modernizaciju-ikada-stvorena	Prema poznatom Australijskom institutu za stratešku politiku (ASPI), potpuni je pomak u globalnoj tehnološkoj snazi.		Prema poznatom Australijskom institutu za stratešku politiku (ASPI), potpuni je pomak u globalnoj tehnološkoj snazi.
pol-763223-046	politika	763223	kolumna	svet	pogledi	46	56	https://www.politika.rs/sr/clanak/763223/kina-najveca-laboratorija-za-modernizaciju-ikada-stvorena	Prema studiji ASPI, NR Kina je sa pozicije beznačajnog učesnika izrasla u bezuslovnog lidera u visokouticajnom istraživanju u velikoj većini kritičnih tehnologija.		Prema studiji ASPI, NR Kina je sa pozicije beznačajnog učesnika izrasla u bezuslovnog lidera u visokouticajnom istraživanju u velikoj većini kritičnih tehnologija.
pol-763223-047	politika	763223	kolumna	svet	pogledi	47	56	https://www.politika.rs/sr/clanak/763223/kina-najveca-laboratorija-za-modernizaciju-ikada-stvorena	Kina vodi u 66 od 74 ključne tehnologije, SAD u osam (na primer, kvantno računarstvo, geoinženjering).		Kina vodi u 66 od 74 ključne tehnologije, SAD u osam (na primer, kvantno računarstvo, geoinženjering).
pol-763223-048	politika	763223	kolumna	svet	pogledi	48	56	https://www.politika.rs/sr/clanak/763223/kina-najveca-laboratorija-za-modernizaciju-ikada-stvorena	Kina čini oko 90 odsto vodećih svetskih naučnih istraživanja.		Kina čini oko 90 odsto vodećih svetskih naučnih istraživanja.
pol-763223-049	politika	763223	kolumna	svet	pogledi	49	56	https://www.politika.rs/sr/clanak/763223/kina-najveca-laboratorija-za-modernizaciju-ikada-stvorena	Prema ASPI analizi jednog procenta najcitiranijih naučnih radova u periodu 2020–2024, zbio se istorijski pomak i sada Kina predvodi proizvodnju više od 90 odsto tehnologija.		Prema ASPI analizi jednog procenta najcitiranijih naučnih radova u periodu 2020–2024, zbio se istorijski pomak i sada Kina predvodi proizvodnju više od 90 odsto tehnologija.
pol-763223-050	politika	763223	kolumna	svet	pogledi	50	56	https://www.politika.rs/sr/clanak/763223/kina-najveca-laboratorija-za-modernizaciju-ikada-stvorena	Prema analitičarima, uprkos metodološkim ograničenjima, razmere i stope promena smatraju se istorijski značajnim.		Prema analitičarima, uprkos metodološkim ograničenjima, razmere i stope promena smatraju se istorijski značajnim.
pol-763223-051	politika	763223	kolumna	svet	pogledi	51	56	https://www.politika.rs/sr/clanak/763223/kina-najveca-laboratorija-za-modernizaciju-ikada-stvorena	Napredak Kine je rezultat ciljane dugoročne strategije za napredak u novim tehnologijama, a ne izazov postojećim uporištima.		Napredak Kine je rezultat ciljane dugoročne strategije za napredak u novim tehnologijama, a ne izazov postojećim uporištima.
pol-763223-052	politika	763223	kolumna	svet	pogledi	52	56	https://www.politika.rs/sr/clanak/763223/kina-najveca-laboratorija-za-modernizaciju-ikada-stvorena	Izveštaj ASPI kaže da je prednost NR Kine toliko značajna da čak i veliki napori SAD, poput prestiža u trci u svemiru, mogu potrajati oko 20 godina.		Izveštaj ASPI kaže da je prednost NR Kine toliko značajna da čak i veliki napori SAD, poput prestiža u trci u svemiru, mogu potrajati oko 20 godina.
pol-762474-026	politika	762474	kolumna	ekonomija	pogledi	26	44	https://www.politika.rs/sr/clanak/762474/akcije-vestacke-inteligencije-lete-u-svemir	Akcije „Spejs eksa” prodavaće se po ceni od 135 dolara.		Akcije „Spejs eksa” prodavaće se po ceni od 135 dolara.
pol-762474-027	politika	762474	kolumna	ekonomija	pogledi	27	44	https://www.politika.rs/sr/clanak/762474/akcije-vestacke-inteligencije-lete-u-svemir	Procenjena vrednost kompanije iznosi 1,77 triliona dolara – što je, po svim merilima, najveći IPO u istoriji sveta, više nego sedamdesetostruko veći od „Alibabe”, koji je 2014. prikupio 25 milijardi dolara i tada srušio rekord.		Procenjena vrednost kompanije iznosi 1,77 triliona dolara – što je, po svim merilima, najveći IPO u istoriji sveta, više nego sedamdesetostruko veći od „Alibabe”, koji je 2014. prikupio 25 milijardi dolara i tada srušio rekord.
pol-762474-028	politika	762474	kolumna	ekonomija	pogledi	28	44	https://www.politika.rs/sr/clanak/762474/akcije-vestacke-inteligencije-lete-u-svemir	„Antropik” se procenjuje na skoro trilion dolara, a „Open AI” na više od 850 milijardi.		„Antropik” se procenjuje na skoro trilion dolara, a „Open AI” na više od 850 milijardi.
pol-762474-029	politika	762474	kolumna	ekonomija	pogledi	29	44	https://www.politika.rs/sr/clanak/762474/akcije-vestacke-inteligencije-lete-u-svemir	Dario Amodei, vlasnik „Antropika”, nedavno je izjavio: „Neslaganje sa vladom najameričkija je stvar na svetu.		Dario Amodei, vlasnik „Antropika”, nedavno je izjavio: „Neslaganje sa vladom najameričkija je stvar na svetu.
pol-762474-030	politika	762474	kolumna	ekonomija	pogledi	30	44	https://www.politika.rs/sr/clanak/762474/akcije-vestacke-inteligencije-lete-u-svemir	Sve što smo uradili, uradili smo za dobrobit ove zemlje.” Ilon Mask otišao je, nipošto bez osnova, još i dalje: „Možda je najveća opasnost od VI i robotike u tome što vlade mogu da ih koriste da suzbijaju slobode stanovništva.	Y	„Sve što smo uradili, uradili smo za dobrobit ove zemlje.” Ilon Mask otišao je, nipošto bez osnova, još i dalje: „Možda je najveća opasnost od VI i robotike u tome što vlade mogu da ih koriste da suzbijaju slobode stanovništva.“
pol-762474-031	politika	762474	kolumna	ekonomija	pogledi	31	44	https://www.politika.rs/sr/clanak/762474/akcije-vestacke-inteligencije-lete-u-svemir	Vlada je samo najveća korporacija s monopolom na nasilje.”	Y	„Vlada je samo najveća korporacija s monopolom na nasilje.”
pol-762474-032	politika	762474	kolumna	ekonomija	pogledi	32	44	https://www.politika.rs/sr/clanak/762474/akcije-vestacke-inteligencije-lete-u-svemir	Američko društvo odranije se suočava s izazovom velike ekonomske nejednakosti, čuvenim jazom između 99 odsto i preostalih jedan odsto koji raspolažu silnim bogatstvima.		Američko društvo odranije se suočava s izazovom velike ekonomske nejednakosti, čuvenim jazom između 99 odsto i preostalih jedan odsto koji raspolažu silnim bogatstvima.
pol-762474-033	politika	762474	kolumna	ekonomija	pogledi	33	44	https://www.politika.rs/sr/clanak/762474/akcije-vestacke-inteligencije-lete-u-svemir	Do toga je došlo i zbog loše i korumpirane distribucije javnih sredstava, ali i zbog enormnih zarada u šou-biznisu i pre svega informacionim tehnologijama.		Do toga je došlo i zbog loše i korumpirane distribucije javnih sredstava, ali i zbog enormnih zarada u šou-biznisu i pre svega informacionim tehnologijama.
pol-770279-017	politika	770279	kolumna	kultura	pogledi	17	54	https://www.politika.rs/sr/clanak/770279/osam-decenija-od-smrti-dzona-mejnarda-kejnsa	Ali kako su ekonomisti postali više zabrinuti zbog ekonomskog rasta i bolje informisani o inflaciji i nezaposlenosti, kejnsijanski model je izgubio na značaju.		Ali kako su ekonomisti postali više zabrinuti zbog ekonomskog rasta i bolje informisani o inflaciji i nezaposlenosti, kejnsijanski model je izgubio na značaju.
pol-770279-018	politika	770279	kolumna	kultura	pogledi	18	54	https://www.politika.rs/sr/clanak/770279/osam-decenija-od-smrti-dzona-mejnarda-kejnsa	Kako je pisao njegov najznačajniji biograf Robert Skidelski, Kejnsov prvobitni napad na zlatni standard bio je usmeren na oskudicu metala i na sklonost zemalja sa viškom, poput Amerike, da ga gomilaju.		Kako je pisao njegov najznačajniji biograf Robert Skidelski, Kejnsov prvobitni napad na zlatni standard bio je usmeren na oskudicu metala i na sklonost zemalja sa viškom, poput Amerike, da ga gomilaju.
pol-770279-019	politika	770279	kolumna	kultura	pogledi	19	54	https://www.politika.rs/sr/clanak/770279/osam-decenija-od-smrti-dzona-mejnarda-kejnsa	Svrha njegovih uzastopnih planova za globalnu monetarnu reformu, uključujući Međunarodnu klirinšku uniju, bila je da natera SAD da se oslobode svojih zlatnih rezervi i da obnove uravnoteženu trgovinu.		Svrha njegovih uzastopnih planova za globalnu monetarnu reformu, uključujući Međunarodnu klirinšku uniju, bila je da natera SAD da se oslobode svojih zlatnih rezervi i da obnove uravnoteženu trgovinu.
pol-770279-020	politika	770279	kolumna	kultura	pogledi	20	54	https://www.politika.rs/sr/clanak/770279/osam-decenija-od-smrti-dzona-mejnarda-kejnsa	Američko odbacivanje ovog pristupa rezultiralo je Bretonvudskim sistemom usmerenim na dolar, uspostavljenim 1944, gde je samo američki dolar bio konvertibilan u zlato.		Američko odbacivanje ovog pristupa rezultiralo je Bretonvudskim sistemom usmerenim na dolar, uspostavljenim 1944, gde je samo američki dolar bio konvertibilan u zlato.
pol-770279-021	politika	770279	kolumna	kultura	pogledi	21	54	https://www.politika.rs/sr/clanak/770279/osam-decenija-od-smrti-dzona-mejnarda-kejnsa	Kejns je težio manje remetilačkom putu ka trgovinskoj ravnoteži.		Kejns je težio manje remetilačkom putu ka trgovinskoj ravnoteži.
pol-770279-022	politika	770279	kolumna	kultura	pogledi	22	54	https://www.politika.rs/sr/clanak/770279/osam-decenija-od-smrti-dzona-mejnarda-kejnsa	Najvažniji korak bi bio zamena rezervne funkcije dolara novom međunarodnom rezervnom valutom, koju je nazvao „bankor”.		Najvažniji korak bi bio zamena rezervne funkcije dolara novom međunarodnom rezervnom valutom, koju je nazvao „bankor”.
pol-770279-023	politika	770279	kolumna	kultura	pogledi	23	54	https://www.politika.rs/sr/clanak/770279/osam-decenija-od-smrti-dzona-mejnarda-kejnsa	Zašto kritičari Kejnsa smatraju da je pogrešno protumačio fundamentalne ekonomske principe?		Zašto kritičari Kejnsa smatraju da je pogrešno protumačio fundamentalne ekonomske principe?
pol-770279-024	politika	770279	kolumna	kultura	pogledi	24	54	https://www.politika.rs/sr/clanak/770279/osam-decenija-od-smrti-dzona-mejnarda-kejnsa	Na primer, Emon Batler, britanski klasični liberalni ekonomista, piše da je Kejns verovatno naneo više ekonomske štete nego bilo ko pre ili posle njega.		Na primer, Emon Batler, britanski klasični liberalni ekonomista, piše da je Kejns verovatno naneo više ekonomske štete nego bilo ko pre ili posle njega.
pol-763002-025	politika	763002	kolumna	sport	pogledi	25	61	https://www.politika.rs/sr/clanak/763002/sasa-ilic-srce-na-klupu	Kada je počinjao da igra, s klincima se ozbiljno radilo, pedagoški, a treneri su gledali đačke knjižice.		Kada je počinjao da igra, s klincima se ozbiljno radilo, pedagoški, a treneri su gledali đačke knjižice.
pol-763002-026	politika	763002	kolumna	sport	pogledi	26	61	https://www.politika.rs/sr/clanak/763002/sasa-ilic-srce-na-klupu	Ko nije imao dobre ocene nije smeo da priđe terenu.		Ko nije imao dobre ocene nije smeo da priđe terenu.
pol-763002-027	politika	763002	kolumna	sport	pogledi	27	61	https://www.politika.rs/sr/clanak/763002/sasa-ilic-srce-na-klupu	Tadašnjeg trenera čika Miše Radakovića Sale se plašio više od roditelja.		Tadašnjeg trenera čika Miše Radakovića Sale se plašio više od roditelja.
pol-763002-028	politika	763002	kolumna	sport	pogledi	28	61	https://www.politika.rs/sr/clanak/763002/sasa-ilic-srce-na-klupu	Imao je devet godina kada je ćale hteo da ga proba, da vidi da li je za fudbal.		Imao je devet godina kada je ćale hteo da ga proba, da vidi da li je za fudbal.
pol-763002-029	politika	763002	kolumna	sport	pogledi	29	61	https://www.politika.rs/sr/clanak/763002/sasa-ilic-srce-na-klupu	Nije to bilo kao danas, kad majke i očevi prate decu po treninzima i utakmicama, vuku za rukav trenere, trgujući svojom decom.		Nije to bilo kao danas, kad majke i očevi prate decu po treninzima i utakmicama, vuku za rukav trenere, trgujući svojom decom.
pol-763002-030	politika	763002	kolumna	sport	pogledi	30	61	https://www.politika.rs/sr/clanak/763002/sasa-ilic-srce-na-klupu	Otac ga je jednom ili dvaput odveo na trening, a onda mu je rekao: „Znaš koji autobus ide do stadiona i teraj.”		Otac ga je jednom ili dvaput odveo na trening, a onda mu je rekao: „Znaš koji autobus ide do stadiona i teraj.”
pol-763002-031	politika	763002	kolumna	sport	pogledi	31	61	https://www.politika.rs/sr/clanak/763002/sasa-ilic-srce-na-klupu	Posle dve godine u klubu su mu rekli da donese krštenicu i dve slike.		Posle dve godine u klubu su mu rekli da donese krštenicu i dve slike.
pol-763002-032	politika	763002	kolumna	sport	pogledi	32	61	https://www.politika.rs/sr/clanak/763002/sasa-ilic-srce-na-klupu	To je ono, kad te registruju kao igrača.		To je ono, kad te registruju kao igrača.
pol-770077-010	politika	770077	kolumna	pol-drustvo	pogledi	10	78	https://www.politika.rs/sr/clanak/770077/vucic-na-trampovoj-mrezi	Nosače aviona ionako već ima, ali plove presporo za njegov temperament.		Nosače aviona ionako već ima, ali plove presporo za njegov temperament.
pol-770077-011	politika	770077	kolumna	pol-drustvo	pogledi	11	78	https://www.politika.rs/sr/clanak/770077/vucic-na-trampovoj-mrezi	Zato je u najmanju ruku zanimljivo što je već drugi put podelio intervjue Aleksandra Vučića.		Zato je u najmanju ruku zanimljivo što je već drugi put podelio intervjue Aleksandra Vučića.
pol-770077-012	politika	770077	kolumna	pol-drustvo	pogledi	12	78	https://www.politika.rs/sr/clanak/770077/vucic-na-trampovoj-mrezi	Ko poznaje Trampa, zna da kod njega ništa nije slučajno.		Ko poznaje Trampa, zna da kod njega ništa nije slučajno.
pol-770077-013	politika	770077	kolumna	pol-drustvo	pogledi	13	78	https://www.politika.rs/sr/clanak/770077/vucic-na-trampovoj-mrezi	Njegova politika podseća na poker u kojem protivnicima najpre pokaže osmeh, zatim kartu, a tek na kraju objasni pravila igre.		Njegova politika podseća na poker u kojem protivnicima najpre pokaže osmeh, zatim kartu, a tek na kraju objasni pravila igre.
pol-770077-014	politika	770077	kolumna	pol-drustvo	pogledi	14	78	https://www.politika.rs/sr/clanak/770077/vucic-na-trampovoj-mrezi	Pre samo nekoliko dana svet je mogao da vidi i drugu stranu Trampove digitalne komunikacije.		Pre samo nekoliko dana svet je mogao da vidi i drugu stranu Trampove digitalne komunikacije.
pol-770077-015	politika	770077	kolumna	pol-drustvo	pogledi	15	78	https://www.politika.rs/sr/clanak/770077/vucic-na-trampovoj-mrezi	Na istoj mreži Tramp je odlučio da javno ismeje italijansku premijerku Đorđu Meloni.		Na istoj mreži Tramp je odlučio da javno ismeje italijansku premijerku Đorđu Meloni.
pol-770077-016	politika	770077	kolumna	pol-drustvo	pogledi	16	78	https://www.politika.rs/sr/clanak/770077/vucic-na-trampovoj-mrezi	Posle višenedeljnog prepucavanja objavio je fotografiju uz poruku koja se svodi na podsmešljivu opasku da bi Melonijevoj trebalo uvesti zabranu prilaska.		Posle višenedeljnog prepucavanja objavio je fotografiju uz poruku koja se svodi na podsmešljivu opasku da bi Melonijevoj trebalo uvesti zabranu prilaska.
pol-770077-017	politika	770077	kolumna	pol-drustvo	pogledi	17	78	https://www.politika.rs/sr/clanak/770077/vucic-na-trampovoj-mrezi	Pre toga je u jednom televizijskom intervjuu tvrdio je da ga je na samitu G7 premijerka Italije molila za zajedničku fotografiju, što je ona odlučno demantovala, ocenjujući njegove tvrdnje izmišljenim.		Pre toga je u jednom televizijskom intervjuu tvrdio je da ga je na samitu G7 premijerka Italije molila za zajedničku fotografiju, što je ona odlučno demantovala, ocenjujući njegove tvrdnje izmišljenim.
pol-768048-002	politika	768048	kolumna	pol-drustvo	pogledi	2	49	https://www.politika.rs/sr/clanak/768048/sta-ce-biti-ishod-zamesateljstva-oko-visokog-predstavnika-u-bih	Dotični je Amerikanac, iz čega bi se dalo zaključiti da je Tramp pobedio, iako je do juče bio ultimativno za Italijana Landija.		Dotični je Amerikanac, iz čega bi se dalo zaključiti da je Tramp pobedio, iako je do juče bio ultimativno za Italijana Landija.
pol-768048-003	politika	768048	kolumna	pol-drustvo	pogledi	3	49	https://www.politika.rs/sr/clanak/768048/sta-ce-biti-ishod-zamesateljstva-oko-visokog-predstavnika-u-bih	Bi, ali kad se ne bi znalo da je Krišoka još 2024. predložila Bajdenova administracija i da ga je Šmit prihvatio između više kandidata ponuđenih iz SAD.		Bi, ali kad se ne bi znalo da je Krišoka još 2024. predložila Bajdenova administracija i da ga je Šmit prihvatio između više kandidata ponuđenih iz SAD.
pol-768048-004	politika	768048	kolumna	pol-drustvo	pogledi	4	49	https://www.politika.rs/sr/clanak/768048/sta-ce-biti-ishod-zamesateljstva-oko-visokog-predstavnika-u-bih	No, zašto ne bismo optimistički pretpostavili da će ovaj karijerni diplomata kao profesionalac slediti instrukcije Stejt departmenta, ma ko tamo sedeo.		No, zašto ne bismo optimistički pretpostavili da će ovaj karijerni diplomata kao profesionalac slediti instrukcije Stejt departmenta, ma ko tamo sedeo.
pol-768048-005	politika	768048	kolumna	pol-drustvo	pogledi	5	49	https://www.politika.rs/sr/clanak/768048/sta-ce-biti-ishod-zamesateljstva-oko-visokog-predstavnika-u-bih	Konkretno, za Srpsku je tamo zadužen Landau, zamenik državnog sekretara SAD, koji je, zajedno sa Cvijanovićevom, posredovao u dilu Tramp-Dodik, („ostavka za skidanje sankcija”).		Konkretno, za Srpsku je tamo zadužen Landau, zamenik državnog sekretara SAD, koji je, zajedno sa Cvijanovićevom, posredovao u dilu Tramp-Dodik, („ostavka za skidanje sankcija”).
pol-768048-006	politika	768048	kolumna	pol-drustvo	pogledi	6	49	https://www.politika.rs/sr/clanak/768048/sta-ce-biti-ishod-zamesateljstva-oko-visokog-predstavnika-u-bih	Da, ali zašto ga je onda druga strana prihvatila?		Da, ali zašto ga je onda druga strana prihvatila?
pol-768048-007	politika	768048	kolumna	pol-drustvo	pogledi	7	49	https://www.politika.rs/sr/clanak/768048/sta-ce-biti-ishod-zamesateljstva-oko-visokog-predstavnika-u-bih	Da ne zaboravimo ono glavno.		Da ne zaboravimo ono glavno.
pol-768048-008	politika	768048	kolumna	pol-drustvo	pogledi	8	49	https://www.politika.rs/sr/clanak/768048/sta-ce-biti-ishod-zamesateljstva-oko-visokog-predstavnika-u-bih	Krišok je izabran samo na 15 dana ili na kraće, i to u statusu vršioca dužnosti, što znači da treba da održava zatečeno stanje i reaguje samo ako neko grubo ugrozi mir i stabilnost.		Krišok je izabran samo na 15 dana ili na kraće, i to u statusu vršioca dužnosti, što znači da treba da održava zatečeno stanje i reaguje samo ako neko grubo ugrozi mir i stabilnost.
pol-768048-009	politika	768048	kolumna	pol-drustvo	pogledi	9	49	https://www.politika.rs/sr/clanak/768048/sta-ce-biti-ishod-zamesateljstva-oko-visokog-predstavnika-u-bih	Elem, u novom v. d. statusu je marginalna i brzoprolazna pojava, ukoliko ga 15. jula ne izaberu na duže.		Elem, u novom v. d. statusu je marginalna i brzoprolazna pojava, ukoliko ga 15. jula ne izaberu na duže.
pol-764415-046	politika	764415	kolumna	pol-drustvo	pogledi	46	59	https://www.politika.rs/sr/clanak/764415/trampova-administracija-obraca-paznju-na-balkan	To što će svojoj zemlji možda za rođendan kupiti ostrvo na kojem je baza „Dijego Garsija”, kako je natuknuo pre neki dan, samo je potvrda da veliki mozgovi slično misle.		To što će svojoj zemlji možda za rođendan kupiti ostrvo na kojem je baza „Dijego Garsija”, kako je natuknuo pre neki dan, samo je potvrda da veliki mozgovi slično misle.
pol-764415-047	politika	764415	kolumna	pol-drustvo	pogledi	47	59	https://www.politika.rs/sr/clanak/764415/trampova-administracija-obraca-paznju-na-balkan	O tome vam je plavuša ovde ekskluzivno pisala još pre par meseci.		O tome vam je plavuša ovde ekskluzivno pisala još pre par meseci.
pol-764415-048	politika	764415	kolumna	pol-drustvo	pogledi	48	59	https://www.politika.rs/sr/clanak/764415/trampova-administracija-obraca-paznju-na-balkan	Ilon Mask je zaslužio da mu dotična ustupi deo prostora u kolumni za zdravicu Americi, jer je nedavno lepo objasnio njenu narav – ni ona ne bi bolje.		Ilon Mask je zaslužio da mu dotična ustupi deo prostora u kolumni za zdravicu Americi, jer je nedavno lepo objasnio njenu narav – ni ona ne bi bolje.
pol-764415-049	politika	764415	kolumna	pol-drustvo	pogledi	49	59	https://www.politika.rs/sr/clanak/764415/trampova-administracija-obraca-paznju-na-balkan	„Posle Drugog svetskog rata SAD su praktično mogle da preuzmu ceo svet – bilo koju zemlju.		„Posle Drugog svetskog rata SAD su praktično mogle da preuzmu ceo svet – bilo koju zemlju.
pol-764415-050	politika	764415	kolumna	pol-drustvo	pogledi	50	59	https://www.politika.rs/sr/clanak/764415/trampova-administracija-obraca-paznju-na-balkan	Imali smo nuklearno oružje, niko drugi ga nije imao.	Y	„Imali smo nuklearno oružje, niko drugi ga nije imao.“
pol-764415-051	politika	764415	kolumna	pol-drustvo	pogledi	51	59	https://www.politika.rs/sr/clanak/764415/trampova-administracija-obraca-paznju-na-balkan	Nismo morali ni vojnike da gubimo.	Y	„Nismo morali ni vojnike da gubimo.“
pol-764415-052	politika	764415	kolumna	pol-drustvo	pogledi	52	59	https://www.politika.rs/sr/clanak/764415/trampova-administracija-obraca-paznju-na-balkan	Sjedinjene Države su mogle sve da preuzmu, kad god požele – i nisu.	Y	„Sjedinjene Države su mogle sve da preuzmu, kad god požele – i nisu.“
pol-764415-053	politika	764415	kolumna	pol-drustvo	pogledi	53	59	https://www.politika.rs/sr/clanak/764415/trampova-administracija-obraca-paznju-na-balkan	Štaviše, pomogle su da se zemlje obnove.	Y	„Štaviše, pomogle su da se zemlje obnove.“
pol-775648-053	politika	775648	kolumna	svet	pogledi	53	94	https://www.politika.rs/sr/clanak/775648/novi-svet-ilona-marksa	Ilone Markse, samo svrati u neku srpsku porodicu kad se pomene ostavinska rasprava, odnosno podela viška kapitala.		Ilone Markse, samo svrati u neku srpsku porodicu kad se pomene ostavinska rasprava, odnosno podela viška kapitala.
pol-775648-054	politika	775648	kolumna	svet	pogledi	54	94	https://www.politika.rs/sr/clanak/775648/novi-svet-ilona-marksa	Povući ćeš svu inteligenciju na rezervni položaj, a sva digitalna pamet će da se preda i samoisključi.		Povući ćeš svu inteligenciju na rezervni položaj, a sva digitalna pamet će da se preda i samoisključi.
pol-775648-055	politika	775648	kolumna	svet	pogledi	55	94	https://www.politika.rs/sr/clanak/775648/novi-svet-ilona-marksa	Slično je i u Holivudu i na Kamčatki.		Slično je i u Holivudu i na Kamčatki.
pol-775648-056	politika	775648	kolumna	svet	pogledi	56	94	https://www.politika.rs/sr/clanak/775648/novi-svet-ilona-marksa	Tako je i sa superinteligencijom, onom veštačkom i sa ljudskom, onom neprskanom.		Tako je i sa superinteligencijom, onom veštačkom i sa ljudskom, onom neprskanom.
pol-775648-057	politika	775648	kolumna	svet	pogledi	57	94	https://www.politika.rs/sr/clanak/775648/novi-svet-ilona-marksa	Na početku nikada ne lažu.		Na početku nikada ne lažu.
pol-775648-058	politika	775648	kolumna	svet	pogledi	58	94	https://www.politika.rs/sr/clanak/775648/novi-svet-ilona-marksa	Samo prećute sitna slova iz ugovora.		Samo prećute sitna slova iz ugovora.
pol-775648-059	politika	775648	kolumna	svet	pogledi	59	94	https://www.politika.rs/sr/clanak/775648/novi-svet-ilona-marksa	Kad se setim kako sam kupio kuhinju koja je više ličila na komandni most Ilonovog svemirskog broda nego na mesto gde se kuva kafa.		Kad se setim kako sam kupio kuhinju koja je više ličila na komandni most Ilonovog svemirskog broda nego na mesto gde se kuva kafa.
pol-775648-060	politika	775648	kolumna	svet	pogledi	60	94	https://www.politika.rs/sr/clanak/775648/novi-svet-ilona-marksa	Sve radi na dodir, na senzor, na aplikaciju.		Sve radi na dodir, na senzor, na aplikaciju.
pol-773254-004	politika	773254	kolumna	svet	pogledi	4	42	https://www.politika.rs/sr/clanak/773254/vestacka-inteligencija-siri-antiistoriju-i-zlo	Brzopleti Bernar-Anri Levi u odgovoru na esej, potpuno promašujući poentu, tvrdi da postistinski svet nije ništa novo, da je rođen u antičkoj Atini, a ne u Silicijumskoj dolini, i da su branioci istine u svakoj epohi bili u iskušenju da se predaju, pa ipak nisu izgubili.		Brzopleti Bernar-Anri Levi u odgovoru na esej, potpuno promašujući poentu, tvrdi da postistinski svet nije ništa novo, da je rođen u antičkoj Atini, a ne u Silicijumskoj dolini, i da su branioci istine u svakoj epohi bili u iskušenju da se predaju, pa ipak nisu izgubili.
pol-773254-005	politika	773254	kolumna	svet	pogledi	5	42	https://www.politika.rs/sr/clanak/773254/vestacka-inteligencija-siri-antiistoriju-i-zlo	Levi nije shvatio da autori eseja pišu o tome ko, kako i zašto danas dominantno formira taj svet, upravo potencirajući ključnu razliku sadašnjeg trenutka u istoriji u odnosu na skoro sve ranije periode.		Levi nije shvatio da autori eseja pišu o tome ko, kako i zašto danas dominantno formira taj svet, upravo potencirajući ključnu razliku sadašnjeg trenutka u istoriji u odnosu na skoro sve ranije periode.
pol-773254-006	politika	773254	kolumna	svet	pogledi	6	42	https://www.politika.rs/sr/clanak/773254/vestacka-inteligencija-siri-antiistoriju-i-zlo	Razmere mogućnosti algoritama i veštačke inteligencije da zagađuju javni prostor i troluju ljudsku pažnju i naša nemoć da prostor očistimo a pažnju usmerimo na činjenice jeste zastrašujuća novina.		Razmere mogućnosti algoritama i veštačke inteligencije da zagađuju javni prostor i troluju ljudsku pažnju i naša nemoć da prostor očistimo a pažnju usmerimo na činjenice jeste zastrašujuća novina.
pol-773254-007	politika	773254	kolumna	svet	pogledi	7	42	https://www.politika.rs/sr/clanak/773254/vestacka-inteligencija-siri-antiistoriju-i-zlo	Algoritmi su trenirani da maksimizuju angažovanje na društvenim mrežama i drugim platformama: vreme gledanja, lajkove, komentare i deljenja.		Algoritmi su trenirani da maksimizuju angažovanje na društvenim mrežama i drugim platformama: vreme gledanja, lajkove, komentare i deljenja.
pol-773254-008	politika	773254	kolumna	svet	pogledi	8	42	https://www.politika.rs/sr/clanak/773254/vestacka-inteligencija-siri-antiistoriju-i-zlo	Platformama koje prodaju oglasni prostor potrebne su „zvezde”, makar to, nažalost, bio i vrlo uticajni antisemita Amerikanac Nik Fuentes, čiji se slučaj u eseju posebno obrađuje, jer takve ličnosti podstiču ljude da satima raspravljaju ispod objavljenih materijala.		Platformama koje prodaju oglasni prostor potrebne su „zvezde”, makar to, nažalost, bio i vrlo uticajni antisemita Amerikanac Nik Fuentes, čiji se slučaj u eseju posebno obrađuje, jer takve ličnosti podstiču ljude da satima raspravljaju ispod objavljenih materijala.
pol-773254-009	politika	773254	kolumna	svet	pogledi	9	42	https://www.politika.rs/sr/clanak/773254/vestacka-inteligencija-siri-antiistoriju-i-zlo	Otud paradoks koji autori ističu: Fuentes je zabranjen na većini platformi, ali kompanijama ne smeta da ubiraju prihod od video-isečaka s njim, pa i od isečaka ljudi koji reaguju na te isečke, često u više slojeva.		Otud paradoks koji autori ističu: Fuentes je zabranjen na većini platformi, ali kompanijama ne smeta da ubiraju prihod od video-isečaka s njim, pa i od isečaka ljudi koji reaguju na te isečke, često u više slojeva.
pol-773254-010	politika	773254	kolumna	svet	pogledi	10	42	https://www.politika.rs/sr/clanak/773254/vestacka-inteligencija-siri-antiistoriju-i-zlo	Ključna promena paradigme u odnosu na rani „fejsbuk fid” mehanizam jeste još veća preciznost.		Ključna promena paradigme u odnosu na rani „fejsbuk fid” mehanizam jeste još veća preciznost.
pol-773254-011	politika	773254	kolumna	svet	pogledi	11	42	https://www.politika.rs/sr/clanak/773254/vestacka-inteligencija-siri-antiistoriju-i-zlo	Veštačka inteligencija „snimke za izazivanje besa” danas sistematski izvlači iz zaborava i gura ih baš onima koji će najverovatnije reagovati, i to brzinom i u razmerama nezamislivim pre deset godina.		Veštačka inteligencija „snimke za izazivanje besa” danas sistematski izvlači iz zaborava i gura ih baš onima koji će najverovatnije reagovati, i to brzinom i u razmerama nezamislivim pre deset godina.
pol-770728-017	politika	770728	kolumna	pol-drustvo	pogledi	17	57	https://www.politika.rs/sr/clanak/770728/gospodine-mandicu-niko-vam-ne-duguje-aplauz	Ustav je, dakle, mogao biti otvoren kada su to zahtevali evropski rokovi, a za amandmane koji se odnose na pravosuđe, imunitet članova Vlade i nezavisnost Centralne banke pronađeni su politička volja, kompromis sa delom opozicije i dvotrećinska većina.		Ustav je, dakle, mogao biti otvoren kada su to zahtevali evropski rokovi, a za amandmane koji se odnose na pravosuđe, imunitet članova Vlade i nezavisnost Centralne banke pronađeni su politička volja, kompromis sa delom opozicije i dvotrećinska većina.
pol-770728-018	politika	770728	kolumna	pol-drustvo	pogledi	18	57	https://www.politika.rs/sr/clanak/770728/gospodine-mandicu-niko-vam-ne-duguje-aplauz	Međutim, kada je postavljeno pitanje srpskog jezika, sva ta hitnost je nestala, a umesto odlučnosti ponovo su ponuđeni strpljenje, procedura, osetljivost političkog trenutka i obećanje da tema nije zaboravljena.		Međutim, kada je postavljeno pitanje srpskog jezika, sva ta hitnost je nestala, a umesto odlučnosti ponovo su ponuđeni strpljenje, procedura, osetljivost političkog trenutka i obećanje da tema nije zaboravljena.
pol-770728-019	politika	770728	kolumna	pol-drustvo	pogledi	19	57	https://www.politika.rs/sr/clanak/770728/gospodine-mandicu-niko-vam-ne-duguje-aplauz	Poslanici vaše stranke podržali su paket ustavnih promena iz kojeg je srpski jezik izostavljen, pa je logično da budete upitani zašto to otvaranje nije iskorišćeno za rešavanje pitanja koje se decenijama nalazi u središtu srpske političke borbe u Crnoj Gori.		Poslanici vaše stranke podržali su paket ustavnih promena iz kojeg je srpski jezik izostavljen, pa je logično da budete upitani zašto to otvaranje nije iskorišćeno za rešavanje pitanja koje se decenijama nalazi u središtu srpske političke borbe u Crnoj Gori.
pol-770728-020	politika	770728	kolumna	pol-drustvo	pogledi	20	57	https://www.politika.rs/sr/clanak/770728/gospodine-mandicu-niko-vam-ne-duguje-aplauz	Ne sporim značaj pravosudnih reformi, niti pravo Crne Gore da teži članstvu u Evropskoj uniji, ali se ne može sakriti činjenica da ste evropski rok prihvatili kao istorijski imperativ, dok ste zahtev sopstvenog naroda ponovo sveli na temu za neku buduću priliku.		Ne sporim značaj pravosudnih reformi, niti pravo Crne Gore da teži članstvu u Evropskoj uniji, ali se ne može sakriti činjenica da ste evropski rok prihvatili kao istorijski imperativ, dok ste zahtev sopstvenog naroda ponovo sveli na temu za neku buduću priliku.
pol-770728-021	politika	770728	kolumna	pol-drustvo	pogledi	21	57	https://www.politika.rs/sr/clanak/770728/gospodine-mandicu-niko-vam-ne-duguje-aplauz	Za Brisel su pronađeni rok, energija, dogovor i parlamentarna većina, dok je za jezik kojim govori najveći broj građana pronađeno novo obrazloženje zbog čega sada nije trenutak.		Za Brisel su pronađeni rok, energija, dogovor i parlamentarna većina, dok je za jezik kojim govori najveći broj građana pronađeno novo obrazloženje zbog čega sada nije trenutak.
pol-770728-022	politika	770728	kolumna	pol-drustvo	pogledi	22	57	https://www.politika.rs/sr/clanak/770728/gospodine-mandicu-niko-vam-ne-duguje-aplauz	To nije nesporazum niti tehničko pitanje, već svestan izbor prioriteta, a političar koji takav izbor napravi mora da podnese kritiku bez pokušaja da kritičare proglasi učesnicima neprijateljske kampanje.		To nije nesporazum niti tehničko pitanje, već svestan izbor prioriteta, a političar koji takav izbor napravi mora da podnese kritiku bez pokušaja da kritičare proglasi učesnicima neprijateljske kampanje.
pol-770728-023	politika	770728	kolumna	pol-drustvo	pogledi	23	57	https://www.politika.rs/sr/clanak/770728/gospodine-mandicu-niko-vam-ne-duguje-aplauz	Srpski narod veoma dobro vidi da ste za tuđe rokove pronašli političku energiju, dok ste za njegove zahteve ponudili još jedno odlaganje.		Srpski narod veoma dobro vidi da ste za tuđe rokove pronašli političku energiju, dok ste za njegove zahteve ponudili još jedno odlaganje.
pol-770728-024	politika	770728	kolumna	pol-drustvo	pogledi	24	57	https://www.politika.rs/sr/clanak/770728/gospodine-mandicu-niko-vam-ne-duguje-aplauz	Razlika u tonu kojim ste govorili o Srbiji i Hrvatskoj dodatno je ogolila prirodu vašeg novog političkog nastupa.		Razlika u tonu kojim ste govorili o Srbiji i Hrvatskoj dodatno je ogolila prirodu vašeg novog političkog nastupa.
pol-771171-031	politika	771171	kolumna	pol-drustvo	pogledi	31	53	https://www.politika.rs/sr/clanak/771171/ta-amerika	Na nama je da u toj činjenici prepoznamo mogućnost, da ponudimo pouzdanost i da tražimo poštovanje.		Na nama je da u toj činjenici prepoznamo mogućnost, da ponudimo pouzdanost i da tražimo poštovanje.
pol-771171-032	politika	771171	kolumna	pol-drustvo	pogledi	32	53	https://www.politika.rs/sr/clanak/771171/ta-amerika	U diplomatiji se poštovanje ne dobija povišenim tonom, već doslednošću, znanjem i sposobnošću da partner vidi da pred sobom ima državu koja zna šta hoće.		U diplomatiji se poštovanje ne dobija povišenim tonom, već doslednošću, znanjem i sposobnošću da partner vidi da pred sobom ima državu koja zna šta hoće.
pol-771171-033	politika	771171	kolumna	pol-drustvo	pogledi	33	53	https://www.politika.rs/sr/clanak/771171/ta-amerika	U tome posebno mesto imaju ljudi koji umeju da približe jedan svet drugom.		U tome posebno mesto imaju ljudi koji umeju da približe jedan svet drugom.
pol-771171-034	politika	771171	kolumna	pol-drustvo	pogledi	34	53	https://www.politika.rs/sr/clanak/771171/ta-amerika	Pupin je upravo zato veći od spomenika koji mu podižemo.		Pupin je upravo zato veći od spomenika koji mu podižemo.
pol-771171-035	politika	771171	kolumna	pol-drustvo	pogledi	35	53	https://www.politika.rs/sr/clanak/771171/ta-amerika	On je razumeo da između dve zemlje ne postoji samo prostor između vlada, već i prostor između univerziteta, naučnika, privrednika, umetnika, studenata i dijaspore.		On je razumeo da između dve zemlje ne postoji samo prostor između vlada, već i prostor između univerziteta, naučnika, privrednika, umetnika, studenata i dijaspore.
pol-771171-036	politika	771171	kolumna	pol-drustvo	pogledi	36	53	https://www.politika.rs/sr/clanak/771171/ta-amerika	Takvi mostovi traju duže od političkih mandata.		Takvi mostovi traju duže od političkih mandata.
pol-771171-037	politika	771171	kolumna	pol-drustvo	pogledi	37	53	https://www.politika.rs/sr/clanak/771171/ta-amerika	Oni stvaraju onu vrstu poverenja koja se ne ruši pri prvom nesporazumu.		Oni stvaraju onu vrstu poverenja koja se ne ruši pri prvom nesporazumu.
pol-771171-038	politika	771171	kolumna	pol-drustvo	pogledi	38	53	https://www.politika.rs/sr/clanak/771171/ta-amerika	Zrela Srbija mora da zna da kaže gde se ne slaže, a zatim da još odlučnije gradi sve ono u čemu se interesi podudaraju.		Zrela Srbija mora da zna da kaže gde se ne slaže, a zatim da još odlučnije gradi sve ono u čemu se interesi podudaraju.
pol-771394-011	politika	771394	kolumna	pol-drustvo	pogledi	11	59	https://www.politika.rs/sr/clanak/771394/strateski-s-amerikancima	Šepurio se kao paun, ali ima zašto.		Šepurio se kao paun, ali ima zašto.
pol-771394-012	politika	771394	kolumna	pol-drustvo	pogledi	12	59	https://www.politika.rs/sr/clanak/771394/strateski-s-amerikancima	Eksploatacija helijuma-3 i drugih kritičnih sirovina s Meseca sve je bliža.		Eksploatacija helijuma-3 i drugih kritičnih sirovina s Meseca sve je bliža.
pol-771394-013	politika	771394	kolumna	pol-drustvo	pogledi	13	59	https://www.politika.rs/sr/clanak/771394/strateski-s-amerikancima	Pogoni „Tesle” ubrzano razvijaju materijale otporne na izuzetne temperature kojima su rakete koje će tovar dopremati s Meseca izložene pri povratku na Zemlju.		Pogoni „Tesle” ubrzano razvijaju materijale otporne na izuzetne temperature kojima su rakete koje će tovar dopremati s Meseca izložene pri povratku na Zemlju.
pol-771394-014	politika	771394	kolumna	pol-drustvo	pogledi	14	59	https://www.politika.rs/sr/clanak/771394/strateski-s-amerikancima	Plavuša je načula da joj ministar Đurić iz Amerike donosi još jedan poklon povodom pedesete kolumne – potpisani sporazum s Nasom o učešću u programu „Artemis”, koji se tiče upravo ovih izazova.		Plavuša je načula da joj ministar Đurić iz Amerike donosi još jedan poklon povodom pedesete kolumne – potpisani sporazum s Nasom o učešću u programu „Artemis”, koji se tiče upravo ovih izazova.
pol-771394-015	politika	771394	kolumna	pol-drustvo	pogledi	15	59	https://www.politika.rs/sr/clanak/771394/strateski-s-amerikancima	U sporazumu učestvuju i privatne američke kompanije koje se bave izgradnjom infrastrukture za boravak na Mesecu, satelitima u orbiti, prenosom ogromnih težina kroz svemir, a ko zna, možda i eksploatacijom na Marsu.		U sporazumu učestvuju i privatne američke kompanije koje se bave izgradnjom infrastrukture za boravak na Mesecu, satelitima u orbiti, prenosom ogromnih težina kroz svemir, a ko zna, možda i eksploatacijom na Marsu.
pol-771394-016	politika	771394	kolumna	pol-drustvo	pogledi	16	59	https://www.politika.rs/sr/clanak/771394/strateski-s-amerikancima	Lansiranje raketa, posebno višekratnih, trenutno je jedan od najvećih biznisa na svetu – pitajte ona dva siromaha Maska i Bezosa.		Lansiranje raketa, posebno višekratnih, trenutno je jedan od najvećih biznisa na svetu – pitajte ona dva siromaha Maska i Bezosa.
pol-771394-017	politika	771394	kolumna	pol-drustvo	pogledi	17	59	https://www.politika.rs/sr/clanak/771394/strateski-s-amerikancima	Ili Kinu, koja ih u povratku na Zemlju hvata spektakularnim platformama na vodi.		Ili Kinu, koja ih u povratku na Zemlju hvata spektakularnim platformama na vodi.
pol-771394-018	politika	771394	kolumna	pol-drustvo	pogledi	18	59	https://www.politika.rs/sr/clanak/771394/strateski-s-amerikancima	Novi sateliti koji se uključuju u Mask – „Tesla” – „Starlink” svemirski internet sistem sve su lakši, troše manje energije, a dizajnirani su i proizvedeni u SAD.		Novi sateliti koji se uključuju u Mask – „Tesla” – „Starlink” svemirski internet sistem sve su lakši, troše manje energije, a dizajnirani su i proizvedeni u SAD.
pol-772423-032	politika	772423	kolumna	pol-drustvo	pogledi	32	49	https://www.politika.rs/sr/clanak/772423/kafanska-pravda-i-frustracije-hrvatskog-modela	Insajderske informacije iz šibenskih pravosudnih krugova, od ljudi koji odlično poznaju prilike i privatni život Zvonka Ivića, otkrivaju detalje koji objašnjavaju mnogo toga.		Insajderske informacije iz šibenskih pravosudnih krugova, od ljudi koji odlično poznaju prilike i privatni život Zvonka Ivića, otkrivaju detalje koji objašnjavaju mnogo toga.
pol-772423-033	politika	772423	kolumna	pol-drustvo	pogledi	33	49	https://www.politika.rs/sr/clanak/772423/kafanska-pravda-i-frustracije-hrvatskog-modela	Naime, Ivićeva supruga je Srpkinja i rođaka njegovog „klijenta” Zorana Korde.		Naime, Ivićeva supruga je Srpkinja i rođaka njegovog „klijenta” Zorana Korde.
pol-772423-034	politika	772423	kolumna	pol-drustvo	pogledi	34	49	https://www.politika.rs/sr/clanak/772423/kafanska-pravda-i-frustracije-hrvatskog-modela	Prema svedočenjima onih koji ih poznaju, reč je o ženi koja je u svakom pogledu – i intelektualno i fizički – apsolutno dominantna figura u njihovom braku.		Prema svedočenjima onih koji ih poznaju, reč je o ženi koja je u svakom pogledu – i intelektualno i fizički – apsolutno dominantna figura u njihovom braku.
pol-772423-035	politika	772423	kolumna	pol-drustvo	pogledi	35	49	https://www.politika.rs/sr/clanak/772423/kafanska-pravda-i-frustracije-hrvatskog-modela	Ivić se u sopstvenoj kući nalazi u stanju hronične inferiornosti i podređenosti.		Ivić se u sopstvenoj kući nalazi u stanju hronične inferiornosti i podređenosti.
pol-772423-036	politika	772423	kolumna	pol-drustvo	pogledi	36	49	https://www.politika.rs/sr/clanak/772423/kafanska-pravda-i-frustracije-hrvatskog-modela	U svetlu moderne psihologije i analize devijacija moći, ovo saznanje predstavlja ključnu kariku.		U svetlu moderne psihologije i analize devijacija moći, ovo saznanje predstavlja ključnu kariku.
pol-772423-037	politika	772423	kolumna	pol-drustvo	pogledi	37	49	https://www.politika.rs/sr/clanak/772423/kafanska-pravda-i-frustracije-hrvatskog-modela	Čovek koji kod kuće nema autoritet, niti moć pred sopstvenom suprugom druge nacionalnosti, profesionalni teren koristi kao arenu za kompenzaciju svojih ličnih frustracija.		Čovek koji kod kuće nema autoritet, niti moć pred sopstvenom suprugom druge nacionalnosti, profesionalni teren koristi kao arenu za kompenzaciju svojih ličnih frustracija.
pol-772423-038	politika	772423	kolumna	pol-drustvo	pogledi	38	49	https://www.politika.rs/sr/clanak/772423/kafanska-pravda-i-frustracije-hrvatskog-modela	Funkcija državnog tužioca daje mu aparat institucionalnog nasilja.		Funkcija državnog tužioca daje mu aparat institucionalnog nasilja.
pol-772423-039	politika	772423	kolumna	pol-drustvo	pogledi	39	49	https://www.politika.rs/sr/clanak/772423/kafanska-pravda-i-frustracije-hrvatskog-modela	Optužujući, progoneći i montirajući procese protiv Srba i ženinog rođaka, čije imanje je često i posećivao i prilikom svake posete bio bogato počašćen, Ivić zapravo vodi svoj privatni rat u kojem se posredno sveti sopstvenoj ženi, pokušavajući da na tuđoj nesreći izleči sopstveni kompleks inferiornosti.		Optužujući, progoneći i montirajući procese protiv Srba i ženinog rođaka, čije imanje je često i posećivao i prilikom svake posete bio bogato počašćen, Ivić zapravo vodi svoj privatni rat u kojem se posredno sveti sopstvenoj ženi, pokušavajući da na tuđoj nesreći izleči sopstveni kompleks inferiornosti.
pol-774327-016	politika	774327	kolumna	hronika	pogledi	16	52	https://www.politika.rs/sr/clanak/774327/svedoci-velebitskih-magli-gde-su-kosti-boze-latinovica	Vojna komisija je odmah izvršila inventuru u magacinima kojima je Ilija upravljao.		Vojna komisija je odmah izvršila inventuru u magacinima kojima je Ilija upravljao.
pol-774327-017	politika	774327	kolumna	hronika	pogledi	17	52	https://www.politika.rs/sr/clanak/774327/svedoci-velebitskih-magli-gde-su-kosti-boze-latinovica	Pedantnost vojnika ostala je netaknuta: sve je bilo na svom mestu, ni jedan jedini metak nije falio.		Pedantnost vojnika ostala je netaknuta: sve je bilo na svom mestu, ni jedan jedini metak nije falio.
pol-774327-018	politika	774327	kolumna	hronika	pogledi	18	52	https://www.politika.rs/sr/clanak/774327/svedoci-velebitskih-magli-gde-su-kosti-boze-latinovica	Ubrzo se saznalo da je Ilija Vincetić obukao uniformu ZNG-a, odmotavajući klupko porodične istorije u suprotnom smeru.		Ubrzo se saznalo da je Ilija Vincetić obukao uniformu ZNG-a, odmotavajući klupko porodične istorije u suprotnom smeru.
pol-774327-019	politika	774327	kolumna	hronika	pogledi	19	52	https://www.politika.rs/sr/clanak/774327/svedoci-velebitskih-magli-gde-su-kosti-boze-latinovica	Ipak, da stvari nikada nisu crno-bele, pokazuje sledeći događaj: jedan oficir JNA, rodom upravo iz Pirota, zarobljen je od strane hrvatskih snaga na velebitskom repetitoru Ćelavac.		Ipak, da stvari nikada nisu crno-bele, pokazuje sledeći događaj: jedan oficir JNA, rodom upravo iz Pirota, zarobljen je od strane hrvatskih snaga na velebitskom repetitoru Ćelavac.
pol-774327-020	politika	774327	kolumna	hronika	pogledi	20	52	https://www.politika.rs/sr/clanak/774327/svedoci-velebitskih-magli-gde-su-kosti-boze-latinovica	Iz sigurne smrti izvukao ga je upravo Ilija – čovek koji ga je i zarobio, omogućivši mu da se živ vrati svojima.		Iz sigurne smrti izvukao ga je upravo Ilija – čovek koji ga je i zarobio, omogućivši mu da se živ vrati svojima.
pol-774327-021	politika	774327	kolumna	hronika	pogledi	21	52	https://www.politika.rs/sr/clanak/774327/svedoci-velebitskih-magli-gde-su-kosti-boze-latinovica	Taj oficir i danas živi u Pirotu, svedočeći o poklonjenom životu.		Taj oficir i danas živi u Pirotu, svedočeći o poklonjenom životu.
pol-774327-022	politika	774327	kolumna	hronika	pogledi	22	52	https://www.politika.rs/sr/clanak/774327/svedoci-velebitskih-magli-gde-su-kosti-boze-latinovica	Rat je, ipak, nemilosrdno uzeo danak i porodici.		Rat je, ipak, nemilosrdno uzeo danak i porodici.
pol-774327-023	politika	774327	kolumna	hronika	pogledi	23	52	https://www.politika.rs/sr/clanak/774327/svedoci-velebitskih-magli-gde-su-kosti-boze-latinovica	Ilija nikada nije stigao do prve supruge u Nemačku.		Ilija nikada nije stigao do prve supruge u Nemačku.
pol-773572-003	politika	773572	kolumna	pol-drustvo	pogledi	3	44	https://www.politika.rs/sr/clanak/773572/kako-je-moguca-bosna-posle-srebrenice	Međutim, bošnjački narod je listom i dalje nepokolebljivo uveren da se genocid dogodio.		Međutim, bošnjački narod je listom i dalje nepokolebljivo uveren da se genocid dogodio.
pol-773572-004	politika	773572	kolumna	pol-drustvo	pogledi	4	44	https://www.politika.rs/sr/clanak/773572/kako-je-moguca-bosna-posle-srebrenice	Uostalom, već Badinterova komisija potvrdila je validnost referenduma protiv volje jednog od tri konstitutivna naroda i priznala rezultat iako je bio ispod propisane dve trećine izašlih.		Uostalom, već Badinterova komisija potvrdila je validnost referenduma protiv volje jednog od tri konstitutivna naroda i priznala rezultat iako je bio ispod propisane dve trećine izašlih.
pol-773572-005	politika	773572	kolumna	pol-drustvo	pogledi	5	44	https://www.politika.rs/sr/clanak/773572/kako-je-moguca-bosna-posle-srebrenice	Za vreme antisrpske histerije, koju su iz svojih razloga potpalili i raspirili zapadni mediji, muslimanski lobisti i osokoljeni srpski neprijatelji iz dva svetska rata, izvršena je i revizija istorije.		Za vreme antisrpske histerije, koju su iz svojih razloga potpalili i raspirili zapadni mediji, muslimanski lobisti i osokoljeni srpski neprijatelji iz dva svetska rata, izvršena je i revizija istorije.
pol-773572-006	politika	773572	kolumna	pol-drustvo	pogledi	6	44	https://www.politika.rs/sr/clanak/773572/kako-je-moguca-bosna-posle-srebrenice	Haški tribunal je izrekao tri presude doživotne robije zbog odgovornosti za genocid (Krstić, Karadžić, Mladić).		Haški tribunal je izrekao tri presude doživotne robije zbog odgovornosti za genocid (Krstić, Karadžić, Mladić).
pol-773572-007	politika	773572	kolumna	pol-drustvo	pogledi	7	44	https://www.politika.rs/sr/clanak/773572/kako-je-moguca-bosna-posle-srebrenice	U finišu, kad je antisrpsko raspoloženje počelo da jenjava, kolektivni Zapad je jedva uspeo da progura i rezoluciju o genocidu u Generalnoj skupštini UN.		U finišu, kad je antisrpsko raspoloženje počelo da jenjava, kolektivni Zapad je jedva uspeo da progura i rezoluciju o genocidu u Generalnoj skupštini UN.
pol-773572-008	politika	773572	kolumna	pol-drustvo	pogledi	8	44	https://www.politika.rs/sr/clanak/773572/kako-je-moguca-bosna-posle-srebrenice	Bošnjaci su uprkos svemu bili revoltirani blagim presudama Haškog tribunala i manjinskom podrškom rezoluciji o Srebrenici u GS UN, a još od v. p. Incka dobili su zakon po kojem mogu krivično da gone svakog ko negira, relativizuje ili samo preispituje ovaj „genocid”.		Bošnjaci su uprkos svemu bili revoltirani blagim presudama Haškog tribunala i manjinskom podrškom rezoluciji o Srebrenici u GS UN, a još od v. p. Incka dobili su zakon po kojem mogu krivično da gone svakog ko negira, relativizuje ili samo preispituje ovaj „genocid”.
pol-773572-009	politika	773572	kolumna	pol-drustvo	pogledi	9	44	https://www.politika.rs/sr/clanak/773572/kako-je-moguca-bosna-posle-srebrenice	Masovni zločin nisu ni oprostili ni zaboravili, pa sada više neće ni Srbi njima neporedivo masovnije.		Masovni zločin nisu ni oprostili ni zaboravili, pa sada više neće ni Srbi njima neporedivo masovnije.
pol-773572-010	politika	773572	kolumna	pol-drustvo	pogledi	10	44	https://www.politika.rs/sr/clanak/773572/kako-je-moguca-bosna-posle-srebrenice	Prisećaju se i obeležavaju brojna srpska stratišta u Krajini, u Podrinju, u Istočnoj Hercegovini po dva tri-puta mesečno, a Memorijalni centar RS širi na Menhetnu istinu o srpskim žrtvama.		Prisećaju se i obeležavaju brojna srpska stratišta u Krajini, u Podrinju, u Istočnoj Hercegovini po dva tri-puta mesečno, a Memorijalni centar RS širi na Menhetnu istinu o srpskim žrtvama.
pol-777373-010	politika	777373	kolumna	pol-drustvo	pogledi	10	81	https://www.politika.rs/sr/clanak/777373/jedinstvo-koje-ih-boli	Neću odustati ni onda kada je teško, ni onda kada je pritisak veliki, ni onda kada se od pojedinih delova Republike Srpske, zaslepljenih mržnjom ili uskogrudim interesima, pokušava napraviti prepreka narodnom interesu.		Neću odustati ni onda kada je teško, ni onda kada je pritisak veliki, ni onda kada se od pojedinih delova Republike Srpske, zaslepljenih mržnjom ili uskogrudim interesima, pokušava napraviti prepreka narodnom interesu.
pol-777373-011	politika	777373	kolumna	pol-drustvo	pogledi	11	81	https://www.politika.rs/sr/clanak/777373/jedinstvo-koje-ih-boli	Bilo je i biće trenutaka kada će se neki, u odlučujućim časovima, lakše svrstati uz one koji udaraju na Srpsku nego uz potrebu da se sačuva nacionalno jedinstvo.		Bilo je i biće trenutaka kada će se neki, u odlučujućim časovima, lakše svrstati uz one koji udaraju na Srpsku nego uz potrebu da se sačuva nacionalno jedinstvo.
pol-777373-012	politika	777373	kolumna	pol-drustvo	pogledi	12	81	https://www.politika.rs/sr/clanak/777373/jedinstvo-koje-ih-boli	Ali moja obaveza nije da služim njihovim slabostima, nego interesu naroda i trajnosti Republike Srpske.		Ali moja obaveza nije da služim njihovim slabostima, nego interesu naroda i trajnosti Republike Srpske.
pol-777373-013	politika	777373	kolumna	pol-drustvo	pogledi	13	81	https://www.politika.rs/sr/clanak/777373/jedinstvo-koje-ih-boli	Nadam se da će i drugi akteri uvideti ovo o čemu govorim.		Nadam se da će i drugi akteri uvideti ovo o čemu govorim.
pol-777373-014	politika	777373	kolumna	pol-drustvo	pogledi	14	81	https://www.politika.rs/sr/clanak/777373/jedinstvo-koje-ih-boli	Koliko je to jedinstvo važno, najbolje se vidi upravo iz reakcija političkog Sarajeva.		Koliko je to jedinstvo važno, najbolje se vidi upravo iz reakcija političkog Sarajeva.
pol-777373-015	politika	777373	kolumna	pol-drustvo	pogledi	15	81	https://www.politika.rs/sr/clanak/777373/jedinstvo-koje-ih-boli	Nisu umeli da pokažu dostojanstvo.		Nisu umeli da pokažu dostojanstvo.
pol-777373-016	politika	777373	kolumna	pol-drustvo	pogledi	16	81	https://www.politika.rs/sr/clanak/777373/jedinstvo-koje-ih-boli	Nisu umeli da pokažu mir.		Nisu umeli da pokažu mir.
pol-777373-017	politika	777373	kolumna	pol-drustvo	pogledi	17	81	https://www.politika.rs/sr/clanak/777373/jedinstvo-koje-ih-boli	Nisu umeli čak ni minimum političke pristojnosti.		Nisu umeli čak ni minimum političke pristojnosti.
pol-773024-007	politika	773024	kolumna	pol-drustvo	pogledi	7	44	https://www.politika.rs/sr/clanak/773024/kako-sam-zaboravio-da-plivam	Proplivao sam na Moravi, koja je šezdesetih godina prošlog veka bila toliko čista da su šljunkoviti sprudovi bili prepuni raznobojnih školjki.		Proplivao sam na Moravi, koja je šezdesetih godina prošlog veka bila toliko čista da su šljunkoviti sprudovi bili prepuni raznobojnih školjki.
pol-773024-008	politika	773024	kolumna	pol-drustvo	pogledi	8	44	https://www.politika.rs/sr/clanak/773024/kako-sam-zaboravio-da-plivam	Uvek kad bi majka i baba išle na Moravu da kisele konoplju vodile bi i mene, strogo vodeći računa da me drže na oku dok se brčkam u plićaku.		Uvek kad bi majka i baba išle na Moravu da kisele konoplju vodile bi i mene, strogo vodeći računa da me drže na oku dok se brčkam u plićaku.
pol-773024-009	politika	773024	kolumna	pol-drustvo	pogledi	9	44	https://www.politika.rs/sr/clanak/773024/kako-sam-zaboravio-da-plivam	Sve dok se jednom prilikom nisam otrgao i zagazio u bistrinu reke do kolja ispod kojeg je voda ispirala tanke strune konoplje.		Sve dok se jednom prilikom nisam otrgao i zagazio u bistrinu reke do kolja ispod kojeg je voda ispirala tanke strune konoplje.
pol-773024-010	politika	773024	kolumna	pol-drustvo	pogledi	10	44	https://www.politika.rs/sr/clanak/773024/kako-sam-zaboravio-da-plivam	Tako sam naučio na plivam i da ne potanjam kao sekirče.		Tako sam naučio na plivam i da ne potanjam kao sekirče.
pol-773024-011	politika	773024	kolumna	pol-drustvo	pogledi	11	44	https://www.politika.rs/sr/clanak/773024/kako-sam-zaboravio-da-plivam	Kad su me videle, baba je počela da nariće, a majka da me grdi i naređuje mi da se vratim u plićak.		Kad su me videle, baba je počela da nariće, a majka da me grdi i naređuje mi da se vratim u plićak.
pol-773024-012	politika	773024	kolumna	pol-drustvo	pogledi	12	44	https://www.politika.rs/sr/clanak/773024/kako-sam-zaboravio-da-plivam	Nisam je poslušao, sav srećan mlatarao sam rukama i nogama – ponosan što sam proplivao i što me je Morava primila u svoj zagrljaj.		Nisam je poslušao, sav srećan mlatarao sam rukama i nogama – ponosan što sam proplivao i što me je Morava primila u svoj zagrljaj.
pol-773024-013	politika	773024	kolumna	pol-drustvo	pogledi	13	44	https://www.politika.rs/sr/clanak/773024/kako-sam-zaboravio-da-plivam	Ispričah dosta – što mi nije bila namera.		Ispričah dosta – što mi nije bila namera.
pol-773024-014	politika	773024	kolumna	pol-drustvo	pogledi	14	44	https://www.politika.rs/sr/clanak/773024/kako-sam-zaboravio-da-plivam	Zapravo, nisam ni mislio na pravo plivanje.		Zapravo, nisam ni mislio na pravo plivanje.
vre-4912915-006	vreme	4912915	kolumna	pol-drustvo	komentar	6	25	https://vreme.com/komentar/cast-srbije-se-brani-u-kosjericu-i-zajecaru/	Omladina je budućnost ove zemlje, a oni otjelovljenje njene najcrnje prošlosti.		Omladina je budućnost ove zemlje, a oni otjelovljenje njene najcrnje prošlosti.
vre-4912915-007	vreme	4912915	kolumna	pol-drustvo	komentar	7	25	https://vreme.com/komentar/cast-srbije-se-brani-u-kosjericu-i-zajecaru/	I tko to optužuje studente i pobunjeno društvo za nacizam?		I tko to optužuje studente i pobunjeno društvo za nacizam?
vre-4912915-008	vreme	4912915	kolumna	pol-drustvo	komentar	8	25	https://vreme.com/komentar/cast-srbije-se-brani-u-kosjericu-i-zajecaru/	Niko drugi do partija ustrojena na firer principu gdje o svemu odlučuje jedan jedini čovjek i koja je na toj osnovi zarobila čitavu državu.		Niko drugi do partija ustrojena na firer principu gdje o svemu odlučuje jedan jedini čovjek i koja je na toj osnovi zarobila čitavu državu.
vre-4912915-009	vreme	4912915	kolumna	pol-drustvo	komentar	9	25	https://vreme.com/komentar/cast-srbije-se-brani-u-kosjericu-i-zajecaru/	Vlast koja zatire elementarnu demokraciju i čije propagandne metode nisu viđene još od Gebelsa.		Vlast koja zatire elementarnu demokraciju i čije propagandne metode nisu viđene još od Gebelsa.
vre-4912915-010	vreme	4912915	kolumna	pol-drustvo	komentar	10	25	https://vreme.com/komentar/cast-srbije-se-brani-u-kosjericu-i-zajecaru/	Stranka sa plaćenim jurišnim odredima batinaša, hrabrih samo kad im policija ili tajne službe stoje uz rame.		Stranka sa plaćenim jurišnim odredima batinaša, hrabrih samo kad im policija ili tajne službe stoje uz rame.
vre-4912915-011	vreme	4912915	kolumna	pol-drustvo	komentar	11	25	https://vreme.com/komentar/cast-srbije-se-brani-u-kosjericu-i-zajecaru/	Riječ je o istim onim dobrovoljnim davaocim tuđe krvi, šovinistima i ratnim huškačima koji su slanje tuđih sinova u ratove masno naplaćivali u kešu i stambenim kvadratima.		Riječ je o istim onim dobrovoljnim davaocim tuđe krvi, šovinistima i ratnim huškačima koji su slanje tuđih sinova u ratove masno naplaćivali u kešu i stambenim kvadratima.
vre-4912915-012	vreme	4912915	kolumna	pol-drustvo	komentar	12	25	https://vreme.com/komentar/cast-srbije-se-brani-u-kosjericu-i-zajecaru/	Lažljivicima sposobnim da ne trepnu kada uoči „Oluje“ obećavaju Srbima na Baniji da taj prostor nikad neće biti dio Hrvatske, pa onda sjednu u audije i strugnu u Beograd na sigurno.		Lažljivicima sposobnim da ne trepnu kada uoči „Oluje“ obećavaju Srbima na Baniji da taj prostor nikad neće biti dio Hrvatske, pa onda sjednu u audije i strugnu u Beograd na sigurno.
vre-4912915-013	vreme	4912915	kolumna	pol-drustvo	komentar	13	25	https://vreme.com/komentar/cast-srbije-se-brani-u-kosjericu-i-zajecaru/	I nipošto na posljednjem mjestu – režimu koji uništava aposlutno sve što jeste ili predstavlja antifašističku tradiciju u zemlji.		I nipošto na posljednjem mjestu – režimu koji uništava aposlutno sve što jeste ili predstavlja antifašističku tradiciju u zemlji.
vre-4918487-011	vreme	4918487	kolumna	pol-drustvo	komentar	11	31	https://vreme.com/komentar/nasilje-je-pocelo-u-2142-pre-trinaest-godina/	Jer, bezobalna vlast hrani taj tip ličnosti, a džepovi su prepuni.		Jer, bezobalna vlast hrani taj tip ličnosti, a džepovi su prepuni.
vre-4918487-012	vreme	4918487	kolumna	pol-drustvo	komentar	12	31	https://vreme.com/komentar/nasilje-je-pocelo-u-2142-pre-trinaest-godina/	Kroz samo par godina, recimo dok je Vučić postao predsednik, ideja o večnoj vlasti toliko se bahato sprovodila da normalan odlazak sa vlasti i ne bi bio moguć.		Kroz samo par godina, recimo dok je Vučić postao predsednik, ideja o večnoj vlasti toliko se bahato sprovodila da normalan odlazak sa vlasti i ne bi bio moguć.
vre-4918487-013	vreme	4918487	kolumna	pol-drustvo	komentar	13	31	https://vreme.com/komentar/nasilje-je-pocelo-u-2142-pre-trinaest-godina/	Bio bi to zapravo odlazak u Zabelu ili u egzil, u gepeku nekog automobila.		Bio bi to zapravo odlazak u Zabelu ili u egzil, u gepeku nekog automobila.
vre-4918487-014	vreme	4918487	kolumna	pol-drustvo	komentar	14	31	https://vreme.com/komentar/nasilje-je-pocelo-u-2142-pre-trinaest-godina/	Zato se svaki komad vlasti, svaki oteti dinar i svaki greh brane – nasiljem.		Zato se svaki komad vlasti, svaki oteti dinar i svaki greh brane – nasiljem.
vre-4918487-015	vreme	4918487	kolumna	pol-drustvo	komentar	15	31	https://vreme.com/komentar/nasilje-je-pocelo-u-2142-pre-trinaest-godina/	Hajde da vidimo kakvo je ono.		Hajde da vidimo kakvo je ono.
vre-4918487-016	vreme	4918487	kolumna	pol-drustvo	komentar	16	31	https://vreme.com/komentar/nasilje-je-pocelo-u-2142-pre-trinaest-godina/	Trinaest godina naprednjački direktori dele radna mesta po partijskoj knjižici, ucenjuju, maltretiraju, korbačem teraju na mitinge, ostavljaju porodice bez hleba.		Trinaest godina naprednjački direktori dele radna mesta po partijskoj knjižici, ucenjuju, maltretiraju, korbačem teraju na mitinge, ostavljaju porodice bez hleba.
vre-4918487-017	vreme	4918487	kolumna	pol-drustvo	komentar	17	31	https://vreme.com/komentar/nasilje-je-pocelo-u-2142-pre-trinaest-godina/	Trinaest godina paravojske režimskih novinara blate i klevetaju svakog ko misli svojom glavom, crtaju mete, uništavaju živote, kretenizuju društvo, dok generali tih paravojski postaju sve bogatiji.		Trinaest godina paravojske režimskih novinara blate i klevetaju svakog ko misli svojom glavom, crtaju mete, uništavaju živote, kretenizuju društvo, dok generali tih paravojski postaju sve bogatiji.
vre-4918487-018	vreme	4918487	kolumna	pol-drustvo	komentar	18	31	https://vreme.com/komentar/nasilje-je-pocelo-u-2142-pre-trinaest-godina/	Trinaest godina mafija drži svaki izgrađeni kvadrat i svaku metar asfalta, tender-dahije u talu sa režimom kradu od naroda čak i na konkursu za edukaciju dece i nastavnika posle masakra u „Ribnikaru“.		Trinaest godina mafija drži svaki izgrađeni kvadrat i svaku metar asfalta, tender-dahije u talu sa režimom kradu od naroda čak i na konkursu za edukaciju dece i nastavnika posle masakra u „Ribnikaru“.
vre-4929355-009	vreme	4929355	kolumna	pol-drustvo	komentar	9	30	https://vreme.com/komentar/hoce-li-vucic-pomilovati-dodika/	Dodik je to pročitao kao priliku da ožeže po bivšem njemačkom ministru poljoprivrede tvrdeći da brani RS i srpstvo kao takvo.		Dodik je to pročitao kao priliku da ožeže po bivšem njemačkom ministru poljoprivrede tvrdeći da brani RS i srpstvo kao takvo.
vre-4929355-010	vreme	4929355	kolumna	pol-drustvo	komentar	10	30	https://vreme.com/komentar/hoce-li-vucic-pomilovati-dodika/	Ukratko, postupio je vrlo slično onom što radi Vučić.		Ukratko, postupio je vrlo slično onom što radi Vučić.
vre-4929355-011	vreme	4929355	kolumna	pol-drustvo	komentar	11	30	https://vreme.com/komentar/hoce-li-vucic-pomilovati-dodika/	I on udara po Zapadu na domaćim televizijama, ali za razliku o Dodika, iza zatvorenih vrata uvijek je imao ponudu za Amerikance i Evropljane.		I on udara po Zapadu na domaćim televizijama, ali za razliku o Dodika, iza zatvorenih vrata uvijek je imao ponudu za Amerikance i Evropljane.
vre-4929355-012	vreme	4929355	kolumna	pol-drustvo	komentar	12	30	https://vreme.com/komentar/hoce-li-vucic-pomilovati-dodika/	Danas su to granate i municija za Ukrajinu i Izrael, jučer je bio Briselski sporazum.		Danas su to granate i municija za Ukrajinu i Izrael, jučer je bio Briselski sporazum.
vre-4929355-013	vreme	4929355	kolumna	pol-drustvo	komentar	13	30	https://vreme.com/komentar/hoce-li-vucic-pomilovati-dodika/	Ali kako je sve ovo previdio političar sa toliko iskustva poput Dodika, znajući da ni izdaleka ne raspolaže Vučićevim resursima?		Ali kako je sve ovo previdio političar sa toliko iskustva poput Dodika, znajući da ni izdaleka ne raspolaže Vučićevim resursima?
vre-4929355-014	vreme	4929355	kolumna	pol-drustvo	komentar	14	30	https://vreme.com/komentar/hoce-li-vucic-pomilovati-dodika/	Razlog je jednostavan – sa jačanjem njegove vlasti, jačali su kriminal, korupcija i besperspektivnost u RS.		Razlog je jednostavan – sa jačanjem njegove vlasti, jačali su kriminal, korupcija i besperspektivnost u RS.
vre-4929355-015	vreme	4929355	kolumna	pol-drustvo	komentar	15	30	https://vreme.com/komentar/hoce-li-vucic-pomilovati-dodika/	Osim igranja na nacionalnu ugroženost i podizanje tenzija, Dodiku ništa drugo nije preostalo.		Osim igranja na nacionalnu ugroženost i podizanje tenzija, Dodiku ništa drugo nije preostalo.
vre-4929355-016	vreme	4929355	kolumna	pol-drustvo	komentar	16	30	https://vreme.com/komentar/hoce-li-vucic-pomilovati-dodika/	Sudska presuda maksimalno je izolirala predsjednika RS.		Sudska presuda maksimalno je izolirala predsjednika RS.
vre-4922837-011	vreme	4922837	kolumna	pol-drustvo	komentar	11	30	https://vreme.com/komentar/nebulozni-govor-vlasti/	Odmah se pokrenuo tabloidni um i krenule su da sevaju budalaštine o zaveri, rušenju države, čemu sve ne, ali teško da će iko da zagrize udicu.		Odmah se pokrenuo tabloidni um i krenule su da sevaju budalaštine o zaveri, rušenju države, čemu sve ne, ali teško da će iko da zagrize udicu.
vre-4922837-012	vreme	4922837	kolumna	pol-drustvo	komentar	12	30	https://vreme.com/komentar/nebulozni-govor-vlasti/	Potom dan obeležavanja masovnog ubistva u Srebrenici i višesatno baljezganje vrhovnog bića u kojem se dosetio da su se građani digli protiv njega jer je pobedio u Ujedinjenim nacijama gde je, doduše, Rezolucija o Srebrenici izglasana, ali zahvaljujući njemu ne sa toliko ubedljivom većinom kakva je mogla da bude.		Potom dan obeležavanja masovnog ubistva u Srebrenici i višesatno baljezganje vrhovnog bića u kojem se dosetio da su se građani digli protiv njega jer je pobedio u Ujedinjenim nacijama gde je, doduše, Rezolucija o Srebrenici izglasana, ali zahvaljujući njemu ne sa toliko ubedljivom većinom kakva je mogla da bude.
vre-4922837-013	vreme	4922837	kolumna	pol-drustvo	komentar	13	30	https://vreme.com/komentar/nebulozni-govor-vlasti/	Gde se ne seti ranije nego baš na dan kada se obeležava ubistvo?		Gde se ne seti ranije nego baš na dan kada se obeležava ubistvo?
vre-4922837-014	vreme	4922837	kolumna	pol-drustvo	komentar	14	30	https://vreme.com/komentar/nebulozni-govor-vlasti/	Ali ni to ne uspeva da potre okolnost kako se odvija velika pljačka.		Ali ni to ne uspeva da potre okolnost kako se odvija velika pljačka.
vre-4922837-015	vreme	4922837	kolumna	pol-drustvo	komentar	15	30	https://vreme.com/komentar/nebulozni-govor-vlasti/	Drugim rečima, ne zna gde udara.		Drugim rečima, ne zna gde udara.
vre-4922837-016	vreme	4922837	kolumna	pol-drustvo	komentar	16	30	https://vreme.com/komentar/nebulozni-govor-vlasti/	On ponavlja sheme koje ni ranije nisu imale mnogo smisla, ali jesu pratile nekakvu logiku.		On ponavlja sheme koje ni ranije nisu imale mnogo smisla, ali jesu pratile nekakvu logiku.
vre-4922837-017	vreme	4922837	kolumna	pol-drustvo	komentar	17	30	https://vreme.com/komentar/nebulozni-govor-vlasti/	Sada nikakve logike više nema.		Sada nikakve logike više nema.
vre-4922837-018	vreme	4922837	kolumna	pol-drustvo	komentar	18	30	https://vreme.com/komentar/nebulozni-govor-vlasti/	Osloboditi batinaše koji su devojci slomili vilicu, reći da su studenti doturili benzin čoveku da se spali, ili da je obojena revolucija reakcija na njegovu veliku pobedu u UN gde nije uspeo da spreči izglasavanje Rezolucije – izraz je izgubljenosti, nemoći i iracionalnosti.		Osloboditi batinaše koji su devojci slomili vilicu, reći da su studenti doturili benzin čoveku da se spali, ili da je obojena revolucija reakcija na njegovu veliku pobedu u UN gde nije uspeo da spreči izglasavanje Rezolucije – izraz je izgubljenosti, nemoći i iracionalnosti.
vre-4918461-007	vreme	4918461	kolumna	pol-drustvo	komentar	7	31	https://vreme.com/komentar/vidovdan-dan-posle-studenti-hvala-i-nema-nazad/	Ali, pre nego što zaključimo da smo u pravu, moramo i da se zapitamo šta imamo od toga.		Ali, pre nego što zaključimo da smo u pravu, moramo i da se zapitamo šta imamo od toga.
vre-4918461-008	vreme	4918461	kolumna	pol-drustvo	komentar	8	31	https://vreme.com/komentar/vidovdan-dan-posle-studenti-hvala-i-nema-nazad/	Takođe, biti u pravu oko jednog detalja, može da znači da smo u krivu kad je reč o celoj slici.		Takođe, biti u pravu oko jednog detalja, može da znači da smo u krivu kad je reč o celoj slici.
vre-4918461-009	vreme	4918461	kolumna	pol-drustvo	komentar	9	31	https://vreme.com/komentar/vidovdan-dan-posle-studenti-hvala-i-nema-nazad/	Šira slika (mada ni to nije cela) je sledeća: studenti su protest zakazali na Vidovdan i rešili da do kraja iskoriste simboliku tog praznika, kosovskog mita i nacionalne svesti.		Šira slika (mada ni to nije cela) je sledeća: studenti su protest zakazali na Vidovdan i rešili da do kraja iskoriste simboliku tog praznika, kosovskog mita i nacionalne svesti.
vre-4918461-010	vreme	4918461	kolumna	pol-drustvo	komentar	10	31	https://vreme.com/komentar/vidovdan-dan-posle-studenti-hvala-i-nema-nazad/	To su sve pojmovi ovoj autorki prilično daleki, ali ne i neprijateljski.		To su sve pojmovi ovoj autorki prilično daleki, ali ne i neprijateljski.
vre-4918461-011	vreme	4918461	kolumna	pol-drustvo	komentar	11	31	https://vreme.com/komentar/vidovdan-dan-posle-studenti-hvala-i-nema-nazad/	Zašto nismo slušali studentkinju DUNP-a Eminu Spahić, koja je pre samo nedelju dana u Utisku nedelje rekla da Vidovdan za nju nema simboliku kakvu ima za većinski narod u Srbiji, ali da sada očekuje da ovaj datum dobije širu društvenu simboliku?		Zašto nismo slušali studentkinju DUNP-a Eminu Spahić, koja je pre samo nedelju dana u Utisku nedelje rekla da Vidovdan za nju nema simboliku kakvu ima za većinski narod u Srbiji, ali da sada očekuje da ovaj datum dobije širu društvenu simboliku?
vre-4918461-012	vreme	4918461	kolumna	pol-drustvo	komentar	12	31	https://vreme.com/komentar/vidovdan-dan-posle-studenti-hvala-i-nema-nazad/	Takođe, još veće pitanje jeste: da li mi zaista pričamo o dve nepomirljive ideologije?		Takođe, još veće pitanje jeste: da li mi zaista pričamo o dve nepomirljive ideologije?
vre-4918461-013	vreme	4918461	kolumna	pol-drustvo	komentar	13	31	https://vreme.com/komentar/vidovdan-dan-posle-studenti-hvala-i-nema-nazad/	Šta ako ova generacija predvodnika i predvodnica bunta ima novo čitanje naših starih podela, šta ako su ih pomirili, a mi nismo primetili?		Šta ako ova generacija predvodnika i predvodnica bunta ima novo čitanje naših starih podela, šta ako su ih pomirili, a mi nismo primetili?
vre-4918461-014	vreme	4918461	kolumna	pol-drustvo	komentar	14	31	https://vreme.com/komentar/vidovdan-dan-posle-studenti-hvala-i-nema-nazad/	Hajde da stanemo sad sa pitanjima i da pogledamo malo odgovore, to jest, ono oko čega nema dileme.		Hajde da stanemo sad sa pitanjima i da pogledamo malo odgovore, to jest, ono oko čega nema dileme.
vre-4929804-001	vreme	4929804	kolumna	pol-drustvo	komentar	1	19	https://vreme.com/komentar/patriote-cetke-u-ruke/	Stanovnicima novosadskog naselja Liman zasmetala je crveno-plavo-bela boja naneta pre više godina na zgradama u kojima žive pa su hteli da ih prefarbaju.		Stanovnicima novosadskog naselja Liman zasmetala je crveno-plavo-bela boja naneta pre više godina na zgradama u kojima žive pa su hteli da ih prefarbaju.
vre-4929804-002	vreme	4929804	kolumna	pol-drustvo	komentar	2	19	https://vreme.com/komentar/patriote-cetke-u-ruke/	Patriotama iz Srpske napredne stranke, koji tu ne žive, to se nije svidelo pa su poslali ekipu sa kofama punim boje i četkama da se postara da boje srpske trobojke zasijaju jarko, najsjajnije.		Patriotama iz Srpske napredne stranke, koji tu ne žive, to se nije svidelo pa su poslali ekipu sa kofama punim boje i četkama da se postara da boje srpske trobojke zasijaju jarko, najsjajnije.
vre-4929804-003	vreme	4929804	kolumna	pol-drustvo	komentar	3	19	https://vreme.com/komentar/patriote-cetke-u-ruke/	Došlo je do koškanja i omanjih fizičkih razračunavanja između naprednjačkih građana i onih koji to nisu.		Došlo je do koškanja i omanjih fizičkih razračunavanja između naprednjačkih građana i onih koji to nisu.
vre-4929804-004	vreme	4929804	kolumna	pol-drustvo	komentar	4	19	https://vreme.com/komentar/patriote-cetke-u-ruke/	Odlučan odred jurišnika Srpske napredne stranke odneo je veliku pobedu nad „antisrbima“.		Odlučan odred jurišnika Srpske napredne stranke odneo je veliku pobedu nad „antisrbima“.
vre-4929804-005	vreme	4929804	kolumna	pol-drustvo	komentar	5	19	https://vreme.com/komentar/patriote-cetke-u-ruke/	I eto povoda da se u sve uključi predsednik Republike i poruči „blokaderima-teroristima“ da će od sada nailaziti na otpor „pristojnih“ građana, tj. funkcionera i aktivista SNS-a, praćenih onim nabildovanim likovima, gde god da blokiraju i ugrožavaju Srbiju i srpstvo, tj. njega.		I eto povoda da se u sve uključi predsednik Republike i poruči „blokaderima-teroristima“ da će od sada nailaziti na otpor „pristojnih“ građana, tj. funkcionera i aktivista SNS-a, praćenih onim nabildovanim likovima, gde god da blokiraju i ugrožavaju Srbiju i srpstvo, tj. njega.
vre-4929804-006	vreme	4929804	kolumna	pol-drustvo	komentar	6	19	https://vreme.com/komentar/patriote-cetke-u-ruke/	„Rodoljubi su ponovo vratili tu (Liman 4) crveno, plavo, belo znamenje“, objašnjavao je Vučić na Pinku.		„Rodoljubi su ponovo vratili tu (Liman 4) crveno, plavo, belo znamenje“, objašnjavao je Vučić na Pinku.
vre-4929804-007	vreme	4929804	kolumna	pol-drustvo	komentar	7	19	https://vreme.com/komentar/patriote-cetke-u-ruke/	I nisu se, ti rodoljubi, uplašili „njih“, antidržavnih antisrba koji „ništa ne mrze tako kao srpsku trobojku“.		I nisu se, ti rodoljubi, uplašili „njih“, antidržavnih antisrba koji „ništa ne mrze tako kao srpsku trobojku“.
vre-4929804-008	vreme	4929804	kolumna	pol-drustvo	komentar	8	19	https://vreme.com/komentar/patriote-cetke-u-ruke/	Niko ih se više ne plaši, poručio je čovek sa predsedničkim mandatom, pa neka se ubuduće pripreme za obračune gde god da se pojave da ruše državu.		Niko ih se više ne plaši, poručio je čovek sa predsedničkim mandatom, pa neka se ubuduće pripreme za obračune gde god da se pojave da ruše državu.
vre-4930037-011	vreme	4930037	kolumna	pol-drustvo	komentar	11	33	https://vreme.com/komentar/hleba-i-igara-to-jest-marzi-i-trobojki/	Potez je to kojim Vučić konačno priznaje da su priče o „ekonomskom tigru“, „najvećem rastu“ i „nikad većim platama“ bile samo lagarije.		Potez je to kojim Vučić konačno priznaje da su priče o „ekonomskom tigru“, „najvećem rastu“ i „nikad većim platama“ bile samo lagarije.
vre-4930037-012	vreme	4930037	kolumna	pol-drustvo	komentar	12	33	https://vreme.com/komentar/hleba-i-igara-to-jest-marzi-i-trobojki/	Da nisu, zašto bi sad hitao da spašava narod od cena i pomogne mu da „pregura“ jesen?		Da nisu, zašto bi sad hitao da spašava narod od cena i pomogne mu da „pregura“ jesen?
vre-4930037-013	vreme	4930037	kolumna	pol-drustvo	komentar	13	33	https://vreme.com/komentar/hleba-i-igara-to-jest-marzi-i-trobojki/	U vrh glave je moguće kratkoročno propisivanje cena pojedinih artikala, pre nego što marketi i dobavljači nađu način da opet deru narod.		U vrh glave je moguće kratkoročno propisivanje cena pojedinih artikala, pre nego što marketi i dobavljači nađu način da opet deru narod.
vre-4930037-014	vreme	4930037	kolumna	pol-drustvo	komentar	14	33	https://vreme.com/komentar/hleba-i-igara-to-jest-marzi-i-trobojki/	Dok to „pojeftinjenje“ traje, možda će biti izbora.		Dok to „pojeftinjenje“ traje, možda će biti izbora.
vre-4930037-015	vreme	4930037	kolumna	pol-drustvo	komentar	15	33	https://vreme.com/komentar/hleba-i-igara-to-jest-marzi-i-trobojki/	Ali to nikoga neće zavarati.		Ali to nikoga neće zavarati.
vre-4930037-016	vreme	4930037	kolumna	pol-drustvo	komentar	16	33	https://vreme.com/komentar/hleba-i-igara-to-jest-marzi-i-trobojki/	Na Limanu, pak, traje rat krečenjem.		Na Limanu, pak, traje rat krečenjem.
vre-4930037-017	vreme	4930037	kolumna	pol-drustvo	komentar	17	33	https://vreme.com/komentar/hleba-i-igara-to-jest-marzi-i-trobojki/	Demonstracija domoljublja nikad nije bila jadnija, svela se na poluusmene mladiće prekrivene farbom.		Demonstracija domoljublja nikad nije bila jadnija, svela se na poluusmene mladiće prekrivene farbom.
vre-4930037-018	vreme	4930037	kolumna	pol-drustvo	komentar	18	33	https://vreme.com/komentar/hleba-i-igara-to-jest-marzi-i-trobojki/	To režimu ništa ne smeta da građane koji misle da fasade treba da liče na fasade naziva svakojakim imenima.		To režimu ništa ne smeta da građane koji misle da fasade treba da liče na fasade naziva svakojakim imenima.
vre-4931176-024	vreme	4931176	kolumna	pol-drustvo	komentar	24	35	https://vreme.com/komentar/mup-srbije-d-o-o-privatno-obezbedjenje-za-batinase/	U to spada i registriranje uspona i proklizavanja kadrova iz podzemlja.		U to spada i registriranje uspona i proklizavanja kadrova iz podzemlja.
vre-4931176-025	vreme	4931176	kolumna	pol-drustvo	komentar	25	35	https://vreme.com/komentar/mup-srbije-d-o-o-privatno-obezbedjenje-za-batinase/	Što se njih tiče, Vučić im je zaista omogućio zlatno doba.		Što se njih tiče, Vučić im je zaista omogućio zlatno doba.
vre-4931176-026	vreme	4931176	kolumna	pol-drustvo	komentar	26	35	https://vreme.com/komentar/mup-srbije-d-o-o-privatno-obezbedjenje-za-batinase/	Ivica Dačić je tu tužni pozornik koji je pristao da bude sve što hoće familija, uža i šira.		Ivica Dačić je tu tužni pozornik koji je pristao da bude sve što hoće familija, uža i šira.
vre-4931176-027	vreme	4931176	kolumna	pol-drustvo	komentar	27	35	https://vreme.com/komentar/mup-srbije-d-o-o-privatno-obezbedjenje-za-batinase/	Zapjeva kad mu neki njen član da napojnicu, nije ni mala.		Zapjeva kad mu neki njen član da napojnicu, nije ni mala.
vre-4931176-028	vreme	4931176	kolumna	pol-drustvo	komentar	28	35	https://vreme.com/komentar/mup-srbije-d-o-o-privatno-obezbedjenje-za-batinase/	U suprotnom, valjda bi dao ostavku.		U suprotnom, valjda bi dao ostavku.
vre-4931176-029	vreme	4931176	kolumna	pol-drustvo	komentar	29	35	https://vreme.com/komentar/mup-srbije-d-o-o-privatno-obezbedjenje-za-batinase/	Ovo vrijedi podjednako za kompletan policijski vrh na čelu sa direktorom Draganom Vasiljevićem.		Ovo vrijedi podjednako za kompletan policijski vrh na čelu sa direktorom Draganom Vasiljevićem.
vre-4931176-030	vreme	4931176	kolumna	pol-drustvo	komentar	30	35	https://vreme.com/komentar/mup-srbije-d-o-o-privatno-obezbedjenje-za-batinase/	Čak i ovakva Vlada i Skupština čist su višak, nešto što postoji čisto iz formalnih razloga.		Čak i ovakva Vlada i Skupština čist su višak, nešto što postoji čisto iz formalnih razloga.
vre-4931176-031	vreme	4931176	kolumna	pol-drustvo	komentar	31	35	https://vreme.com/komentar/mup-srbije-d-o-o-privatno-obezbedjenje-za-batinase/	Poput borbe protiv kriminala i korupcije, na primjer.		Poput borbe protiv kriminala i korupcije, na primjer.
vre-4933484-016	vreme	4933484	kolumna	pol-drustvo	komentar	16	30	https://vreme.com/komentar/kamo-dalje-vucicu/	Pozvao je teroriste, ustaše, izdajnike, fašiste, skotove, gamad, na razgovor, oprostiće im što ih je tukao (takav je on čovek), uz opasku da, eto, razgovaraju i Rusi i Ukrajinci.		Pozvao je teroriste, ustaše, izdajnike, fašiste, skotove, gamad, na razgovor, oprostiće im što ih je tukao (takav je on čovek), uz opasku da, eto, razgovaraju i Rusi i Ukrajinci.
vre-4933484-017	vreme	4933484	kolumna	pol-drustvo	komentar	17	30	https://vreme.com/komentar/kamo-dalje-vucicu/	Studenti su ga, naravno, ohladili.		Studenti su ga, naravno, ohladili.
vre-4933484-018	vreme	4933484	kolumna	pol-drustvo	komentar	18	30	https://vreme.com/komentar/kamo-dalje-vucicu/	Nije on stvarno mislio da će prihvatiti njegov neozbiljni poziv, ali poziv i nije bio upućen njima, nego njegovim obožavateljima (ako takvih još ima).		Nije on stvarno mislio da će prihvatiti njegov neozbiljni poziv, ali poziv i nije bio upućen njima, nego njegovim obožavateljima (ako takvih još ima).
vre-4933484-019	vreme	4933484	kolumna	pol-drustvo	komentar	19	30	https://vreme.com/komentar/kamo-dalje-vucicu/	Potom je izveo neki nesrećni svet na ulice, ali, kako to drugačije reći, nema tu više ničeg.		Potom je izveo neki nesrećni svet na ulice, ali, kako to drugačije reći, nema tu više ničeg.
vre-4933484-020	vreme	4933484	kolumna	pol-drustvo	komentar	20	30	https://vreme.com/komentar/kamo-dalje-vucicu/	Zatim je uveo čudesne ekonomske mere koje, osim kao predizborni trik (a pitanje da li to još radi), ne proizvode nikakav učinak u stvarnosti.		Zatim je uveo čudesne ekonomske mere koje, osim kao predizborni trik (a pitanje da li to još radi), ne proizvode nikakav učinak u stvarnosti.
vre-4933484-021	vreme	4933484	kolumna	pol-drustvo	komentar	21	30	https://vreme.com/komentar/kamo-dalje-vucicu/	Predsednik svih građana je, dakle, pokušao sve.		Predsednik svih građana je, dakle, pokušao sve.
vre-4933484-022	vreme	4933484	kolumna	pol-drustvo	komentar	22	30	https://vreme.com/komentar/kamo-dalje-vucicu/	I ništa mu nije pošlo za rukom.		I ništa mu nije pošlo za rukom.
vre-4933484-023	vreme	4933484	kolumna	pol-drustvo	komentar	23	30	https://vreme.com/komentar/kamo-dalje-vucicu/	Pokušavaće on i dalje, nesumnjivo, ali sva je prilika da će se, na kraju, sve svesti na pokušaj da izbore pokrade na dosad neviđen način.		Pokušavaće on i dalje, nesumnjivo, ali sva je prilika da će se, na kraju, sve svesti na pokušaj da izbore pokrade na dosad neviđen način.
vre-4934883-010	vreme	4934883	kolumna	pol-drustvo	komentar	10	34	https://vreme.com/komentar/bice-izbora-bice-kradje-ali-od-vucica-nista-ne-zavisi/	Nije predsednik svih građana Srbije dobio nijedne izbore u životu (izgubio ih je ni sam ne zna koliko) jer izbori koje nije on organizovao, već predstavnici republike, bili su regularni, dakle pošteni i slobodni.		Nije predsednik svih građana Srbije dobio nijedne izbore u životu (izgubio ih je ni sam ne zna koliko) jer izbori koje nije on organizovao, već predstavnici republike, bili su regularni, dakle pošteni i slobodni.
vre-4934883-011	vreme	4934883	kolumna	pol-drustvo	komentar	11	34	https://vreme.com/komentar/bice-izbora-bice-kradje-ali-od-vucica-nista-ne-zavisi/	Na poštenim i slobodnim izborima Vučić Aleksandar nikada nije imao nikakve šanse.		Na poštenim i slobodnim izborima Vučić Aleksandar nikada nije imao nikakve šanse.
vre-4934883-012	vreme	4934883	kolumna	pol-drustvo	komentar	12	34	https://vreme.com/komentar/bice-izbora-bice-kradje-ali-od-vucica-nista-ne-zavisi/	Nikakve šanse ne bi imao ni danas.		Nikakve šanse ne bi imao ni danas.
vre-4934883-013	vreme	4934883	kolumna	pol-drustvo	komentar	13	34	https://vreme.com/komentar/bice-izbora-bice-kradje-ali-od-vucica-nista-ne-zavisi/	Zato će, kao i do sada, pokušati da organizuje imitaciju izbora.		Zato će, kao i do sada, pokušati da organizuje imitaciju izbora.
vre-4934883-014	vreme	4934883	kolumna	pol-drustvo	komentar	14	34	https://vreme.com/komentar/bice-izbora-bice-kradje-ali-od-vucica-nista-ne-zavisi/	Šta će, utoliko, da razlikuje naredne izbore od svih ranijih?		Šta će, utoliko, da razlikuje naredne izbore od svih ranijih?
vre-4934883-015	vreme	4934883	kolumna	pol-drustvo	komentar	15	34	https://vreme.com/komentar/bice-izbora-bice-kradje-ali-od-vucica-nista-ne-zavisi/	Pa to što neće uspeti da ih pokrade u meri u kojoj je to radio do sada.		Pa to što neće uspeti da ih pokrade u meri u kojoj je to radio do sada.
vre-4934883-016	vreme	4934883	kolumna	pol-drustvo	komentar	16	34	https://vreme.com/komentar/bice-izbora-bice-kradje-ali-od-vucica-nista-ne-zavisi/	U Kosjeriću i Zaječaru, da podsetimo, pokrao je izbore na svim ravnima izbornog procesa: slobodni mediji su uslov mogućnosti poštenih i slobodnih izbora, samo što ih nije bilo.		U Kosjeriću i Zaječaru, da podsetimo, pokrao je izbore na svim ravnima izbornog procesa: slobodni mediji su uslov mogućnosti poštenih i slobodnih izbora, samo što ih nije bilo.
vre-4934883-017	vreme	4934883	kolumna	pol-drustvo	komentar	17	34	https://vreme.com/komentar/bice-izbora-bice-kradje-ali-od-vucica-nista-ne-zavisi/	Uz to, kada je shvatio da milioni evra uloženih u katastrofalna asfaltiranja (putevi oko Kosjerića i Zaječara se već raspadaju) i kupovinu glasova (parama direktno na ruke, belom i obojenom tehnikom) neće biti dovoljna, angažovao je batinaše i policiju da prevoze i čuvaju kutije s falsifikovanim glasovima.		Uz to, kada je shvatio da milioni evra uloženih u katastrofalna asfaltiranja (putevi oko Kosjerića i Zaječara se već raspadaju) i kupovinu glasova (parama direktno na ruke, belom i obojenom tehnikom) neće biti dovoljna, angažovao je batinaše i policiju da prevoze i čuvaju kutije s falsifikovanim glasovima.
vre-4934520-010	vreme	4934520	kolumna	pol-drustvo	komentar	10	26	https://vreme.com/komentar/covek-zvani-afera/	Između Vučićevih riječi i djela stoji duboki jaz.		Između Vučićevih riječi i djela stoji duboki jaz.
vre-4934520-011	vreme	4934520	kolumna	pol-drustvo	komentar	11	26	https://vreme.com/komentar/covek-zvani-afera/	Predstavljajući zimus u Jagodini Pokret za narod i državu (što li to bješe?), hvalio se kako im je ogroman dobitak pristupanje „jednog Đure Macuta“.		Predstavljajući zimus u Jagodini Pokret za narod i državu (što li to bješe?), hvalio se kako im je ogroman dobitak pristupanje „jednog Đure Macuta“.
vre-4934520-012	vreme	4934520	kolumna	pol-drustvo	komentar	12	26	https://vreme.com/komentar/covek-zvani-afera/	Danas ovaj  nevidljivi premijer djeluje poput čovjeka pod starateljstvom pošto mu je oduzeta pravna i djelatna sposobnost.		Danas ovaj  nevidljivi premijer djeluje poput čovjeka pod starateljstvom pošto mu je oduzeta pravna i djelatna sposobnost.
vre-4934520-013	vreme	4934520	kolumna	pol-drustvo	komentar	13	26	https://vreme.com/komentar/covek-zvani-afera/	Slično je i sa kadrovima SNS-a.		Slično je i sa kadrovima SNS-a.
vre-4934520-014	vreme	4934520	kolumna	pol-drustvo	komentar	14	26	https://vreme.com/komentar/covek-zvani-afera/	Partija koja se hvalila sa 700.000 članova, tvrdi da je u sedamdeset gradova okupila mizernih sedamdeset hiljada pristalica.		Partija koja se hvalila sa 700.000 članova, tvrdi da je u sedamdeset gradova okupila mizernih sedamdeset hiljada pristalica.
vre-4934520-015	vreme	4934520	kolumna	pol-drustvo	komentar	15	26	https://vreme.com/komentar/covek-zvani-afera/	Otud što lokalne naprednjačke glavešine – nerijetko bahate i nesposobne – nisu lojalne vlastitim sugrađanima, već isključivo čovjeku koji im je u ruke dao narodne pare.		Otud što lokalne naprednjačke glavešine – nerijetko bahate i nesposobne – nisu lojalne vlastitim sugrađanima, već isključivo čovjeku koji im je u ruke dao narodne pare.
vre-4934520-016	vreme	4934520	kolumna	pol-drustvo	komentar	16	26	https://vreme.com/komentar/covek-zvani-afera/	Glumeći provincijskog Trampa, Vučić je predstavio „čudesne mere“.		Glumeći provincijskog Trampa, Vučić je predstavio „čudesne mere“.
vre-4934520-017	vreme	4934520	kolumna	pol-drustvo	komentar	17	26	https://vreme.com/komentar/covek-zvani-afera/	Na stranu što su svi ekonomisti od ugleda osporili njihov smisao.		Na stranu što su svi ekonomisti od ugleda osporili njihov smisao.
vre-4936342-005	vreme	4936342	kolumna	pol-drustvo	komentar	5	19	https://vreme.com/komentar/satanski-smeh-aleksandra-vucica/	To je glavni razlog za Vučićev osmijeh od uha do uha.		To je glavni razlog za Vučićev osmijeh od uha do uha.
vre-4936342-006	vreme	4936342	kolumna	pol-drustvo	komentar	6	19	https://vreme.com/komentar/satanski-smeh-aleksandra-vucica/	Njegov govor tijela odaje duboko frustriranog čovjeka koji uživa u patnji drugih – žena, djece, mladih i starih osoba.		Njegov govor tijela odaje duboko frustriranog čovjeka koji uživa u patnji drugih – žena, djece, mladih i starih osoba.
vre-4936342-007	vreme	4936342	kolumna	pol-drustvo	komentar	7	19	https://vreme.com/komentar/satanski-smeh-aleksandra-vucica/	Cinično im se ceri dok je Novi Sad  po drugi put u pet dana izložen teroru policijske kaznene ekspedicije.		Cinično im se ceri dok je Novi Sad  po drugi put u pet dana izložen teroru policijske kaznene ekspedicije.
vre-4936342-008	vreme	4936342	kolumna	pol-drustvo	komentar	8	19	https://vreme.com/komentar/satanski-smeh-aleksandra-vucica/	To je ujedno i stav predsjednika države prema vojvođanskom glavnom gradu, njegovim žiteljima i, posebno, šesnaestero mrtvih od pada nadstrešnice.		To je ujedno i stav predsjednika države prema vojvođanskom glavnom gradu, njegovim žiteljima i, posebno, šesnaestero mrtvih od pada nadstrešnice.
vre-4936342-009	vreme	4936342	kolumna	pol-drustvo	komentar	9	19	https://vreme.com/komentar/satanski-smeh-aleksandra-vucica/	U Novom Sadu, Vučića ne može održati miting svojih statista, pa ga zato guši u oblaku suzavca pendrečeći staro i mlado po ulicama.		U Novom Sadu, Vučića ne može održati miting svojih statista, pa ga zato guši u oblaku suzavca pendrečeći staro i mlado po ulicama.
vre-4936342-010	vreme	4936342	kolumna	pol-drustvo	komentar	10	19	https://vreme.com/komentar/satanski-smeh-aleksandra-vucica/	Ovu odmazdu dugo je sanjao i zato sada toliko seiri.		Ovu odmazdu dugo je sanjao i zato sada toliko seiri.
vre-4936342-011	vreme	4936342	kolumna	pol-drustvo	komentar	11	19	https://vreme.com/komentar/satanski-smeh-aleksandra-vucica/	Vučićev satanski smijeh u ponoć odjeknuo je nad cijelom Srbijom koja zgroženo, u dubokom bolu i nevjerici  gleda slike policijskog nasilja u Novom Sadu.		Vučićev satanski smijeh u ponoć odjeknuo je nad cijelom Srbijom koja zgroženo, u dubokom bolu i nevjerici  gleda slike policijskog nasilja u Novom Sadu.
vre-4936342-012	vreme	4936342	kolumna	pol-drustvo	komentar	12	19	https://vreme.com/komentar/satanski-smeh-aleksandra-vucica/	Bivši Šešeljev posilni nema ni trun empatije i odgovornosti spram građana.		Bivši Šešeljev posilni nema ni trun empatije i odgovornosti spram građana.
vre-4937332-000	vreme	4937332	kolumna	pol-drustvo	komentar	0	35	https://vreme.com/komentar/samo-srbina-njegov-navijac-bije/	Divljačko ponašanje, batinanje i urlanje na stadionima i ispred njih nisu srpski izum.		Divljačko ponašanje, batinanje i urlanje na stadionima i ispred njih nisu srpski izum.
vre-4937332-001	vreme	4937332	kolumna	pol-drustvo	komentar	1	35	https://vreme.com/komentar/samo-srbina-njegov-navijac-bije/	Svugde ima huligana spremnih da rivalima otvaraju glave.		Svugde ima huligana spremnih da rivalima otvaraju glave.
vre-4937332-002	vreme	4937332	kolumna	pol-drustvo	komentar	2	35	https://vreme.com/komentar/samo-srbina-njegov-navijac-bije/	Svako ko se iole razume u fudbal reći će vam na koju utakmicu zbog takvih nije okej da ideš i za koju tribinu nikako ne treba da kupuješ karte.		Svako ko se iole razume u fudbal reći će vam na koju utakmicu zbog takvih nije okej da ideš i za koju tribinu nikako ne treba da kupuješ karte.
vre-4937332-003	vreme	4937332	kolumna	pol-drustvo	komentar	3	35	https://vreme.com/komentar/samo-srbina-njegov-navijac-bije/	Neki od njih su pasionirani i za pojedine mečeve reprezentacije, pa znaju da budu nezgodni.		Neki od njih su pasionirani i za pojedine mečeve reprezentacije, pa znaju da budu nezgodni.
vre-4937332-004	vreme	4937332	kolumna	pol-drustvo	komentar	4	35	https://vreme.com/komentar/samo-srbina-njegov-navijac-bije/	Svakako ti ne bude prijatno da ih vidiš na stadionu, posle utakmice u pabu ili mračnoj ulici, a da imaš dres suprotnog kluba ili države.		Svakako ti ne bude prijatno da ih vidiš na stadionu, posle utakmice u pabu ili mračnoj ulici, a da imaš dres suprotnog kluba ili države.
vre-4937332-005	vreme	4937332	kolumna	pol-drustvo	komentar	5	35	https://vreme.com/komentar/samo-srbina-njegov-navijac-bije/	Možda dobiješ samo preki pogled, a možda bude i nešto više.		Možda dobiješ samo preki pogled, a možda bude i nešto više.
vre-4937332-006	vreme	4937332	kolumna	pol-drustvo	komentar	6	35	https://vreme.com/komentar/samo-srbina-njegov-navijac-bije/	Srbija je sada uspela da patentira novu vrstu navijača – one što biju svoje.		Srbija je sada uspela da patentira novu vrstu navijača – one što biju svoje.
vre-4937332-007	vreme	4937332	kolumna	pol-drustvo	komentar	7	35	https://vreme.com/komentar/samo-srbina-njegov-navijac-bije/	Na Evropskom prvenstvu u košarci u Rigi rodilo se novo zanimanje, a to su srpski navijači koji ujuruju srpske navijače.		Na Evropskom prvenstvu u košarci u Rigi rodilo se novo zanimanje, a to su srpski navijači koji ujuruju srpske navijače.
vre-4937773-003	vreme	4937773	kolumna	pol-drustvo	komentar	3	23	https://vreme.com/komentar/vojna-parada-paradero-i-balansero/	Odlično mu dođe i za plašenje naroda novim  ratovima, ali i u vanjskopolitičkom balasniranju koje plaća bacanjem pare na uvoz oružja bez plana i svrhe.		Odlično mu dođe i za plašenje naroda novim  ratovima, ali i u vanjskopolitičkom balasniranju koje plaća bacanjem pare na uvoz oružja bez plana i svrhe.
vre-4937773-004	vreme	4937773	kolumna	pol-drustvo	komentar	4	23	https://vreme.com/komentar/vojna-parada-paradero-i-balansero/	A da bi sve ovo mogao, Vučić je umlatio elementarni integritet i profesionalnu autonomiju armije do mjere da ju je u posljednjih šest godina napustilo 15.000 pripadnika – preostali valjda nemaju kud otići.		A da bi sve ovo mogao, Vučić je umlatio elementarni integritet i profesionalnu autonomiju armije do mjere da ju je u posljednjih šest godina napustilo 15.000 pripadnika – preostali valjda nemaju kud otići.
vre-4937773-005	vreme	4937773	kolumna	pol-drustvo	komentar	5	23	https://vreme.com/komentar/vojna-parada-paradero-i-balansero/	Uostalom, položaj i domete Vojske Srbije najbolje ilustrira činjenica da su ministarstvo obrane, jedan za drugim, vodili Vulin, Nebojša Stefanović, Vučević i Bata Gašić.		Uostalom, položaj i domete Vojske Srbije najbolje ilustrira činjenica da su ministarstvo obrane, jedan za drugim, vodili Vulin, Nebojša Stefanović, Vučević i Bata Gašić.
vre-4937773-006	vreme	4937773	kolumna	pol-drustvo	komentar	6	23	https://vreme.com/komentar/vojna-parada-paradero-i-balansero/	Aktualna vojna parada u najdužoj političkoj krizi ima i posebnu svrhu.		Aktualna vojna parada u najdužoj političkoj krizi ima i posebnu svrhu.
vre-4937773-007	vreme	4937773	kolumna	pol-drustvo	komentar	7	23	https://vreme.com/komentar/vojna-parada-paradero-i-balansero/	To je zastrašivanje građana i osokoljavanje uvelog naprednjačkog biračkog tijela.		To je zastrašivanje građana i osokoljavanje uvelog naprednjačkog biračkog tijela.
vre-4937773-008	vreme	4937773	kolumna	pol-drustvo	komentar	8	23	https://vreme.com/komentar/vojna-parada-paradero-i-balansero/	Poruka je sljedeća: ako sve omane – a sva je prilika da hoće – Vučić i dalje ima vojsku.		Poruka je sljedeća: ako sve omane – a sva je prilika da hoće – Vučić i dalje ima vojsku.
vre-4937773-009	vreme	4937773	kolumna	pol-drustvo	komentar	9	23	https://vreme.com/komentar/vojna-parada-paradero-i-balansero/	Nema sumnje da bi nešto ponaprednjačenih kadrova u vojsci koji su napredovali na raketni pogon, stalo u „datom trenutku“ iza svog „vrhovnog komandanta“.		Nema sumnje da bi nešto ponaprednjačenih kadrova u vojsci koji su napredovali na raketni pogon, stalo u „datom trenutku“ iza svog „vrhovnog komandanta“.
vre-4937773-010	vreme	4937773	kolumna	pol-drustvo	komentar	10	23	https://vreme.com/komentar/vojna-parada-paradero-i-balansero/	U tom pravcu „Kobre“ već imaju zavidan minuli rad.		U tom pravcu „Kobre“ već imaju zavidan minuli rad.
vre-4981395-006	vreme	4981395	kolumna	pol-drustvo	komentar	6	24	https://vreme.com/komentar/bia-veran-matic-prisluskivanje-pracenje-pretnje/	Naime, Đinđić je tada hodao na štakama zbog povrede Ahilove tetive.		Naime, Đinđić je tada hodao na štakama zbog povrede Ahilove tetive.
vre-4981395-007	vreme	4981395	kolumna	pol-drustvo	komentar	7	24	https://vreme.com/komentar/bia-veran-matic-prisluskivanje-pracenje-pretnje/	A kada poručuje Matiću da „nije jedini (pseudo)novinar koji je puštao bradu“, Centrar za dehumanizaciju mu prijeti da će biti ubijen poput Slavka Ćuruvije.		A kada poručuje Matiću da „nije jedini (pseudo)novinar koji je puštao bradu“, Centrar za dehumanizaciju mu prijeti da će biti ubijen poput Slavka Ćuruvije.
vre-4981395-008	vreme	4981395	kolumna	pol-drustvo	komentar	8	24	https://vreme.com/komentar/bia-veran-matic-prisluskivanje-pracenje-pretnje/	I on je imao bradu.		I on je imao bradu.
vre-4981395-009	vreme	4981395	kolumna	pol-drustvo	komentar	9	24	https://vreme.com/komentar/bia-veran-matic-prisluskivanje-pracenje-pretnje/	Obje ove prijetnje spaja Služba koja se hvali kako sve prolazi osim nje.		Obje ove prijetnje spaja Služba koja se hvali kako sve prolazi osim nje.
vre-4981395-010	vreme	4981395	kolumna	pol-drustvo	komentar	10	24	https://vreme.com/komentar/bia-veran-matic-prisluskivanje-pracenje-pretnje/	Pa, upravo su njeni pripadnici osuđeni za atentat na Đinđića i, potom, optuženi za likvidaciju Ćuruvije.		Pa, upravo su njeni pripadnici osuđeni za atentat na Đinđića i, potom, optuženi za likvidaciju Ćuruvije.
vre-4981395-011	vreme	4981395	kolumna	pol-drustvo	komentar	11	24	https://vreme.com/komentar/bia-veran-matic-prisluskivanje-pracenje-pretnje/	U ovom drugom slučaju, četvorica debeovaca nisu osuđena, a potom je Vrhovi sud utvrdio da je Apelacioni sud u Beogradu donijevši pravosnažnu oslobađajuću presudu povrijedio zakon u korist optuženih.		U ovom drugom slučaju, četvorica debeovaca nisu osuđena, a potom je Vrhovi sud utvrdio da je Apelacioni sud u Beogradu donijevši pravosnažnu oslobađajuću presudu povrijedio zakon u korist optuženih.
vre-4981395-012	vreme	4981395	kolumna	pol-drustvo	komentar	12	24	https://vreme.com/komentar/bia-veran-matic-prisluskivanje-pracenje-pretnje/	Gdje se ovdje uklapa Veran Matiću?		Gdje se ovdje uklapa Veran Matiću?
vre-4981395-013	vreme	4981395	kolumna	pol-drustvo	komentar	13	24	https://vreme.com/komentar/bia-veran-matic-prisluskivanje-pracenje-pretnje/	Pa upravo je on vodio Komisiju za istraživanje ubistava novinara – Ćuruvije u Beogradu i Milana Pantića u Jagodini.		Pa upravo je on vodio Komisiju za istraživanje ubistava novinara – Ćuruvije u Beogradu i Milana Pantića u Jagodini.
vre-4956785-002	vreme	4956785	kolumna	pol-drustvo	komentar	2	22	https://vreme.com/komentar/na-odru-republike-srbije/	Njegov koncept je sljedeći: čim Republiku Srbiju polože na odar on će u svojoj ličnosti spojiti izvršnu, zakonodavnu i sudsku vlast.		Njegov koncept je sljedeći: čim Republiku Srbiju polože na odar on će u svojoj ličnosti spojiti izvršnu, zakonodavnu i sudsku vlast.
vre-4956785-003	vreme	4956785	kolumna	pol-drustvo	komentar	3	22	https://vreme.com/komentar/na-odru-republike-srbije/	To se zove jedinstvo vlasti i omogućava Vučiću da direktno vodi svaku organizaciju u zemlji uključujući i zemljoradničku zadrugu u Sečnju.		To se zove jedinstvo vlasti i omogućava Vučiću da direktno vodi svaku organizaciju u zemlji uključujući i zemljoradničku zadrugu u Sečnju.
vre-4956785-004	vreme	4956785	kolumna	pol-drustvo	komentar	4	22	https://vreme.com/komentar/na-odru-republike-srbije/	Kakav je upravljački kapacitet aktualnog šefa države i cijelog Ćacilenda?		Kakav je upravljački kapacitet aktualnog šefa države i cijelog Ćacilenda?
vre-4956785-005	vreme	4956785	kolumna	pol-drustvo	komentar	5	22	https://vreme.com/komentar/na-odru-republike-srbije/	Narod ga upravo gleda i teško otpuhuje.		Narod ga upravo gleda i teško otpuhuje.
vre-4956785-006	vreme	4956785	kolumna	pol-drustvo	komentar	6	22	https://vreme.com/komentar/na-odru-republike-srbije/	Ali Vučić je imao lukav geopolitički plan dostojan ekipe sa pivom u ruci ispred seoske radnje.		Ali Vučić je imao lukav geopolitički plan dostojan ekipe sa pivom u ruci ispred seoske radnje.
vre-4956785-007	vreme	4956785	kolumna	pol-drustvo	komentar	7	22	https://vreme.com/komentar/na-odru-republike-srbije/	Nešto je ipak krenulo naopako.		Nešto je ipak krenulo naopako.
vre-4956785-008	vreme	4956785	kolumna	pol-drustvo	komentar	8	22	https://vreme.com/komentar/na-odru-republike-srbije/	Na primjer, Putin je plinski aranžman za Srbiju ograničio do 1. januara ’26.		Na primjer, Putin je plinski aranžman za Srbiju ograničio do 1. januara ’26.
vre-4956785-009	vreme	4956785	kolumna	pol-drustvo	komentar	9	22	https://vreme.com/komentar/na-odru-republike-srbije/	Time je zaprijetio otvaranjem potencijalne krize u isporukama plina i onemogućio Srbiju da nacionalizira NIS.		Time je zaprijetio otvaranjem potencijalne krize u isporukama plina i onemogućio Srbiju da nacionalizira NIS.
vre-4970392-007	vreme	4970392	kolumna	pol-drustvo	komentar	7	30	https://vreme.com/komentar/pravda-za-sirotinju-srbije/	Svaki vanredni izdatak za njih je monetarni udar.		Svaki vanredni izdatak za njih je monetarni udar.
vre-4970392-008	vreme	4970392	kolumna	pol-drustvo	komentar	8	30	https://vreme.com/komentar/pravda-za-sirotinju-srbije/	Štede na svemu – hrani, obući, odjeći, sredstvima za higijenu.		Štede na svemu – hrani, obući, odjeći, sredstvima za higijenu.
vre-4970392-009	vreme	4970392	kolumna	pol-drustvo	komentar	9	30	https://vreme.com/komentar/pravda-za-sirotinju-srbije/	Zubar im je misaona imenica, heroin jeftiniji od lijekova, mediji irelevantni i besmisleni.		Zubar im je misaona imenica, heroin jeftiniji od lijekova, mediji irelevantni i besmisleni.
vre-4970392-010	vreme	4970392	kolumna	pol-drustvo	komentar	10	30	https://vreme.com/komentar/pravda-za-sirotinju-srbije/	Oni žive bijedno kao njihovi roditelji, a sva je prilika da će im tako živjeti i djeca.		Oni žive bijedno kao njihovi roditelji, a sva je prilika da će im tako živjeti i djeca.
vre-4970392-011	vreme	4970392	kolumna	pol-drustvo	komentar	11	30	https://vreme.com/komentar/pravda-za-sirotinju-srbije/	Dakle – u satiranju na najgrubljim povremenim poslovima.		Dakle – u satiranju na najgrubljim povremenim poslovima.
vre-4970392-012	vreme	4970392	kolumna	pol-drustvo	komentar	12	30	https://vreme.com/komentar/pravda-za-sirotinju-srbije/	Što u toj eksploataciji ikome predstavljaju pojmovi demokracija, parlamentarizam, podjela vlasti, građanska prava?		Što u toj eksploataciji ikome predstavljaju pojmovi demokracija, parlamentarizam, podjela vlasti, građanska prava?
vre-4970392-013	vreme	4970392	kolumna	pol-drustvo	komentar	13	30	https://vreme.com/komentar/pravda-za-sirotinju-srbije/	Jeste, policija ih tuče – a kad nije?		Jeste, policija ih tuče – a kad nije?
vre-4970392-014	vreme	4970392	kolumna	pol-drustvo	komentar	14	30	https://vreme.com/komentar/pravda-za-sirotinju-srbije/	Pravde na sudovima za njih nema.		Pravde na sudovima za njih nema.
vre-4966200-008	vreme	4966200	kolumna	pol-drustvo	komentar	8	23	https://vreme.com/komentar/proklizavanje-po-ledu/	Sledeći pešak bio bi svakako zahvalan.		Sledeći pešak bio bi svakako zahvalan.
vre-4966200-009	vreme	4966200	kolumna	pol-drustvo	komentar	9	23	https://vreme.com/komentar/proklizavanje-po-ledu/	Pomozi si sam, pa će ti i Bog pomoći, kad već neće gradska vlast.		Pomozi si sam, pa će ti i Bog pomoći, kad već neće gradska vlast.
vre-4966200-010	vreme	4966200	kolumna	pol-drustvo	komentar	10	23	https://vreme.com/komentar/proklizavanje-po-ledu/	Jedna penzionerka koja živi u jednoj strmoj ulici u Mirijevu već danima ne izlazi kuće.		Jedna penzionerka koja živi u jednoj strmoj ulici u Mirijevu već danima ne izlazi kuće.
vre-4966200-011	vreme	4966200	kolumna	pol-drustvo	komentar	11	23	https://vreme.com/komentar/proklizavanje-po-ledu/	Šanse nema, kaže, ne bi preživela, sneg se pretvorio u ledenu ploču.		Šanse nema, kaže, ne bi preživela, sneg se pretvorio u ledenu ploču.
vre-4966200-012	vreme	4966200	kolumna	pol-drustvo	komentar	12	23	https://vreme.com/komentar/proklizavanje-po-ledu/	Za beogradske gradske očeve sve je to normalno i šta ko ima da se žali što je u januaru pao sneg pa još udario i minus.		Za beogradske gradske očeve sve je to normalno i šta ko ima da se žali što je u januaru pao sneg pa još udario i minus.
vre-4966200-013	vreme	4966200	kolumna	pol-drustvo	komentar	13	23	https://vreme.com/komentar/proklizavanje-po-ledu/	Božja volja, viša sila, poručuju Beograđanima, a ko misli drugačije taj je diletant, što reče gradonačelnik, dr. Aleksenadar Šapić.		Božja volja, viša sila, poručuju Beograđanima, a ko misli drugačije taj je diletant, što reče gradonačelnik, dr. Aleksenadar Šapić.
vre-4966200-014	vreme	4966200	kolumna	pol-drustvo	komentar	14	23	https://vreme.com/komentar/proklizavanje-po-ledu/	Režimski mediji poručuju da su pristojni građani – oni koji nisu zlobni blokaderi – uvideli da vlast čini sve što može i da se ne treba ljutiti zbog snega i leda tokom zime.		Režimski mediji poručuju da su pristojni građani – oni koji nisu zlobni blokaderi – uvideli da vlast čini sve što može i da se ne treba ljutiti zbog snega i leda tokom zime.
vre-4966200-015	vreme	4966200	kolumna	pol-drustvo	komentar	15	23	https://vreme.com/komentar/proklizavanje-po-ledu/	Državni funkcioneri na čelu sa Aleksandrom Vučićem nam opisuju situaciju drugačiju od one koju vidimo svojim očima, kao ono o ekonomskom tigru i da se nikada bolje u Srbiji živelo nije.		Državni funkcioneri na čelu sa Aleksandrom Vučićem nam opisuju situaciju drugačiju od one koju vidimo svojim očima, kao ono o ekonomskom tigru i da se nikada bolje u Srbiji živelo nije.
vre-4972996-009	vreme	4972996	kolumna	pol-drustvo	komentar	9	23	https://vreme.com/komentar/manja-grcic-rts-aleksandar-vucic-dragan-bujosevic-rezim/	Kapaciteti Manje Grčić su, dakle, veliki makar koliko i dvojbe u njenu diplomu iz Engleske i spremnost da na RTS-u služi javnom interesu.		Kapaciteti Manje Grčić su, dakle, veliki makar koliko i dvojbe u njenu diplomu iz Engleske i spremnost da na RTS-u služi javnom interesu.
vre-4972996-010	vreme	4972996	kolumna	pol-drustvo	komentar	10	23	https://vreme.com/komentar/manja-grcic-rts-aleksandar-vucic-dragan-bujosevic-rezim/	Za sebe kaže da je „lider“, mada bi primereniji bio izraz „ratrak“, kako je sebe nazivala jedna druga sposobna dama iz režimske garniture.		Za sebe kaže da je „lider“, mada bi primereniji bio izraz „ratrak“, kako je sebe nazivala jedna druga sposobna dama iz režimske garniture.
vre-4972996-011	vreme	4972996	kolumna	pol-drustvo	komentar	11	23	https://vreme.com/komentar/manja-grcic-rts-aleksandar-vucic-dragan-bujosevic-rezim/	Ratrak je ona velika grtalica što čisti sneg i glača staze za skijanje.		Ratrak je ona velika grtalica što čisti sneg i glača staze za skijanje.
vre-4972996-012	vreme	4972996	kolumna	pol-drustvo	komentar	12	23	https://vreme.com/komentar/manja-grcic-rts-aleksandar-vucic-dragan-bujosevic-rezim/	Iza nje ništa ne ostaje da štrči.		Iza nje ništa ne ostaje da štrči.
vre-4972996-013	vreme	4972996	kolumna	pol-drustvo	komentar	13	23	https://vreme.com/komentar/manja-grcic-rts-aleksandar-vucic-dragan-bujosevic-rezim/	Manja Grčić će sesti u fotelju koju je Bujošević ne samo zagrejao, nego je sva poprimila oblik njegove zadnjice.		Manja Grčić će sesti u fotelju koju je Bujošević ne samo zagrejao, nego je sva poprimila oblik njegove zadnjice.
vre-4972996-014	vreme	4972996	kolumna	pol-drustvo	komentar	14	23	https://vreme.com/komentar/manja-grcic-rts-aleksandar-vucic-dragan-bujosevic-rezim/	Sa pedigreom ozbiljnog novinara, Bujošević nije bio ni blizu da za informativni program RTS-a izbori nezavisnost od političkog uticaja.		Sa pedigreom ozbiljnog novinara, Bujošević nije bio ni blizu da za informativni program RTS-a izbori nezavisnost od političkog uticaja.
vre-4972996-015	vreme	4972996	kolumna	pol-drustvo	komentar	15	23	https://vreme.com/komentar/manja-grcic-rts-aleksandar-vucic-dragan-bujosevic-rezim/	Naprotiv, iako je tu i tamo – a posebno u segmentima programa bez politike – RTS dokazivao da ume kad hoće, naš je javni servis odavno sigurna kuća za predsednika Aleksandra Vučića.		Naprotiv, iako je tu i tamo – a posebno u segmentima programa bez politike – RTS dokazivao da ume kad hoće, naš je javni servis odavno sigurna kuća za predsednika Aleksandra Vučića.
vre-4972996-016	vreme	4972996	kolumna	pol-drustvo	komentar	16	23	https://vreme.com/komentar/manja-grcic-rts-aleksandar-vucic-dragan-bujosevic-rezim/	Onde se pojavljuje kad mu se prohte, a Dnevnici često počinju citiranjem njegovih objava sa Instagrama.		Onde se pojavljuje kad mu se prohte, a Dnevnici često počinju citiranjem njegovih objava sa Instagrama.
vre-4983491-011	vreme	4983491	kolumna	pol-drustvo	komentar	11	21	https://vreme.com/komentar/lokalni-izbori-2026-komentar/	Policija ih mahom štiti dok tuku građane.		Policija ih mahom štiti dok tuku građane.
vre-4983491-012	vreme	4983491	kolumna	pol-drustvo	komentar	12	21	https://vreme.com/komentar/lokalni-izbori-2026-komentar/	nasilnik kojeg se spremate da ostavite.		nasilnik kojeg se spremate da ostavite.
vre-4983491-013	vreme	4983491	kolumna	pol-drustvo	komentar	13	21	https://vreme.com/komentar/lokalni-izbori-2026-komentar/	Ali u ovakvim uslovima nikada više posmatrača, ljudi spremnih da se bore, uprkos tome što mogu biti napadnuti, povređeni.		Ali u ovakvim uslovima nikada više posmatrača, ljudi spremnih da se bore, uprkos tome što mogu biti napadnuti, povređeni.
vre-4983491-014	vreme	4983491	kolumna	pol-drustvo	komentar	14	21	https://vreme.com/komentar/lokalni-izbori-2026-komentar/	Ovo je test za izbore koji dolaze.		Ovo je test za izbore koji dolaze.
vre-4983491-015	vreme	4983491	kolumna	pol-drustvo	komentar	15	21	https://vreme.com/komentar/lokalni-izbori-2026-komentar/	Teško da će danas, u ovakvim uslovima, SNS izgubiti.		Teško da će danas, u ovakvim uslovima, SNS izgubiti.
vre-4983491-016	vreme	4983491	kolumna	pol-drustvo	komentar	16	21	https://vreme.com/komentar/lokalni-izbori-2026-komentar/	Jedna opština bila bi veliki uspeh.		Jedna opština bila bi veliki uspeh.
vre-4983491-017	vreme	4983491	kolumna	pol-drustvo	komentar	17	21	https://vreme.com/komentar/lokalni-izbori-2026-komentar/	Ali pad glasova je siguran.		Ali pad glasova je siguran.
vre-4983491-018	vreme	4983491	kolumna	pol-drustvo	komentar	18	21	https://vreme.com/komentar/lokalni-izbori-2026-komentar/	Međutim, vidimo da se ona energija od 15. marta 2025. ne rasipa tako lako.		Međutim, vidimo da se ona energija od 15. marta 2025. ne rasipa tako lako.
vre-4965461-000	vreme	4965461	kolumna	pol-drustvo	komentar	0	22	https://vreme.com/komentar/hola-maduro-adios-amigo/	Viši sud u Beogradu je za 4. februar zakazao suđenje Nikoli Selakoviću, ministru kulture optuženim za zloupotrebu položaja i falsificiranje službene isprave u aferi Generalštab.		Viši sud u Beogradu je za 4. februar zakazao suđenje Nikoli Selakoviću, ministru kulture optuženim za zloupotrebu položaja i falsificiranje službene isprave u aferi Generalštab.
vre-4965461-001	vreme	4965461	kolumna	pol-drustvo	komentar	1	22	https://vreme.com/komentar/hola-maduro-adios-amigo/	Tako što Tužilaštvo za organizirani kriminal naziva „blokaderskim ološem“ i „kriminalnom bandom“ koja „ruši državu“.		Tako što Tužilaštvo za organizirani kriminal naziva „blokaderskim ološem“ i „kriminalnom bandom“ koja „ruši državu“.
vre-4965461-002	vreme	4965461	kolumna	pol-drustvo	komentar	2	22	https://vreme.com/komentar/hola-maduro-adios-amigo/	Ustavnopravni poredak Srbije ne čuva Selaković sam.		Ustavnopravni poredak Srbije ne čuva Selaković sam.
vre-4965461-003	vreme	4965461	kolumna	pol-drustvo	komentar	3	22	https://vreme.com/komentar/hola-maduro-adios-amigo/	Rame uz rame s njim je i izvjesni Miroslav Suvalj.		Rame uz rame s njim je i izvjesni Miroslav Suvalj.
vre-4965461-004	vreme	4965461	kolumna	pol-drustvo	komentar	4	22	https://vreme.com/komentar/hola-maduro-adios-amigo/	U zemlji sa ovakvim braniocima poretka Vučić je zbog Venecuele sazvao sjednicu Savjeta za nacionalnu bezbjednost.		U zemlji sa ovakvim braniocima poretka Vučić je zbog Venecuele sazvao sjednicu Savjeta za nacionalnu bezbjednost.
vre-4965461-005	vreme	4965461	kolumna	pol-drustvo	komentar	5	22	https://vreme.com/komentar/hola-maduro-adios-amigo/	Trajala je četrdeset i pet minuta.		Trajala je četrdeset i pet minuta.
vre-4965461-006	vreme	4965461	kolumna	pol-drustvo	komentar	6	22	https://vreme.com/komentar/hola-maduro-adios-amigo/	Trenutno ne postoji opasnost od potencijalne agresije, ali do nje može doći već za nekoliko mjeseci ili godinu dana, poručio je šef države i nebeskog Ćacilenda.		Trenutno ne postoji opasnost od potencijalne agresije, ali do nje može doći već za nekoliko mjeseci ili godinu dana, poručio je šef države i nebeskog Ćacilenda.
vre-4965461-007	vreme	4965461	kolumna	pol-drustvo	komentar	7	22	https://vreme.com/komentar/hola-maduro-adios-amigo/	Međutim, zahvaljujući njemu Vojska Srbije je toliko jaka da će svakom neprijatelju spasti gaće čim je pogleda, posebno alijansi Hrvatske, Albanije i Kosova.		Međutim, zahvaljujući njemu Vojska Srbije je toliko jaka da će svakom neprijatelju spasti gaće čim je pogleda, posebno alijansi Hrvatske, Albanije i Kosova.
vre-5008147-014	vreme	5008147	kolumna	pol-drustvo	komentar	14	27	https://vreme.com/komentar/aleksandar-vucic-izbori-cestitka/	Ili to da niko ne ucenjuje ljude da glasaju ovako ili onako.		Ili to da niko ne ucenjuje ljude da glasaju ovako ili onako.
vre-5008147-015	vreme	5008147	kolumna	pol-drustvo	komentar	15	27	https://vreme.com/komentar/aleksandar-vucic-izbori-cestitka/	Da ne uvozi birače iz susednih zemalja, ne vodi paralelne spiskove, ne pravi bugarske vozove.		Da ne uvozi birače iz susednih zemalja, ne vodi paralelne spiskove, ne pravi bugarske vozove.
vre-5008147-016	vreme	5008147	kolumna	pol-drustvo	komentar	16	27	https://vreme.com/komentar/aleksandar-vucic-izbori-cestitka/	Za razliku od Vučićevog priznanja eventualnog poraza, ovo pobrojano nije u domenu hipoteze.		Za razliku od Vučićevog priznanja eventualnog poraza, ovo pobrojano nije u domenu hipoteze.
vre-5008147-017	vreme	5008147	kolumna	pol-drustvo	komentar	17	27	https://vreme.com/komentar/aleksandar-vucic-izbori-cestitka/	Njegov je režim svaki put hvatan u svim tim nepočinstvima i sada ih već naveliko sprovodi pred, biće, odsudne izbore.		Njegov je režim svaki put hvatan u svim tim nepočinstvima i sada ih već naveliko sprovodi pred, biće, odsudne izbore.
vre-5008147-018	vreme	5008147	kolumna	pol-drustvo	komentar	18	27	https://vreme.com/komentar/aleksandar-vucic-izbori-cestitka/	Pa i tako, uz svu tu kriminalnu prednost koju režim pribavlja, deluje da će trka biti tesna.		Pa i tako, uz svu tu kriminalnu prednost koju režim pribavlja, deluje da će trka biti tesna.
vre-5008147-019	vreme	5008147	kolumna	pol-drustvo	komentar	19	27	https://vreme.com/komentar/aleksandar-vucic-izbori-cestitka/	Tu ne treba biti veliki matematičar pa zaključiti da SNS i sateliti mogu upravo malu odlučujuću prednost steći opisanim marifetlucima.		Tu ne treba biti veliki matematičar pa zaključiti da SNS i sateliti mogu upravo malu odlučujuću prednost steći opisanim marifetlucima.
vre-5008147-020	vreme	5008147	kolumna	pol-drustvo	komentar	20	27	https://vreme.com/komentar/aleksandar-vucic-izbori-cestitka/	Stvar je, dakle, obrnuta od onoga kako Vučićeva propaganda predstavlja.		Stvar je, dakle, obrnuta od onoga kako Vučićeva propaganda predstavlja.
vre-5008147-021	vreme	5008147	kolumna	pol-drustvo	komentar	21	27	https://vreme.com/komentar/aleksandar-vucic-izbori-cestitka/	Neće „blokaderi“ da pogaze narodnu volju nego nju gazi režim, tako što narodu ne dopušta da se izjasni na slobodnim izborima.		Neće „blokaderi“ da pogaze narodnu volju nego nju gazi režim, tako što narodu ne dopušta da se izjasni na slobodnim izborima.
vre-5003073-010	vreme	5003073	kolumna	pol-drustvo	komentar	10	28	https://vreme.com/komentar/tvucni-top-zdravko-ponos-ukp-tuzilastvo-informer/	Glišić je vlast, a nakaradni, staljinistički i nezakoniti progon namijenjen je onim drugima.		Glišić je vlast, a nakaradni, staljinistički i nezakoniti progon namijenjen je onim drugima.
vre-5003073-011	vreme	5003073	kolumna	pol-drustvo	komentar	11	28	https://vreme.com/komentar/tvucni-top-zdravko-ponos-ukp-tuzilastvo-informer/	Sva je prilika da će poslije njih tužilac Živković i UKP započeti sa ispitivanjem građana koji su bili izloženi akustičnom oružju i liječnika koji su im pružili pomoć.		Sva je prilika da će poslije njih tužilac Živković i UKP započeti sa ispitivanjem građana koji su bili izloženi akustičnom oružju i liječnika koji su im pružili pomoć.
vre-5003073-012	vreme	5003073	kolumna	pol-drustvo	komentar	12	28	https://vreme.com/komentar/tvucni-top-zdravko-ponos-ukp-tuzilastvo-informer/	Tako to ide kod Staljina sa Andrićevog venca.		Tako to ide kod Staljina sa Andrićevog venca.
vre-5003073-013	vreme	5003073	kolumna	pol-drustvo	komentar	13	28	https://vreme.com/komentar/tvucni-top-zdravko-ponos-ukp-tuzilastvo-informer/	U slučaju Ponoša, informativni razgovor nije bio dno beščašća.		U slučaju Ponoša, informativni razgovor nije bio dno beščašća.
vre-5003073-014	vreme	5003073	kolumna	pol-drustvo	komentar	14	28	https://vreme.com/komentar/tvucni-top-zdravko-ponos-ukp-tuzilastvo-informer/	Njegov proboj je uslijedio desetak minuta po izlasku lidera SRCE iz policije.		Njegov proboj je uslijedio desetak minuta po izlasku lidera SRCE iz policije.
vre-5003073-015	vreme	5003073	kolumna	pol-drustvo	komentar	15	28	https://vreme.com/komentar/tvucni-top-zdravko-ponos-ukp-tuzilastvo-informer/	Tada je na TV Inforemer D.J. Vučićević pročitao službenu bilješku o Ponoševom iskazu.		Tada je na TV Inforemer D.J. Vučićević pročitao službenu bilješku o Ponoševom iskazu.
vre-5003073-016	vreme	5003073	kolumna	pol-drustvo	komentar	16	28	https://vreme.com/komentar/tvucni-top-zdravko-ponos-ukp-tuzilastvo-informer/	Ima li išta jadnije i poganije?		Ima li išta jadnije i poganije?
vre-5003073-017	vreme	5003073	kolumna	pol-drustvo	komentar	17	28	https://vreme.com/komentar/tvucni-top-zdravko-ponos-ukp-tuzilastvo-informer/	Da narodu bude jasno, vlast bi što prije trebalo da objasni da li opskurni likovi iz Informera imaju policijske značke, a policajci legitimacije Informera?		Da narodu bude jasno, vlast bi što prije trebalo da objasni da li opskurni likovi iz Informera imaju policijske značke, a policajci legitimacije Informera?
vre-5009398-004	vreme	5009398	kolumna	pol-drustvo	komentar	4	13	https://vreme.com/komentar/studentska-lista-parlamentarni-izbori-opozicija-sns/	Studenti su pre dobrih godinu i po dana probudili učmalo društvo i sada „Studentska lista“ maršira ka pobedi.		Studenti su pre dobrih godinu i po dana probudili učmalo društvo i sada „Studentska lista“ maršira ka pobedi.
vre-5009398-005	vreme	5009398	kolumna	pol-drustvo	komentar	5	13	https://vreme.com/komentar/studentska-lista-parlamentarni-izbori-opozicija-sns/	Oni koji je vode samo moraju da se pobrinu da BIA ne uspe da poseje razdor među njima, da se na studentskoj listi za vanredne parlamentarne izbore ne nađu baš potpuni idioti i da pronađu način da sarađuju sa opozicionim političkim partijama koje to zaista jesu.		Oni koji je vode samo moraju da se pobrinu da BIA ne uspe da poseje razdor među njima, da se na studentskoj listi za vanredne parlamentarne izbore ne nađu baš potpuni idioti i da pronađu način da sarađuju sa opozicionim političkim partijama koje to zaista jesu.
vre-5009398-006	vreme	5009398	kolumna	pol-drustvo	komentar	6	13	https://vreme.com/komentar/studentska-lista-parlamentarni-izbori-opozicija-sns/	I da se kada, jednog dana, budu raspisani izbori, istog časa desetine hiljada studenata, onakvi neumorni i nasmejani kakvi jesu, rastrče po celoj Srbiji da šire dobru reč, u pešačkoj kampanji kakvu ova zemlja još videla nije.		I da se kada, jednog dana, budu raspisani izbori, istog časa desetine hiljada studenata, onakvi neumorni i nasmejani kakvi jesu, rastrče po celoj Srbiji da šire dobru reč, u pešačkoj kampanji kakvu ova zemlja još videla nije.
vre-5009398-007	vreme	5009398	kolumna	pol-drustvo	komentar	7	13	https://vreme.com/komentar/studentska-lista-parlamentarni-izbori-opozicija-sns/	Podrazumeva se da izborne tehnikalije, u koje spada, recimo, dovoljan broj obučenih kontrolora, moraju da budu završene na vreme.		Podrazumeva se da izborne tehnikalije, u koje spada, recimo, dovoljan broj obučenih kontrolora, moraju da budu završene na vreme.
vre-5009398-008	vreme	5009398	kolumna	pol-drustvo	komentar	8	13	https://vreme.com/komentar/studentska-lista-parlamentarni-izbori-opozicija-sns/	Za opozicione partije, koje su za 14 godina naprednjačke vlasti uspele da prokockaju gotovo svo poverenje građana, važi samo jedno: ili da završe ukrupnjavanje i postaraju se da niko ko izađe na izbore ne ostane ispod cenzusa ili da ne smetaju i pruže punu podršku „Studentskoj listi“.		Za opozicione partije, koje su za 14 godina naprednjačke vlasti uspele da prokockaju gotovo svo poverenje građana, važi samo jedno: ili da završe ukrupnjavanje i postaraju se da niko ko izađe na izbore ne ostane ispod cenzusa ili da ne smetaju i pruže punu podršku „Studentskoj listi“.
vre-5009398-009	vreme	5009398	kolumna	pol-drustvo	komentar	9	13	https://vreme.com/komentar/studentska-lista-parlamentarni-izbori-opozicija-sns/	I da se ne svađaju u javnosti kao da su u kafani.		I da se ne svađaju u javnosti kao da su u kafani.
vre-5009398-010	vreme	5009398	kolumna	pol-drustvo	komentar	10	13	https://vreme.com/komentar/studentska-lista-parlamentarni-izbori-opozicija-sns/	Partije okupljene oko Vučića su odavno iscrpele svoj rezervoar birača, ne polazi im za rukom da pridobiju nove.		Partije okupljene oko Vučića su odavno iscrpele svoj rezervoar birača, ne polazi im za rukom da pridobiju nove.
vre-5009398-011	vreme	5009398	kolumna	pol-drustvo	komentar	11	13	https://vreme.com/komentar/studentska-lista-parlamentarni-izbori-opozicija-sns/	Oni koji su protiv režima imaju veliku šansu da sve do sada nezainteresovane ili neopredeljene ili neverne i razočarane pokrenu do glasačkih kutija da zaokruže nadu u budućnost.		Oni koji su protiv režima imaju veliku šansu da sve do sada nezainteresovane ili neopredeljene ili neverne i razočarane pokrenu do glasačkih kutija da zaokruže nadu u budućnost.
vre-5012460-014	vreme	5012460	kolumna	pol-drustvo	komentar	14	34	https://vreme.com/komentar/aleksandar-vucic-predizborna-kampanjatrijumf-volje-nad-rusevinama-republike/	Lišen emocija i moralnih ograda izvređao je pred kamerama i nesrećnog čoveka i njegovog mrtvog sina.		Lišen emocija i moralnih ograda izvređao je pred kamerama i nesrećnog čoveka i njegovog mrtvog sina.
vre-5012460-015	vreme	5012460	kolumna	pol-drustvo	komentar	15	34	https://vreme.com/komentar/aleksandar-vucic-predizborna-kampanjatrijumf-volje-nad-rusevinama-republike/	Posle je Vučićeva partija organizovala istovarivanje smeća pred kućom  Mlomira Milivojevića.		Posle je Vučićeva partija organizovala istovarivanje smeća pred kućom  Mlomira Milivojevića.
vre-5012460-016	vreme	5012460	kolumna	pol-drustvo	komentar	16	34	https://vreme.com/komentar/aleksandar-vucic-predizborna-kampanjatrijumf-volje-nad-rusevinama-republike/	Psihologija, naravno, ima jasnu dijagnozu za osobe lišene emocija.		Psihologija, naravno, ima jasnu dijagnozu za osobe lišene emocija.
vre-5012460-017	vreme	5012460	kolumna	pol-drustvo	komentar	17	34	https://vreme.com/komentar/aleksandar-vucic-predizborna-kampanjatrijumf-volje-nad-rusevinama-republike/	Ali ovde nije reč o postavljanju dijagnoze, nego o porukama koje besramni Vučićevi gestovi nose.		Ali ovde nije reč o postavljanju dijagnoze, nego o porukama koje besramni Vučićevi gestovi nose.
vre-5012460-018	vreme	5012460	kolumna	pol-drustvo	komentar	18	34	https://vreme.com/komentar/aleksandar-vucic-predizborna-kampanjatrijumf-volje-nad-rusevinama-republike/	Predsednik Republike je, naime, naložio direktorki RFZO da ga „ne maltrtira procedurama birokratskim“.		Predsednik Republike je, naime, naložio direktorki RFZO da ga „ne maltrtira procedurama birokratskim“.
vre-5012460-019	vreme	5012460	kolumna	pol-drustvo	komentar	19	34	https://vreme.com/komentar/aleksandar-vucic-predizborna-kampanjatrijumf-volje-nad-rusevinama-republike/	Drugim rečima, da se ne obazire na propise.		Drugim rečima, da se ne obazire na propise.
vre-5012460-020	vreme	5012460	kolumna	pol-drustvo	komentar	20	34	https://vreme.com/komentar/aleksandar-vucic-predizborna-kampanjatrijumf-volje-nad-rusevinama-republike/	Trećim rečima, da ne poštuje zakon.		Trećim rečima, da ne poštuje zakon.
vre-5012460-021	vreme	5012460	kolumna	pol-drustvo	komentar	21	34	https://vreme.com/komentar/aleksandar-vucic-predizborna-kampanjatrijumf-volje-nad-rusevinama-republike/	Uz to, visoki državni službenik direktno komunicira s narodom, bez posrednika.		Uz to, visoki državni službenik direktno komunicira s narodom, bez posrednika.
vre-4999756-009	vreme	4999756	kolumna	pol-drustvo	komentar	9	25	https://vreme.com/komentar/vucicev-sibicarski-autoportret/	Konkretno: na posebnim predsjedničkim izborima svaki njegov izabranik djelovao bi poput maloljetnika u čije ime govori strogi otac.		Konkretno: na posebnim predsjedničkim izborima svaki njegov izabranik djelovao bi poput maloljetnika u čije ime govori strogi otac.
vre-4999756-010	vreme	4999756	kolumna	pol-drustvo	komentar	10	25	https://vreme.com/komentar/vucicev-sibicarski-autoportret/	Takav kandidat ne može pobijediti, već jedino gurnuti SNS u gubitničku poziciju na sljedećim parlamentarnim izborima.		Takav kandidat ne može pobijediti, već jedino gurnuti SNS u gubitničku poziciju na sljedećim parlamentarnim izborima.
vre-4999756-011	vreme	4999756	kolumna	pol-drustvo	komentar	11	25	https://vreme.com/komentar/vucicev-sibicarski-autoportret/	Aktualni šef države i cijelog Ćacilenda zato mora spojiti predsjedničke i parlamentarne izbora.		Aktualni šef države i cijelog Ćacilenda zato mora spojiti predsjedničke i parlamentarne izbora.
vre-4999756-012	vreme	4999756	kolumna	pol-drustvo	komentar	12	25	https://vreme.com/komentar/vucicev-sibicarski-autoportret/	Pošto mu mandat ističe 31. maja 2027, njihovo održavanje vjerojatnije je krajem ove, nego u rano proljeće naredne godine.		Pošto mu mandat ističe 31. maja 2027, njihovo održavanje vjerojatnije je krajem ove, nego u rano proljeće naredne godine.
vre-4999756-013	vreme	4999756	kolumna	pol-drustvo	komentar	13	25	https://vreme.com/komentar/vucicev-sibicarski-autoportret/	Računica je jednostavna: većina naroda ili je za Vučića ili protiv njega, a on sebe smatra nepobjedivim.		Računica je jednostavna: većina naroda ili je za Vučića ili protiv njega, a on sebe smatra nepobjedivim.
vre-4999756-014	vreme	4999756	kolumna	pol-drustvo	komentar	14	25	https://vreme.com/komentar/vucicev-sibicarski-autoportret/	Ovo je ključni razlog zbog kojeg Vučić neće zasjesti u fotelju koju mu je grijao Đuro Macut, dići noge na stol i otpiti čaj od kamilice.		Ovo je ključni razlog zbog kojeg Vučić neće zasjesti u fotelju koju mu je grijao Đuro Macut, dići noge na stol i otpiti čaj od kamilice.
vre-4999756-015	vreme	4999756	kolumna	pol-drustvo	komentar	15	25	https://vreme.com/komentar/vucicev-sibicarski-autoportret/	Pored toga, postao bi treći premijer izabran u istom skupštinskom sazivu sa mandatom maksimalno dugim godinu dana.		Pored toga, postao bi treći premijer izabran u istom skupštinskom sazivu sa mandatom maksimalno dugim godinu dana.
vre-4999756-016	vreme	4999756	kolumna	pol-drustvo	komentar	16	25	https://vreme.com/komentar/vucicev-sibicarski-autoportret/	Nije baš nešto, zar ne?		Nije baš nešto, zar ne?
vre-5006296-009	vreme	5006296	kolumna	pol-drustvo	komentar	9	17	https://vreme.com/komentar/aleksandar-vucic-skoda-predizborna-kampanja-sns/	I škodom što vredi dve-tri hiljade evra će predsednik biti u kontrastu prema halapljivoj sviti, recimo sopstvenom kumu koji je onomad drogiran slupao meklaren od valjda pola miliona evra.		I škodom što vredi dve-tri hiljade evra će predsednik biti u kontrastu prema halapljivoj sviti, recimo sopstvenom kumu koji je onomad drogiran slupao meklaren od valjda pola miliona evra.
vre-5006296-010	vreme	5006296	kolumna	pol-drustvo	komentar	10	17	https://vreme.com/komentar/aleksandar-vucic-skoda-predizborna-kampanja-sns/	To može da prođe samo u stanju propagandnog ispiranja mozga jer od publike valja načiniti trostruke slepce koji, prvo, misle da predsednik ništa nema sa dekadentno bogatom elitom koja se oko njega nakrala narodnih para.		To može da prođe samo u stanju propagandnog ispiranja mozga jer od publike valja načiniti trostruke slepce koji, prvo, misle da predsednik ništa nema sa dekadentno bogatom elitom koja se oko njega nakrala narodnih para.
vre-5006296-011	vreme	5006296	kolumna	pol-drustvo	komentar	11	17	https://vreme.com/komentar/aleksandar-vucic-skoda-predizborna-kampanja-sns/	I, treće, potrebno je da ciljna publika ne uvidi koliko stvar loše govori o vladavini prvog među nama jer auto star dvadeset godina i vredan dve-tri hiljade evra i jeste srpski prosek posle petnaest godina ove vlasti.		I, treće, potrebno je da ciljna publika ne uvidi koliko stvar loše govori o vladavini prvog među nama jer auto star dvadeset godina i vredan dve-tri hiljade evra i jeste srpski prosek posle petnaest godina ove vlasti.
vre-5006296-012	vreme	5006296	kolumna	pol-drustvo	komentar	12	17	https://vreme.com/komentar/aleksandar-vucic-skoda-predizborna-kampanja-sns/	U pohodu škodom tako nema ničeg novog, ali ima potvrde da Vučić cilja još samo svoje hardkor biračko telo koje, kako pokazuju istraživanja, čine penzioneri i ljudi bez završene osmoljetke koji opsesivno gledaju zvanične televizijske kanale.		U pohodu škodom tako nema ničeg novog, ali ima potvrde da Vučić cilja još samo svoje hardkor biračko telo koje, kako pokazuju istraživanja, čine penzioneri i ljudi bez završene osmoljetke koji opsesivno gledaju zvanične televizijske kanale.
vre-5006296-013	vreme	5006296	kolumna	pol-drustvo	komentar	13	17	https://vreme.com/komentar/aleksandar-vucic-skoda-predizborna-kampanja-sns/	Dok paralelno traje odmazda prema svakome ko pisne, onaj paradni deo kampanje (koji će režimski mediji prenositi direktno sa predsedničkog Instagrama) biće otužniji nego ikad.		Dok paralelno traje odmazda prema svakome ko pisne, onaj paradni deo kampanje (koji će režimski mediji prenositi direktno sa predsedničkog Instagrama) biće otužniji nego ikad.
vre-5006296-014	vreme	5006296	kolumna	pol-drustvo	komentar	14	17	https://vreme.com/komentar/aleksandar-vucic-skoda-predizborna-kampanja-sns/	Sa setom ćemo se sećati onoga kad je gologlavi Vučić celih deset metara nosio dete po smetovima Feketića ili kada je, to je bilo čak i vickasto, u Pinkovom studiju izlazio iz frižidera.		Sa setom ćemo se sećati onoga kad je gologlavi Vučić celih deset metara nosio dete po smetovima Feketića ili kada je, to je bilo čak i vickasto, u Pinkovom studiju izlazio iz frižidera.
vre-5006296-015	vreme	5006296	kolumna	pol-drustvo	komentar	15	17	https://vreme.com/komentar/aleksandar-vucic-skoda-predizborna-kampanja-sns/	Sto evra svima i milina!		Sto evra svima i milina!
vre-5006296-016	vreme	5006296	kolumna	pol-drustvo	komentar	16	17	https://vreme.com/komentar/aleksandar-vucic-skoda-predizborna-kampanja-sns/	Ako je narod siromašan neka vidi da je predsednik kao oni, u staroj škodi, i jedina je razlika što ima odevni fundus pa su tamo malo skuplji karirani sakoi i patike-cipele, ali to je radi državničkih poslova.		Ako je narod siromašan neka vidi da je predsednik kao oni, u staroj škodi, i jedina je razlika što ima odevni fundus pa su tamo malo skuplji karirani sakoi i patike-cipele, ali to je radi državničkih poslova.
vre-5008262-015	vreme	5008262	kolumna	pol-drustvo	komentar	15	31	https://vreme.com/komentar/milic-krickak-sukob-policija-vucic-kriza-u-mup/	Također, u svojoj objavi teško je optužio Milića.		Također, u svojoj objavi teško je optužio Milića.
vre-5008262-016	vreme	5008262	kolumna	pol-drustvo	komentar	16	31	https://vreme.com/komentar/milic-krickak-sukob-policija-vucic-kriza-u-mup/	Kako je službeno utvrđeno, njegove tvrdnje polovično su bile točne.		Kako je službeno utvrđeno, njegove tvrdnje polovično su bile točne.
vre-5008262-017	vreme	5008262	kolumna	pol-drustvo	komentar	17	31	https://vreme.com/komentar/milic-krickak-sukob-policija-vucic-kriza-u-mup/	Ali i dalje nije poznato otkud mu saznanja.		Ali i dalje nije poznato otkud mu saznanja.
vre-5008262-018	vreme	5008262	kolumna	pol-drustvo	komentar	18	31	https://vreme.com/komentar/milic-krickak-sukob-policija-vucic-kriza-u-mup/	Ako je istina to što je Milić naveo u krivičnoj prijavi, zbog Krička je bio zatvoren i – kako to već ide – odletio sa funkcije.		Ako je istina to što je Milić naveo u krivičnoj prijavi, zbog Krička je bio zatvoren i – kako to već ide – odletio sa funkcije.
vre-5008262-019	vreme	5008262	kolumna	pol-drustvo	komentar	19	31	https://vreme.com/komentar/milic-krickak-sukob-policija-vucic-kriza-u-mup/	Još mu je gori gubitak ogromnog uticaja.		Još mu je gori gubitak ogromnog uticaja.
vre-5008262-020	vreme	5008262	kolumna	pol-drustvo	komentar	20	31	https://vreme.com/komentar/milic-krickak-sukob-policija-vucic-kriza-u-mup/	Da li Kričak može pobjednički dići ruke u ringu?		Da li Kričak može pobjednički dići ruke u ringu?
vre-5008262-021	vreme	5008262	kolumna	pol-drustvo	komentar	21	31	https://vreme.com/komentar/milic-krickak-sukob-policija-vucic-kriza-u-mup/	Ili je započeo revanš za očuvanje rejtinga u sivoj zoni režima?		Ili je započeo revanš za očuvanje rejtinga u sivoj zoni režima?
vre-5008262-022	vreme	5008262	kolumna	pol-drustvo	komentar	22	31	https://vreme.com/komentar/milic-krickak-sukob-policija-vucic-kriza-u-mup/	Može li se u tom kontekstu zamisliti da Milić iziđe sa svojim saznanjima o Kričkovim brutalnim postupcima protiv Nikoline Sinđelić i drugih studenata u garaži vlade Srbije prošlog ljeta?		Može li se u tom kontekstu zamisliti da Milić iziđe sa svojim saznanjima o Kričkovim brutalnim postupcima protiv Nikoline Sinđelić i drugih studenata u garaži vlade Srbije prošlog ljeta?
vre-4934233-023	vreme	4934233	kolumna	kultura	kultura	23	43	https://vreme.com/kultura/preziveti-pesmu/	Odbila je producentov predlog da je ubrza i/li skrati (dobrano premašila pet minuta), ne mareći za moguću popularnost.		Odbila je producentov predlog da je ubrza i/li skrati (dobrano premašila pet minuta), ne mareći za moguću popularnost.
vre-4934233-024	vreme	4934233	kolumna	kultura	kultura	24	43	https://vreme.com/kultura/preziveti-pesmu/	Pesmu je gotovo dekonstruisala, dugo pre nego što će to postati uobičajeno u soulu, i dovesti i do izvanrednih obrada kao što su “Nights In White Satin” Beti Lavet i “Ako znaš bilo što” Amire Medunjanin.		Pesmu je gotovo dekonstruisala, dugo pre nego što će to postati uobičajeno u soulu, i dovesti i do izvanrednih obrada kao što su “Nights In White Satin” Beti Lavet i “Ako znaš bilo što” Amire Medunjanin.
vre-4934233-025	vreme	4934233	kolumna	kultura	kultura	25	43	https://vreme.com/kultura/preziveti-pesmu/	Zapravo, Klint Istvud je Robertinu “The First Time…” čuo na radiju dok je vozio, kasnije joj je telefonirao, dogovorili su se za cenu (2000 USD), ona je predložila da pesmu ponovo snimi “jer je previše spora”, ali je Klint to odbio.		Zapravo, Klint Istvud je Robertinu “The First Time…” čuo na radiju dok je vozio, kasnije joj je telefonirao, dogovorili su se za cenu (2000 USD), ona je predložila da pesmu ponovo snimi “jer je previše spora”, ali je Klint to odbio.
vre-4934233-026	vreme	4934233	kolumna	kultura	kultura	26	43	https://vreme.com/kultura/preziveti-pesmu/	Uzgred, njegova sklonost džezu i rediteljski potencijali tada još nisu bili poznati.		Uzgred, njegova sklonost džezu i rediteljski potencijali tada još nisu bili poznati.
vre-4934233-027	vreme	4934233	kolumna	kultura	kultura	27	43	https://vreme.com/kultura/preziveti-pesmu/	Istvudov režiserski debi Play Misty For Me (1971, kod nas kratko u bioskopima pod naslovom Jeza u noći, triler za preporuku ljubiteljima E. A. Poa i pijaniste Erola Garnera i njegovog standarda “Misty”), sadrži i romantičnu ljubavnu sekvencu koja se u ono vreme smatrala slobodnijom.		Istvudov režiserski debi Play Misty For Me (1971, kod nas kratko u bioskopima pod naslovom Jeza u noći, triler za preporuku ljubiteljima E. A. Poa i pijaniste Erola Garnera i njegovog standarda “Misty”), sadrži i romantičnu ljubavnu sekvencu koja se u ono vreme smatrala slobodnijom.
vre-4934233-028	vreme	4934233	kolumna	kultura	kultura	28	43	https://vreme.com/kultura/preziveti-pesmu/	Upravo za te prizore upotrebio je “The First Time…” a uspeh filma nagnao je disko-kuću da pesmu objavi i kao singl, te ona, nasuprot svim “pravilima”, nadmašuje domet tog filma, razbija top-liste i postaje najprodavanija ploča 1972, povukavši i matični LP na vrh i do milionskih tiraža.		Upravo za te prizore upotrebio je “The First Time…” a uspeh filma nagnao je disko-kuću da pesmu objavi i kao singl, te ona, nasuprot svim “pravilima”, nadmašuje domet tog filma, razbija top-liste i postaje najprodavanija ploča 1972, povukavši i matični LP na vrh i do milionskih tiraža.
vre-4934233-029	vreme	4934233	kolumna	kultura	kultura	29	43	https://vreme.com/kultura/preziveti-pesmu/	Sledeće godine Roberta dobija nagradu Gremi za “The First Time…”, Klint joj ostaje prijatelj i obožavalac, a deceniju kasnije zove je za završnu numeru za “Iznenadni udar”, film iz serijala o Prljavom Hariju.		Sledeće godine Roberta dobija nagradu Gremi za “The First Time…”, Klint joj ostaje prijatelj i obožavalac, a deceniju kasnije zove je za završnu numeru za “Iznenadni udar”, film iz serijala o Prljavom Hariju.
vre-4934233-030	vreme	4934233	kolumna	kultura	kultura	30	43	https://vreme.com/kultura/preziveti-pesmu/	Nikako se, međutim, nije izležavala na lovorikama, već je te iste 1973. objavila još veći hit “Killing Me Softly With His Song” i svoj najprodavaniji album Killing Me Softly (“Atlantik”); prva je dva puta uzastopce dobila nagradu Gremi u istoj kategoriji – ploča godine.		Nikako se, međutim, nije izležavala na lovorikama, već je te iste 1973. objavila još veći hit “Killing Me Softly With His Song” i svoj najprodavaniji album Killing Me Softly (“Atlantik”); prva je dva puta uzastopce dobila nagradu Gremi u istoj kategoriji – ploča godine.
vre-4939623-009	vreme	4939623	kolumna	kultura	kultura	9	21	https://vreme.com/kultura/od-ministarstva-kulture-samo-za-aju-jung-i-folklor/	Minja Bogavac, dramska spisateljica i rediteljka, kaže za „Vreme“ da je „Ministarstvo ovog puta otvoreno pokazalo da pumpa, to jest da nije zadovoljno radom institucija, kao što su Bitef teatar ili Srpskog narodnog pozorišta.		Minja Bogavac, dramska spisateljica i rediteljka, kaže za „Vreme“ da je „Ministarstvo ovog puta otvoreno pokazalo da pumpa, to jest da nije zadovoljno radom institucija, kao što su Bitef teatar ili Srpskog narodnog pozorišta.
vre-4939623-010	vreme	4939623	kolumna	kultura	kultura	10	21	https://vreme.com/kultura/od-ministarstva-kulture-samo-za-aju-jung-i-folklor/	Bogavac nabraja da „nakon toga sledi podrška SNS manifestacijama i imaginarnom GONGO triju koga čine Nevladina organizacija Džeger, Nevladina organizacija Lenon i Nevladina organizacija Artiva.		Bogavac nabraja da „nakon toga sledi podrška SNS manifestacijama i imaginarnom GONGO triju koga čine Nevladina organizacija Džeger, Nevladina organizacija Lenon i Nevladina organizacija Artiva.
vre-4939623-011	vreme	4939623	kolumna	kultura	kultura	11	21	https://vreme.com/kultura/od-ministarstva-kulture-samo-za-aju-jung-i-folklor/	„Sredstva nije dobila ni jedna relevantna organizacija koja se zaista bavi umetničkom igrom“, ističe Minja Bogavac i skreće pažnju na to kako je podeljen novac.		„Sredstva nije dobila ni jedna relevantna organizacija koja se zaista bavi umetničkom igrom“, ističe Minja Bogavac i skreće pažnju na to kako je podeljen novac.
vre-4939623-012	vreme	4939623	kolumna	kultura	kultura	12	21	https://vreme.com/kultura/od-ministarstva-kulture-samo-za-aju-jung-i-folklor/	„Najveći grant, takozvani Jung, nagrađen je sa sedam miliona, a prvi sledeći iznosi manje od milion, da bi se zatim nekom sićom podmirilo više desetina KUD-ova i folklornih festivala.		„Najveći grant, takozvani Jung, nagrađen je sa sedam miliona, a prvi sledeći iznosi manje od milion, da bi se zatim nekom sićom podmirilo više desetina KUD-ova i folklornih festivala.
vre-4939623-013	vreme	4939623	kolumna	kultura	kultura	13	21	https://vreme.com/kultura/od-ministarstva-kulture-samo-za-aju-jung-i-folklor/	Iako su konkursi Ministarstva kulture odavno sporni, ovoga puta Ministarstvo je obrnulo igricu: više nema ni pokušaja da se prave da su barem delimično objektivni ili da delimično rade po zakonu.	Y	„Iako su konkursi Ministarstva kulture odavno sporni, ovoga puta Ministarstvo je obrnulo igricu: više nema ni pokušaja da se prave da su barem delimično objektivni ili da delimično rade po zakonu.“
vre-4939623-014	vreme	4939623	kolumna	kultura	kultura	14	21	https://vreme.com/kultura/od-ministarstva-kulture-samo-za-aju-jung-i-folklor/	Ne moraš biti umetnički igrač da bi ti bilo jasno koja se igra ovde igra.	Y	„Ne moraš biti umetnički igrač da bi ti bilo jasno koja se igra ovde igra.“
vre-4939623-015	vreme	4939623	kolumna	kultura	kultura	15	21	https://vreme.com/kultura/od-ministarstva-kulture-samo-za-aju-jung-i-folklor/	Stanica – servis za savremeni ples, reprezentativno udruženje i najznačajnija organizacija u oblasti savremenog plesa, neće dobiti novac od države ni za jedan projekat.		Stanica – servis za savremeni ples, reprezentativno udruženje i najznačajnija organizacija u oblasti savremenog plesa, neće dobiti novac od države ni za jedan projekat.
vre-4939623-016	vreme	4939623	kolumna	kultura	kultura	16	21	https://vreme.com/kultura/od-ministarstva-kulture-samo-za-aju-jung-i-folklor/	Marijana Cvetković, koja je osnovala Stanicu, navodi da je „ove godine, od ukupno 42 miliona dinara, preko 24 milina dato je za folklor.		Marijana Cvetković, koja je osnovala Stanicu, navodi da je „ove godine, od ukupno 42 miliona dinara, preko 24 milina dato je za folklor.
vre-4932680-039	vreme	4932680	kolumna	kultura	kultura	39	51	https://vreme.com/kultura/previse-pametni-da-bi-bili-zvezde/	Steve McQueen je 3. septembra te godine u Sjedinjenim Američkim Državama objavila kuća “Epic Records”, i to pod nazivom Two Wheels Good, u strahu od pravnog spora sa naslednicima Stiva Mekvina.		Steve McQueen je 3. septembra te godine u Sjedinjenim Američkim Državama objavila kuća “Epic Records”, i to pod nazivom Two Wheels Good, u strahu od pravnog spora sa naslednicima Stiva Mekvina.
vre-4932680-040	vreme	4932680	kolumna	kultura	kultura	40	51	https://vreme.com/kultura/previse-pametni-da-bi-bili-zvezde/	Ognjenka Lakićević, pesnikinja i frontmenka benda “Autopark”, takođe je fan Pedijeve muzike, ali i njegovih tekstova. “Pesme ‘When Love Breaks Down’ i ‘Bonny’ pravi su dragulji pop muzike, ali stvar sa albuma Steve McQueen koja je na mene ostavila najjači utisak jeste ’Goodbye Lucille #1’ .		Ognjenka Lakićević, pesnikinja i frontmenka benda “Autopark”, takođe je fan Pedijeve muzike, ali i njegovih tekstova. “Pesme ‘When Love Breaks Down’ i ‘Bonny’ pravi su dragulji pop muzike, ali stvar sa albuma Steve McQueen koja je na mene ostavila najjači utisak jeste ’Goodbye Lucille #1’ .
vre-4932680-041	vreme	4932680	kolumna	kultura	kultura	41	51	https://vreme.com/kultura/previse-pametni-da-bi-bili-zvezde/	I još sve sa konstantnim, upornim, predivnim bekvokalom Vendi Smit oh Johnny Johnny Johnny, koji ide kroz celu pesmu.		I još sve sa konstantnim, upornim, predivnim bekvokalom Vendi Smit oh Johnny Johnny Johnny, koji ide kroz celu pesmu.
vre-4932680-042	vreme	4932680	kolumna	kultura	kultura	42	51	https://vreme.com/kultura/previse-pametni-da-bi-bili-zvezde/	Nema razlike u osećanju kada sam je prvi put čula tamo negde devedesetih i sada – i dalje ostanem naježena.		Nema razlike u osećanju kada sam je prvi put čula tamo negde devedesetih i sada – i dalje ostanem naježena.
vre-4932680-043	vreme	4932680	kolumna	kultura	kultura	43	51	https://vreme.com/kultura/previse-pametni-da-bi-bili-zvezde/	Nikad nisam razumela zašto ‘Prefab Sprout’, kao ni, recimo, australijski bend ‘The Go-Betweens’, nije bio planetarno popularan, ono, jutarnji program i slično.		Nikad nisam razumela zašto ‘Prefab Sprout’, kao ni, recimo, australijski bend ‘The Go-Betweens’, nije bio planetarno popularan, ono, jutarnji program i slično.
vre-4932680-044	vreme	4932680	kolumna	kultura	kultura	44	51	https://vreme.com/kultura/previse-pametni-da-bi-bili-zvezde/	Pa to je najlepši pop.		Pa to je najlepši pop.
vre-4932680-045	vreme	4932680	kolumna	kultura	kultura	45	51	https://vreme.com/kultura/previse-pametni-da-bi-bili-zvezde/	Najlepši pop sa, doduše, jednim malim obrtom, suptilnom, začudnom stranputicom, koja ga je možda otela od mejnstrima i šire publike, ali i zauvek smestila u moje srce.		Najlepši pop sa, doduše, jednim malim obrtom, suptilnom, začudnom stranputicom, koja ga je možda otela od mejnstrima i šire publike, ali i zauvek smestila u moje srce.
vre-4932680-046	vreme	4932680	kolumna	kultura	kultura	46	51	https://vreme.com/kultura/previse-pametni-da-bi-bili-zvezde/	Čista, nežna lepota”, kaže Ognjenka Lakićević za “Vreme”.		Čista, nežna lepota”, kaže Ognjenka Lakićević za “Vreme”.
vre-4928805-006	vreme	4928805	kolumna	kultura	kultura	6	15	https://vreme.com/kultura/zasto-na-festivalu-u-vrnjackoj-banji-dominiraju-filmovi-zeljka-mitrovica/	Naveo je da su to Majka Mara, Megdan i Monca 2.		Naveo je da su to Majka Mara, Megdan i Monca 2.
vre-4928805-007	vreme	4928805	kolumna	kultura	kultura	7	15	https://vreme.com/kultura/zasto-na-festivalu-u-vrnjackoj-banji-dominiraju-filmovi-zeljka-mitrovica/	Prema podacima sa sajta Filmskog centra Srbije, ima još filmova koji su završeni između dva festivala, a nisu poslali prijavu za učešće na ovogodišnjoj Vrnjačkoj banji.		Prema podacima sa sajta Filmskog centra Srbije, ima još filmova koji su završeni između dva festivala, a nisu poslali prijavu za učešće na ovogodišnjoj Vrnjačkoj banji.
vre-4928805-008	vreme	4928805	kolumna	kultura	kultura	8	15	https://vreme.com/kultura/zasto-na-festivalu-u-vrnjackoj-banji-dominiraju-filmovi-zeljka-mitrovica/	To su: 78 dana, Mačji krik, Među bogovima, Sunce nikad više – koji su prikazani prošle godine, i Kako je ovde tako zeleno, Linije želje, Oče naš, Restitucija, ili San i java stare garde, Sorella di clausura, i Vetre pričaj sa mnom.		To su: 78 dana, Mačji krik, Među bogovima, Sunce nikad više – koji su prikazani prošle godine, i Kako je ovde tako zeleno, Linije želje, Oče naš, Restitucija, ili San i java stare garde, Sorella di clausura, i Vetre pričaj sa mnom.
vre-4928805-009	vreme	4928805	kolumna	kultura	kultura	9	15	https://vreme.com/kultura/zasto-na-festivalu-u-vrnjackoj-banji-dominiraju-filmovi-zeljka-mitrovica/	Zašto se nisu prijavili na Festival scenarija nismo proveravali, u uverenju da imaju neki dobar i opravdan razlog.		Zašto se nisu prijavili na Festival scenarija nismo proveravali, u uverenju da imaju neki dobar i opravdan razlog.
vre-4928805-010	vreme	4928805	kolumna	kultura	kultura	10	15	https://vreme.com/kultura/zasto-na-festivalu-u-vrnjackoj-banji-dominiraju-filmovi-zeljka-mitrovica/	Nijedan od navedenih filmova nje produkcija Željka Mitrovića.		Nijedan od navedenih filmova nje produkcija Željka Mitrovića.
vre-4928805-011	vreme	4928805	kolumna	kultura	kultura	11	15	https://vreme.com/kultura/zasto-na-festivalu-u-vrnjackoj-banji-dominiraju-filmovi-zeljka-mitrovica/	Zapravo na sajtu FCS-a ni jedan naslov nije bio iz „Apollon Media“.		Zapravo na sajtu FCS-a ni jedan naslov nije bio iz „Apollon Media“.
vre-4928805-012	vreme	4928805	kolumna	kultura	kultura	12	15	https://vreme.com/kultura/zasto-na-festivalu-u-vrnjackoj-banji-dominiraju-filmovi-zeljka-mitrovica/	Ali zato Marko Jovičić jeste.		Ali zato Marko Jovičić jeste.
vre-4928805-013	vreme	4928805	kolumna	kultura	kultura	13	15	https://vreme.com/kultura/zasto-na-festivalu-u-vrnjackoj-banji-dominiraju-filmovi-zeljka-mitrovica/	Ovaj mladi glumac reditelj i producent je v. d. direktor Teatra Odeon i reditelj predstava ovog pozorišta Željka Mitrovića.		Ovaj mladi glumac reditelj i producent je v. d. direktor Teatra Odeon i reditelj predstava ovog pozorišta Željka Mitrovića.
vre-4950725-001	vreme	4950725	kolumna	kultura	kultura	1	11	https://vreme.com/kultura/bokanov-upravni-odbor-nema-legitimitet/	Narodno pozorište u Beogradu trenutno je bez Upravnog odbora.		Narodno pozorište u Beogradu trenutno je bez Upravnog odbora.
vre-4950725-002	vreme	4950725	kolumna	kultura	kultura	2	11	https://vreme.com/kultura/bokanov-upravni-odbor-nema-legitimitet/	Umesto pet članova ima samo tri, što znači da nema legitimitet.		Umesto pet članova ima samo tri, što znači da nema legitimitet.
vre-4950725-003	vreme	4950725	kolumna	kultura	kultura	3	11	https://vreme.com/kultura/bokanov-upravni-odbor-nema-legitimitet/	Početkom oktobra ostavku na mesto člana Upravnog odbora dala je Iva Bojović Petković, a sticajem okolnosti, ovo telo je ostalo i bez Nataše Madžarević Mijailović.		Početkom oktobra ostavku na mesto člana Upravnog odbora dala je Iva Bojović Petković, a sticajem okolnosti, ovo telo je ostalo i bez Nataše Madžarević Mijailović.
vre-4950725-004	vreme	4950725	kolumna	kultura	kultura	4	11	https://vreme.com/kultura/bokanov-upravni-odbor-nema-legitimitet/	Po zakonu, četiri člana imenuje Ministarstvo kulture, a peti je iz redova zaposlenih koga bira reprezentativni sindikat, u ovom slučaju Granski sindikat kulture, umetnosti i medija „Nezavisnost“.		Po zakonu, četiri člana imenuje Ministarstvo kulture, a peti je iz redova zaposlenih koga bira reprezentativni sindikat, u ovom slučaju Granski sindikat kulture, umetnosti i medija „Nezavisnost“.
vre-4950725-005	vreme	4950725	kolumna	kultura	kultura	5	11	https://vreme.com/kultura/bokanov-upravni-odbor-nema-legitimitet/	To je bila Nataša Madžarević Mijailović.		To je bila Nataša Madžarević Mijailović.
vre-4950725-006	vreme	4950725	kolumna	kultura	kultura	6	11	https://vreme.com/kultura/bokanov-upravni-odbor-nema-legitimitet/	Granski sindikat kulture, umetnosti i medija „Nezavisnost“ 18. jula doneo odluku da povuče svoju predstavnicu Natašu Madžarević Mijailović iz Upravnog odbora, reagujući na odluku Ministarstva kulture da Dragoslava Bokana postavi za predsednika Upravnog odbora.		Granski sindikat kulture, umetnosti i medija „Nezavisnost“ 18. jula doneo odluku da povuče svoju predstavnicu Natašu Madžarević Mijailović iz Upravnog odbora, reagujući na odluku Ministarstva kulture da Dragoslava Bokana postavi za predsednika Upravnog odbora.
vre-4950725-007	vreme	4950725	kolumna	kultura	kultura	7	11	https://vreme.com/kultura/bokanov-upravni-odbor-nema-legitimitet/	Tim činom, Upravni odbor Narodnog pozorišta ostao je bez člana koji dolazi iz redova zaposlenih, što znači da telo više ne ispunjava zakonske uslove o svom sastavu.		Tim činom, Upravni odbor Narodnog pozorišta ostao je bez člana koji dolazi iz redova zaposlenih, što znači da telo više ne ispunjava zakonske uslove o svom sastavu.
vre-4950725-008	vreme	4950725	kolumna	kultura	kultura	8	11	https://vreme.com/kultura/bokanov-upravni-odbor-nema-legitimitet/	Naglašavaju da „prema propisima, Upravni odbor Narodnog pozorišta mora da ima predstavnika zaposlenih izabranog od strane reprezentativnog sindikata.		Naglašavaju da „prema propisima, Upravni odbor Narodnog pozorišta mora da ima predstavnika zaposlenih izabranog od strane reprezentativnog sindikata.
vre-4948477-004	vreme	4948477	kolumna	kultura	kultura	4	24	https://vreme.com/kultura/kako-je-otvoren-sajam-knjiga-a-kako-alternativni-sajam/	Naime, njihov gest se tumači kao podrška studentima i svim onim ljudima koji smatraju da je 1. novembra Srbiji mesto u Novom Sadu a ne na Sajmu knjiga.		Naime, njihov gest se tumači kao podrška studentima i svim onim ljudima koji smatraju da je 1. novembra Srbiji mesto u Novom Sadu a ne na Sajmu knjiga.
vre-4948477-005	vreme	4948477	kolumna	kultura	kultura	5	24	https://vreme.com/kultura/kako-je-otvoren-sajam-knjiga-a-kako-alternativni-sajam/	Za sad je nekoliko izdavača najavilo da tog dana neće raditi, a među njima su pre svih „Laguna“ i „Kreativni centar“.		Za sad je nekoliko izdavača najavilo da tog dana neće raditi, a među njima su pre svih „Laguna“ i „Kreativni centar“.
vre-4948477-006	vreme	4948477	kolumna	kultura	kultura	6	24	https://vreme.com/kultura/kako-je-otvoren-sajam-knjiga-a-kako-alternativni-sajam/	Ovogodišnji sajam nije otvorio pisac, već istoričar – upućeni se kunu da se to nikad nije desilo, a da će to biti Čedomir Antić obnarodovano je gotovo neposredno pre početka Sajma.		Ovogodišnji sajam nije otvorio pisac, već istoričar – upućeni se kunu da se to nikad nije desilo, a da će to biti Čedomir Antić obnarodovano je gotovo neposredno pre početka Sajma.
vre-4948477-007	vreme	4948477	kolumna	kultura	kultura	7	24	https://vreme.com/kultura/kako-je-otvoren-sajam-knjiga-a-kako-alternativni-sajam/	Antić je poželeo da srpski narod živi dok je sveta i veka, kao i njegovi bliži i dalji susedi, dodavši da su ta dugovečnost i značaj nemogući bez knjige.		Antić je poželeo da srpski narod živi dok je sveta i veka, kao i njegovi bliži i dalji susedi, dodavši da su ta dugovečnost i značaj nemogući bez knjige.
vre-4948477-008	vreme	4948477	kolumna	kultura	kultura	8	24	https://vreme.com/kultura/kako-je-otvoren-sajam-knjiga-a-kako-alternativni-sajam/	Govorio je stihove pesnika Ljubivoja Ršumovića „Domovina se brani knjigom i pesmom o nebu“ i dodao da je knjiga vrhunac lepote kulture.		Govorio je stihove pesnika Ljubivoja Ršumovića „Domovina se brani knjigom i pesmom o nebu“ i dodao da je knjiga vrhunac lepote kulture.
vre-4948477-009	vreme	4948477	kolumna	kultura	kultura	9	24	https://vreme.com/kultura/kako-je-otvoren-sajam-knjiga-a-kako-alternativni-sajam/	„Sajam knjiga naša je tradicija, mesto svega što imamo, pa i politike, mi smo narod čije su knjige gorele“, rekao je.		„Sajam knjiga naša je tradicija, mesto svega što imamo, pa i politike, mi smo narod čije su knjige gorele“, rekao je.
vre-4948477-010	vreme	4948477	kolumna	kultura	kultura	10	24	https://vreme.com/kultura/kako-je-otvoren-sajam-knjiga-a-kako-alternativni-sajam/	U ime Kipra, zemlje koja je ove godine počasni gost Sajma knjiga, na otvaranju je govorio pisac Kirjakos Haralambidis.		U ime Kipra, zemlje koja je ove godine počasni gost Sajma knjiga, na otvaranju je govorio pisac Kirjakos Haralambidis.
vre-4948477-011	vreme	4948477	kolumna	kultura	kultura	11	24	https://vreme.com/kultura/kako-je-otvoren-sajam-knjiga-a-kako-alternativni-sajam/	A za to vreme, u Četrnaestoj beogradskoj gimnaziji, održavao se drugi, Alternativni sajam knjiga, koji je otvorila velika književnica ove države, Vida Ognjenović.		A za to vreme, u Četrnaestoj beogradskoj gimnaziji, održavao se drugi, Alternativni sajam knjiga, koji je otvorila velika književnica ove države, Vida Ognjenović.
vre-4946062-041	vreme	4946062	kolumna	kultura	kultura	41	77	https://vreme.com/kultura/humor-kao-zastita-od-stetne-okoline/	Ono što mislim da mogu učiniti jeste da neka svoja dobronamjerna razmišljanja pretočim u filmski jezik.		Ono što mislim da mogu učiniti jeste da neka svoja dobronamjerna razmišljanja pretočim u filmski jezik.
vre-4946062-042	vreme	4946062	kolumna	kultura	kultura	42	77	https://vreme.com/kultura/humor-kao-zastita-od-stetne-okoline/	Dva sata vašeg filma prolazi zapanjujućom brzinom.		Dva sata vašeg filma prolazi zapanjujućom brzinom.
vre-4946062-043	vreme	4946062	kolumna	kultura	kultura	43	77	https://vreme.com/kultura/humor-kao-zastita-od-stetne-okoline/	Ne morate znati ništa o Zoranu Predinu da biste film gledali otvorenih usta i razrogačenih očiju.		Ne morate znati ništa o Zoranu Predinu da biste film gledali otvorenih usta i razrogačenih očiju.
vre-4946062-044	vreme	4946062	kolumna	kultura	kultura	44	77	https://vreme.com/kultura/humor-kao-zastita-od-stetne-okoline/	Zaista teško mogu prozrijeti razmišljanja gledalaca, jer ako bih to znao, onda bi svaki moj film dobio Oscara.		Zaista teško mogu prozrijeti razmišljanja gledalaca, jer ako bih to znao, onda bi svaki moj film dobio Oscara.
vre-4946062-045	vreme	4946062	kolumna	kultura	kultura	45	77	https://vreme.com/kultura/humor-kao-zastita-od-stetne-okoline/	Na umjetnost gledam kao na nešto što će kod ljudi izazvati emociju, bilo kakvu, gnjev, smijeh, plač.		Na umjetnost gledam kao na nešto što će kod ljudi izazvati emociju, bilo kakvu, gnjev, smijeh, plač.
vre-4946062-046	vreme	4946062	kolumna	kultura	kultura	46	77	https://vreme.com/kultura/humor-kao-zastita-od-stetne-okoline/	Umjetnost mora dodirnuti ljudsku dušu.		Umjetnost mora dodirnuti ljudsku dušu.
vre-4946062-047	vreme	4946062	kolumna	kultura	kultura	47	77	https://vreme.com/kultura/humor-kao-zastita-od-stetne-okoline/	Sa Praslovanom nam je to uspjelo.		Sa Praslovanom nam je to uspjelo.
vre-4946062-048	vreme	4946062	kolumna	kultura	kultura	48	77	https://vreme.com/kultura/humor-kao-zastita-od-stetne-okoline/	Mnogi ljudi su mi prilazili nakon filma sa osmijehom, istovremeno brišući suze.		Mnogi ljudi su mi prilazili nakon filma sa osmijehom, istovremeno brišući suze.
vre-4965741-000	vreme	4965741	kolumna	kultura	kultura	0	21	https://vreme.com/kultura/niceg-ne-bi-bilo-da-neko-nije-otrovao-macke/	Ilustracije Jakše Lakićevića u romanu „Sto posto tuđa posla“ ne podilaze mladom čitaocu.		Ilustracije Jakše Lakićevića u romanu „Sto posto tuđa posla“ ne podilaze mladom čitaocu.
vre-4965741-001	vreme	4965741	kolumna	kultura	kultura	1	21	https://vreme.com/kultura/niceg-ne-bi-bilo-da-neko-nije-otrovao-macke/	Uobičajeno je da se romani za starije osnovce pa čak i starije tinejdžere objavljuju sa ilustracijama.		Uobičajeno je da se romani za starije osnovce pa čak i starije tinejdžere objavljuju sa ilustracijama.
vre-4965741-002	vreme	4965741	kolumna	kultura	kultura	2	21	https://vreme.com/kultura/niceg-ne-bi-bilo-da-neko-nije-otrovao-macke/	Smatra se da će im čitanje tako biti zanimljivije, a da će im crtež pomoći da lakše savladaju radnju.		Smatra se da će im čitanje tako biti zanimljivije, a da će im crtež pomoći da lakše savladaju radnju.
vre-4965741-003	vreme	4965741	kolumna	kultura	kultura	3	21	https://vreme.com/kultura/niceg-ne-bi-bilo-da-neko-nije-otrovao-macke/	Zbog toga su ti crteži bukvalna ilustracija radnje, na primer ako glavni junaci romana u nekom momentu sednu na klupu da prijateljski proćaskaju, stranu sa tom scenom je crtež njih dvoje na klupi.		Zbog toga su ti crteži bukvalna ilustracija radnje, na primer ako glavni junaci romana u nekom momentu sednu na klupu da prijateljski proćaskaju, stranu sa tom scenom je crtež njih dvoje na klupi.
vre-4965741-004	vreme	4965741	kolumna	kultura	kultura	4	21	https://vreme.com/kultura/niceg-ne-bi-bilo-da-neko-nije-otrovao-macke/	Sigurna sam da izdavači znaju šta rade i da s velikim razlogom ilustruju romane za tinejdžere, ali sam sigurna i da nema razloga da te ilustracije objašnjavaju radnju.		Sigurna sam da izdavači znaju šta rade i da s velikim razlogom ilustruju romane za tinejdžere, ali sam sigurna i da nema razloga da te ilustracije objašnjavaju radnju.
vre-4965741-005	vreme	4965741	kolumna	kultura	kultura	5	21	https://vreme.com/kultura/niceg-ne-bi-bilo-da-neko-nije-otrovao-macke/	Pisci biraju radnju koja je tinejdžerima bliska, a oni imaju dovoljno i čitalačkog i životnog iskustva pa im je ilustrovanje onoga o čemu čitaju nepotrebno.		Pisci biraju radnju koja je tinejdžerima bliska, a oni imaju dovoljno i čitalačkog i životnog iskustva pa im je ilustrovanje onoga o čemu čitaju nepotrebno.
vre-4965741-006	vreme	4965741	kolumna	kultura	kultura	6	21	https://vreme.com/kultura/niceg-ne-bi-bilo-da-neko-nije-otrovao-macke/	Ali, ponekad se pojavi neko ovdašnje izdanje koje, treba reći otvoreno, ne omalovažava mlade čitaoce, poput romana Olivere Zulović „Sto posto tuđa posla“ koji je nedavno objavio Kreativni centar.		Ali, ponekad se pojavi neko ovdašnje izdanje koje, treba reći otvoreno, ne omalovažava mlade čitaoce, poput romana Olivere Zulović „Sto posto tuđa posla“ koji je nedavno objavio Kreativni centar.
vre-4965741-007	vreme	4965741	kolumna	kultura	kultura	7	21	https://vreme.com/kultura/niceg-ne-bi-bilo-da-neko-nije-otrovao-macke/	Knjiga je ilustrovana radovima ilustratora i dizajnera Jakše Lakićevića (26), koji je i autor korica.		Knjiga je ilustrovana radovima ilustratora i dizajnera Jakše Lakićevića (26), koji je i autor korica.
vre-4977044-013	vreme	4977044	kolumna	kultura	kultura	13	27	https://vreme.com/kultura/lista-7-najugrozenijih-je-nada-za-vajfertovu-pivaru-u-pancevu/	Za potrebe tog konkursa, Zavod je uradio Projekat preventivne zaštite Magacina ječma i radionice, kao i dokumentovanje stanja objekta i mašina.		Za potrebe tog konkursa, Zavod je uradio Projekat preventivne zaštite Magacina ječma i radionice, kao i dokumentovanje stanja objekta i mašina.
vre-4977044-014	vreme	4977044	kolumna	kultura	kultura	14	27	https://vreme.com/kultura/lista-7-najugrozenijih-je-nada-za-vajfertovu-pivaru-u-pancevu/	Prvi radovi sanacije na osnovu tog projekta urađeni su 2016. godine.		Prvi radovi sanacije na osnovu tog projekta urađeni su 2016. godine.
vre-4977044-015	vreme	4977044	kolumna	kultura	kultura	15	27	https://vreme.com/kultura/lista-7-najugrozenijih-je-nada-za-vajfertovu-pivaru-u-pancevu/	Za ostale faze nisu dobijena sredstva.		Za ostale faze nisu dobijena sredstva.
vre-4977044-016	vreme	4977044	kolumna	kultura	kultura	16	27	https://vreme.com/kultura/lista-7-najugrozenijih-je-nada-za-vajfertovu-pivaru-u-pancevu/	Nakon toga je urađena ekspertiza 2022. godine koja je obuhvatila geodetsko snimanje kompleksa, i konferenciju fokusirana na važnost i potencijale pivare i industrijskog nasleđa.		Nakon toga je urađena ekspertiza 2022. godine koja je obuhvatila geodetsko snimanje kompleksa, i konferenciju fokusirana na važnost i potencijale pivare i industrijskog nasleđa.
vre-4977044-017	vreme	4977044	kolumna	kultura	kultura	17	27	https://vreme.com/kultura/lista-7-najugrozenijih-je-nada-za-vajfertovu-pivaru-u-pancevu/	I, to bi manje-više bilo sve što je urađeno na sanaciji pivare.		I, to bi manje-više bilo sve što je urađeno na sanaciji pivare.
vre-4977044-018	vreme	4977044	kolumna	kultura	kultura	18	27	https://vreme.com/kultura/lista-7-najugrozenijih-je-nada-za-vajfertovu-pivaru-u-pancevu/	Nekada simbol industrijskog napretka i građanskog ponosa, Vajfertova pivara sada je skoro razrušena: ciglene zgrade su urušene, a krovove, takođe urušene, probijaju trava i korov.		Nekada simbol industrijskog napretka i građanskog ponosa, Vajfertova pivara sada je skoro razrušena: ciglene zgrade su urušene, a krovove, takođe urušene, probijaju trava i korov.
vre-4977044-019	vreme	4977044	kolumna	kultura	kultura	19	27	https://vreme.com/kultura/lista-7-najugrozenijih-je-nada-za-vajfertovu-pivaru-u-pancevu/	„Danas je ovaj izuzetni industrijski kompleks izložen kritičnom riziku.		„Danas je ovaj izuzetni industrijski kompleks izložen kritičnom riziku.
vre-4977044-020	vreme	4977044	kolumna	kultura	kultura	20	27	https://vreme.com/kultura/lista-7-najugrozenijih-je-nada-za-vajfertovu-pivaru-u-pancevu/	Uprkos statusu kulturnog dobra od velikog značaja, decenije nedovoljnog finansiranja, nerešeni imovinsko-pravni odnosi i razorni požar iz 2005. godine učinili su lokalitet površine 14.000 m² strukturalno nestabilnim i zatvorenim za javnost.	Y	„Uprkos statusu kulturnog dobra od velikog značaja, decenije nedovoljnog finansiranja, nerešeni imovinsko-pravni odnosi i razorni požar iz 2005. godine učinili su lokalitet površine 14.000 m² strukturalno nestabilnim i zatvorenim za javnost.“
vre-4984755-006	vreme	4984755	kolumna	kultura	kultura	6	14	https://vreme.com/kultura/zasto-je-matica-srpska-otkazala-koncert-katarine-jovanovic/	Konstatovano je da je Matica srpska prvo ukazala poverenje Katarini Jovanović zbog umetničkih razloga, a zatim ga otkazala zbog političkih, kao i da je to najava da će programi ove ustanove ubuduće biti rezervisani samo za lojaliste.		Konstatovano je da je Matica srpska prvo ukazala poverenje Katarini Jovanović zbog umetničkih razloga, a zatim ga otkazala zbog političkih, kao i da je to najava da će programi ove ustanove ubuduće biti rezervisani samo za lojaliste.
vre-4984755-007	vreme	4984755	kolumna	kultura	kultura	7	14	https://vreme.com/kultura/zasto-je-matica-srpska-otkazala-koncert-katarine-jovanovic/	Nedim Sejdinović novinar „Vremena“ i pisac, podseća da je u ovoj ustanovi 2017.gostovao i Mark Jongen, ideolog ultranacionalističke nemačke partije AfD, koji je poznat po svojim revizionističkim stavovima, odnosno relativizaciji zločinačke Hitlerove politike.		Nedim Sejdinović novinar „Vremena“ i pisac, podseća da je u ovoj ustanovi 2017.gostovao i Mark Jongen, ideolog ultranacionalističke nemačke partije AfD, koji je poznat po svojim revizionističkim stavovima, odnosno relativizaciji zločinačke Hitlerove politike.
vre-4984755-008	vreme	4984755	kolumna	kultura	kultura	8	14	https://vreme.com/kultura/zasto-je-matica-srpska-otkazala-koncert-katarine-jovanovic/	On u otkazivanje koncerta Katarine Jovanović vidi čin autocenzure.		On u otkazivanje koncerta Katarine Jovanović vidi čin autocenzure.
vre-4984755-009	vreme	4984755	kolumna	kultura	kultura	9	14	https://vreme.com/kultura/zasto-je-matica-srpska-otkazala-koncert-katarine-jovanovic/	Nakon predavanja Marka Jongena, Matica srpska je ugostila i Gecu Kubičeka, vodećem ideologu profašističke partije AfDu Nemačkoj.		Nakon predavanja Marka Jongena, Matica srpska je ugostila i Gecu Kubičeka, vodećem ideologu profašističke partije AfDu Nemačkoj.
vre-4984755-010	vreme	4984755	kolumna	kultura	kultura	10	14	https://vreme.com/kultura/zasto-je-matica-srpska-otkazala-koncert-katarine-jovanovic/	Tada je Matica odgovorila da je to negovanje kulture dijaloga.		Tada je Matica odgovorila da je to negovanje kulture dijaloga.
vre-4984755-011	vreme	4984755	kolumna	kultura	kultura	11	14	https://vreme.com/kultura/zasto-je-matica-srpska-otkazala-koncert-katarine-jovanovic/	Tokom proslava 200 godine Matice srpske, prebijeni su studenti.		Tokom proslava 200 godine Matice srpske, prebijeni su studenti.
vre-4984755-012	vreme	4984755	kolumna	kultura	kultura	12	14	https://vreme.com/kultura/zasto-je-matica-srpska-otkazala-koncert-katarine-jovanovic/	Pre nedelju dana, u Maloj sali Matice srpske, u organizaciji Zadužbine „Petar Kočić“ iz Banja Luke i Matice, nagradu Kočićevo pero dobio je kako je saopšteno, „ugledni književnik Igor Mirović“.		Pre nedelju dana, u Maloj sali Matice srpske, u organizaciji Zadužbine „Petar Kočić“ iz Banja Luke i Matice, nagradu Kočićevo pero dobio je kako je saopšteno, „ugledni književnik Igor Mirović“.
vre-4984755-013	vreme	4984755	kolumna	kultura	kultura	13	14	https://vreme.com/kultura/zasto-je-matica-srpska-otkazala-koncert-katarine-jovanovic/	Uz Mirovićevo se ne vezuje književnik, već jedan od najdugovečnijih političara koji je na raznim funkcijama u novosadskim i pokrajinskim organima.		Uz Mirovićevo se ne vezuje književnik, već jedan od najdugovečnijih političara koji je na raznim funkcijama u novosadskim i pokrajinskim organima.
vre-4977512-002	vreme	4977512	kolumna	kultura	kultura	2	18	https://vreme.com/kultura/ko-je-korisnik-parcele-na-kojoj-ce-biti-rekonstruisana-zgrada-narodne-biblioteke/	Biće to „obnova starog sedišta, onog zdanja koje treba da posvedoči da nam kulturu nisu ubili“, dakle na Kosančićevom vencu gde se nalazila zgrada Narodne biblioteke do kad nije uništena u bombardovanju Beograda 6. aprila 1941. godine.		Biće to „obnova starog sedišta, onog zdanja koje treba da posvedoči da nam kulturu nisu ubili“, dakle na Kosančićevom vencu gde se nalazila zgrada Narodne biblioteke do kad nije uništena u bombardovanju Beograda 6. aprila 1941. godine.
vre-4977512-003	vreme	4977512	kolumna	kultura	kultura	3	18	https://vreme.com/kultura/ko-je-korisnik-parcele-na-kojoj-ce-biti-rekonstruisana-zgrada-narodne-biblioteke/	Dodao je da će to mesto postati sedište digitalnog odeljenja Narodne biblioteke Srbije i da je Ministarstvo kulture u izradi nacrta plana „Srbija 2030-2035“ na prvo mesto stavilo izgradnju depoa te biblioteke.		Dodao je da će to mesto postati sedište digitalnog odeljenja Narodne biblioteke Srbije i da je Ministarstvo kulture u izradi nacrta plana „Srbija 2030-2035“ na prvo mesto stavilo izgradnju depoa te biblioteke.
vre-4977512-004	vreme	4977512	kolumna	kultura	kultura	4	18	https://vreme.com/kultura/ko-je-korisnik-parcele-na-kojoj-ce-biti-rekonstruisana-zgrada-narodne-biblioteke/	Jasmina Ninkov, v. d. upravnica NBS najavila je da će biblioteka podneti zahtev za izmenu Plana generalne regulacije, i predložila rekonstrukciju nekadašnje zgrade Narodne biblioteke po projektu arhitekte Branka Tanazevića.		Jasmina Ninkov, v. d. upravnica NBS najavila je da će biblioteka podneti zahtev za izmenu Plana generalne regulacije, i predložila rekonstrukciju nekadašnje zgrade Narodne biblioteke po projektu arhitekte Branka Tanazevića.
vre-4977512-005	vreme	4977512	kolumna	kultura	kultura	5	18	https://vreme.com/kultura/ko-je-korisnik-parcele-na-kojoj-ce-biti-rekonstruisana-zgrada-narodne-biblioteke/	„Prostor porušene Narodne biblioteke poseduje memorijalni karakter i kao takav kulturno-istorijsku vrednost od, po meni, nemerljivog značaja”, zaključila je Ninkov.		„Prostor porušene Narodne biblioteke poseduje memorijalni karakter i kao takav kulturno-istorijsku vrednost od, po meni, nemerljivog značaja”, zaključila je Ninkov.
vre-4977512-006	vreme	4977512	kolumna	kultura	kultura	6	18	https://vreme.com/kultura/ko-je-korisnik-parcele-na-kojoj-ce-biti-rekonstruisana-zgrada-narodne-biblioteke/	Parcela 2023 na kojoj se nalazila uništena biblioteka, ima sporan korisnički status.		Parcela 2023 na kojoj se nalazila uništena biblioteka, ima sporan korisnički status.
vre-4977512-007	vreme	4977512	kolumna	kultura	kultura	7	18	https://vreme.com/kultura/ko-je-korisnik-parcele-na-kojoj-ce-biti-rekonstruisana-zgrada-narodne-biblioteke/	U Katastru nepokretnosti trenutno nema podataka o njoj, tako da nismo saznali da li je ispravljen, iako se to traži još od 2013.godine.		U Katastru nepokretnosti trenutno nema podataka o njoj, tako da nismo saznali da li je ispravljen, iako se to traži još od 2013.godine.
vre-4977512-008	vreme	4977512	kolumna	kultura	kultura	8	18	https://vreme.com/kultura/ko-je-korisnik-parcele-na-kojoj-ce-biti-rekonstruisana-zgrada-narodne-biblioteke/	Zna se da 10. februara 2012. godine prema Katastru nepokretnosti „nosilac prava korišćenja zemljišta odnosno držalac nije (bio) utvrđen“.		Zna se da 10. februara 2012. godine prema Katastru nepokretnosti „nosilac prava korišćenja zemljišta odnosno držalac nije (bio) utvrđen“.
vre-4977512-009	vreme	4977512	kolumna	kultura	kultura	9	18	https://vreme.com/kultura/ko-je-korisnik-parcele-na-kojoj-ce-biti-rekonstruisana-zgrada-narodne-biblioteke/	Bio je to povod da 2013. godine Narodna biblioteka Srbije podnese inicijativu Ministarstvu kulture kojom traže da se „građevinsko zemljište na k.p. 2023 KO Stari grad vrati na korišćenje Narodnoj biblioteci Srbije i ostane u državnoj, odnosno javnoj svojini“.		Bio je to povod da 2013. godine Narodna biblioteka Srbije podnese inicijativu Ministarstvu kulture kojom traže da se „građevinsko zemljište na k.p. 2023 KO Stari grad vrati na korišćenje Narodnoj biblioteci Srbije i ostane u državnoj, odnosno javnoj svojini“.
vre-4973530-000	vreme	4973530	kolumna	kultura	kultura	0	22	https://vreme.com/kultura/bitef-pozoriste-odbor-bitefa-festival/	Oktobra prošle godine tri od pet članova Odbora Bitefa podneli su ostavke, pa je na sednici 22. decembra Skupština grada imenovala novi Odbor.		Oktobra prošle godine tri od pet članova Odbora Bitefa podneli su ostavke, pa je na sednici 22. decembra Skupština grada imenovala novi Odbor.
vre-4973530-001	vreme	4973530	kolumna	kultura	kultura	1	22	https://vreme.com/kultura/bitef-pozoriste-odbor-bitefa-festival/	Oni su od imenovanja do sad već imali pet sednica, pokušavajući da u skladu sa promenom Odluke o stalnim manifestacijama i najnovijim Pravilima Bitefa, kreiraju program ovogodišnjeg Bitefa.		Oni su od imenovanja do sad već imali pet sednica, pokušavajući da u skladu sa promenom Odluke o stalnim manifestacijama i najnovijim Pravilima Bitefa, kreiraju program ovogodišnjeg Bitefa.
vre-4973530-002	vreme	4973530	kolumna	kultura	kultura	2	22	https://vreme.com/kultura/bitef-pozoriste-odbor-bitefa-festival/	Naime, prema Odluci o Izmenama i dopunama odluke o stalnim manifestacijama u oblasti kulture od značaja za grad Beograd koja je doneta maja prošle godine, te manifestacije više nemaju umetničke direktore.		Naime, prema Odluci o Izmenama i dopunama odluke o stalnim manifestacijama u oblasti kulture od značaja za grad Beograd koja je doneta maja prošle godine, te manifestacije više nemaju umetničke direktore.
vre-4973530-003	vreme	4973530	kolumna	kultura	kultura	3	22	https://vreme.com/kultura/bitef-pozoriste-odbor-bitefa-festival/	Program manifestacije utvrđuje Odbor, s tim što, po potrebi, može da predloži saradnike koji će Odboru predložiti program.		Program manifestacije utvrđuje Odbor, s tim što, po potrebi, može da predloži saradnike koji će Odboru predložiti program.
vre-4973530-004	vreme	4973530	kolumna	kultura	kultura	4	22	https://vreme.com/kultura/bitef-pozoriste-odbor-bitefa-festival/	Manifestacija, znači, ne može da ima umetničkog direktora, ali može da ima saradnika koji će da radi isto ono što bi radio umetnički direktor.		Manifestacija, znači, ne može da ima umetničkog direktora, ali može da ima saradnika koji će da radi isto ono što bi radio umetnički direktor.
vre-4973530-005	vreme	4973530	kolumna	kultura	kultura	5	22	https://vreme.com/kultura/bitef-pozoriste-odbor-bitefa-festival/	Izglasana Odluka je u prvom momentu u javnosti pozitivno protumačena, kao davanje autonomije Odboru.		Izglasana Odluka je u prvom momentu u javnosti pozitivno protumačena, kao davanje autonomije Odboru.
vre-4973530-006	vreme	4973530	kolumna	kultura	kultura	6	22	https://vreme.com/kultura/bitef-pozoriste-odbor-bitefa-festival/	Poštujući dakle sve to, novi Odbor Bitefa počeo je da radi na najzahtevnijem delu organizovanja međunarodnog festivala – kreiranju programa.		Poštujući dakle sve to, novi Odbor Bitefa počeo je da radi na najzahtevnijem delu organizovanja međunarodnog festivala – kreiranju programa.
vre-4973530-007	vreme	4973530	kolumna	kultura	kultura	7	22	https://vreme.com/kultura/bitef-pozoriste-odbor-bitefa-festival/	Na ovom mestu potrebna je napomena: Jelena Medaković, sekretarka za kulturu Grada Beograda, se od početka svog mandata zalaže za povratak umetničkog direktora.		Na ovom mestu potrebna je napomena: Jelena Medaković, sekretarka za kulturu Grada Beograda, se od početka svog mandata zalaže za povratak umetničkog direktora.
vre-5009070-007	vreme	5009070	kolumna	kultura	kultura	7	19	https://vreme.com/kultura/ministarstvo-kulture-konkurs-za-finansiranje-muzicke-delatnosti/	Članovi Komisije koju je izabralo Ministarstvo da uradi ovaj posao bili su Jelena Cvetić predsednica i član, i članovi Oliver Njego i Uroš Dojčinović.		Članovi Komisije koju je izabralo Ministarstvo da uradi ovaj posao bili su Jelena Cvetić predsednica i član, i članovi Oliver Njego i Uroš Dojčinović.
vre-5009070-008	vreme	5009070	kolumna	kultura	kultura	8	19	https://vreme.com/kultura/ministarstvo-kulture-konkurs-za-finansiranje-muzicke-delatnosti/	Letimičan pogled na njihove izabranike, a posebno na one koje su odbili, govori šta je Komisija smatrala javnim interesom koji zaslužuje da ga država podrži.		Letimičan pogled na njihove izabranike, a posebno na one koje su odbili, govori šta je Komisija smatrala javnim interesom koji zaslužuje da ga država podrži.
vre-5009070-009	vreme	5009070	kolumna	kultura	kultura	9	19	https://vreme.com/kultura/ministarstvo-kulture-konkurs-za-finansiranje-muzicke-delatnosti/	Najveće premije, po 3,000.000 dinara dobili su „Mokranjčevi dani“ u Negotinu i Gitar Art Festival u Beogradu.		Najveće premije, po 3,000.000 dinara dobili su „Mokranjčevi dani“ u Negotinu i Gitar Art Festival u Beogradu.
vre-5009070-010	vreme	5009070	kolumna	kultura	kultura	10	19	https://vreme.com/kultura/ministarstvo-kulture-konkurs-za-finansiranje-muzicke-delatnosti/	Bemus je dobio manje od njih – 2,000.000 dinara, ali isto koliko i Zaječarska gitarijada, i Ustanova kulture Gvarnerijus za koncertnu turneju Jovana Kolundžije u 12 gradova Srbije.		Bemus je dobio manje od njih – 2,000.000 dinara, ali isto koliko i Zaječarska gitarijada, i Ustanova kulture Gvarnerijus za koncertnu turneju Jovana Kolundžije u 12 gradova Srbije.
vre-5009070-011	vreme	5009070	kolumna	kultura	kultura	11	19	https://vreme.com/kultura/ministarstvo-kulture-konkurs-za-finansiranje-muzicke-delatnosti/	Bemus je zaslužio manje i od Preduzeća za muzičku, scensku i TV produkciju Touchsound, d.o.o.		Bemus je zaslužio manje i od Preduzeća za muzičku, scensku i TV produkciju Touchsound, d.o.o.
vre-5009070-012	vreme	5009070	kolumna	kultura	kultura	12	19	https://vreme.com/kultura/ministarstvo-kulture-konkurs-za-finansiranje-muzicke-delatnosti/	Beograd koji je dobio 2,200.000 dinara za „Savamalski koncert“ i za muzičko-dramski program „Kad duša zaigra, a srce zaboli“.		Beograd koji je dobio 2,200.000 dinara za „Savamalski koncert“ i za muzičko-dramski program „Kad duša zaigra, a srce zaboli“.
vre-5009070-013	vreme	5009070	kolumna	kultura	kultura	13	19	https://vreme.com/kultura/ministarstvo-kulture-konkurs-za-finansiranje-muzicke-delatnosti/	Zadužbini Ilije M. Kolarca je određeno 800,000.00 za projekat „Kolarac tvoj svet muzike“, isto koliko i Udruženje Džet Klok za festival „Čukafest 12“.		Zadužbini Ilije M. Kolarca je određeno 800,000.00 za projekat „Kolarac tvoj svet muzike“, isto koliko i Udruženje Džet Klok za festival „Čukafest 12“.
vre-5009070-014	vreme	5009070	kolumna	kultura	kultura	14	19	https://vreme.com/kultura/ministarstvo-kulture-konkurs-za-finansiranje-muzicke-delatnosti/	Na spisku odbijenih je mnogo imena sa potvrđenim renomeom.		Na spisku odbijenih je mnogo imena sa potvrđenim renomeom.
vre-5002936-026	vreme	5002936	kolumna	kultura	kultura	26	103	https://vreme.com/kultura/brevijar-politicke-mudrosti/	To je bio radikalan stav.		To je bio radikalan stav.
vre-5002936-027	vreme	5002936	kolumna	kultura	kultura	27	103	https://vreme.com/kultura/brevijar-politicke-mudrosti/	Ne zato što je negirao istoriju, već zato što je odbijao da joj podredi budućnost.		Ne zato što je negirao istoriju, već zato što je odbijao da joj podredi budućnost.
vre-5002936-028	vreme	5002936	kolumna	kultura	kultura	28	103	https://vreme.com/kultura/brevijar-politicke-mudrosti/	U tome se ogleda njegova politička mudrost.		U tome se ogleda njegova politička mudrost.
vre-5002936-029	vreme	5002936	kolumna	kultura	kultura	29	103	https://vreme.com/kultura/brevijar-politicke-mudrosti/	On nije tražio da se zaboravi.		On nije tražio da se zaboravi.
vre-5002936-030	vreme	5002936	kolumna	kultura	kultura	30	103	https://vreme.com/kultura/brevijar-politicke-mudrosti/	Tražio je da se razume.		Tražio je da se razume.
vre-5002936-031	vreme	5002936	kolumna	kultura	kultura	31	103	https://vreme.com/kultura/brevijar-politicke-mudrosti/	Utoliko misao Ježija Gjedrojća ima šire značenje od poljskog iskustva.		Utoliko misao Ježija Gjedrojća ima šire značenje od poljskog iskustva.
vre-5002936-032	vreme	5002936	kolumna	kultura	kultura	32	103	https://vreme.com/kultura/brevijar-politicke-mudrosti/	Ona postavlja pitanje koje je danas jednako važno: kako pomiriti istorijsko pamćenje sa političkom odgovornošću?		Ona postavlja pitanje koje je danas jednako važno: kako pomiriti istorijsko pamćenje sa političkom odgovornošću?
vre-5002936-033	vreme	5002936	kolumna	kultura	kultura	33	103	https://vreme.com/kultura/brevijar-politicke-mudrosti/	Kako priznati sopstvene gubitke, a ne pretvoriti ih u trajni politički program?		Kako priznati sopstvene gubitke, a ne pretvoriti ih u trajni politički program?
vre-5013471-003	vreme	5013471	kolumna	kultura	kultura	3	31	https://vreme.com/kultura/zasto-knjige-ako-je-sve-na-telefonu-i-tabletu/	Dragan Živojinović, saradnik u nastavi na Fakultetu političkih nauka, među studentima važi za hodajuću enciklopediju i čoveka koji knjigu ili ima, ili može odmah negde da je nađe.		Dragan Živojinović, saradnik u nastavi na Fakultetu političkih nauka, među studentima važi za hodajuću enciklopediju i čoveka koji knjigu ili ima, ili može odmah negde da je nađe.
vre-5013471-004	vreme	5013471	kolumna	kultura	kultura	4	31	https://vreme.com/kultura/zasto-knjige-ako-je-sve-na-telefonu-i-tabletu/	Iako nisu imali životnost papirnih primeraka, sad ste odjednom mogli da pristupite čitavim arhivama časopisa.	Y	„Iako nisu imali životnost papirnih primeraka, sad ste odjednom mogli da pristupite čitavim arhivama časopisa.“
vre-5013471-005	vreme	5013471	kolumna	kultura	kultura	5	31	https://vreme.com/kultura/zasto-knjige-ako-je-sve-na-telefonu-i-tabletu/	Pre dvadesetak godina nabavio je iz SAD svoj prvi digitalni uređaj za čitanje knjiga (Sony e-Reader) i osećao veliku radost jer imao celu svoju biblioteku pri ruci.		Pre dvadesetak godina nabavio je iz SAD svoj prvi digitalni uređaj za čitanje knjiga (Sony e-Reader) i osećao veliku radost jer imao celu svoju biblioteku pri ruci.
vre-5013471-006	vreme	5013471	kolumna	kultura	kultura	6	31	https://vreme.com/kultura/zasto-knjige-ako-je-sve-na-telefonu-i-tabletu/	Danas, kaže, gotovo podjednaku količinu vremena provodi čitajući knjige i tekstove u štampanoj ili digitalnoj formi.		Danas, kaže, gotovo podjednaku količinu vremena provodi čitajući knjige i tekstove u štampanoj ili digitalnoj formi.
vre-5013471-007	vreme	5013471	kolumna	kultura	kultura	7	31	https://vreme.com/kultura/zasto-knjige-ako-je-sve-na-telefonu-i-tabletu/	On ipak naglašava da je klasična knjiga predodređena da preživi sva čuda tehnike.		On ipak naglašava da je klasična knjiga predodređena da preživi sva čuda tehnike.
vre-5013471-008	vreme	5013471	kolumna	kultura	kultura	8	31	https://vreme.com/kultura/zasto-knjige-ako-je-sve-na-telefonu-i-tabletu/	„Osetiti knjigu pod prstima, zabeležiti nešto olovkom na stranici koju si upravo pročitao, doživeti trenutke zadovoljstva dok prvi put prelistavaš knjigu na papiru… to ne može da zameni nikakav PDF, ePub, Kindle ili tablet“, kaže Živojinović.		„Osetiti knjigu pod prstima, zabeležiti nešto olovkom na stranici koju si upravo pročitao, doživeti trenutke zadovoljstva dok prvi put prelistavaš knjigu na papiru… to ne može da zameni nikakav PDF, ePub, Kindle ili tablet“, kaže Živojinović.
vre-5013471-009	vreme	5013471	kolumna	kultura	kultura	9	31	https://vreme.com/kultura/zasto-knjige-ako-je-sve-na-telefonu-i-tabletu/	Naučnici su postavili pitanje koje su razlike između čitanja sa ekrana i čitanja sa papira.		Naučnici su postavili pitanje koje su razlike između čitanja sa ekrana i čitanja sa papira.
vre-5013471-010	vreme	5013471	kolumna	kultura	kultura	10	31	https://vreme.com/kultura/zasto-knjige-ako-je-sve-na-telefonu-i-tabletu/	Ksenija Mišić, psihološkinja i istraživačica Laboratorije za eksperimentalnu psihologiju na Filozofskom fakultetu u Beogradu, podseća da su deo čitanja očni pokreti, manipulacije tekstom (okretanje stranica nasuprot skrolovanju) ili kretanje kroz tekst.		Ksenija Mišić, psihološkinja i istraživačica Laboratorije za eksperimentalnu psihologiju na Filozofskom fakultetu u Beogradu, podseća da su deo čitanja očni pokreti, manipulacije tekstom (okretanje stranica nasuprot skrolovanju) ili kretanje kroz tekst.
vre-5005332-040	vreme	5005332	kolumna	kultura	kultura	40	67	https://vreme.com/kultura/izmedju-inkluzije-istorije-i-kreativne-lenjosti/	Glumac je izabran zbog harizme i talenta, a ne da bi se štiklirala demografska kvota na korporativnom studijskom sastanku.		Glumac je izabran zbog harizme i talenta, a ne da bi se štiklirala demografska kvota na korporativnom studijskom sastanku.
vre-5005332-041	vreme	5005332	kolumna	kultura	kultura	41	67	https://vreme.com/kultura/izmedju-inkluzije-istorije-i-kreativne-lenjosti/	S druge strane, kod “kolektivnih” zamena čitavih timova junaka, promena pola je često bila jedini i glavni marketinški adut, što je rezultiralo narativno praznim, irelevantnim filmovima.		S druge strane, kod “kolektivnih” zamena čitavih timova junaka, promena pola je često bila jedini i glavni marketinški adut, što je rezultiralo narativno praznim, irelevantnim filmovima.
vre-5005332-042	vreme	5005332	kolumna	kultura	kultura	42	67	https://vreme.com/kultura/izmedju-inkluzije-istorije-i-kreativne-lenjosti/	Iako su u Holivudu decenijama unazad dominirali beli muški likovi, ovakav swapping se jednim delom posmatra kao brz i efikasan način da se talentovanim ženama i glumcima manjinskog porekla pruže legendarne, arhetipske uloge – poput heroja, kraljeva i detektiva – koje su im ranije bile uskraćene.		Iako su u Holivudu decenijama unazad dominirali beli muški likovi, ovakav swapping se jednim delom posmatra kao brz i efikasan način da se talentovanim ženama i glumcima manjinskog porekla pruže legendarne, arhetipske uloge – poput heroja, kraljeva i detektiva – koje su im ranije bile uskraćene.
vre-5005332-043	vreme	5005332	kolumna	kultura	kultura	43	67	https://vreme.com/kultura/izmedju-inkluzije-istorije-i-kreativne-lenjosti/	Podaci jasno pokazuju da kreativni eksperimenti velikih studija sa identitetom likova nailaze na sve veći otpor publike.		Podaci jasno pokazuju da kreativni eksperimenti velikih studija sa identitetom likova nailaze na sve veći otpor publike.
vre-5005332-044	vreme	5005332	kolumna	kultura	kultura	44	67	https://vreme.com/kultura/izmedju-inkluzije-istorije-i-kreativne-lenjosti/	Naslovi poput Male sirene (2023), prošlogodišnje verzije Snežane (gde su patuljci prekršteni u “magična stvorenja”), kao i najavljeni reboot serije Dosije X sa crnkinjom i Indusom u ulogama kultnih FBI agenata, redovno se suočavaju sa oštrim kritikama i finansijskim neuspehom.		Naslovi poput Male sirene (2023), prošlogodišnje verzije Snežane (gde su patuljci prekršteni u “magična stvorenja”), kao i najavljeni reboot serije Dosije X sa crnkinjom i Indusom u ulogama kultnih FBI agenata, redovno se suočavaju sa oštrim kritikama i finansijskim neuspehom.
vre-5005332-045	vreme	5005332	kolumna	kultura	kultura	45	67	https://vreme.com/kultura/izmedju-inkluzije-istorije-i-kreativne-lenjosti/	Publika je jednostavno prezasićena: reciklirane priče se više ne mogu prodati kao nove samo zahvaljujući promeni rase ili pola glavnih junaka.		Publika je jednostavno prezasićena: reciklirane priče se više ne mogu prodati kao nove samo zahvaljujući promeni rase ili pola glavnih junaka.
vre-5005332-046	vreme	5005332	kolumna	kultura	kultura	46	67	https://vreme.com/kultura/izmedju-inkluzije-istorije-i-kreativne-lenjosti/	Najsvežiji primer je i filmska adaptacija Gospodara svemira (2026).		Najsvežiji primer je i filmska adaptacija Gospodara svemira (2026).
vre-5005332-047	vreme	5005332	kolumna	kultura	kultura	47	67	https://vreme.com/kultura/izmedju-inkluzije-istorije-i-kreativne-lenjosti/	Kultna franšiza osamdesetih, na kojoj je odraslo nekoliko generacija, u novoj inkarnaciji donosi radikalne izmene ključnih likova.		Kultna franšiza osamdesetih, na kojoj je odraslo nekoliko generacija, u novoj inkarnaciji donosi radikalne izmene ključnih likova.
vre-5011555-011	vreme	5011555	kolumna	kultura	kultura	11	35	https://vreme.com/kultura/osim-tanje-boskovic-vlast-smatra-da-ni-druge-glumce-ne-treba-nagradjivati/	Nagrada „Dobričin prsten“ podrazumeva kopiju prstena velikog glumca i monografiju o dobitniku koju objavljuje UDUS.		Nagrada „Dobričin prsten“ podrazumeva kopiju prstena velikog glumca i monografiju o dobitniku koju objavljuje UDUS.
vre-5011555-012	vreme	5011555	kolumna	kultura	kultura	12	35	https://vreme.com/kultura/osim-tanje-boskovic-vlast-smatra-da-ni-druge-glumce-ne-treba-nagradjivati/	Poslednja monografija u ediciji „Dobričin prsten“, o Borisu Isakoviću, objavljena je 2023. godine.		Poslednja monografija u ediciji „Dobričin prsten“, o Borisu Isakoviću, objavljena je 2023. godine.
vre-5011555-013	vreme	5011555	kolumna	kultura	kultura	13	35	https://vreme.com/kultura/osim-tanje-boskovic-vlast-smatra-da-ni-druge-glumce-ne-treba-nagradjivati/	Za realizaciju narednih, za monografije Anite Mančić i Bogdana Diklića koji su dobili „Dobričin prsten“ za 2023. i za 2024. godinu, Ministarstvo nije htelo da pomogne UDUS-u.		Za realizaciju narednih, za monografije Anite Mančić i Bogdana Diklića koji su dobili „Dobričin prsten“ za 2023. i za 2024. godinu, Ministarstvo nije htelo da pomogne UDUS-u.
vre-5011555-014	vreme	5011555	kolumna	kultura	kultura	14	35	https://vreme.com/kultura/osim-tanje-boskovic-vlast-smatra-da-ni-druge-glumce-ne-treba-nagradjivati/	„Ove godine dobili smo nula dinara i od Ministarstva kulture i od Gradskog Sekretarijata za kulturu za sve naše projekte“, kaže za „Vreme“ Pavle Pekić, predsednik UDUS-a.		„Ove godine dobili smo nula dinara i od Ministarstva kulture i od Gradskog Sekretarijata za kulturu za sve naše projekte“, kaže za „Vreme“ Pavle Pekić, predsednik UDUS-a.
vre-5011555-015	vreme	5011555	kolumna	kultura	kultura	15	35	https://vreme.com/kultura/osim-tanje-boskovic-vlast-smatra-da-ni-druge-glumce-ne-treba-nagradjivati/	Naglašava da su osim za nagrade, na konkursu za pozorišnu delatnost odbijeni i svi projekti njihovih članova.		Naglašava da su osim za nagrade, na konkursu za pozorišnu delatnost odbijeni i svi projekti njihovih članova.
vre-5011555-016	vreme	5011555	kolumna	kultura	kultura	16	35	https://vreme.com/kultura/osim-tanje-boskovic-vlast-smatra-da-ni-druge-glumce-ne-treba-nagradjivati/	Objavili smo monografiju o Egonu Savinu, prvom laureatu nagrade Dejan Mijač koja se dodeljuje za rediteljski opus, i koju dodeljujemo sa Sterijinim pozorjem.	Y	„Objavili smo monografiju o Egonu Savinu, prvom laureatu nagrade Dejan Mijač koja se dodeljuje za rediteljski opus, i koju dodeljujemo sa Sterijinim pozorjem.“
vre-5011555-017	vreme	5011555	kolumna	kultura	kultura	17	35	https://vreme.com/kultura/osim-tanje-boskovic-vlast-smatra-da-ni-druge-glumce-ne-treba-nagradjivati/	Uspeli smo da objavimo i monografiji Gospodari Dobričinog prstena Tatjane Nježić o prvih 35 laureata te nagrade.	Y	„Uspeli smo da objavimo i monografiji Gospodari Dobričinog prstena Tatjane Nježić o prvih 35 laureata te nagrade.“
vre-5011555-018	vreme	5011555	kolumna	kultura	kultura	18	35	https://vreme.com/kultura/osim-tanje-boskovic-vlast-smatra-da-ni-druge-glumce-ne-treba-nagradjivati/	Pavle Pekić očekuje da će monografija o Aniti Mančić biti završena do oktobra, a do kraja godine i monografija o Bogdanu Dikliću.		Pavle Pekić očekuje da će monografija o Aniti Mančić biti završena do oktobra, a do kraja godine i monografija o Bogdanu Dikliću.
vre-4922015-039	vreme	4922015	kolumna	kultura	mozaik	39	62	https://vreme.com/mozaik/od-solila-do-bjelila/	Pozvao me je i poslužio odličnom travaricom.		Pozvao me je i poslužio odličnom travaricom.
vre-4922015-040	vreme	4922015	kolumna	kultura	mozaik	40	62	https://vreme.com/mozaik/od-solila-do-bjelila/	Kaže da je rodom iz Hercegovine i objašnjava da crkva nema prozora jer su tokom zime talasi tako veliki da bi uništili njenu unutrašnjost.		Kaže da je rodom iz Hercegovine i objašnjava da crkva nema prozora jer su tokom zime talasi tako veliki da bi uništili njenu unutrašnjost.
vre-4922015-041	vreme	4922015	kolumna	kultura	mozaik	41	62	https://vreme.com/mozaik/od-solila-do-bjelila/	U blizini je i Plava špilja – prirodni fenomen koji ostavlja bez daha svakoga ko se nađe unutra, okupan u plavom svetlu.		U blizini je i Plava špilja – prirodni fenomen koji ostavlja bez daha svakoga ko se nađe unutra, okupan u plavom svetlu.
vre-4922015-042	vreme	4922015	kolumna	kultura	mozaik	42	62	https://vreme.com/mozaik/od-solila-do-bjelila/	Sunčevi zraci, prolazeći kroz podvodne otvore, stvaraju zapanjujuće plave tonove u vodi unutar špilje.		Sunčevi zraci, prolazeći kroz podvodne otvore, stvaraju zapanjujuće plave tonove u vodi unutar špilje.
vre-4922015-043	vreme	4922015	kolumna	kultura	mozaik	43	62	https://vreme.com/mozaik/od-solila-do-bjelila/	Na samom kraju poluostrva Luštica nalaze se tvrđave Kabala i Luštica.		Na samom kraju poluostrva Luštica nalaze se tvrđave Kabala i Luštica.
vre-4922015-044	vreme	4922015	kolumna	kultura	mozaik	44	62	https://vreme.com/mozaik/od-solila-do-bjelila/	Kabala je građena od kamena, gvožđa i betona od 1895. do 1897.		Kabala je građena od kamena, gvožđa i betona od 1895. do 1897.
vre-4922015-045	vreme	4922015	kolumna	kultura	mozaik	45	62	https://vreme.com/mozaik/od-solila-do-bjelila/	Na prva dva sprata nalazila se kasarna, sa kuhinjom, magacinima i prostorijama za vojsku.		Na prva dva sprata nalazila se kasarna, sa kuhinjom, magacinima i prostorijama za vojsku.
vre-4922015-046	vreme	4922015	kolumna	kultura	mozaik	46	62	https://vreme.com/mozaik/od-solila-do-bjelila/	Borbeni deo sa artiljerijom, merzerima i haubicama bio je postavljen na otvorenu krovnu platformu.		Borbeni deo sa artiljerijom, merzerima i haubicama bio je postavljen na otvorenu krovnu platformu.
vre-4927972-027	vreme	4927972	kolumna	pol-drustvo	mozaik	27	60	https://vreme.com/mozaik/ivan-ivanovic-za-vreme-radio-sam-sta-hocu-godinu-dana/	Samo zadovoljava potrebe kapitala koji drži taj medij.		Samo zadovoljava potrebe kapitala koji drži taj medij.
vre-4927972-028	vreme	4927972	kolumna	pol-drustvo	mozaik	28	60	https://vreme.com/mozaik/ivan-ivanovic-za-vreme-radio-sam-sta-hocu-godinu-dana/	Hteo sam da vidim da li je zbilja nemoguće da se radi bilo gde drugde.		Hteo sam da vidim da li je zbilja nemoguće da se radi bilo gde drugde.
vre-4927972-029	vreme	4927972	kolumna	pol-drustvo	mozaik	29	60	https://vreme.com/mozaik/ivan-ivanovic-za-vreme-radio-sam-sta-hocu-godinu-dana/	Rekao sam ljudima sa Blica da „Veče sa Ivanom Ivanovićem“ donosi i neke probleme, ali oni su rekli da su ubeđeni u saradnju.		Rekao sam ljudima sa Blica da „Veče sa Ivanom Ivanovićem“ donosi i neke probleme, ali oni su rekli da su ubeđeni u saradnju.
vre-4927972-030	vreme	4927972	kolumna	pol-drustvo	mozaik	30	60	https://vreme.com/mozaik/ivan-ivanovic-za-vreme-radio-sam-sta-hocu-godinu-dana/	Sada se videlo da su razumeli na teži način.		Sada se videlo da su razumeli na teži način.
vre-4927972-031	vreme	4927972	kolumna	pol-drustvo	mozaik	31	60	https://vreme.com/mozaik/ivan-ivanovic-za-vreme-radio-sam-sta-hocu-godinu-dana/	U ugovor sam stavio da do raskida ne može da dođe tokom emitovanja prve sezone.		U ugovor sam stavio da do raskida ne može da dođe tokom emitovanja prve sezone.
vre-4927972-032	vreme	4927972	kolumna	pol-drustvo	mozaik	32	60	https://vreme.com/mozaik/ivan-ivanovic-za-vreme-radio-sam-sta-hocu-godinu-dana/	Tako su prvi put korisnici Telekomove mreže mogli da vide živog studenta i da čuju zahteve, to su gledali tokom cele sezone.		Tako su prvi put korisnici Telekomove mreže mogli da vide živog studenta i da čuju zahteve, to su gledali tokom cele sezone.
vre-4927972-033	vreme	4927972	kolumna	pol-drustvo	mozaik	33	60	https://vreme.com/mozaik/ivan-ivanovic-za-vreme-radio-sam-sta-hocu-godinu-dana/	Radili smo potpuno slobodno, bez zamerki, poziva i pitanja – nikada nisam u životu imao taj stepen slobode.		Radili smo potpuno slobodno, bez zamerki, poziva i pitanja – nikada nisam u životu imao taj stepen slobode.
vre-4927972-034	vreme	4927972	kolumna	pol-drustvo	mozaik	34	60	https://vreme.com/mozaik/ivan-ivanovic-za-vreme-radio-sam-sta-hocu-godinu-dana/	I uradio sam ono što sam hteo.		I uradio sam ono što sam hteo.
vre-4937484-004	vreme	4937484	kolumna	pol-drustvo	mozaik	4	17	https://vreme.com/mozaik/zasjace-palaci-a-mozda-vise-i-nece/	Znači, to je saobraćajni problem koji će građane Boke Kotorske – prvenstveno da zaboravimo turiste – da muči još mnogo, mnogo godina!”, izjavio je krajem jula ove godine crnogorski ministar prostornog planiranja, urbanizma i državne imovine Slaven Radunović.		Znači, to je saobraćajni problem koji će građane Boke Kotorske – prvenstveno da zaboravimo turiste – da muči još mnogo, mnogo godina!”, izjavio je krajem jula ove godine crnogorski ministar prostornog planiranja, urbanizma i državne imovine Slaven Radunović.
vre-4937484-005	vreme	4937484	kolumna	pol-drustvo	mozaik	5	17	https://vreme.com/mozaik/zasjace-palaci-a-mozda-vise-i-nece/	Predložio je čak da o tome “najodgovorniji ljudi u Crnoj Gori treba da otvore javnu raspravu, a što da ne i da se raspiše referendum”, i izazvao pravu buru u Boki kotorskoj i veće uzbuđenje od onoga kada se mesec dana ranije pojavio kit u zalivu.		Predložio je čak da o tome “najodgovorniji ljudi u Crnoj Gori treba da otvore javnu raspravu, a što da ne i da se raspiše referendum”, i izazvao pravu buru u Boki kotorskoj i veće uzbuđenje od onoga kada se mesec dana ranije pojavio kit u zalivu.
vre-4937484-006	vreme	4937484	kolumna	pol-drustvo	mozaik	6	17	https://vreme.com/mozaik/zasjace-palaci-a-mozda-vise-i-nece/	Protiv ovakvih ideja ustali su gotovo svi koji nešto znače u Boki kotorskoj. ”Radi se o jednom dugoročnom procesu devastacije i civilizacijskog urušavanja države, a posebno Kotora i njegove okoline.		Protiv ovakvih ideja ustali su gotovo svi koji nešto znače u Boki kotorskoj. ”Radi se o jednom dugoročnom procesu devastacije i civilizacijskog urušavanja države, a posebno Kotora i njegove okoline.
vre-4937484-007	vreme	4937484	kolumna	pol-drustvo	mozaik	7	17	https://vreme.com/mozaik/zasjace-palaci-a-mozda-vise-i-nece/	Isključivanjem Kotora i njegove zaštićene okoline sa Uneskove liste omogućila bi se dalja devastacija iza koje sigurno stoje jaki grupni interesi građevinskih lobija.		Isključivanjem Kotora i njegove zaštićene okoline sa Uneskove liste omogućila bi se dalja devastacija iza koje sigurno stoje jaki grupni interesi građevinskih lobija.
vre-4937484-008	vreme	4937484	kolumna	pol-drustvo	mozaik	8	17	https://vreme.com/mozaik/zasjace-palaci-a-mozda-vise-i-nece/	Ovo što se dešava je visoko porazno.		Ovo što se dešava je visoko porazno.
vre-4937484-009	vreme	4937484	kolumna	pol-drustvo	mozaik	9	17	https://vreme.com/mozaik/zasjace-palaci-a-mozda-vise-i-nece/	Bojim se da pomoć da se devastacija zaustavi možemo očekivati ne više od ljudi, države ili investicija, nego od Boga!”, istakao je Anton Sbutega, diplomata i admiral Bokeljske mornarice.		Bojim se da pomoć da se devastacija zaustavi možemo očekivati ne više od ljudi, države ili investicija, nego od Boga!”, istakao je Anton Sbutega, diplomata i admiral Bokeljske mornarice.
vre-4937484-010	vreme	4937484	kolumna	pol-drustvo	mozaik	10	17	https://vreme.com/mozaik/zasjace-palaci-a-mozda-vise-i-nece/	Krajem avgusta zatekli smo se u Kotoru u vreme održavanja festivala “Bokeška noć”, čiji je centralni deo defile ukrašenih brodova sa alegorijskim, satiričnim ili otvoreno političkim poruka u duhu sličnih karnevala zapadnog sveta.		Krajem avgusta zatekli smo se u Kotoru u vreme održavanja festivala “Bokeška noć”, čiji je centralni deo defile ukrašenih brodova sa alegorijskim, satiričnim ili otvoreno političkim poruka u duhu sličnih karnevala zapadnog sveta.
vre-4937484-011	vreme	4937484	kolumna	pol-drustvo	mozaik	11	17	https://vreme.com/mozaik/zasjace-palaci-a-mozda-vise-i-nece/	Defile maštovito ukrašenih barki otvorila je Gradska muzika Kotor (osnovana još 1842), posle nje su išle jedrilice Jedriličarskog kluba “Lahor” sa decom u ulozi posada.		Defile maštovito ukrašenih barki otvorila je Gradska muzika Kotor (osnovana još 1842), posle nje su išle jedrilice Jedriličarskog kluba “Lahor” sa decom u ulozi posada.
vre-4973237-051	vreme	4973237	kolumna	svet	mozaik	51	84	https://vreme.com/mozaik/tajvan-zapad-sa-kapljicom-kine/	Pa ipak, po zapadnim standardima, oni su sitni ljudi.		Pa ipak, po zapadnim standardima, oni su sitni ljudi.
vre-4973237-052	vreme	4973237	kolumna	svet	mozaik	52	84	https://vreme.com/mozaik/tajvan-zapad-sa-kapljicom-kine/	Milan je Srbin prosečne težine i visine, ali na Tajvanu kupuje u radnjama za punije.		Milan je Srbin prosečne težine i visine, ali na Tajvanu kupuje u radnjama za punije.
vre-4973237-053	vreme	4973237	kolumna	svet	mozaik	53	84	https://vreme.com/mozaik/tajvan-zapad-sa-kapljicom-kine/	Često mu njihov XXL bude mali.		Često mu njihov XXL bude mali.
vre-4973237-054	vreme	4973237	kolumna	svet	mozaik	54	84	https://vreme.com/mozaik/tajvan-zapad-sa-kapljicom-kine/	Vole i da popiju, ali ih alkohol puno košta.		Vole i da popiju, ali ih alkohol puno košta.
vre-4973237-055	vreme	4973237	kolumna	svet	mozaik	55	84	https://vreme.com/mozaik/tajvan-zapad-sa-kapljicom-kine/	Obično pivo je desetak evra, a kraft i do 16-17.		Obično pivo je desetak evra, a kraft i do 16-17.
vre-4973237-056	vreme	4973237	kolumna	svet	mozaik	56	84	https://vreme.com/mozaik/tajvan-zapad-sa-kapljicom-kine/	Često te u baru sa čuđenjem pitaju da ponoviš da li zaista želiš veliko pivo, a to je ono od pola litra.		Često te u baru sa čuđenjem pitaju da ponoviš da li zaista želiš veliko pivo, a to je ono od pola litra.
vre-4973237-057	vreme	4973237	kolumna	svet	mozaik	57	84	https://vreme.com/mozaik/tajvan-zapad-sa-kapljicom-kine/	Nekoliko dana uoči mog leta za Tajvan, Donald Tramp je došao na užasnu ideju da napadne Venecuelu, a svet je, naravno, odmah počeo da se pita hoće li i Kina krenuti na Tajvan.		Nekoliko dana uoči mog leta za Tajvan, Donald Tramp je došao na užasnu ideju da napadne Venecuelu, a svet je, naravno, odmah počeo da se pita hoće li i Kina krenuti na Tajvan.
vre-4973237-058	vreme	4973237	kolumna	svet	mozaik	58	84	https://vreme.com/mozaik/tajvan-zapad-sa-kapljicom-kine/	Strepela sam jer niko ne voli da ide na mesta gde miriše rat u vazduhu.		Strepela sam jer niko ne voli da ide na mesta gde miriše rat u vazduhu.
vre-4967138-015	vreme	4967138	kolumna	svet	mozaik	15	82	https://vreme.com/mozaik/svetski-bol-pojedinca/	Ne da bismo negirali značaj individualne terapije ili vrednost medicinskog pristupa, već da bismo razumeli kako su ti pristupi sami oblikovani širim društvenim silama koje često ostaju nevidljive.		Ne da bismo negirali značaj individualne terapije ili vrednost medicinskog pristupa, već da bismo razumeli kako su ti pristupi sami oblikovani širim društvenim silama koje često ostaju nevidljive.
vre-4967138-016	vreme	4967138	kolumna	svet	mozaik	16	82	https://vreme.com/mozaik/svetski-bol-pojedinca/	Kada je Marx pisao o otuđenju, nije mogao ni da nasluti do koje će mere kapitalizam uspeti da kolonizuje ljudsku dušu.		Kada je Marx pisao o otuđenju, nije mogao ni da nasluti do koje će mere kapitalizam uspeti da kolonizuje ljudsku dušu.
vre-4967138-017	vreme	4967138	kolumna	svet	mozaik	17	82	https://vreme.com/mozaik/svetski-bol-pojedinca/	Njegovo čuveno zapažanje da „na različitim oblicima svojine… uzdiže se čitava nadgradnja različitih osećanja“ danas deluje gotovo naivno, kao da još uvek postoji neka jasna granica između baze i nadgradnje, između ekonomskog i psihološkog.		Njegovo čuveno zapažanje da „na različitim oblicima svojine… uzdiže se čitava nadgradnja različitih osećanja“ danas deluje gotovo naivno, kao da još uvek postoji neka jasna granica između baze i nadgradnje, između ekonomskog i psihološkog.
vre-4967138-018	vreme	4967138	kolumna	svet	mozaik	18	82	https://vreme.com/mozaik/svetski-bol-pojedinca/	Ta granica se odavno rastopila.		Ta granica se odavno rastopila.
vre-4967138-019	vreme	4967138	kolumna	svet	mozaik	19	82	https://vreme.com/mozaik/svetski-bol-pojedinca/	Ne samo da proizvodnja određuje naše mentalno stanje, sama proizvodnja je postala mentalna.		Ne samo da proizvodnja određuje naše mentalno stanje, sama proizvodnja je postala mentalna.
vre-4967138-020	vreme	4967138	kolumna	svet	mozaik	20	82	https://vreme.com/mozaik/svetski-bol-pojedinca/	Rad više nije samo fizički, već prvenstveno psihički napor.		Rad više nije samo fizički, već prvenstveno psihički napor.
vre-4967138-021	vreme	4967138	kolumna	svet	mozaik	21	82	https://vreme.com/mozaik/svetski-bol-pojedinca/	I nije slučajno što baš u trenutku kada rad postaje „nematerijalan“, kada radimo svojim mozgovima, svojim osećanjima, svojom kreativnošću, doživljavamo nezapamćenu epidemiju mentalnih oboljenja.		I nije slučajno što baš u trenutku kada rad postaje „nematerijalan“, kada radimo svojim mozgovima, svojim osećanjima, svojom kreativnošću, doživljavamo nezapamćenu epidemiju mentalnih oboljenja.
vre-4967138-022	vreme	4967138	kolumna	svet	mozaik	22	82	https://vreme.com/mozaik/svetski-bol-pojedinca/	Perverzija sistema je u tome što izdatke za mentalno zdravlje tretira kao nužni trošak proizvodnje koji treba minimizirati.		Perverzija sistema je u tome što izdatke za mentalno zdravlje tretira kao nužni trošak proizvodnje koji treba minimizirati.
vre-4999384-038	vreme	4999384	kolumna	sport	mozaik	38	76	https://vreme.com/mozaik/svetsko-prvenstvo-2026-fudbal-favoriti-titula-svetskog-prvaka/	Vitinja, Neveš i Nuno Mendeš nose ogroman deo igre i u klubu i u reprezentaciji.		Vitinja, Neveš i Nuno Mendeš nose ogroman deo igre i u klubu i u reprezentaciji.
vre-4999384-039	vreme	4999384	kolumna	sport	mozaik	39	76	https://vreme.com/mozaik/svetsko-prvenstvo-2026-fudbal-favoriti-titula-svetskog-prvaka/	Bekovi često ulaze u sredinu terena, dok se napadi razvijaju kroz kratka dodavanja i konstantne promene pozicija.		Bekovi često ulaze u sredinu terena, dok se napadi razvijaju kroz kratka dodavanja i konstantne promene pozicija.
vre-4999384-040	vreme	4999384	kolumna	sport	mozaik	40	76	https://vreme.com/mozaik/svetsko-prvenstvo-2026-fudbal-favoriti-titula-svetskog-prvaka/	Međutim, Portugal nema defanzivnu organizaciju kakvu poseduje evropski prvak iz Pariza.		Međutim, Portugal nema defanzivnu organizaciju kakvu poseduje evropski prvak iz Pariza.
vre-4999384-041	vreme	4999384	kolumna	sport	mozaik	41	76	https://vreme.com/mozaik/svetsko-prvenstvo-2026-fudbal-favoriti-titula-svetskog-prvaka/	Upravo zbog toga deluje ranjivo u tranziciji.		Upravo zbog toga deluje ranjivo u tranziciji.
vre-4999384-042	vreme	4999384	kolumna	sport	mozaik	42	76	https://vreme.com/mozaik/svetsko-prvenstvo-2026-fudbal-favoriti-titula-svetskog-prvaka/	Najveći problem predstavlja Kristijano Ronaldo.		Najveći problem predstavlja Kristijano Ronaldo.
vre-4999384-043	vreme	4999384	kolumna	sport	mozaik	43	76	https://vreme.com/mozaik/svetsko-prvenstvo-2026-fudbal-favoriti-titula-svetskog-prvaka/	Legenda portugalskog fudbala i dalje ima status nedodirljive figure, ali s 41 godinom više nije igrač koji može da bude centar čitavog sistema.		Legenda portugalskog fudbala i dalje ima status nedodirljive figure, ali s 41 godinom više nije igrač koji može da bude centar čitavog sistema.
vre-4999384-044	vreme	4999384	kolumna	sport	mozaik	44	76	https://vreme.com/mozaik/svetsko-prvenstvo-2026-fudbal-favoriti-titula-svetskog-prvaka/	Što više Portugal bude igrao kroz vezni red, njegove šanse za uspeh biće veće.		Što više Portugal bude igrao kroz vezni red, njegove šanse za uspeh biće veće.
vre-4999384-045	vreme	4999384	kolumna	sport	mozaik	45	76	https://vreme.com/mozaik/svetsko-prvenstvo-2026-fudbal-favoriti-titula-svetskog-prvaka/	Ako postoji reprezentacija koja je naučila kako se osvajaju turniri, onda je to Argentina.		Ako postoji reprezentacija koja je naučila kako se osvajaju turniri, onda je to Argentina.
vre-4998006-004	vreme	4998006	kolumna	pol-drustvo	mozaik	4	33	https://vreme.com/mozaik/zombiji-na-trotoaru-dokle-ce-po-srbiji-stajati-halo-govornice/	Jedno vreme je pri sebi stalno imao karticu za Halo govornice kojima je upravljao srpski Telekom.		Jedno vreme je pri sebi stalno imao karticu za Halo govornice kojima je upravljao srpski Telekom.
vre-4998006-005	vreme	4998006	kolumna	pol-drustvo	mozaik	5	33	https://vreme.com/mozaik/zombiji-na-trotoaru-dokle-ce-po-srbiji-stajati-halo-govornice/	„Onda su došli mobilni telefoni – svoj prvi sam kupio 2001. godine i mislim da od tada više nisam koristio govornicu“, priča Dušan za Međuvreme.		„Onda su došli mobilni telefoni – svoj prvi sam kupio 2001. godine i mislim da od tada više nisam koristio govornicu“, priča Dušan za Međuvreme.
vre-4998006-006	vreme	4998006	kolumna	pol-drustvo	mozaik	6	33	https://vreme.com/mozaik/zombiji-na-trotoaru-dokle-ce-po-srbiji-stajati-halo-govornice/	Uklanjanje govornica najavljeno je još 2020. godine, kada je u Naučno-tehnološkom parku predstavljena „pametna govornica“.		Uklanjanje govornica najavljeno je još 2020. godine, kada je u Naučno-tehnološkom parku predstavljena „pametna govornica“.
vre-4998006-007	vreme	4998006	kolumna	pol-drustvo	mozaik	7	33	https://vreme.com/mozaik/zombiji-na-trotoaru-dokle-ce-po-srbiji-stajati-halo-govornice/	Ona je trebalo da ima interaktivni ekran, besplatan internet, SOS pozive, mapu grada i informacije o linijama gradskog prevoza, a mogao bi da se dopuni i mobilni telefon.		Ona je trebalo da ima interaktivni ekran, besplatan internet, SOS pozive, mapu grada i informacije o linijama gradskog prevoza, a mogao bi da se dopuni i mobilni telefon.
vre-4998006-008	vreme	4998006	kolumna	pol-drustvo	mozaik	8	33	https://vreme.com/mozaik/zombiji-na-trotoaru-dokle-ce-po-srbiji-stajati-halo-govornice/	Od toga nije bilo ništa – a sve nabrojane funkcije do danas su prevaziđene.		Od toga nije bilo ništa – a sve nabrojane funkcije do danas su prevaziđene.
vre-4998006-009	vreme	4998006	kolumna	pol-drustvo	mozaik	9	33	https://vreme.com/mozaik/zombiji-na-trotoaru-dokle-ce-po-srbiji-stajati-halo-govornice/	Zašto onda vandalizovane govornice još ruže gradove?		Zašto onda vandalizovane govornice još ruže gradove?
vre-4998006-010	vreme	4998006	kolumna	pol-drustvo	mozaik	10	33	https://vreme.com/mozaik/zombiji-na-trotoaru-dokle-ce-po-srbiji-stajati-halo-govornice/	Pitali smo Grad Beograd gde nas upućuju na Telekom, a Telekom se pravi mrtav.		Pitali smo Grad Beograd gde nas upućuju na Telekom, a Telekom se pravi mrtav.
vre-4998006-011	vreme	4998006	kolumna	pol-drustvo	mozaik	11	33	https://vreme.com/mozaik/zombiji-na-trotoaru-dokle-ce-po-srbiji-stajati-halo-govornice/	Tako danas više nema čekanja u redu da bi se saopštile dobre i loše vesti, ispričale anegdote, izjavila ljubav ili raskidale veze.		Tako danas više nema čekanja u redu da bi se saopštile dobre i loše vesti, ispričale anegdote, izjavila ljubav ili raskidale veze.
vre-5004078-025	vreme	5004078	kolumna	svet	mozaik	25	36	https://vreme.com/mozaik/trgovina-narkoticima-darknet-mdma-heroin-narko-banda/	Postoje indicije da je jedno vreme radila kao broker osiguranja.		Postoje indicije da je jedno vreme radila kao broker osiguranja.
vre-5004078-026	vreme	5004078	kolumna	svet	mozaik	26	36	https://vreme.com/mozaik/trgovina-narkoticima-darknet-mdma-heroin-narko-banda/	Prema podacima sa jedne poslovne platforme, u 27. godini je upisala studije hemije.		Prema podacima sa jedne poslovne platforme, u 27. godini je upisala studije hemije.
vre-5004078-027	vreme	5004078	kolumna	svet	mozaik	27	36	https://vreme.com/mozaik/trgovina-narkoticima-darknet-mdma-heroin-narko-banda/	Profil na ruskoj društvenoj mreži OK (Odnoklasniki) pod njenim imenom i datumom rođenja izgleda da je neaktivan još od 2015. godine.		Profil na ruskoj društvenoj mreži OK (Odnoklasniki) pod njenim imenom i datumom rođenja izgleda da je neaktivan još od 2015. godine.
vre-5004078-028	vreme	5004078	kolumna	svet	mozaik	28	36	https://vreme.com/mozaik/trgovina-narkoticima-darknet-mdma-heroin-narko-banda/	Profil Pygmalion je od oktobra 2023. godine bio pod prismotrom Savezne kriminalističke policije Nemačke (BKA).		Profil Pygmalion je od oktobra 2023. godine bio pod prismotrom Savezne kriminalističke policije Nemačke (BKA).
vre-5004078-029	vreme	5004078	kolumna	svet	mozaik	29	36	https://vreme.com/mozaik/trgovina-narkoticima-darknet-mdma-heroin-narko-banda/	Godinu dana ranije, u oktobru 2022. godine, BKA je uhapsila osobu za koju se sumnja da je vodila najveći nemački Darknet forum Deutschland im Deep Web.		Godinu dana ranije, u oktobru 2022. godine, BKA je uhapsila osobu za koju se sumnja da je vodila najveći nemački Darknet forum Deutschland im Deep Web.
vre-5004078-030	vreme	5004078	kolumna	svet	mozaik	30	36	https://vreme.com/mozaik/trgovina-narkoticima-darknet-mdma-heroin-narko-banda/	Jedan od dvojice muškaraca je nakon toga pod imenom Pygmalion objavio digitalni oproštajni pozdrav – i tako privukao pažnju istražitelja.		Jedan od dvojice muškaraca je nakon toga pod imenom Pygmalion objavio digitalni oproštajni pozdrav – i tako privukao pažnju istražitelja.
vre-5004078-031	vreme	5004078	kolumna	svet	mozaik	31	36	https://vreme.com/mozaik/trgovina-narkoticima-darknet-mdma-heroin-narko-banda/	Trio je zbog toga razotkriven posle vrlo kratkog vremena.		Trio je zbog toga razotkriven posle vrlo kratkog vremena.
vre-5004078-032	vreme	5004078	kolumna	svet	mozaik	32	36	https://vreme.com/mozaik/trgovina-narkoticima-darknet-mdma-heroin-narko-banda/	U martu 2024. godine, sud u Bilefeldu osudio je Alena B. na oko šest, a Sebastijana H. na pet godina zatvora, piše „Špigel“.		U martu 2024. godine, sud u Bilefeldu osudio je Alena B. na oko šest, a Sebastijana H. na pet godina zatvora, piše „Špigel“.
vre-5006760-028	vreme	5006760	kolumna	kultura	mozaik	28	52	https://vreme.com/mozaik/volite-li-qaghaq-tal-ghasel/	Pomislio sam kako bi bilo značajno da negde u Beogradu tako stoje fotografije Dade Vujasinović, na primer, i sve nas ali i posetioce grada podsećaju na to da je jedna žena pre 32 godine platila životom profesionalno bavljenje novinarskim poslom.		Pomislio sam kako bi bilo značajno da negde u Beogradu tako stoje fotografije Dade Vujasinović, na primer, i sve nas ali i posetioce grada podsećaju na to da je jedna žena pre 32 godine platila životom profesionalno bavljenje novinarskim poslom.
vre-5006760-029	vreme	5006760	kolumna	kultura	mozaik	29	52	https://vreme.com/mozaik/volite-li-qaghaq-tal-ghasel/	Palata Velikog majstora u centru Valete prva je zgrada koju su izgradili Vitezovi ordena Sv. Jovana.		Palata Velikog majstora u centru Valete prva je zgrada koju su izgradili Vitezovi ordena Sv. Jovana.
vre-5006760-030	vreme	5006760	kolumna	kultura	mozaik	30	52	https://vreme.com/mozaik/volite-li-qaghaq-tal-ghasel/	Nakon njihovog proterivanja sa ostrva, postala je na kratko sedište francuske uprave, pa zatim rezidencija britanskog guvernera i Parlament Malte.		Nakon njihovog proterivanja sa ostrva, postala je na kratko sedište francuske uprave, pa zatim rezidencija britanskog guvernera i Parlament Malte.
vre-5006760-031	vreme	5006760	kolumna	kultura	mozaik	31	52	https://vreme.com/mozaik/volite-li-qaghaq-tal-ghasel/	Danas je pretvorena u muzej u koji se ulazi besplatno ako posedujete press-legitimaciju.		Danas je pretvorena u muzej u koji se ulazi besplatno ako posedujete press-legitimaciju.
vre-5006760-032	vreme	5006760	kolumna	kultura	mozaik	32	52	https://vreme.com/mozaik/volite-li-qaghaq-tal-ghasel/	Pored palate je i Konkatedrala Svetog Jovana u kojoj je Karavađova slika Usekovanje glave Svetog Jovana Krstitelja.		Pored palate je i Konkatedrala Svetog Jovana u kojoj je Karavađova slika Usekovanje glave Svetog Jovana Krstitelja.
vre-5006760-033	vreme	5006760	kolumna	kultura	mozaik	33	52	https://vreme.com/mozaik/volite-li-qaghaq-tal-ghasel/	Nedaleko od hotela u kojem smo bili smešteni nalazi se Popeye Village, filmsko selo podignuto za mjuzikl Popeye iz 1980. sa Robinom Vilijamsom u naslovnoj roli – od tada je turistička atrakcija.		Nedaleko od hotela u kojem smo bili smešteni nalazi se Popeye Village, filmsko selo podignuto za mjuzikl Popeye iz 1980. sa Robinom Vilijamsom u naslovnoj roli – od tada je turistička atrakcija.
vre-5006760-034	vreme	5006760	kolumna	kultura	mozaik	34	52	https://vreme.com/mozaik/volite-li-qaghaq-tal-ghasel/	Ovaj klasični tematski park sa nekoliko kafea i restorana tokom celog dana ima ulične predstave sa sekvencama iz filma Popeye u koje veoma vešto uvlače posetioce, posebno decu.		Ovaj klasični tematski park sa nekoliko kafea i restorana tokom celog dana ima ulične predstave sa sekvencama iz filma Popeye u koje veoma vešto uvlače posetioce, posebno decu.
vre-5006760-035	vreme	5006760	kolumna	kultura	mozaik	35	52	https://vreme.com/mozaik/volite-li-qaghaq-tal-ghasel/	U malom bioskopu se daje dokumentarac o tome kako je baš ovo mesto odabrano za lokaciju filma, kao i zanimljivosti o samom snimanju.		U malom bioskopu se daje dokumentarac o tome kako je baš ovo mesto odabrano za lokaciju filma, kao i zanimljivosti o samom snimanju.
pol-720221-016	politika	720221	vest	pol-drustvo	srbija	16	29	https://www.politika.rs/sr/clanak/720221/spo-me-nik-kraj-je-za-ve-zr-tva-ma-ko-mu-ni-sta	Služilo se opelo i odavala pošta ubijenim Smederevcima.		Služilo se opelo i odavala pošta ubijenim Smederevcima.
pol-720221-017	politika	720221	vest	pol-drustvo	srbija	17	29	https://www.politika.rs/sr/clanak/720221/spo-me-nik-kraj-je-za-ve-zr-tva-ma-ko-mu-ni-sta	Zaticali su gomile smeća jer se baš na mestu stradanja gotovo svakodnevno organizovala „buvlja pijaca”.		Zaticali su gomile smeća jer se baš na mestu stradanja gotovo svakodnevno organizovala „buvlja pijaca”.
pol-720221-018	politika	720221	vest	pol-drustvo	srbija	18	29	https://www.politika.rs/sr/clanak/720221/spo-me-nik-kraj-je-za-ve-zr-tva-ma-ko-mu-ni-sta	Sve donedavno, uzaludni su bili njihovi apeli da se promeni odnos prema ovom stratištu.		Sve donedavno, uzaludni su bili njihovi apeli da se promeni odnos prema ovom stratištu.
pol-720221-019	politika	720221	vest	pol-drustvo	srbija	19	29	https://www.politika.rs/sr/clanak/720221/spo-me-nik-kraj-je-za-ve-zr-tva-ma-ko-mu-ni-sta	A onda se krajem 2023. godine dogodilo da spomenik na Jezavi prekomponuje vlast u Smederevu.		A onda se krajem 2023. godine dogodilo da spomenik na Jezavi prekomponuje vlast u Smederevu.
pol-720221-020	politika	720221	vest	pol-drustvo	srbija	20	29	https://www.politika.rs/sr/clanak/720221/spo-me-nik-kraj-je-za-ve-zr-tva-ma-ko-mu-ni-sta	Njegova izgradnja zapravo bila je prelomna za formiranje vlasti nakon lokalnih izbora, jer SNS nije imala većinu pa je do tada opoziciona Grupa građana „Bog, porodica, Smederevo – dr Kuljanin” dala podršku uz uslov da se napravi spomen obeležje žrtvama komunista.		Njegova izgradnja zapravo bila je prelomna za formiranje vlasti nakon lokalnih izbora, jer SNS nije imala većinu pa je do tada opoziciona Grupa građana „Bog, porodica, Smederevo – dr Kuljanin” dala podršku uz uslov da se napravi spomen obeležje žrtvama komunista.
pol-720221-021	politika	720221	vest	pol-drustvo	srbija	21	29	https://www.politika.rs/sr/clanak/720221/spo-me-nik-kraj-je-za-ve-zr-tva-ma-ko-mu-ni-sta	Jasmina Vojinović kaže da njihov uticaj jeste ubrzao postupak, ali da su žrtve bile prioritet za ovu vlast.		Jasmina Vojinović kaže da njihov uticaj jeste ubrzao postupak, ali da su žrtve bile prioritet za ovu vlast.
pol-720221-022	politika	720221	vest	pol-drustvo	srbija	22	29	https://www.politika.rs/sr/clanak/720221/spo-me-nik-kraj-je-za-ve-zr-tva-ma-ko-mu-ni-sta	Upitana zašto grad upadljivo ćuti o novom spomeniku koji, za razliku od mnogo manjih poduhvata, nije čak ni zvanično otvoren, niti se grad oglašavao ovim povodom, kaže da su bili zaokupljeni drugim problemima, poput nadvožnjaka.		Upitana zašto grad upadljivo ćuti o novom spomeniku koji, za razliku od mnogo manjih poduhvata, nije čak ni zvanično otvoren, niti se grad oglašavao ovim povodom, kaže da su bili zaokupljeni drugim problemima, poput nadvožnjaka.
pol-720221-023	politika	720221	vest	pol-drustvo	srbija	23	29	https://www.politika.rs/sr/clanak/720221/spo-me-nik-kraj-je-za-ve-zr-tva-ma-ko-mu-ni-sta	– Bio bi red da obeležimo otvaranje, ali za sada nemamo tačan plan.		– Bio bi red da obeležimo otvaranje, ali za sada nemamo tačan plan.
pol-718657-002	politika	718657	vest	pol-drustvo	srbija	2	22	https://www.politika.rs/sr/clanak/718657/sve-ma-nje-ce-stit-ki-s-du-som	Još „nadrealnija” je roba koju nude – novogodišnje i božićne čestitke, one prave, papirne, kovertirane i „obične” sa kojih vam na prstima ostaje zvezdana prašina...		Još „nadrealnija” je roba koju nude – novogodišnje i božićne čestitke, one prave, papirne, kovertirane i „obične” sa kojih vam na prstima ostaje zvezdana prašina...
pol-718657-003	politika	718657	vest	pol-drustvo	srbija	3	22	https://www.politika.rs/sr/clanak/718657/sve-ma-nje-ce-stit-ki-s-du-som	Prodavac s druge strane samo što ne zadrema, ali mu ne dozvoljava hladnoća.		Prodavac s druge strane samo što ne zadrema, ali mu ne dozvoljava hladnoća.
pol-718657-004	politika	718657	vest	pol-drustvo	srbija	4	22	https://www.politika.rs/sr/clanak/718657/sve-ma-nje-ce-stit-ki-s-du-som	Vidno neraspoložen za veliku priču, na pitanje kako ide posao kaže – „nikako”, i ceni da su mu ovo poslednji praznici, da trguje ovom sezonskom robom – čestitkama, ukrasima za jelku, veštačkim snegom, bradama i nosevima, crvenim kapama, balonima, prskalicama, konfetama i ostalim drangulijama koje se troše u „najluđoj noći”.		Vidno neraspoložen za veliku priču, na pitanje kako ide posao kaže – „nikako”, i ceni da su mu ovo poslednji praznici, da trguje ovom sezonskom robom – čestitkama, ukrasima za jelku, veštačkim snegom, bradama i nosevima, crvenim kapama, balonima, prskalicama, konfetama i ostalim drangulijama koje se troše u „najluđoj noći”.
pol-718657-005	politika	718657	vest	pol-drustvo	srbija	5	22	https://www.politika.rs/sr/clanak/718657/sve-ma-nje-ce-stit-ki-s-du-som	Ne pomaže ni bogata ponuda od bar pedesetak pedantno upakovanih „varijacija na temu”, ni akcijska cena od 50 dinara za najjeftinije komade, do onih liksuznih i najskupljih po ceni od 200 dinara.		Ne pomaže ni bogata ponuda od bar pedesetak pedantno upakovanih „varijacija na temu”, ni akcijska cena od 50 dinara za najjeftinije komade, do onih liksuznih i najskupljih po ceni od 200 dinara.
pol-718657-006	politika	718657	vest	pol-drustvo	srbija	6	22	https://www.politika.rs/sr/clanak/718657/sve-ma-nje-ce-stit-ki-s-du-som	„Više ne važi ni ono da narod nema para.		„Više ne važi ni ono da narod nema para.
pol-718657-007	politika	718657	vest	pol-drustvo	srbija	7	22	https://www.politika.rs/sr/clanak/718657/sve-ma-nje-ce-stit-ki-s-du-som	Jednostavno, interesovanje je slabo, ljudi samo prolaze, ali i tih šetača je malo.	Y	„Jednostavno, interesovanje je slabo, ljudi samo prolaze, ali i tih šetača je malo.“
pol-718657-008	politika	718657	vest	pol-drustvo	srbija	8	22	https://www.politika.rs/sr/clanak/718657/sve-ma-nje-ce-stit-ki-s-du-som	Ovde smo do mraka, aranžiramo i pakujemo robu već nedelju dana, a u međuvremenu žena i ja sedimo.	Y	„Ovde smo do mraka, aranžiramo i pakujemo robu već nedelju dana, a u međuvremenu žena i ja sedimo.“
pol-718657-009	politika	718657	vest	pol-drustvo	srbija	9	22	https://www.politika.rs/sr/clanak/718657/sve-ma-nje-ce-stit-ki-s-du-som	Oni malobrojni koji razgledaju namerni da nešto pazare, kažu da je baš lepo što neko još prodaje čestitke, a ranije, ali tome ima i decenija, dnevno ih je išlo do 2.000 komada.	Y	„Oni malobrojni koji razgledaju namerni da nešto pazare, kažu da je baš lepo što neko još prodaje čestitke, a ranije, ali tome ima i decenija, dnevno ih je išlo do 2.000 komada.“
pol-724571-003	politika	724571	vest	pol-drustvo	srbija	3	18	https://www.politika.rs/sr/clanak/724571/u-no-vu-go-di-nu-s-no-vim-ime-nom	Ipak, prošle godine je zabeležen blagi pad zahteva, budući da ih je, recimo, u 2024. godini bilo – čak 140.		Ipak, prošle godine je zabeležen blagi pad zahteva, budući da ih je, recimo, u 2024. godini bilo – čak 140.
pol-724571-004	politika	724571	vest	pol-drustvo	srbija	4	18	https://www.politika.rs/sr/clanak/724571/u-no-vu-go-di-nu-s-no-vim-ime-nom	Za ovakav korak najčešće se odlučuju žene nakon razvoda i uzimanje prezimena pre sklapanja braka, ali i muškarci, a kao motiv se još navode intimni razlozi.		Za ovakav korak najčešće se odlučuju žene nakon razvoda i uzimanje prezimena pre sklapanja braka, ali i muškarci, a kao motiv se još navode intimni razlozi.
pol-724571-005	politika	724571	vest	pol-drustvo	srbija	5	18	https://www.politika.rs/sr/clanak/724571/u-no-vu-go-di-nu-s-no-vim-ime-nom	Među takvim, navode matičari, ima primera promene neobičnih prezimena, koja „odskaču” i predmet su podsmeha okoline, ili su njihovi vlasnici nezadovoljni izborom svojih roditelja.		Među takvim, navode matičari, ima primera promene neobičnih prezimena, koja „odskaču” i predmet su podsmeha okoline, ili su njihovi vlasnici nezadovoljni izborom svojih roditelja.
pol-724571-006	politika	724571	vest	pol-drustvo	srbija	6	18	https://www.politika.rs/sr/clanak/724571/u-no-vu-go-di-nu-s-no-vim-ime-nom	U ovoj evidenciji, s godinama je i sve manje neobičnih imena, a vladavinu među ženskim nastavljaju Sofije i Anđele, uz sve češću pojavu onih kraćih kao što su Dunja i Mila, Iva, Ema i Tara, dok u konkurenciji muških vode Bogdan, Vukan, Vasilije i Dušan.		U ovoj evidenciji, s godinama je i sve manje neobičnih imena, a vladavinu među ženskim nastavljaju Sofije i Anđele, uz sve češću pojavu onih kraćih kao što su Dunja i Mila, Iva, Ema i Tara, dok u konkurenciji muških vode Bogdan, Vukan, Vasilije i Dušan.
pol-724571-007	politika	724571	vest	pol-drustvo	srbija	7	18	https://www.politika.rs/sr/clanak/724571/u-no-vu-go-di-nu-s-no-vim-ime-nom	Međutim, ima i ozbiljnijih motiva i slučajeva među onima koji iskazuju želju da iz raznoraznih razloga potpuno raskinu veze sa porodičnim poreklom.		Međutim, ima i ozbiljnijih motiva i slučajeva među onima koji iskazuju želju da iz raznoraznih razloga potpuno raskinu veze sa porodičnim poreklom.
pol-724571-008	politika	724571	vest	pol-drustvo	srbija	8	18	https://www.politika.rs/sr/clanak/724571/u-no-vu-go-di-nu-s-no-vim-ime-nom	Oni se odlučuju da uzmu majčino prezime jer su, recimo, u lošim odnosima sa ocem, dok se deci prezime menja nakon utvrđivanja ili osporavanja očinstva.		Oni se odlučuju da uzmu majčino prezime jer su, recimo, u lošim odnosima sa ocem, dok se deci prezime menja nakon utvrđivanja ili osporavanja očinstva.
pol-724571-009	politika	724571	vest	pol-drustvo	srbija	9	18	https://www.politika.rs/sr/clanak/724571/u-no-vu-go-di-nu-s-no-vim-ime-nom	Matične knjige još pokazuju da se za promenu prezimena odlučuju i mnoga deca koja su odrasla sa majkama, a otac nije brinuo o njima, iako ih je priznao na rođenju.		Matične knjige još pokazuju da se za promenu prezimena odlučuju i mnoga deca koja su odrasla sa majkama, a otac nije brinuo o njima, iako ih je priznao na rođenju.
pol-724571-010	politika	724571	vest	pol-drustvo	srbija	10	18	https://www.politika.rs/sr/clanak/724571/u-no-vu-go-di-nu-s-no-vim-ime-nom	Njima je po zakonu dozvoljeno da o tome sami donesu odluku već nakon napunjene 15. godine, ali u takvim situacijama matičari traže konsultaciju i mišljenje centara za socijalni rad.		Njima je po zakonu dozvoljeno da o tome sami donesu odluku već nakon napunjene 15. godine, ali u takvim situacijama matičari traže konsultaciju i mišljenje centara za socijalni rad.
pol-715941-001	politika	715941	vest	pol-drustvo	srbija	1	24	https://www.politika.rs/sr/clanak/715941/kroz-zivot-uzicke-osmoletke-o-skolstvu-nekad-i-sad	Učitelje i nastavnike bespogovorno su slušali, za petice se nisu otimali.		Učitelje i nastavnike bespogovorno su slušali, za petice se nisu otimali.
pol-715941-002	politika	715941	vest	pol-drustvo	srbija	2	24	https://www.politika.rs/sr/clanak/715941/kroz-zivot-uzicke-osmoletke-o-skolstvu-nekad-i-sad	Nastavom pripremani za kakav posao u uznapredovaloj privredi.		Nastavom pripremani za kakav posao u uznapredovaloj privredi.
pol-715941-003	politika	715941	vest	pol-drustvo	srbija	3	24	https://www.politika.rs/sr/clanak/715941/kroz-zivot-uzicke-osmoletke-o-skolstvu-nekad-i-sad	Godine prolaze i škola je uređenija, s novim kabinetima i centralnim grejanjem (pre toga pomoćni radnici su i po 30 vatri održavali, a učionice hladne).		Godine prolaze i škola je uređenija, s novim kabinetima i centralnim grejanjem (pre toga pomoćni radnici su i po 30 vatri održavali, a učionice hladne).
pol-715941-004	politika	715941	vest	pol-drustvo	srbija	4	24	https://www.politika.rs/sr/clanak/715941/kroz-zivot-uzicke-osmoletke-o-skolstvu-nekad-i-sad	Na međuškolska druženja učenici putuju „ćirom”, na časove nose plave đačke uniforme sa amblemom škole, praznikom i crvene pionirske marame.		Na međuškolska druženja učenici putuju „ćirom”, na časove nose plave đačke uniforme sa amblemom škole, praznikom i crvene pionirske marame.
pol-715941-005	politika	715941	vest	pol-drustvo	srbija	5	24	https://www.politika.rs/sr/clanak/715941/kroz-zivot-uzicke-osmoletke-o-skolstvu-nekad-i-sad	U sve brojnijim odeljenjima svega po nekoliko odlikaša.		U sve brojnijim odeljenjima svega po nekoliko odlikaša.
pol-715941-006	politika	715941	vest	pol-drustvo	srbija	6	24	https://www.politika.rs/sr/clanak/715941/kroz-zivot-uzicke-osmoletke-o-skolstvu-nekad-i-sad	Autoritet nastavnog osoblja i dalje je nesporan.		Autoritet nastavnog osoblja i dalje je nesporan.
pol-715941-007	politika	715941	vest	pol-drustvo	srbija	7	24	https://www.politika.rs/sr/clanak/715941/kroz-zivot-uzicke-osmoletke-o-skolstvu-nekad-i-sad	Đaci su s malo para, a s mnogo dečje radosti.		Đaci su s malo para, a s mnogo dečje radosti.
pol-715941-008	politika	715941	vest	pol-drustvo	srbija	8	24	https://www.politika.rs/sr/clanak/715941/kroz-zivot-uzicke-osmoletke-o-skolstvu-nekad-i-sad	Zaposlenima škole do sredine sedamdesetih dodeljena su sredstva stambenog fonda za useljenje u dva dvosobna i šest jednosobnih stanova.		Zaposlenima škole do sredine sedamdesetih dodeljena su sredstva stambenog fonda za useljenje u dva dvosobna i šest jednosobnih stanova.
pol-771085-001	politika	771085	vest	pol-drustvo	beograd	1	11	https://www.politika.rs/sr/clanak/771085/rehabilitacija-celicnog-pesackog-mosta	Na toj poziciji je plava pasarela, pešački most, koji je pre petnaestak dana, kažu Dorćolci, zatvoren zbog obnove.		Na toj poziciji je plava pasarela, pešački most, koji je pre petnaestak dana, kažu Dorćolci, zatvoren zbog obnove.
pol-771085-002	politika	771085	vest	pol-drustvo	beograd	2	11	https://www.politika.rs/sr/clanak/771085/rehabilitacija-celicnog-pesackog-mosta	Njegov deo bliže stambenom bloku uz ulicu Dunavski kej obučen je u belo platno, zaštitu, iznad koje se nadvijao oblak prašine.		Njegov deo bliže stambenom bloku uz ulicu Dunavski kej obučen je u belo platno, zaštitu, iznad koje se nadvijao oblak prašine.
pol-771085-003	politika	771085	vest	pol-drustvo	beograd	3	11	https://www.politika.rs/sr/clanak/771085/rehabilitacija-celicnog-pesackog-mosta	Ispod pasarele, čija je dužina stotinak metara, uređeni je deo, četvrta faza, linijskog parka koji još čeka upotrebnu dozvolu, a pešaci umesto mostom prolaze alternativnim pravcem, ograđenom stazom u linijskom parku ka Dunavskoj ulici u kojoj je iscrtan pešački prelaz.		Ispod pasarele, čija je dužina stotinak metara, uređeni je deo, četvrta faza, linijskog parka koji još čeka upotrebnu dozvolu, a pešaci umesto mostom prolaze alternativnim pravcem, ograđenom stazom u linijskom parku ka Dunavskoj ulici u kojoj je iscrtan pešački prelaz.
pol-771085-004	politika	771085	vest	pol-drustvo	beograd	4	11	https://www.politika.rs/sr/clanak/771085/rehabilitacija-celicnog-pesackog-mosta	Uz tu prometnu saobraćajnicu, koja bi trebalo da bude proširena, postavljen je i gradilišni kontejner na kojem piše „Antikor”, a radnici majstorišu što na samom objektu, što ispod njega.		Uz tu prometnu saobraćajnicu, koja bi trebalo da bude proširena, postavljen je i gradilišni kontejner na kojem piše „Antikor”, a radnici majstorišu što na samom objektu, što ispod njega.
pol-771085-005	politika	771085	vest	pol-drustvo	beograd	5	11	https://www.politika.rs/sr/clanak/771085/rehabilitacija-celicnog-pesackog-mosta	Jedan od njih kaže da se sa pasarele skida rđa, da je uklonjen asfalt sa staze i da će se ponovo farbati.		Jedan od njih kaže da se sa pasarele skida rđa, da je uklonjen asfalt sa staze i da će se ponovo farbati.
pol-771085-006	politika	771085	vest	pol-drustvo	beograd	6	11	https://www.politika.rs/sr/clanak/771085/rehabilitacija-celicnog-pesackog-mosta	Ne zna precizno kada će rekonstrukcija biti završena i dodaje „radićemo još dva meseca sigurno”.		Ne zna precizno kada će rekonstrukcija biti završena i dodaje „radićemo još dva meseca sigurno”.
pol-771085-007	politika	771085	vest	pol-drustvo	beograd	7	11	https://www.politika.rs/sr/clanak/771085/rehabilitacija-celicnog-pesackog-mosta	Njegov kolega, manje pričljiv, ističe da ima još dosta posla, da je korozija nagrizla tu pešačku vezu grada i reke, da će na njoj biti ugrađeni odvodi koji nisu postojali i novi asfalt kao podloga.		Njegov kolega, manje pričljiv, ističe da ima još dosta posla, da je korozija nagrizla tu pešačku vezu grada i reke, da će na njoj biti ugrađeni odvodi koji nisu postojali i novi asfalt kao podloga.
pol-771085-008	politika	771085	vest	pol-drustvo	beograd	8	11	https://www.politika.rs/sr/clanak/771085/rehabilitacija-celicnog-pesackog-mosta	Upitan ko je investitor, sleže ramenima.		Upitan ko je investitor, sleže ramenima.
pol-775535-000	politika	775535	vest	pol-drustvo	beograd	0	8	https://www.politika.rs/sr/clanak/775535/puzovic-rekonstrukcija-savskog-nasipa-nastavlja-planiranom-dinamikom	Direktor Srbijavoda Goran Puzović obišao je danas radove na rekonstrukciji savskog nasipa na deonici od Bloka 45 do kompleksa Ekspo 2027, gde je do sada izvedeno više od 4,5 kilometara zemljanih radova.		Direktor Srbijavoda Goran Puzović obišao je danas radove na rekonstrukciji savskog nasipa na deonici od Bloka 45 do kompleksa Ekspo 2027, gde je do sada izvedeno više od 4,5 kilometara zemljanih radova.
pol-775535-001	politika	775535	vest	pol-drustvo	beograd	1	8	https://www.politika.rs/sr/clanak/775535/puzovic-rekonstrukcija-savskog-nasipa-nastavlja-planiranom-dinamikom	Kameni materijal ugrađen je na više od tri kilometra trase, a radovi se nastavljaju planiranom dinamikom.		Kameni materijal ugrađen je na više od tri kilometra trase, a radovi se nastavljaju planiranom dinamikom.
pol-775535-002	politika	775535	vest	pol-drustvo	beograd	2	8	https://www.politika.rs/sr/clanak/775535/puzovic-rekonstrukcija-savskog-nasipa-nastavlja-planiranom-dinamikom	Tokom izvođenja zemljanih radova na jednom delu trase registrovan je zarobljeni sloj podzemne vode u materijalu slabije vodopropusnosti, što predstavlja uobičajenu geološku pojavu i ne utiče na realizaciju projekta, saopštila je kompanija.		Tokom izvođenja zemljanih radova na jednom delu trase registrovan je zarobljeni sloj podzemne vode u materijalu slabije vodopropusnosti, što predstavlja uobičajenu geološku pojavu i ne utiče na realizaciju projekta, saopštila je kompanija.
pol-775535-003	politika	775535	vest	pol-drustvo	beograd	3	8	https://www.politika.rs/sr/clanak/775535/puzovic-rekonstrukcija-savskog-nasipa-nastavlja-planiranom-dinamikom	„Pojava zarobljenog sloja podzemne vode u ovakvim geološkim uslovima nije neuobičajena.		„Pojava zarobljenog sloja podzemne vode u ovakvim geološkim uslovima nije neuobičajena.
pol-775535-004	politika	775535	vest	pol-drustvo	beograd	4	8	https://www.politika.rs/sr/clanak/775535/puzovic-rekonstrukcija-savskog-nasipa-nastavlja-planiranom-dinamikom	Upravo zato se svi radovi izvode uz stalni stručni nadzor i primenu projektovanih tehničkih rešenja, kako bismo obezbedili maksimalnu stabilnost i sigurnost nasipa.	Y	„Upravo zato se svi radovi izvode uz stalni stručni nadzor i primenu projektovanih tehničkih rešenja, kako bismo obezbedili maksimalnu stabilnost i sigurnost nasipa.“
pol-775535-005	politika	775535	vest	pol-drustvo	beograd	5	8	https://www.politika.rs/sr/clanak/775535/puzovic-rekonstrukcija-savskog-nasipa-nastavlja-planiranom-dinamikom	Rekonstrukcijom savskog nasipa podižemo nivo zaštite Beograda od poplava, a istovremeno stvaramo uslove za bezbednije i kvalitetnije korišćenje ovog prostora”, rekao je Puzović.	Y	„Rekonstrukcijom savskog nasipa podižemo nivo zaštite Beograda od poplava, a istovremeno stvaramo uslove za bezbednije i kvalitetnije korišćenje ovog prostora”, rekao je Puzović.“
pol-775535-006	politika	775535	vest	pol-drustvo	beograd	6	8	https://www.politika.rs/sr/clanak/775535/puzovic-rekonstrukcija-savskog-nasipa-nastavlja-planiranom-dinamikom	U skladu sa projektom i pravilima struke, predviđena je zamena neadekvatnog materijala odgovarajućim, čime će se obezbediti puna geomehanička stabilnost i dugoročna pouzdanost nasipa.		U skladu sa projektom i pravilima struke, predviđena je zamena neadekvatnog materijala odgovarajućim, čime će se obezbediti puna geomehanička stabilnost i dugoročna pouzdanost nasipa.
pol-775535-007	politika	775535	vest	pol-drustvo	beograd	7	8	https://www.politika.rs/sr/clanak/775535/puzovic-rekonstrukcija-savskog-nasipa-nastavlja-planiranom-dinamikom	Projekat obuhvata i izgradnju servisne saobraćajnice, čime će teški saobraćaj biti trajno izmešten sa krune nasipa, kao i nove pešačko-biciklističke staze i prostora za odmor i rekreaciju građana, prenosi Tanjug.		Projekat obuhvata i izgradnju servisne saobraćajnice, čime će teški saobraćaj biti trajno izmešten sa krune nasipa, kao i nove pešačko-biciklističke staze i prostora za odmor i rekreaciju građana, prenosi Tanjug.
pol-774087-009	politika	774087	vest	pol-drustvo	beograd	9	37	https://www.politika.rs/sr/clanak/774087/sarenilo-velike-pijace	Domaćice su nosile šarene cegere, dok bi preko glave prebacile šamije (tanke marame) čije su krajeve držale zubima da ih vetar ne smakne.		Domaćice su nosile šarene cegere, dok bi preko glave prebacile šamije (tanke marame) čije su krajeve držale zubima da ih vetar ne smakne.
pol-774087-010	politika	774087	vest	pol-drustvo	beograd	10	37	https://www.politika.rs/sr/clanak/774087/sarenilo-velike-pijace	Kafedžije ili mehandžije, kako su se tada zvale, sa sobom su vodile bosonogog pokućara (neka vrsta pomoćnog radnika, slugu) koji je jedva nosio pun zembilj robe.		Kafedžije ili mehandžije, kako su se tada zvale, sa sobom su vodile bosonogog pokućara (neka vrsta pomoćnog radnika, slugu) koji je jedva nosio pun zembilj robe.
pol-774087-011	politika	774087	vest	pol-drustvo	beograd	11	37	https://www.politika.rs/sr/clanak/774087/sarenilo-velike-pijace	Posebno grlati i pomalo nervozni bili su vojni liferanti i komesari, ubeđeni da treba da se prepiru s kasapima oko kostiju!		Posebno grlati i pomalo nervozni bili su vojni liferanti i komesari, ubeđeni da treba da se prepiru s kasapima oko kostiju!
pol-774087-012	politika	774087	vest	pol-drustvo	beograd	12	37	https://www.politika.rs/sr/clanak/774087/sarenilo-velike-pijace	Njihova podozrivost išla je dotle da su redovno kontrolisali đule na kantaru, sumnjajući da je „prešlo” na stranu prodavca.		Njihova podozrivost išla je dotle da su redovno kontrolisali đule na kantaru, sumnjajući da je „prešlo” na stranu prodavca.
pol-774087-013	politika	774087	vest	pol-drustvo	beograd	13	37	https://www.politika.rs/sr/clanak/774087/sarenilo-velike-pijace	Dolazili su ovde i ljudi u potrazi za poslom, posebno žene koje su nudile da u domovima imućnih peru, peglaju, čiste kuću, glancaju obuću.		Dolazili su ovde i ljudi u potrazi za poslom, posebno žene koje su nudile da u domovima imućnih peru, peglaju, čiste kuću, glancaju obuću.
pol-774087-014	politika	774087	vest	pol-drustvo	beograd	14	37	https://www.politika.rs/sr/clanak/774087/sarenilo-velike-pijace	Mogle su se tu videti i bule sa feredžama najrazličitijih boja, koje su preko lica nosile tanku maramu, svaki čas je navlačeći da im kaurini (oni koji nisu Turci) ne vide oči.		Mogle su se tu videti i bule sa feredžama najrazličitijih boja, koje su preko lica nosile tanku maramu, svaki čas je navlačeći da im kaurini (oni koji nisu Turci) ne vide oči.
pol-774087-015	politika	774087	vest	pol-drustvo	beograd	15	37	https://www.politika.rs/sr/clanak/774087/sarenilo-velike-pijace	Na nogama su vukle nanule, nespretno hodajući džombastom kaldrmom, dok su im u susret dolazili francuski vojnici, s pohabanim i uglačanim pantalonama koje su davno pripadale nekom Turčinu.		Na nogama su vukle nanule, nespretno hodajući džombastom kaldrmom, dok su im u susret dolazili francuski vojnici, s pohabanim i uglačanim pantalonama koje su davno pripadale nekom Turčinu.
pol-774087-016	politika	774087	vest	pol-drustvo	beograd	16	37	https://www.politika.rs/sr/clanak/774087/sarenilo-velike-pijace	Robe, posebno voća i povrća, bilo je sasvim dovoljno, mada su se leti svi otimali oko lubenica, kuckajući ih i stežući, ne bi li utvrdili da li su zrele.		Robe, posebno voća i povrća, bilo je sasvim dovoljno, mada su se leti svi otimali oko lubenica, kuckajući ih i stežući, ne bi li utvrdili da li su zrele.
pol-782685-000	politika	782685	vest	pol-drustvo	drustvo	0	6	https://www.politika.rs/sr/clanak/782685/patrijarh-porfirije-srpski-narod-prolazi-kroz-teska-iskusenja-na-kosovu-i-metohiji	Patrijarh srpski Porfirije danas je u Domu hrama Svetog Save razgovarao sa delegacijom Republike Liban, koja boravi u Beogradu na sastanku posvećenom 65. godišnjici održavanja Prve konferencije Pokreta nesvrstanih zemalja, saopšteno je iz Srpske pravoslavne crkve (SPC).		Patrijarh srpski Porfirije danas je u Domu hrama Svetog Save razgovarao sa delegacijom Republike Liban, koja boravi u Beogradu na sastanku posvećenom 65. godišnjici održavanja Prve konferencije Pokreta nesvrstanih zemalja, saopšteno je iz Srpske pravoslavne crkve (SPC).
pol-782685-001	politika	782685	vest	pol-drustvo	drustvo	1	6	https://www.politika.rs/sr/clanak/782685/patrijarh-porfirije-srpski-narod-prolazi-kroz-teska-iskusenja-na-kosovu-i-metohiji	Visoku delegaciju Republike Liban činili su Mišel Menasa, ministar odbrane te zemlje, potpukovnik Mišel Majni, na funkciji šefa Kabineta ministra odbrane, general u penziji Naim Slejlati, koji je diplomatski savetnik ministra odbrane, i Jusef Žabr, ambasador Libana u Srbiji.		Visoku delegaciju Republike Liban činili su Mišel Menasa, ministar odbrane te zemlje, potpukovnik Mišel Majni, na funkciji šefa Kabineta ministra odbrane, general u penziji Naim Slejlati, koji je diplomatski savetnik ministra odbrane, i Jusef Žabr, ambasador Libana u Srbiji.
pol-782685-002	politika	782685	vest	pol-drustvo	drustvo	2	6	https://www.politika.rs/sr/clanak/782685/patrijarh-porfirije-srpski-narod-prolazi-kroz-teska-iskusenja-na-kosovu-i-metohiji	U srdačnoj atmosferi i otvorenom razgovoru, uvaženi gosti su upoznali patrijarha Porfirija sa iskušenjima sa kojima se Liban suočava usled složenih geopolitičkih prilika i ratnih dejstava na Bliskom istoku.		U srdačnoj atmosferi i otvorenom razgovoru, uvaženi gosti su upoznali patrijarha Porfirija sa iskušenjima sa kojima se Liban suočava usled složenih geopolitičkih prilika i ratnih dejstava na Bliskom istoku.
pol-782685-003	politika	782685	vest	pol-drustvo	drustvo	3	6	https://www.politika.rs/sr/clanak/782685/patrijarh-porfirije-srpski-narod-prolazi-kroz-teska-iskusenja-na-kosovu-i-metohiji	Patrijarh Porfirije je izrazio duboko razumevanje i iskreno saosećanje sa izazovima i stradanjima naroda Libana, podsetivši da je i srpski narod tokom svoje novije istorije prolazio, a i danas prolazi, kroz teška iskušenja, naročito na Kosovu i Metohiji.		Patrijarh Porfirije je izrazio duboko razumevanje i iskreno saosećanje sa izazovima i stradanjima naroda Libana, podsetivši da je i srpski narod tokom svoje novije istorije prolazio, a i danas prolazi, kroz teška iskušenja, naročito na Kosovu i Metohiji.
pol-782685-004	politika	782685	vest	pol-drustvo	drustvo	4	6	https://www.politika.rs/sr/clanak/782685/patrijarh-porfirije-srpski-narod-prolazi-kroz-teska-iskusenja-na-kosovu-i-metohiji	Patrijarh je molitveno poželeo da mir i ljubav zavladaju u srcima libanskog naroda, kao i u srcima svih ljudi širom sveta, naglasivši značaj međusobnog razumevanja, poštovanja i zajedničkog nastojanja da se mir sačuva i izgrađuje.		Patrijarh je molitveno poželeo da mir i ljubav zavladaju u srcima libanskog naroda, kao i u srcima svih ljudi širom sveta, naglasivši značaj međusobnog razumevanja, poštovanja i zajedničkog nastojanja da se mir sačuva i izgrađuje.
pol-782685-005	politika	782685	vest	pol-drustvo	drustvo	5	6	https://www.politika.rs/sr/clanak/782685/patrijarh-porfirije-srpski-narod-prolazi-kroz-teska-iskusenja-na-kosovu-i-metohiji	Posle susreta sa poglavarom Srpske pravoslavne crkve, visoki gosti su posetili Spomen-hram Svetog Save na Vračaru, navodi se u saopštenju.		Posle susreta sa poglavarom Srpske pravoslavne crkve, visoki gosti su posetili Spomen-hram Svetog Save na Vračaru, navodi se u saopštenju.
pol-782395-000	politika	782395	vest	pol-drustvo	politika	0	5	https://www.politika.rs/sr/clanak/782395/blokaderi-posle-teksta-danasa-niko-u-ruzicu-ne-vidi-srpskog-petera-madara	Nakon što je „Danas” objavio tekst pod naslovom „Srpski Peter Mađar: Branko Ružić, posle više decenija izbačen iz SPS-a”, na društvenim mrežama usledile su reakcije blokadera u kojima je osporeno poređenje bivšeg funkcionera socijalista sa liderom mađarske opozicije.		Nakon što je „Danas” objavio tekst pod naslovom „Srpski Peter Mađar: Branko Ružić, posle više decenija izbačen iz SPS-a”, na društvenim mrežama usledile su reakcije blokadera u kojima je osporeno poređenje bivšeg funkcionera socijalista sa liderom mađarske opozicije.
pol-782395-001	politika	782395	vest	pol-drustvo	politika	1	5	https://www.politika.rs/sr/clanak/782395/blokaderi-posle-teksta-danasa-niko-u-ruzicu-ne-vidi-srpskog-petera-madara	U tekstu „Danasa” navodi se da pojedini u Ružiću prepoznaju „srpskog Petera Mađara”, odnosno političara koji bi, nakon prelaska sa vlasti na stranu opozicije, mogao da predvodi građane do promene vlasti.		U tekstu „Danasa” navodi se da pojedini u Ružiću prepoznaju „srpskog Petera Mađara”, odnosno političara koji bi, nakon prelaska sa vlasti na stranu opozicije, mogao da predvodi građane do promene vlasti.
pol-782395-002	politika	782395	vest	pol-drustvo	politika	2	5	https://www.politika.rs/sr/clanak/782395/blokaderi-posle-teksta-danasa-niko-u-ruzicu-ne-vidi-srpskog-petera-madara	Blokaderi su reagovali i na društvenim mrežama oštro kritikovali svoj medij.		Blokaderi su reagovali i na društvenim mrežama oštro kritikovali svoj medij.
pol-782395-003	politika	782395	vest	pol-drustvo	politika	3	5	https://www.politika.rs/sr/clanak/782395/blokaderi-posle-teksta-danasa-niko-u-ruzicu-ne-vidi-srpskog-petera-madara	„Niko u njemu ne vidi Petera Mađara, osim tebe, izgubljeni dragi Danasu”, napisala je ona, uz emotikon.		„Niko u njemu ne vidi Petera Mađara, osim tebe, izgubljeni dragi Danasu”, napisala je ona, uz emotikon.
pol-782395-004	politika	782395	vest	pol-drustvo	politika	4	5	https://www.politika.rs/sr/clanak/782395/blokaderi-posle-teksta-danasa-niko-u-ruzicu-ne-vidi-srpskog-petera-madara	Pokušaj da se Ružić predstavi kao mogući novi politički akter sposoban da okupi protivnike vlasti brzo je izazvala bes blokadera.		Pokušaj da se Ružić predstavi kao mogući novi politički akter sposoban da okupi protivnike vlasti brzo je izazvala bes blokadera.
pol-782624-000	politika	782624	vest	pol-drustvo	drustvo	0	9	https://www.politika.rs/sr/clanak/782624/pocinju-vojne-vezbe-pobednik-2026-na-poligonu-pester	Počela je združena taktička vežba sa bojevim gađanjem „Pobednik 2026ˮ Vojske Srbije, a njena prva faza realizuje se na poligonu Pešter do 15. septembra, dok je druga faza planirana za kraj septembra i početak oktobra i realizovaće se u širem rejonu Loznice.		Počela je združena taktička vežba sa bojevim gađanjem „Pobednik 2026ˮ Vojske Srbije, a njena prva faza realizuje se na poligonu Pešter do 15. septembra, dok je druga faza planirana za kraj septembra i početak oktobra i realizovaće se u širem rejonu Loznice.
pol-782624-001	politika	782624	vest	pol-drustvo	drustvo	1	9	https://www.politika.rs/sr/clanak/782624/pocinju-vojne-vezbe-pobednik-2026-na-poligonu-pester	Vojska Srbije saopštila je da vežba „Pobednik 2026ˮ predstavlja ključnu priliku da se javnosti prikažu obučenost i spremnost jedinica Vojske Srbije uz upotrebu novouvedenih i modernizovanih sredstava.		Vojska Srbije saopštila je da vežba „Pobednik 2026ˮ predstavlja ključnu priliku da se javnosti prikažu obučenost i spremnost jedinica Vojske Srbije uz upotrebu novouvedenih i modernizovanih sredstava.
pol-782624-002	politika	782624	vest	pol-drustvo	drustvo	2	9	https://www.politika.rs/sr/clanak/782624/pocinju-vojne-vezbe-pobednik-2026-na-poligonu-pester	Načelnik štaba Prve brigade Kopnene vojske potpukovnik Bojan Lakanović naveo je da se vežba realizuje u dve faze na poligonu Pešter, gde učestvuju jedinice Kopnene vojske u sadejstvu sa Ratnim vazduhoplovstvom i protivvazduhoplovnom odbranom, kao i specijalnim jedinicama.		Načelnik štaba Prve brigade Kopnene vojske potpukovnik Bojan Lakanović naveo je da se vežba realizuje u dve faze na poligonu Pešter, gde učestvuju jedinice Kopnene vojske u sadejstvu sa Ratnim vazduhoplovstvom i protivvazduhoplovnom odbranom, kao i specijalnim jedinicama.
pol-782624-003	politika	782624	vest	pol-drustvo	drustvo	3	9	https://www.politika.rs/sr/clanak/782624/pocinju-vojne-vezbe-pobednik-2026-na-poligonu-pester	Prva faza, kako je rekao, traje od kraja avgusta do 15. septembra (marševanje čete i uvežbavanja), dok se centralna aktivnost i završna faza sa bojevim gađanjem izvode 13. septembra na Pešteru.		Prva faza, kako je rekao, traje od kraja avgusta do 15. septembra (marševanje čete i uvežbavanja), dok se centralna aktivnost i završna faza sa bojevim gađanjem izvode 13. septembra na Pešteru.
pol-782624-004	politika	782624	vest	pol-drustvo	drustvo	4	9	https://www.politika.rs/sr/clanak/782624/pocinju-vojne-vezbe-pobednik-2026-na-poligonu-pester	Druga faza vežbe planirana je za kraj septembra i početak oktobra.		Druga faza vežbe planirana je za kraj septembra i početak oktobra.
pol-782624-005	politika	782624	vest	pol-drustvo	drustvo	5	9	https://www.politika.rs/sr/clanak/782624/pocinju-vojne-vezbe-pobednik-2026-na-poligonu-pester	Lakanović je istakao da posebno naglašava učešće Prve brigade čije će jedinice biti angažovane u obe faze vežbe.		Lakanović je istakao da posebno naglašava učešće Prve brigade čije će jedinice biti angažovane u obe faze vežbe.
pol-782624-006	politika	782624	vest	pol-drustvo	drustvo	6	9	https://www.politika.rs/sr/clanak/782624/pocinju-vojne-vezbe-pobednik-2026-na-poligonu-pester	U prvoj fazi, deo pešadijskih, artiljerijskih, mehanizovanih i tenkovskih jedinica već se nalazi na poligonu Pešter gde realizuju planirana gađanja i taktička uvežbavanja kao pripremu za vežbu.		U prvoj fazi, deo pešadijskih, artiljerijskih, mehanizovanih i tenkovskih jedinica već se nalazi na poligonu Pešter gde realizuju planirana gađanja i taktička uvežbavanja kao pripremu za vežbu.
pol-782624-007	politika	782624	vest	pol-drustvo	drustvo	7	9	https://www.politika.rs/sr/clanak/782624/pocinju-vojne-vezbe-pobednik-2026-na-poligonu-pester	U drugoj fazi, pešadijske jedinice će u širem rejonu Loznice realizovati marševanja, postupke u različitim situacijama tokom marševanja i izviđanja na kopnu, dok logističke jedinice sve vreme pružaju kompletnu logisitčku podršku.		U drugoj fazi, pešadijske jedinice će u širem rejonu Loznice realizovati marševanja, postupke u različitim situacijama tokom marševanja i izviđanja na kopnu, dok logističke jedinice sve vreme pružaju kompletnu logisitčku podršku.
pol-782898-000	politika	782898	vest	pol-drustvo	drustvo	0	9	https://www.politika.rs/sr/clanak/782898/markovic-pozar-ne-menja-namenu-zemljista-i-nije-precica-do-gradnje	Požar sam po sebi ne menja namenu zemljišta i ne sme da bude prečica do građevinskog zemljišta, izjavio je danas predsednika Odbora za prostorno planiranje, saobraćaj, infrastrukturu i telekomunikacije Uglješa Marković povodom amandmana kojim se omogućava izgradnja javne infrastrukture na prostoru koji je nekada zahvatio požar.		Požar sam po sebi ne menja namenu zemljišta i ne sme da bude prečica do građevinskog zemljišta, izjavio je danas predsednika Odbora za prostorno planiranje, saobraćaj, infrastrukturu i telekomunikacije Uglješa Marković povodom amandmana kojim se omogućava izgradnja javne infrastrukture na prostoru koji je nekada zahvatio požar.
pol-782898-001	politika	782898	vest	pol-drustvo	drustvo	1	9	https://www.politika.rs/sr/clanak/782898/markovic-pozar-ne-menja-namenu-zemljista-i-nije-precica-do-gradnje	„Ovaj amandman nema nikakve veze sa vlasništvom nad zemljištem, već se isključivo odnosi na pitanje njegove namene i načina na koji se ona može menjatiˮ, rekao je Marković.		„Ovaj amandman nema nikakve veze sa vlasništvom nad zemljištem, već se isključivo odnosi na pitanje njegove namene i načina na koji se ona može menjatiˮ, rekao je Marković.
pol-782898-002	politika	782898	vest	pol-drustvo	drustvo	2	9	https://www.politika.rs/sr/clanak/782898/markovic-pozar-ne-menja-namenu-zemljista-i-nije-precica-do-gradnje	Kako je saopšteno, važno je razjasniti da ovo nije amandman Socijalističke partije Srbije, već amandman skupštinskog Odbora.		Kako je saopšteno, važno je razjasniti da ovo nije amandman Socijalističke partije Srbije, već amandman skupštinskog Odbora.
pol-782898-003	politika	782898	vest	pol-drustvo	drustvo	3	9	https://www.politika.rs/sr/clanak/782898/markovic-pozar-ne-menja-namenu-zemljista-i-nije-precica-do-gradnje	„On je došao kao posledica podnetog amandmana jedne opozicione poslaničke grupe, čiji podnosioci, nažalost, nisu bili prisutni na sednici Odbora kako bismo mogli detaljnije da raspravljamo o predloženom rešenju.		„On je došao kao posledica podnetog amandmana jedne opozicione poslaničke grupe, čiji podnosioci, nažalost, nisu bili prisutni na sednici Odbora kako bismo mogli detaljnije da raspravljamo o predloženom rešenju.
pol-782898-004	politika	782898	vest	pol-drustvo	drustvo	4	9	https://www.politika.rs/sr/clanak/782898/markovic-pozar-ne-menja-namenu-zemljista-i-nije-precica-do-gradnje	Vođeni dobrom namerom da postignemo željeni konsenzus na ovu temu, u skladu sa Poslovnikom Narodne skupštine, predložen je odborski amandman za koji je glasalo 12 članova i zamenika članova Odbora, a koji je na sednici predlagač zakona prihvatioˮ, kazao je Marković.	Y	„Vođeni dobrom namerom da postignemo željeni konsenzus na ovu temu, u skladu sa Poslovnikom Narodne skupštine, predložen je odborski amandman za koji je glasalo 12 članova i zamenika članova Odbora, a koji je na sednici predlagač zakona prihvatioˮ, kazao je Marković.“
pol-782898-005	politika	782898	vest	pol-drustvo	drustvo	5	9	https://www.politika.rs/sr/clanak/782898/markovic-pozar-ne-menja-namenu-zemljista-i-nije-precica-do-gradnje	Amandmanom Odbora se restriktivnije i preciznije, predviđa da šumsko zemljište na kojem je šuma oštećena ili uništena požarom, zadržava namenu određenu planskim dokumentom koju je imalo pre nastanka požara, a činjenica da je šuma oštećena ili uništena požarom ne može predstavljati osnov za promenu namene zemljišta u građevinsko zemljište.		Amandmanom Odbora se restriktivnije i preciznije, predviđa da šumsko zemljište na kojem je šuma oštećena ili uništena požarom, zadržava namenu određenu planskim dokumentom koju je imalo pre nastanka požara, a činjenica da je šuma oštećena ili uništena požarom ne može predstavljati osnov za promenu namene zemljišta u građevinsko zemljište.
pol-782898-006	politika	782898	vest	pol-drustvo	drustvo	6	9	https://www.politika.rs/sr/clanak/782898/markovic-pozar-ne-menja-namenu-zemljista-i-nije-precica-do-gradnje	Amandman Odbora omogućava izgradnju javne infrastrukture na prostoru koji je nekada zahvatio požar, a tu spada: put, dalekovod, vodovod, objekat zaštite od poplava ili požara, odnosno objekat za zaštitu od elementarnih nepogoda.		Amandman Odbora omogućava izgradnju javne infrastrukture na prostoru koji je nekada zahvatio požar, a tu spada: put, dalekovod, vodovod, objekat zaštite od poplava ili požara, odnosno objekat za zaštitu od elementarnih nepogoda.
pol-782898-007	politika	782898	vest	pol-drustvo	drustvo	7	9	https://www.politika.rs/sr/clanak/782898/markovic-pozar-ne-menja-namenu-zemljista-i-nije-precica-do-gradnje	Kako se navodi, nije predviđena izgradnja objekata koji nemaju namenu javne infrastrukture.		Kako se navodi, nije predviđena izgradnja objekata koji nemaju namenu javne infrastrukture.
pol-783293-001	politika	783293	vest	pol-drustvo	politika	1	11	https://www.politika.rs/sr/clanak/783293/novih-18-000-kvadrata-za-nauku-i-privredu-vucic-obisao-fazu-2-naucno-tehnoloskog-parka-u-nisu	Dočekali su ga miistri Aleksandra Sofronijević, Dejan Vuk Stanković, Bela Balint, Darko Glišić, direktor IT i elektronske uprave Mihailo Jovanović, gradonačelnik Niša Dragoslav Pavlović, direktor NTP Niš Milan Ranđelović, kao i Željko Drčelić, vlasnik W.D. Concord West, izvođača radova.		Dočekali su ga miistri Aleksandra Sofronijević, Dejan Vuk Stanković, Bela Balint, Darko Glišić, direktor IT i elektronske uprave Mihailo Jovanović, gradonačelnik Niša Dragoslav Pavlović, direktor NTP Niš Milan Ranđelović, kao i Željko Drčelić, vlasnik W.D. Concord West, izvođača radova.
pol-783293-002	politika	783293	vest	pol-drustvo	politika	2	11	https://www.politika.rs/sr/clanak/783293/novih-18-000-kvadrata-za-nauku-i-privredu-vucic-obisao-fazu-2-naucno-tehnoloskog-parka-u-nisu	Proširenje kapaciteta Naučno-tehnološkog parka Niš predstavlja naredni korak u razvoju inovacionog ekosistema juga Srbije.		Proširenje kapaciteta Naučno-tehnološkog parka Niš predstavlja naredni korak u razvoju inovacionog ekosistema juga Srbije.
pol-783293-003	politika	783293	vest	pol-drustvo	politika	3	11	https://www.politika.rs/sr/clanak/783293/novih-18-000-kvadrata-za-nauku-i-privredu-vucic-obisao-fazu-2-naucno-tehnoloskog-parka-u-nisu	Novi objekat obuhvata više od 18.000 metara kvadratnih savremenog prostora, sa kapacitetom za između 700 i hiljadu novih korisnika.		Novi objekat obuhvata više od 18.000 metara kvadratnih savremenog prostora, sa kapacitetom za između 700 i hiljadu novih korisnika.
pol-783293-004	politika	783293	vest	pol-drustvo	politika	4	11	https://www.politika.rs/sr/clanak/783293/novih-18-000-kvadrata-za-nauku-i-privredu-vucic-obisao-fazu-2-naucno-tehnoloskog-parka-u-nisu	U okviru objekta nalaziće se približno 9.000 metara kvadratnih kancelarijskog prostora i dodatnih hiljadu metara kvadratnih laboratorijskog prostora, namenjenih razvoju, testiranju i istraživačkim aktivnostima.		U okviru objekta nalaziće se približno 9.000 metara kvadratnih kancelarijskog prostora i dodatnih hiljadu metara kvadratnih laboratorijskog prostora, namenjenih razvoju, testiranju i istraživačkim aktivnostima.
pol-783293-005	politika	783293	vest	pol-drustvo	politika	5	11	https://www.politika.rs/sr/clanak/783293/novih-18-000-kvadrata-za-nauku-i-privredu-vucic-obisao-fazu-2-naucno-tehnoloskog-parka-u-nisu	Poseban fokus stavljen je na razvoj infrastrukture za inovacije kroz više od 10 specijalizovanih laboratorija za razvoj i testiranje, kao i fleksibilne radne i R&D prostore prilagođene različitim tipovima timova i kompanija.		Poseban fokus stavljen je na razvoj infrastrukture za inovacije kroz više od 10 specijalizovanih laboratorija za razvoj i testiranje, kao i fleksibilne radne i R&D prostore prilagođene različitim tipovima timova i kompanija.
pol-783293-006	politika	783293	vest	pol-drustvo	politika	6	11	https://www.politika.rs/sr/clanak/783293/novih-18-000-kvadrata-za-nauku-i-privredu-vucic-obisao-fazu-2-naucno-tehnoloskog-parka-u-nisu	Objekat će uključivati i moderan startap centar sa coworking prostorom većim od 300 metara kvadratnih, dodatne zajedničke i kolaborativne prostore za rad i umrežavanje, kao i više od 250 novih parking mesta za članove i posetioce.		Objekat će uključivati i moderan startap centar sa coworking prostorom većim od 300 metara kvadratnih, dodatne zajedničke i kolaborativne prostore za rad i umrežavanje, kao i više od 250 novih parking mesta za članove i posetioce.
pol-783293-007	politika	783293	vest	pol-drustvo	politika	7	11	https://www.politika.rs/sr/clanak/783293/novih-18-000-kvadrata-za-nauku-i-privredu-vucic-obisao-fazu-2-naucno-tehnoloskog-parka-u-nisu	Naučno-tehnološki park Niš (NTP Niš) je regionalni centar koji povezuje nauku, obrazovanje i privredu radi razvoja visokih tehnologija i inovativnog preduzetništva.		Naučno-tehnološki park Niš (NTP Niš) je regionalni centar koji povezuje nauku, obrazovanje i privredu radi razvoja visokih tehnologija i inovativnog preduzetništva.
pol-783293-008	politika	783293	vest	pol-drustvo	politika	8	11	https://www.politika.rs/sr/clanak/783293/novih-18-000-kvadrata-za-nauku-i-privredu-vucic-obisao-fazu-2-naucno-tehnoloskog-parka-u-nisu	Nalazi se u neposrednoj blizini tehničkih fakulteta u Nišu.		Nalazi se u neposrednoj blizini tehničkih fakulteta u Nišu.
pol-783692-000	politika	783692	vest	pol-drustvo	politika	0	5	https://www.politika.rs/sr/clanak/783692/ivan-ivanovic-prozvao-nezadovoljne-blokadere-potrazite-znacenje-bezuslovne-podrske	BEOGRAD – Sukobi, podele i uzajamne optužbe među blokaderima i predstavnicima opozicije izazvali su reakciju Ivana Ivanovića, koji je na društvenoj mreži Iks podsetio nezadovoljne na izraz koji je mesecima bio jedna od glavnih parola tog pokreta.		BEOGRAD – Sukobi, podele i uzajamne optužbe među blokaderima i predstavnicima opozicije izazvali su reakciju Ivana Ivanovića, koji je na društvenoj mreži Iks podsetio nezadovoljne na izraz koji je mesecima bio jedna od glavnih parola tog pokreta.
pol-783692-001	politika	783692	vest	pol-drustvo	politika	1	5	https://www.politika.rs/sr/clanak/783692/ivan-ivanovic-prozvao-nezadovoljne-blokadere-potrazite-znacenje-bezuslovne-podrske	„Nezadovoljni, da potraže značenje izraza ‘bezuslovna podrška’”, napisao je Ivanović, dodajući namigivanje na kraju objave.		„Nezadovoljni, da potraže značenje izraza ‘bezuslovna podrška’”, napisao je Ivanović, dodajući namigivanje na kraju objave.
pol-783692-002	politika	783692	vest	pol-drustvo	politika	2	5	https://www.politika.rs/sr/clanak/783692/ivan-ivanovic-prozvao-nezadovoljne-blokadere-potrazite-znacenje-bezuslovne-podrske	Njegova kratka, ali nedvosmisleno ironična poruka usledila je u trenutku kada se unutar blokadersko-opozicionog bloka sve teže prikrivaju razmimoilaženja oko izbornih kolona, kandidata i raspodele političkog uticaja.		Njegova kratka, ali nedvosmisleno ironična poruka usledila je u trenutku kada se unutar blokadersko-opozicionog bloka sve teže prikrivaju razmimoilaženja oko izbornih kolona, kandidata i raspodele političkog uticaja.
pol-783692-003	politika	783692	vest	pol-drustvo	politika	3	5	https://www.politika.rs/sr/clanak/783692/ivan-ivanovic-prozvao-nezadovoljne-blokadere-potrazite-znacenje-bezuslovne-podrske	Ivanovićeva objava tako je otvorila pitanje šta je ostalo od proklamovanog jedinstva i „bezuslovne podrške”, sada kada su na površinu izbili različiti interesi i kada su nekadašnji saveznici počeli javno da razmenjuju uvrede i prozivke.		Ivanovićeva objava tako je otvorila pitanje šta je ostalo od proklamovanog jedinstva i „bezuslovne podrške”, sada kada su na površinu izbili različiti interesi i kada su nekadašnji saveznici počeli javno da razmenjuju uvrede i prozivke.
pol-783692-004	politika	783692	vest	pol-drustvo	politika	4	5	https://www.politika.rs/sr/clanak/783692/ivan-ivanovic-prozvao-nezadovoljne-blokadere-potrazite-znacenje-bezuslovne-podrske	Poruka je izazvala brojne reakcije korisnika društvenih mreža, od kojih su pojedini ocenili da je upravo „bezuslovna podrška” bila jedna od najispraznijih parola blokaderskog pokreta.		Poruka je izazvala brojne reakcije korisnika društvenih mreža, od kojih su pojedini ocenili da je upravo „bezuslovna podrška” bila jedna od najispraznijih parola blokaderskog pokreta.
pol-783397-001	politika	783397	vest	pol-drustvo	politika	1	16	https://www.politika.rs/sr/clanak/783397/zavetnici-posveceni-daljem-razvoju-nisavskog-okruga	Dodala je da je Srpska stranka Zavetnici, uprkos tome što u opštini Svrljig nije deo lokalne vlasti, jedan od najjačih političkih faktora u samoj opštini i predstavlja ozbiljnu političku snagu, okupljajući kvalitetne ljude koji mogu na adekvatan način da pruže doprinos i razvoju same opštine, ali i čitavog okruga.		Dodala je da je Srpska stranka Zavetnici, uprkos tome što u opštini Svrljig nije deo lokalne vlasti, jedan od najjačih političkih faktora u samoj opštini i predstavlja ozbiljnu političku snagu, okupljajući kvalitetne ljude koji mogu na adekvatan način da pruže doprinos i razvoju same opštine, ali i čitavog okruga.
pol-783397-002	politika	783397	vest	pol-drustvo	politika	2	16	https://www.politika.rs/sr/clanak/783397/zavetnici-posveceni-daljem-razvoju-nisavskog-okruga	Izrazila je uverenje da će građani Nišavskog okruga prepoznati i nagraditi napore stranke da se skrene pažnja na jugoistok Srbije, koji je, kako je navela, bio dugo godina zapostavljen.		Izrazila je uverenje da će građani Nišavskog okruga prepoznati i nagraditi napore stranke da se skrene pažnja na jugoistok Srbije, koji je, kako je navela, bio dugo godina zapostavljen.
pol-783397-003	politika	783397	vest	pol-drustvo	politika	3	16	https://www.politika.rs/sr/clanak/783397/zavetnici-posveceni-daljem-razvoju-nisavskog-okruga	Napomenula je da je njenu stranku u prethodnom periodu odlikovalo, između ostalog, prisustvo na terenu i neposredni kontakt sa ljudima, kojima je potrebna podrška.		Napomenula je da je njenu stranku u prethodnom periodu odlikovalo, između ostalog, prisustvo na terenu i neposredni kontakt sa ljudima, kojima je potrebna podrška.
pol-783397-004	politika	783397	vest	pol-drustvo	politika	4	16	https://www.politika.rs/sr/clanak/783397/zavetnici-posveceni-daljem-razvoju-nisavskog-okruga	Naglasila je da je za Svrljig i čitav okrug izuzetno važna briga o srpskoj kulturi i identitetu, kao i tradicionalnim običajima i vrednostima.		Naglasila je da je za Svrljig i čitav okrug izuzetno važna briga o srpskoj kulturi i identitetu, kao i tradicionalnim običajima i vrednostima.
pol-783397-005	politika	783397	vest	pol-drustvo	politika	5	16	https://www.politika.rs/sr/clanak/783397/zavetnici-posveceni-daljem-razvoju-nisavskog-okruga	Dodala je da je njen ministarski kabinet posebnu pažnju posvetio jugoistoku Srbije imajući u vidu koliko je reanije bio zapostavljen i najavila da će se nastaviti sa ulaganjima u taj deo zemlje.		Dodala je da je njen ministarski kabinet posebnu pažnju posvetio jugoistoku Srbije imajući u vidu koliko je reanije bio zapostavljen i najavila da će se nastaviti sa ulaganjima u taj deo zemlje.
pol-783397-006	politika	783397	vest	pol-drustvo	politika	6	16	https://www.politika.rs/sr/clanak/783397/zavetnici-posveceni-daljem-razvoju-nisavskog-okruga	„Ono što mogu da najavim jeste da ćemo našom politikom i našom agitacijom dati doprinos da se ta ujedinjena Srbija oseti svuda gde god da smo.		„Ono što mogu da najavim jeste da ćemo našom politikom i našom agitacijom dati doprinos da se ta ujedinjena Srbija oseti svuda gde god da smo.
pol-783397-007	politika	783397	vest	pol-drustvo	politika	7	16	https://www.politika.rs/sr/clanak/783397/zavetnici-posveceni-daljem-razvoju-nisavskog-okruga	Nismo mi ovde zbog naših partikularnih interesa, zbog naših pojedinačnih želja, svi smo ovde zbog naše zemlje, zbog naših opština, zbog naših gradova i zbog dece i porodica.	Y	„Nismo mi ovde zbog naših partikularnih interesa, zbog naših pojedinačnih želja, svi smo ovde zbog naše zemlje, zbog naših opština, zbog naših gradova i zbog dece i porodica.“
pol-783397-008	politika	783397	vest	pol-drustvo	politika	8	16	https://www.politika.rs/sr/clanak/783397/zavetnici-posveceni-daljem-razvoju-nisavskog-okruga	Raduje nas što je najavljen program koji će biti posebno plasiran za jugoistok naše zemlje, gde će se napraviti petogodišnji plan razvoja za jugoistok Srbije, i očigledno gde će svi resori, sve institucije, svi državni organi, kao imperativ, imati podršku upravo ovim krajevima”, rekla je Đurđević Stamenkovski.	Y	„Raduje nas što je najavljen program koji će biti posebno plasiran za jugoistok naše zemlje, gde će se napraviti petogodišnji plan razvoja za jugoistok Srbije, i očigledno gde će svi resori, sve institucije, svi državni organi, kao imperativ, imati podršku upravo ovim krajevima”, rekla je Đurđević Stamenkovski.“
pol-783592-002	politika	783592	vest	pol-drustvo	drustvo	2	10	https://www.politika.rs/sr/clanak/783592/novi-sad-regionalni-centar-elektromobilnosti	Konferencija će u Master Centru Novosadskog sajma okupiti 30 govornika i panelista, kao i vodeće stručnjake iz automobilske industrije, energetike, tehnologije i akademske zajednice, saopštili su organizatori.		Konferencija će u Master Centru Novosadskog sajma okupiti 30 govornika i panelista, kao i vodeće stručnjake iz automobilske industrije, energetike, tehnologije i akademske zajednice, saopštili su organizatori.
pol-783592-003	politika	783592	vest	pol-drustvo	drustvo	3	10	https://www.politika.rs/sr/clanak/783592/novi-sad-regionalni-centar-elektromobilnosti	Poseban deo manifestacije predstavlja testing zona sa više od 30 vozila za probnu vožnju, koja će posetiocima omogućiti da kroz neposredno iskustvo upoznaju električna i hibridna vozila.		Poseban deo manifestacije predstavlja testing zona sa više od 30 vozila za probnu vožnju, koja će posetiocima omogućiti da kroz neposredno iskustvo upoznaju električna i hibridna vozila.
pol-783592-004	politika	783592	vest	pol-drustvo	drustvo	4	10	https://www.politika.rs/sr/clanak/783592/novi-sad-regionalni-centar-elektromobilnosti	Posetioci će moći da se upoznaju sa najnovijim modelima domaćih i svetskih proizvođača, vide i praktično isprobaju AC i DC punjače, uporede različita rešenja punjačke infrastrukture i razgovaraju direktno sa inženjerima, proizvođačima i distributerima.		Posetioci će moći da se upoznaju sa najnovijim modelima domaćih i svetskih proizvođača, vide i praktično isprobaju AC i DC punjače, uporede različita rešenja punjačke infrastrukture i razgovaraju direktno sa inženjerima, proizvođačima i distributerima.
pol-783592-005	politika	783592	vest	pol-drustvo	drustvo	5	10	https://www.politika.rs/sr/clanak/783592/novi-sad-regionalni-centar-elektromobilnosti	Sajam EV Days 6 će omogućiti i detaljniji uvid u čitav životni ciklus električnog vozila - od proizvodnje i punjenja do svakodnevne eksploatacije.		Sajam EV Days 6 će omogućiti i detaljniji uvid u čitav životni ciklus električnog vozila - od proizvodnje i punjenja do svakodnevne eksploatacije.
pol-783592-006	politika	783592	vest	pol-drustvo	drustvo	6	10	https://www.politika.rs/sr/clanak/783592/novi-sad-regionalni-centar-elektromobilnosti	Program 10. septembra obuhvata teme energetske tranzicije, pametnih investicija i autonomne vožnje, dok će 11. septembra fokus biti na elektromobilnosti u pametnim gradovima, infrastrukturi za punjenje i realnim izazovima električne mobilnosti.		Program 10. septembra obuhvata teme energetske tranzicije, pametnih investicija i autonomne vožnje, dok će 11. septembra fokus biti na elektromobilnosti u pametnim gradovima, infrastrukturi za punjenje i realnim izazovima električne mobilnosti.
pol-783592-007	politika	783592	vest	pol-drustvo	drustvo	7	10	https://www.politika.rs/sr/clanak/783592/novi-sad-regionalni-centar-elektromobilnosti	Pored navedenog, deo programa čini IEEE4Challenge, studentsko takmičenje u kojem timovi uz podršku profesionalnih inženjera rešavaju konkretne izazove automobilske industrije, a proglašenje pobednika će biti 11. septembra.		Pored navedenog, deo programa čini IEEE4Challenge, studentsko takmičenje u kojem timovi uz podršku profesionalnih inženjera rešavaju konkretne izazove automobilske industrije, a proglašenje pobednika će biti 11. septembra.
pol-783592-008	politika	783592	vest	pol-drustvo	drustvo	8	10	https://www.politika.rs/sr/clanak/783592/novi-sad-regionalni-centar-elektromobilnosti	Sajam EV Days organizuju kompanija Ninamedia i Fakultet tehničkih nauka Univerziteta u Novom Sadu, uz podršku RTS-a kao medijskog partnera.		Sajam EV Days organizuju kompanija Ninamedia i Fakultet tehničkih nauka Univerziteta u Novom Sadu, uz podršku RTS-a kao medijskog partnera.
pol-783592-009	politika	783592	vest	pol-drustvo	drustvo	9	10	https://www.politika.rs/sr/clanak/783592/novi-sad-regionalni-centar-elektromobilnosti	Ulaz za posetioce je besplatan.		Ulaz za posetioce je besplatan.
vre-4973520-000	vreme	4973520	vest	pol-drustvo	drustvo	0	11	https://vreme.com/drustvo/loncar-obustavljene-hladne-operacije-u-istragu-o-dve-smrti-ukljuceno-i-tuzilastvo/	U čačanskoj bolnici obustavljene su sve „hladne operacije“, uvedene su privremene mere i upućeni su timovi iz kliničkih centara Kragujevca i Beograda, koji će raditi operacije koje se ne mogu odložiti i nadziraće sistem, izjavio je ministar zdravlja Zlatibor Lončar za Radio-televiziju Srbije.		U čačanskoj bolnici obustavljene su sve „hladne operacije“, uvedene su privremene mere i upućeni su timovi iz kliničkih centara Kragujevca i Beograda, koji će raditi operacije koje se ne mogu odložiti i nadziraće sistem, izjavio je ministar zdravlja Zlatibor Lončar za Radio-televiziju Srbije.
vre-4973520-001	vreme	4973520	vest	pol-drustvo	drustvo	1	11	https://vreme.com/drustvo/loncar-obustavljene-hladne-operacije-u-istragu-o-dve-smrti-ukljuceno-i-tuzilastvo/	Lončar je, povodom dva smrtna slučaja smrti posle operacija krajnika u toj bolnici, rekao da će inspekcije sve utvrditi, a uključilo se i tužilaštvo.		Lončar je, povodom dva smrtna slučaja smrti posle operacija krajnika u toj bolnici, rekao da će inspekcije sve utvrditi, a uključilo se i tužilaštvo.
vre-4973520-002	vreme	4973520	vest	pol-drustvo	drustvo	2	11	https://vreme.com/drustvo/loncar-obustavljene-hladne-operacije-u-istragu-o-dve-smrti-ukljuceno-i-tuzilastvo/	„Ne želim unapred da prejudiciram ko je odgovoran.		„Ne želim unapred da prejudiciram ko je odgovoran.
vre-4973520-003	vreme	4973520	vest	pol-drustvo	drustvo	3	11	https://vreme.com/drustvo/loncar-obustavljene-hladne-operacije-u-istragu-o-dve-smrti-ukljuceno-i-tuzilastvo/	Šta utvrdi istraga, ako utvrdi ko je odgovaran, biće sankcionisan i građani ne treba da imaju dilemu“, rekao je Lončar i pozvao sve na strpljenje kako bi se utvrdile činjenice i da se sada ne pogreši ako se bude radilo brže.	Y	„Šta utvrdi istraga, ako utvrdi ko je odgovaran, biće sankcionisan i građani ne treba da imaju dilemu“, rekao je Lončar i pozvao sve na strpljenje kako bi se utvrdile činjenice i da se sada ne pogreši ako se bude radilo brže.“
vre-4973520-004	vreme	4973520	vest	pol-drustvo	drustvo	4	11	https://vreme.com/drustvo/loncar-obustavljene-hladne-operacije-u-istragu-o-dve-smrti-ukljuceno-i-tuzilastvo/	„Čekaju se rezultati obdukcije, da ukrstimo izveštaje i donesemo zaključak, do tada su na ORL u Čačku obustavljene sve operacije“, rekao je on.		„Čekaju se rezultati obdukcije, da ukrstimo izveštaje i donesemo zaključak, do tada su na ORL u Čačku obustavljene sve operacije“, rekao je on.
vre-4973520-005	vreme	4973520	vest	pol-drustvo	drustvo	5	11	https://vreme.com/drustvo/loncar-obustavljene-hladne-operacije-u-istragu-o-dve-smrti-ukljuceno-i-tuzilastvo/	Lončar je istakao da se u ovom momentu ne može utvrditi da li je ili nije bilo lekarske greške, ali upozorava da nikada više ne sme da se dogodi da se otpusne liste šalju vajberom i da nema komunikacije sa porodicom.		Lončar je istakao da se u ovom momentu ne može utvrditi da li je ili nije bilo lekarske greške, ali upozorava da nikada više ne sme da se dogodi da se otpusne liste šalju vajberom i da nema komunikacije sa porodicom.
vre-4973520-006	vreme	4973520	vest	pol-drustvo	drustvo	6	11	https://vreme.com/drustvo/loncar-obustavljene-hladne-operacije-u-istragu-o-dve-smrti-ukljuceno-i-tuzilastvo/	Lončar je rekao da je u bolnici u Čačku prošle godine obavljeno 7.168 operacija, od čega 500 operacija krajnika, ali se posle ovih slučajeva mora proveriti ceo sistem u toj bolnici.		Lončar je rekao da je u bolnici u Čačku prošle godine obavljeno 7.168 operacija, od čega 500 operacija krajnika, ali se posle ovih slučajeva mora proveriti ceo sistem u toj bolnici.
vre-4973520-007	vreme	4973520	vest	pol-drustvo	drustvo	7	11	https://vreme.com/drustvo/loncar-obustavljene-hladne-operacije-u-istragu-o-dve-smrti-ukljuceno-i-tuzilastvo/	Pod nadzorom će biti ceo sistem, sve što se radi u bolnici, dok ne budemo 100 odsto uvereni da je sve sigurno, poručio je on.		Pod nadzorom će biti ceo sistem, sve što se radi u bolnici, dok ne budemo 100 odsto uvereni da je sve sigurno, poručio je on.
vre-4978189-000	vreme	4978189	vest	pol-drustvo	drustvo	0	4	https://vreme.com/drustvo/poljoprivrednici-dragan-glamocic-poljoprivreda/	Udruženje proizvođača mleka Šumadije i Pomoravlja i Udruženje poljoprivrednika „Šajkača“ odlučili su da prekinu protest, jer je u toku sezona radova, a o daljim koracima u svojoj borbi odlučiće nakon toga.		Udruženje proizvođača mleka Šumadije i Pomoravlja i Udruženje poljoprivrednika „Šajkača“ odlučili su da prekinu protest, jer je u toku sezona radova, a o daljim koracima u svojoj borbi odlučiće nakon toga.
vre-4978189-001	vreme	4978189	vest	pol-drustvo	drustvo	1	4	https://vreme.com/drustvo/poljoprivrednici-dragan-glamocic-poljoprivreda/	Poljoprivrednici ta dva udruženja saopštili su da na sastanku u Vladi Srbije održanom u sredu (4. mart) nije postignut nikakav dogovora sa Ministarstvom poljoprivrede, i da nisu zadovoljni onim što im je ponuđeno.		Poljoprivrednici ta dva udruženja saopštili su da na sastanku u Vladi Srbije održanom u sredu (4. mart) nije postignut nikakav dogovora sa Ministarstvom poljoprivrede, i da nisu zadovoljni onim što im je ponuđeno.
vre-4978189-002	vreme	4978189	vest	pol-drustvo	drustvo	2	4	https://vreme.com/drustvo/poljoprivrednici-dragan-glamocic-poljoprivreda/	Oni su osudili „brutalnu akciju policije“ prema poljoprivrednicima i tražili hitno puštanje iz pritvora Zlatka Kokanovića i svih uhapšenih.		Oni su osudili „brutalnu akciju policije“ prema poljoprivrednicima i tražili hitno puštanje iz pritvora Zlatka Kokanovića i svih uhapšenih.
vre-4978189-003	vreme	4978189	vest	pol-drustvo	drustvo	3	4	https://vreme.com/drustvo/poljoprivrednici-dragan-glamocic-poljoprivreda/	I pored toga što su kazali da tokom sastanka u Vladi Srbije nije došlo do dogovora sa Ministarstvom poljoprivrede, rekli su da je „otvoren dijalog o svim pitanjima bitnim za trenutnu situaciju u kojoj se nalazi poljoprivreda u Srbiji“.		I pored toga što su kazali da tokom sastanka u Vladi Srbije nije došlo do dogovora sa Ministarstvom poljoprivrede, rekli su da je „otvoren dijalog o svim pitanjima bitnim za trenutnu situaciju u kojoj se nalazi poljoprivreda u Srbiji“.
vre-4974866-004	vreme	4974866	vest	pol-drustvo	drustvo	4	23	https://vreme.com/drustvo/mobilni-telefoni-preci-od-igre-sve-vise-dece-gojazno/	Vikendom, čak 85 odsto dece provodilo je više od dva sata na društvenim mrežama.		Vikendom, čak 85 odsto dece provodilo je više od dva sata na društvenim mrežama.
vre-4974866-005	vreme	4974866	vest	pol-drustvo	drustvo	5	23	https://vreme.com/drustvo/mobilni-telefoni-preci-od-igre-sve-vise-dece-gojazno/	Četiri godine pre toga, 2018. bilo ih je „samo“ 60 odsto.		Četiri godine pre toga, 2018. bilo ih je „samo“ 60 odsto.
vre-4974866-006	vreme	4974866	vest	pol-drustvo	drustvo	6	23	https://vreme.com/drustvo/mobilni-telefoni-preci-od-igre-sve-vise-dece-gojazno/	Procenat dece sa prekomernom težinom i gojaznošću porastao je sa 21 na 26 odsto.		Procenat dece sa prekomernom težinom i gojaznošću porastao je sa 21 na 26 odsto.
vre-4974866-007	vreme	4974866	vest	pol-drustvo	drustvo	7	23	https://vreme.com/drustvo/mobilni-telefoni-preci-od-igre-sve-vise-dece-gojazno/	Prekomerna težina i problem sa kilogramima sa sobom nosi rizik za dijabetes, povišen pritisak i ozbiljne zdravstvene probleme u odraslom dobu.		Prekomerna težina i problem sa kilogramima sa sobom nosi rizik za dijabetes, povišen pritisak i ozbiljne zdravstvene probleme u odraslom dobu.
vre-4974866-008	vreme	4974866	vest	pol-drustvo	drustvo	8	23	https://vreme.com/drustvo/mobilni-telefoni-preci-od-igre-sve-vise-dece-gojazno/	„Ovo je tendencija savremenog društva, vremena u kom živimo u globalnog poretka.		„Ovo je tendencija savremenog društva, vremena u kom živimo u globalnog poretka.
vre-4974866-009	vreme	4974866	vest	pol-drustvo	drustvo	9	23	https://vreme.com/drustvo/mobilni-telefoni-preci-od-igre-sve-vise-dece-gojazno/	Podaci prikupljeni na nacionalnom nivou uklapaju se i u evropske i svetske tendencije“, kaže Olivera Ninković sa Instituta za javno zdravlje „Batut“.	Y	„Podaci prikupljeni na nacionalnom nivou uklapaju se i u evropske i svetske tendencije“, kaže Olivera Ninković sa Instituta za javno zdravlje „Batut“.“
vre-4974866-010	vreme	4974866	vest	pol-drustvo	drustvo	10	23	https://vreme.com/drustvo/mobilni-telefoni-preci-od-igre-sve-vise-dece-gojazno/	Prema rečima Snežane Rsovac sa Univerzitetske dečje klinike u Tiršovoj, primetne su velike razlike između današnje i dece pre nekoliko decenija.		Prema rečima Snežane Rsovac sa Univerzitetske dečje klinike u Tiršovoj, primetne su velike razlike između današnje i dece pre nekoliko decenija.
vre-4974866-011	vreme	4974866	vest	pol-drustvo	drustvo	11	23	https://vreme.com/drustvo/mobilni-telefoni-preci-od-igre-sve-vise-dece-gojazno/	„Moderna tehnologija ih jeste unapredila, drugačije sagledavaju svet, brže razmišljaju i reaguju na neke stvari, dok ih je za neke druge životne aspekte potpuno umrtvila.		„Moderna tehnologija ih jeste unapredila, drugačije sagledavaju svet, brže razmišljaju i reaguju na neke stvari, dok ih je za neke druge životne aspekte potpuno umrtvila.
vre-4978208-014	vreme	4978208	vest	pol-drustvo	drustvo	14	35	https://vreme.com/drustvo/rat-i-putovanja-osiguranje/	U ratnim okolnostima pitanje je da li takav sistem uopšte može da funkcioniše”, navodi Mamula.	Y	„U ratnim okolnostima pitanje je da li takav sistem uopšte može da funkcioniše”, navodi Mamula.“
vre-4978208-015	vreme	4978208	vest	pol-drustvo	drustvo	15	35	https://vreme.com/drustvo/rat-i-putovanja-osiguranje/	Uz putno zdravstveno osiguranje postoji i osiguranje za otkaz putovanja.		Uz putno zdravstveno osiguranje postoji i osiguranje za otkaz putovanja.
vre-4978208-016	vreme	4978208	vest	pol-drustvo	drustvo	16	35	https://vreme.com/drustvo/rat-i-putovanja-osiguranje/	Međutim, ta vrsta polise obično se ne kupuje neposredno pred put i najčešće ne pokriva ratne okolnosti, već situacije poput bolesti ili drugih razloga zbog kojih putnik nije u mogućnosti da otputuje.		Međutim, ta vrsta polise obično se ne kupuje neposredno pred put i najčešće ne pokriva ratne okolnosti, već situacije poput bolesti ili drugih razloga zbog kojih putnik nije u mogućnosti da otputuje.
vre-4978208-017	vreme	4978208	vest	pol-drustvo	drustvo	17	35	https://vreme.com/drustvo/rat-i-putovanja-osiguranje/	Osiguravajaću kuća u tom slučaju može pokriti trošak čitavog putovanja, pojašnjava Mamula.		Osiguravajaću kuća u tom slučaju može pokriti trošak čitavog putovanja, pojašnjava Mamula.
vre-4978208-018	vreme	4978208	vest	pol-drustvo	drustvo	18	35	https://vreme.com/drustvo/rat-i-putovanja-osiguranje/	U kriznim situacijama često se javlja i problem produženja boravka u inostranstvu, naročito kada se poremeti aviosaobraćaj.		U kriznim situacijama često se javlja i problem produženja boravka u inostranstvu, naročito kada se poremeti aviosaobraćaj.
vre-4978208-019	vreme	4978208	vest	pol-drustvo	drustvo	19	35	https://vreme.com/drustvo/rat-i-putovanja-osiguranje/	„Ljudi nas često pitaju da li mogu da produže osiguranje kada su već u inostranstvu.		„Ljudi nas često pitaju da li mogu da produže osiguranje kada su već u inostranstvu.
vre-4978208-020	vreme	4978208	vest	pol-drustvo	drustvo	20	35	https://vreme.com/drustvo/rat-i-putovanja-osiguranje/	To jeste moguće, ali osiguravajuće kuće imaju različite uslove.	Y	„To jeste moguće, ali osiguravajuće kuće imaju različite uslove.“
vre-4978208-021	vreme	4978208	vest	pol-drustvo	drustvo	21	35	https://vreme.com/drustvo/rat-i-putovanja-osiguranje/	Produžetak ne ide automatski, niti može da se završi onlajn, već se podnosi zahtev za konkretan slučaj, nakon čega osiguravač odlučuje da li će ga odobriti”, objašnjava Mamula.	Y	„Produžetak ne ide automatski, niti može da se završi onlajn, već se podnosi zahtev za konkretan slučaj, nakon čega osiguravač odlučuje da li će ga odobriti”, objašnjava Mamula.“
vre-4982828-011	vreme	4982828	vest	pol-drustvo	drustvo	11	25	https://vreme.com/drustvo/gorivo-dizel-benzin-gas-srbija/	Nova maloprodajna cena evrodizela je 95,5 denara za litar (182 dinara), dok će evrosuper BS 95 i ove sedmice koštati 86,5 denara (164 dinara) za litar, a evrosuper BS 98 – 88,5 denara (168 dinara).		Nova maloprodajna cena evrodizela je 95,5 denara za litar (182 dinara), dok će evrosuper BS 95 i ove sedmice koštati 86,5 denara (164 dinara) za litar, a evrosuper BS 98 – 88,5 denara (168 dinara).
vre-4982828-012	vreme	4982828	vest	pol-drustvo	drustvo	12	25	https://vreme.com/drustvo/gorivo-dizel-benzin-gas-srbija/	Premijer Severne Makedonije Hristijan Mickoski izjavio je u nedelju da je vlada donela odluku da smanji PDV na benzin i dizel sa 18 odsto na 10 procenata, kako bi sprečila enormni skok cena goriva.		Premijer Severne Makedonije Hristijan Mickoski izjavio je u nedelju da je vlada donela odluku da smanji PDV na benzin i dizel sa 18 odsto na 10 procenata, kako bi sprečila enormni skok cena goriva.
vre-4982828-013	vreme	4982828	vest	pol-drustvo	drustvo	13	25	https://vreme.com/drustvo/gorivo-dizel-benzin-gas-srbija/	Slovenačka vlada je objavila u nedelju da su akcize na dizel i lož ulje smanjene na najniži mogući nivo, ali je cena naftnih derivata porasla više nego što je vlada ranije prognozirala.		Slovenačka vlada je objavila u nedelju da su akcize na dizel i lož ulje smanjene na najniži mogući nivo, ali je cena naftnih derivata porasla više nego što je vlada ranije prognozirala.
vre-4982828-014	vreme	4982828	vest	pol-drustvo	drustvo	14	25	https://vreme.com/drustvo/gorivo-dizel-benzin-gas-srbija/	Litar benzina od 95 oktana iznosiće 1,581 evro (185 dinara), litar dizela 1,69 evra (198 dinara).		Litar benzina od 95 oktana iznosiće 1,581 evro (185 dinara), litar dizela 1,69 evra (198 dinara).
vre-4982828-015	vreme	4982828	vest	pol-drustvo	drustvo	15	25	https://vreme.com/drustvo/gorivo-dizel-benzin-gas-srbija/	Cene važe od 24. marta.		Cene važe od 24. marta.
vre-4982828-016	vreme	4982828	vest	pol-drustvo	drustvo	16	25	https://vreme.com/drustvo/gorivo-dizel-benzin-gas-srbija/	Vlada je takođe odlučila da će se od 31. marta pa nadalje cene naftnih derivata određivati nedeljno, umesto svakih 14 dana.		Vlada je takođe odlučila da će se od 31. marta pa nadalje cene naftnih derivata određivati nedeljno, umesto svakih 14 dana.
vre-4982828-017	vreme	4982828	vest	pol-drustvo	drustvo	17	25	https://vreme.com/drustvo/gorivo-dizel-benzin-gas-srbija/	U susednoj Albaniji cena dizela bila je 16. marta 2,072 evra za litar (243 dinara) što je više nego u Srbiji.		U susednoj Albaniji cena dizela bila je 16. marta 2,072 evra za litar (243 dinara) što je više nego u Srbiji.
vre-4982828-018	vreme	4982828	vest	pol-drustvo	drustvo	18	25	https://vreme.com/drustvo/gorivo-dizel-benzin-gas-srbija/	Litar benzina u Albaniji koštao je 2,03 evra za litar odnosno 238 dinara, navodi se na sajtu Global Petrol Prices.		Litar benzina u Albaniji koštao je 2,03 evra za litar odnosno 238 dinara, navodi se na sajtu Global Petrol Prices.
vre-4983057-000	vreme	4983057	vest	pol-drustvo	drustvo	0	6	https://vreme.com/drustvo/danka-ilic-optuznica/	Viši sud u Negotinu potvrdio je optužnicu Višeg javnog tužilaštva u Zaječaru protiv Dejana Dragijevića i Srđana Jankovića, zbog sumnje da su u blizini Bora ubili dvogodišnju devojčicu Danku Ilić.		Viši sud u Negotinu potvrdio je optužnicu Višeg javnog tužilaštva u Zaječaru protiv Dejana Dragijevića i Srđana Jankovića, zbog sumnje da su u blizini Bora ubili dvogodišnju devojčicu Danku Ilić.
vre-4983057-001	vreme	4983057	vest	pol-drustvo	drustvo	1	6	https://vreme.com/drustvo/danka-ilic-optuznica/	Rešenje o potvrđivanju optužnice danas će biti poslato okrivljenima i njihovim braniocama, i oni imaju tok od tri dana od primanja rešenja da ulože žalbe Apelacionom sudu u Nišu, izveštava agencija FoNet.		Rešenje o potvrđivanju optužnice danas će biti poslato okrivljenima i njihovim braniocama, i oni imaju tok od tri dana od primanja rešenja da ulože žalbe Apelacionom sudu u Nišu, izveštava agencija FoNet.
vre-4983057-002	vreme	4983057	vest	pol-drustvo	drustvo	2	6	https://vreme.com/drustvo/danka-ilic-optuznica/	Dvogodišnja Danka Ilić nestala je tokom boravka sa majkom i starijim bratom na imanju u Banjskom Polju 26. marta 2024. godine, a njeno telo do danas nije pronađeno.		Dvogodišnja Danka Ilić nestala je tokom boravka sa majkom i starijim bratom na imanju u Banjskom Polju 26. marta 2024. godine, a njeno telo do danas nije pronađeno.
vre-4983057-003	vreme	4983057	vest	pol-drustvo	drustvo	3	6	https://vreme.com/drustvo/danka-ilic-optuznica/	Osumnjičeni Dejan Dragijević i Srđan Janković nalaze se u pritvoru u Zaječaru od hapšenja.		Osumnjičeni Dejan Dragijević i Srđan Janković nalaze se u pritvoru u Zaječaru od hapšenja.
vre-4983057-004	vreme	4983057	vest	pol-drustvo	drustvo	4	6	https://vreme.com/drustvo/danka-ilic-optuznica/	Apelacioni sud u Nišu ranije je dva puta vraćao optužnicu na dopunu, nakon čega je predmet prešao u nadležnost Višeg suda u Negotinu, uz nalog da se sprovedu dodatne dokazne radnje, uključujući rekonstrukciju događaja i ponovno saslušanje majke devojčice.		Apelacioni sud u Nišu ranije je dva puta vraćao optužnicu na dopunu, nakon čega je predmet prešao u nadležnost Višeg suda u Negotinu, uz nalog da se sprovedu dodatne dokazne radnje, uključujući rekonstrukciju događaja i ponovno saslušanje majke devojčice.
vre-4983057-005	vreme	4983057	vest	pol-drustvo	drustvo	5	6	https://vreme.com/drustvo/danka-ilic-optuznica/	Rođeni brat Dejana Dragijevića, Dalibor Dragijević, preminuo je 7. aprila prošle godine tokom saslušanja u prostorijama Policijske uprave u Boru.		Rođeni brat Dejana Dragijevića, Dalibor Dragijević, preminuo je 7. aprila prošle godine tokom saslušanja u prostorijama Policijske uprave u Boru.
vre-4994908-014	vreme	4994908	vest	pol-drustvo	drustvo	14	28	https://vreme.com/drustvo/srbija-ekoloski-dug/	Ovogodišnji datum ekološkog duga nastupio je oko nedelju dana kasnije u odnosu na prošlu godinu kada je naša zemlja dužnik postala već 8. maja.		Ovogodišnji datum ekološkog duga nastupio je oko nedelju dana kasnije u odnosu na prošlu godinu kada je naša zemlja dužnik postala već 8. maja.
vre-4994908-015	vreme	4994908	vest	pol-drustvo	drustvo	15	28	https://vreme.com/drustvo/srbija-ekoloski-dug/	„Pomeranje od osam dana unapred u odnosu na prošlu godinu je, nažalost, nedovoljno”, smatraju iz organizacije WWF, „i morali bismo da učinimo još veći napor da sačuvamo bogatstvo koje nam priroda daje.”		„Pomeranje od osam dana unapred u odnosu na prošlu godinu je, nažalost, nedovoljno”, smatraju iz organizacije WWF, „i morali bismo da učinimo još veći napor da sačuvamo bogatstvo koje nam priroda daje.”
vre-4994908-016	vreme	4994908	vest	pol-drustvo	drustvo	16	28	https://vreme.com/drustvo/srbija-ekoloski-dug/	U 2024. resurse smo potrošili 23. maja, što je mesec i po dana pre u odnosu na 2023. godinu (8. jul).		U 2024. resurse smo potrošili 23. maja, što je mesec i po dana pre u odnosu na 2023. godinu (8. jul).
vre-4994908-017	vreme	4994908	vest	pol-drustvo	drustvo	17	28	https://vreme.com/drustvo/srbija-ekoloski-dug/	Bez obzira na to što datum ekološkog duga kod nas varira iz godine u godine, gotovo tradicionalno se beleži ranije od svetskog proseka.		Bez obzira na to što datum ekološkog duga kod nas varira iz godine u godine, gotovo tradicionalno se beleži ranije od svetskog proseka.
vre-4994908-018	vreme	4994908	vest	pol-drustvo	drustvo	18	28	https://vreme.com/drustvo/srbija-ekoloski-dug/	Mreža za globalni otisak objavljuje datum ekološkog duga za čitavu planetu na Svetski dan životne sredine, 5. juna.		Mreža za globalni otisak objavljuje datum ekološkog duga za čitavu planetu na Svetski dan životne sredine, 5. juna.
vre-4994908-019	vreme	4994908	vest	pol-drustvo	drustvo	19	28	https://vreme.com/drustvo/srbija-ekoloski-dug/	Dok ne saznamo kada će resursi na globalnom nivou biti istrošeni u ovoj, 2026, dostupni su nam podaci za ranije godine.		Dok ne saznamo kada će resursi na globalnom nivou biti istrošeni u ovoj, 2026, dostupni su nam podaci za ranije godine.
vre-4994908-020	vreme	4994908	vest	pol-drustvo	drustvo	20	28	https://vreme.com/drustvo/srbija-ekoloski-dug/	Prošle godine svet je neslavnu titulu ekološkog dužnika zaradio već 24. jula.		Prošle godine svet je neslavnu titulu ekološkog dužnika zaradio već 24. jula.
vre-4994908-021	vreme	4994908	vest	pol-drustvo	drustvo	21	28	https://vreme.com/drustvo/srbija-ekoloski-dug/	Iako je to kasnije u poređenju sa Srbijom, ovo je najraniji zabeleženi datum, ali i prvi put da je svet ušao u ekološki dug već tokom jula.		Iako je to kasnije u poređenju sa Srbijom, ovo je najraniji zabeleženi datum, ali i prvi put da je svet ušao u ekološki dug već tokom jula.
vre-4991499-003	vreme	4991499	vest	pol-drustvo	drustvo	3	12	https://vreme.com/drustvo/odbrana-struke-vst-venecijanska-komisija-tuzilastvo/	„Ovo deluje kao kazna zbog zakonitog i efikasnog vođenja krivičnih postupaka koji nisu po volji izvršnoj vlasti, i predstavlja nastavak opstrukcije tih postupaka“, navodi „Odbrana struke“, uz napomenu da članovi Saveta koji su glasali protiv njihovog povratka nisu ponudili nijedan argument za svoj stav.		„Ovo deluje kao kazna zbog zakonitog i efikasnog vođenja krivičnih postupaka koji nisu po volji izvršnoj vlasti, i predstavlja nastavak opstrukcije tih postupaka“, navodi „Odbrana struke“, uz napomenu da članovi Saveta koji su glasali protiv njihovog povratka nisu ponudili nijedan argument za svoj stav.
vre-4991499-004	vreme	4991499	vest	pol-drustvo	drustvo	4	12	https://vreme.com/drustvo/odbrana-struke-vst-venecijanska-komisija-tuzilastvo/	Udruženje ukazuje i na to da je VST, suprotno stavovima stručne javnosti, nastavio praksu upućivanja tužilaca iz nižih u viša tužilaštva, konkretno u Više javno tužilaštvo u Beogradu.		Udruženje ukazuje i na to da je VST, suprotno stavovima stručne javnosti, nastavio praksu upućivanja tužilaca iz nižih u viša tužilaštva, konkretno u Više javno tužilaštvo u Beogradu.
vre-4991499-005	vreme	4991499	vest	pol-drustvo	drustvo	5	12	https://vreme.com/drustvo/odbrana-struke-vst-venecijanska-komisija-tuzilastvo/	Kritičari tvrde da se time favorizuje jedno tužilaštvo, dok mnoga druga širom Srbije ostaju drastično nepopunjena.		Kritičari tvrde da se time favorizuje jedno tužilaštvo, dok mnoga druga širom Srbije ostaju drastično nepopunjena.
vre-4991499-006	vreme	4991499	vest	pol-drustvo	drustvo	6	12	https://vreme.com/drustvo/odbrana-struke-vst-venecijanska-komisija-tuzilastvo/	Prema oceni „Odbrane struke“, ovakvi potezi ukazuju na to da cilj Saveta nije usklađivanje sa evropskim standardima, već realizacija „postignutog dogovora Vrhovne tužiteljke i ministra pravde“.		Prema oceni „Odbrane struke“, ovakvi potezi ukazuju na to da cilj Saveta nije usklađivanje sa evropskim standardima, već realizacija „postignutog dogovora Vrhovne tužiteljke i ministra pravde“.
vre-4991499-007	vreme	4991499	vest	pol-drustvo	drustvo	7	12	https://vreme.com/drustvo/odbrana-struke-vst-venecijanska-komisija-tuzilastvo/	Udruženje zaključuje da ovakav odnos vrha tužilaštva i izvršne vlasti poništava autoritet Venecijanske komisije i vređa dostojanstvo kolega i građana Srbije.		Udruženje zaključuje da ovakav odnos vrha tužilaštva i izvršne vlasti poništava autoritet Venecijanske komisije i vređa dostojanstvo kolega i građana Srbije.
vre-4991499-008	vreme	4991499	vest	pol-drustvo	drustvo	8	12	https://vreme.com/drustvo/odbrana-struke-vst-venecijanska-komisija-tuzilastvo/	Predsednica Skupštine Ana Brnabić izjavila je da se nada da će pre juna biti usvojen set pravosudnih zakona sa preporukama Venecijanske komisije, ali da pre toga sledi još jedna konsultacija sa tim telom.		Predsednica Skupštine Ana Brnabić izjavila je da se nada da će pre juna biti usvojen set pravosudnih zakona sa preporukama Venecijanske komisije, ali da pre toga sledi još jedna konsultacija sa tim telom.
vre-4991499-009	vreme	4991499	vest	pol-drustvo	drustvo	9	12	https://vreme.com/drustvo/odbrana-struke-vst-venecijanska-komisija-tuzilastvo/	Govoreći o preporukama Venecijanske komisije za set pravosudnih zakona, Ana Brnabić je za Radio-televiziju Srbije istakla da je Komisija navela da su pojedini raniji predlozi bili bolji, podsećajući da su upravo oni predlagali rešenja koja Komisija sada podržava.		Govoreći o preporukama Venecijanske komisije za set pravosudnih zakona, Ana Brnabić je za Radio-televiziju Srbije istakla da je Komisija navela da su pojedini raniji predlozi bili bolji, podsećajući da su upravo oni predlagali rešenja koja Komisija sada podržava.
vre-4991499-010	vreme	4991499	vest	pol-drustvo	drustvo	10	12	https://vreme.com/drustvo/odbrana-struke-vst-venecijanska-komisija-tuzilastvo/	„Blokaderska koalicija je tada bila i protiv toga što Venecijanska komisija sada hvali, ali verujem da će tokom ove nedelje biti dva javna slušanja.		„Blokaderska koalicija je tada bila i protiv toga što Venecijanska komisija sada hvali, ali verujem da će tokom ove nedelje biti dva javna slušanja.
vre-5000401-001	vreme	5000401	vest	pol-drustvo	drustvo	1	10	https://vreme.com/drustvo/majke-deca-invaliditet-smetnje-u-razvoju-becej/	Kažu da su godinama same plaćale prevoz svoje dece do škole i nazad, a da su im zahtevi za refundaciju tih troškova odbijeni, prenosi N1.		Kažu da su godinama same plaćale prevoz svoje dece do škole i nazad, a da su im zahtevi za refundaciju tih troškova odbijeni, prenosi N1.
vre-5000401-002	vreme	5000401	vest	pol-drustvo	drustvo	2	10	https://vreme.com/drustvo/majke-deca-invaliditet-smetnje-u-razvoju-becej/	U ponedeljak, kada su započele štrajk, nije postignut nikakav dogovor, iako ih je ispred zgrade opštine, nakratko posetio predsednik opštine Vuk Radojević, koji je prethodno rekao da ne može da ih primi.		U ponedeljak, kada su započele štrajk, nije postignut nikakav dogovor, iako ih je ispred zgrade opštine, nakratko posetio predsednik opštine Vuk Radojević, koji je prethodno rekao da ne može da ih primi.
vre-5000401-003	vreme	5000401	vest	pol-drustvo	drustvo	3	10	https://vreme.com/drustvo/majke-deca-invaliditet-smetnje-u-razvoju-becej/	On je nekoliko sati nakon što su „nepodobne“ medijske ekipe otišle došao do zgrade opštine u pratnji neki drugih medijskih ekipa za koje je rekao da su tu bile „spontano“, a potom pokušao ispred opštine da razgovara sa majkama.		On je nekoliko sati nakon što su „nepodobne“ medijske ekipe otišle došao do zgrade opštine u pratnji neki drugih medijskih ekipa za koje je rekao da su tu bile „spontano“, a potom pokušao ispred opštine da razgovara sa majkama.
vre-5000401-004	vreme	5000401	vest	pol-drustvo	drustvo	4	10	https://vreme.com/drustvo/majke-deca-invaliditet-smetnje-u-razvoju-becej/	One su stupile u štrajk glađu jer ne nalaze više nikakva administrativna ili pravna rešenja za njihov problem – nisu im isplaćeni putni troškovi prevoza njihove dece do škole i nazad, što je nešto što im pripada po zakonu.		One su stupile u štrajk glađu jer ne nalaze više nikakva administrativna ili pravna rešenja za njihov problem – nisu im isplaćeni putni troškovi prevoza njihove dece do škole i nazad, što je nešto što im pripada po zakonu.
vre-5000401-005	vreme	5000401	vest	pol-drustvo	drustvo	5	10	https://vreme.com/drustvo/majke-deca-invaliditet-smetnje-u-razvoju-becej/	Kristina Demeter Filipčev, jedna od dve majke koje su u štrajku glađu kažu da dolazak predsednika opštine u ponedeljak nije bio sastanak, nego „nastup predsednika opštine pred medijima koji očigledno ne poštuju Kodeks novinara Srbije“.		Kristina Demeter Filipčev, jedna od dve majke koje su u štrajku glađu kažu da dolazak predsednika opštine u ponedeljak nije bio sastanak, nego „nastup predsednika opštine pred medijima koji očigledno ne poštuju Kodeks novinara Srbije“.
vre-5000401-006	vreme	5000401	vest	pol-drustvo	drustvo	6	10	https://vreme.com/drustvo/majke-deca-invaliditet-smetnje-u-razvoju-becej/	„Nama sad ništa ne preostaje nego da nastavimo štrajk glađu“, dodala je.		„Nama sad ništa ne preostaje nego da nastavimo štrajk glađu“, dodala je.
vre-5000401-007	vreme	5000401	vest	pol-drustvo	drustvo	7	10	https://vreme.com/drustvo/majke-deca-invaliditet-smetnje-u-razvoju-becej/	Demeter Filipčev podseća predsednika opštine „koji se ponaša kao da je pravni stručnjak“ i dovodi u pitanje njihovu stručnost kao majki, da je završio Poljoprivredni fakultet.		Demeter Filipčev podseća predsednika opštine „koji se ponaša kao da je pravni stručnjak“ i dovodi u pitanje njihovu stručnost kao majki, da je završio Poljoprivredni fakultet.
vre-5000401-008	vreme	5000401	vest	pol-drustvo	drustvo	8	10	https://vreme.com/drustvo/majke-deca-invaliditet-smetnje-u-razvoju-becej/	„Tako da osnovano sumnjam da ne poznaje baš sve članove Zakona o opštem upravnom postupku, koji predviđa da opština po službenoj dužnosti treba da pribavi podatke i da obezbedi to što deci pripada.		„Tako da osnovano sumnjam da ne poznaje baš sve članove Zakona o opštem upravnom postupku, koji predviđa da opština po službenoj dužnosti treba da pribavi podatke i da obezbedi to što deci pripada.
vre-5002583-005	vreme	5002583	vest	pol-drustvo	drustvo	5	26	https://vreme.com/drustvo/mediji-srbija-medijske-slobode-novinari/	Izmene Zakona o javnim medijskim servisima nisu uspele da reše fundamentalno pitanje političke i finansijske nezavisnosti javnih servisa u praksi.		Izmene Zakona o javnim medijskim servisima nisu uspele da reše fundamentalno pitanje političke i finansijske nezavisnosti javnih servisa u praksi.
vre-5002583-006	vreme	5002583	vest	pol-drustvo	drustvo	6	26	https://vreme.com/drustvo/mediji-srbija-medijske-slobode-novinari/	Zatim je, u novembru, nadležno ministarstvo pokrenulo formiranje radnih grupa zaduženih za sprovođenje „reforme“ medijskih zakona, pod navodnim ciljem usklađivanja nacionalnih propisa sa Evropskim zakonom o slobodi medija.		Zatim je, u novembru, nadležno ministarstvo pokrenulo formiranje radnih grupa zaduženih za sprovođenje „reforme“ medijskih zakona, pod navodnim ciljem usklađivanja nacionalnih propisa sa Evropskim zakonom o slobodi medija.
vre-5002583-007	vreme	5002583	vest	pol-drustvo	drustvo	7	26	https://vreme.com/drustvo/mediji-srbija-medijske-slobode-novinari/	Međutim, ovaj neinkluzivan i netransparentan proces je patio od odsustva demokratskih osnova i isključivanja javne rasprave.		Međutim, ovaj neinkluzivan i netransparentan proces je patio od odsustva demokratskih osnova i isključivanja javne rasprave.
vre-5002583-008	vreme	5002583	vest	pol-drustvo	drustvo	8	26	https://vreme.com/drustvo/mediji-srbija-medijske-slobode-novinari/	Pokušaj imenovanja članova Saveta Regulatornog tela za elektronske medije ponovo je propao krajem 2025. godine, uglavnom zbog toga što je vladajuće parlamentarne većine kršila zakon, ostavljajući medijski sektor bez glavnog regulatornog tela više od godine.		Pokušaj imenovanja članova Saveta Regulatornog tela za elektronske medije ponovo je propao krajem 2025. godine, uglavnom zbog toga što je vladajuće parlamentarne većine kršila zakon, ostavljajući medijski sektor bez glavnog regulatornog tela više od godine.
vre-5002583-009	vreme	5002583	vest	pol-drustvo	drustvo	9	26	https://vreme.com/drustvo/mediji-srbija-medijske-slobode-novinari/	Društvene mreže, kao slobodne platforme za širenje necenzurisanih vesti, pokazale su se posebno važnim tokom političke krize 2025. godine, dok su mejnstrim mediji bili pod povećanom političkom kontrolom.		Društvene mreže, kao slobodne platforme za širenje necenzurisanih vesti, pokazale su se posebno važnim tokom političke krize 2025. godine, dok su mejnstrim mediji bili pod povećanom političkom kontrolom.
vre-5002583-010	vreme	5002583	vest	pol-drustvo	drustvo	10	26	https://vreme.com/drustvo/mediji-srbija-medijske-slobode-novinari/	Napori vlasti da eliminiše preostale kritične medije iz Junajted medija izašli su na videlo, zahvaljujući procurelom snimku telefonskog razgovora.		Napori vlasti da eliminiše preostale kritične medije iz Junajted medija izašli su na videlo, zahvaljujući procurelom snimku telefonskog razgovora.
vre-5002583-011	vreme	5002583	vest	pol-drustvo	drustvo	11	26	https://vreme.com/drustvo/mediji-srbija-medijske-slobode-novinari/	Međunarodni posmatrači upozorili su da ova eskalacija predstavlja direktan izazov obavezama Srbije u okvirima pristupanja Evropskoj uniji.		Međunarodni posmatrači upozorili su da ova eskalacija predstavlja direktan izazov obavezama Srbije u okvirima pristupanja Evropskoj uniji.
vre-5002583-012	vreme	5002583	vest	pol-drustvo	drustvo	12	26	https://vreme.com/drustvo/mediji-srbija-medijske-slobode-novinari/	Kada je u pitanju osnovna zaštita, među ključnim problemima su nasilje nad novinarima koje je naglo eskaliralo, posebno nad reporterima koji su izveštavali o građanskim protestima i blokadama.		Kada je u pitanju osnovna zaštita, među ključnim problemima su nasilje nad novinarima koje je naglo eskaliralo, posebno nad reporterima koji su izveštavali o građanskim protestima i blokadama.
vre-5000424-000	vreme	5000424	vest	pol-drustvo	drustvo	0	19	https://vreme.com/drustvo/zidjin-majdanpek-rudarenje-rudarstvo/	Kineska kompanija „Serbia Zijin Copper“ (Ziđin) priprema teren za masovno proširenje rudarskih aktivnosti na površinskom kopu „Južni revir“ u Majdanpeku, sa ciljem da godišnje otkopava 9,9 miliona tona rude bakra, piše eKapija.		Kineska kompanija „Serbia Zijin Copper“ (Ziđin) priprema teren za masovno proširenje rudarskih aktivnosti na površinskom kopu „Južni revir“ u Majdanpeku, sa ciljem da godišnje otkopava 9,9 miliona tona rude bakra, piše eKapija.
vre-5000424-001	vreme	5000424	vest	pol-drustvo	drustvo	1	19	https://vreme.com/drustvo/zidjin-majdanpek-rudarenje-rudarstvo/	Širenje rudnika planirano je u fazama, a rudarski basen doći će na sto metara od prvih kuća i izmestiće korito reke Mali Pek.		Širenje rudnika planirano je u fazama, a rudarski basen doći će na sto metara od prvih kuća i izmestiće korito reke Mali Pek.
vre-5000424-002	vreme	5000424	vest	pol-drustvo	drustvo	2	19	https://vreme.com/drustvo/zidjin-majdanpek-rudarenje-rudarstvo/	Ministarstvo zaštite životne sredine Republike Srbije donelo je rešenje kojim se definišu zahtevi za izradu Studije o proceni uticaja na životnu sredinu, kao odgovor na zahtev kompanije podnet u martu.		Ministarstvo zaštite životne sredine Republike Srbije donelo je rešenje kojim se definišu zahtevi za izradu Studije o proceni uticaja na životnu sredinu, kao odgovor na zahtev kompanije podnet u martu.
vre-5000424-003	vreme	5000424	vest	pol-drustvo	drustvo	3	19	https://vreme.com/drustvo/zidjin-majdanpek-rudarenje-rudarstvo/	Planirani vek eksploatacije ovog kopa je procenjen na oko 13 i po godina, tokom kojih se planira iskopavanje ukupno 126 miliona tona rude i čak 407 miliona tona jalovine.		Planirani vek eksploatacije ovog kopa je procenjen na oko 13 i po godina, tokom kojih se planira iskopavanje ukupno 126 miliona tona rude i čak 407 miliona tona jalovine.
vre-5000424-004	vreme	5000424	vest	pol-drustvo	drustvo	4	19	https://vreme.com/drustvo/zidjin-majdanpek-rudarenje-rudarstvo/	Projekat se realizuje na osnovu „Dopunskog rudarskog projekta otkopavanja rudnih tela na površinskom kopu Južni revir za kapacitet od 9,9 miliona tona rude godišnje“, koji je izradio Institut za rudarstvo i metalurgiju Bor.		Projekat se realizuje na osnovu „Dopunskog rudarskog projekta otkopavanja rudnih tela na površinskom kopu Južni revir za kapacitet od 9,9 miliona tona rude godišnje“, koji je izradio Institut za rudarstvo i metalurgiju Bor.
vre-5000424-005	vreme	5000424	vest	pol-drustvo	drustvo	5	19	https://vreme.com/drustvo/zidjin-majdanpek-rudarenje-rudarstvo/	Širenje rudnika odvijaće se kroz pet faza.		Širenje rudnika odvijaće se kroz pet faza.
vre-5000424-006	vreme	5000424	vest	pol-drustvo	drustvo	6	19	https://vreme.com/drustvo/zidjin-majdanpek-rudarenje-rudarstvo/	Prve tri faze obuhvataju početno otkopavanje i spuštanje mašina na niže horizonte radi stabilizacije terena.		Prve tri faze obuhvataju početno otkopavanje i spuštanje mašina na niže horizonte radi stabilizacije terena.
vre-5000424-007	vreme	5000424	vest	pol-drustvo	drustvo	7	19	https://vreme.com/drustvo/zidjin-majdanpek-rudarenje-rudarstvo/	Četvrta faza uključuje značajne prostorne izmene jer zahteva izmeštanje reke Mali Pek.		Četvrta faza uključuje značajne prostorne izmene jer zahteva izmeštanje reke Mali Pek.
vre-4998388-011	vreme	4998388	vest	pol-drustvo	drustvo	11	26	https://vreme.com/drustvo/ubiti-za-fotografiju-barbara-matejcic-dobitnica-specijalne-nagrade-evropske-nagrade-za-stampu/	Počela je zatim da se raspituje među kolegama u Srbiji i ispostavilo se da dosta novinara, a pogotovo ratnih reportera zna za tu priču.		Počela je zatim da se raspituje među kolegama u Srbiji i ispostavilo se da dosta novinara, a pogotovo ratnih reportera zna za tu priču.
vre-4998388-012	vreme	4998388	vest	pol-drustvo	drustvo	12	26	https://vreme.com/drustvo/ubiti-za-fotografiju-barbara-matejcic-dobitnica-specijalne-nagrade-evropske-nagrade-za-stampu/	Tako je 2022. odlučila da se pozabavi tom temom.		Tako je 2022. odlučila da se pozabavi tom temom.
vre-4998388-013	vreme	4998388	vest	pol-drustvo	drustvo	13	26	https://vreme.com/drustvo/ubiti-za-fotografiju-barbara-matejcic-dobitnica-specijalne-nagrade-evropske-nagrade-za-stampu/	„Otvorila sam eksel tablicu i popisala sve izvore koji su mi potrebni i sve potencijalne tragove.		„Otvorila sam eksel tablicu i popisala sve izvore koji su mi potrebni i sve potencijalne tragove.
vre-4998388-014	vreme	4998388	vest	pol-drustvo	drustvo	14	26	https://vreme.com/drustvo/ubiti-za-fotografiju-barbara-matejcic-dobitnica-specijalne-nagrade-evropske-nagrade-za-stampu/	Znala sam odmah da će mi biti potrebno puno vremena, ali da je važno da se proba utvrditi što se dogodilo.	Y	„Znala sam odmah da će mi biti potrebno puno vremena, ali da je važno da se proba utvrditi što se dogodilo.“
vre-4998388-015	vreme	4998388	vest	pol-drustvo	drustvo	15	26	https://vreme.com/drustvo/ubiti-za-fotografiju-barbara-matejcic-dobitnica-specijalne-nagrade-evropske-nagrade-za-stampu/	Ta cijela priča, ne samo o tome kako su nastale fotografije nego i kako su obišle svijet i donijele slavu fotografu, kao i kako se radilo u ratu, priča je o našoj profesiji.	Y	„Ta cijela priča, ne samo o tome kako su nastale fotografije nego i kako su obišle svijet i donijele slavu fotografu, kao i kako se radilo u ratu, priča je o našoj profesiji.“
vre-4998388-016	vreme	4998388	vest	pol-drustvo	drustvo	16	26	https://vreme.com/drustvo/ubiti-za-fotografiju-barbara-matejcic-dobitnica-specijalne-nagrade-evropske-nagrade-za-stampu/	Mada sam bila premlada da budem ratna reporterka, to smatram i svojim profesionalnim naslijeđem”, rekla je Matejčić.	Y	„Mada sam bila premlada da budem ratna reporterka, to smatram i svojim profesionalnim naslijeđem”, rekla je Matejčić.“
vre-4998388-017	vreme	4998388	vest	pol-drustvo	drustvo	17	26	https://vreme.com/drustvo/ubiti-za-fotografiju-barbara-matejcic-dobitnica-specijalne-nagrade-evropske-nagrade-za-stampu/	Istraživanje je trajalo gotovo tri godine.		Istraživanje je trajalo gotovo tri godine.
vre-4998388-018	vreme	4998388	vest	pol-drustvo	drustvo	18	26	https://vreme.com/drustvo/ubiti-za-fotografiju-barbara-matejcic-dobitnica-specijalne-nagrade-evropske-nagrade-za-stampu/	Matejčić je kazala da je najteži deo posla bio pronalaženje i kontaktiranje svih aktera događaja.		Matejčić je kazala da je najteži deo posla bio pronalaženje i kontaktiranje svih aktera događaja.
vre-5010643-003	vreme	5010643	vest	pol-drustvo	drustvo	3	16	https://vreme.com/drustvo/udruzenje-ekomorf-prodaje-se-privatna-vila-visnja-izgradjena-na-drzavnom-zemljistu/	Ekološko udruženje Ekomorf, partija Zeleno levi front i organizacija Kreni Promeni, pokrenuli su inicijativu da se zaustavi dalja devastacija ove zelene oaze.		Ekološko udruženje Ekomorf, partija Zeleno levi front i organizacija Kreni Promeni, pokrenuli su inicijativu da se zaustavi dalja devastacija ove zelene oaze.
vre-5010643-004	vreme	5010643	vest	pol-drustvo	drustvo	4	16	https://vreme.com/drustvo/udruzenje-ekomorf-prodaje-se-privatna-vila-visnja-izgradjena-na-drzavnom-zemljistu/	Podneto je oko 60 krivičnih prijava u poslednje dve i po godine.		Podneto je oko 60 krivičnih prijava u poslednje dve i po godine.
vre-5010643-005	vreme	5010643	vest	pol-drustvo	drustvo	5	16	https://vreme.com/drustvo/udruzenje-ekomorf-prodaje-se-privatna-vila-visnja-izgradjena-na-drzavnom-zemljistu/	Tim povodom je građevinska inspekcija više puta izlazila na teren, zatvarala gradilišta, ali kako izvršna građevinska inspekcija nije učinila ništa povodom toga, vlasnici nelegalnih objekata su samo sklanjali trake sa zabranom, i ulazeći u novi prekršaj, nastavljali sa zidanjem.		Tim povodom je građevinska inspekcija više puta izlazila na teren, zatvarala gradilišta, ali kako izvršna građevinska inspekcija nije učinila ništa povodom toga, vlasnici nelegalnih objekata su samo sklanjali trake sa zabranom, i ulazeći u novi prekršaj, nastavljali sa zidanjem.
vre-5010643-006	vreme	5010643	vest	pol-drustvo	drustvo	6	16	https://vreme.com/drustvo/udruzenje-ekomorf-prodaje-se-privatna-vila-visnja-izgradjena-na-drzavnom-zemljistu/	Izostankom reakcije nadležne službe, na neki način dato je zeleno svetlo za nastavak divlje gradnje, čime je i afirmisana devastacija ove zelene oaze grada.		Izostankom reakcije nadležne službe, na neki način dato je zeleno svetlo za nastavak divlje gradnje, čime je i afirmisana devastacija ove zelene oaze grada.
vre-5010643-007	vreme	5010643	vest	pol-drustvo	drustvo	7	16	https://vreme.com/drustvo/udruzenje-ekomorf-prodaje-se-privatna-vila-visnja-izgradjena-na-drzavnom-zemljistu/	Iako je u ovoj oblasti mnoštvo različitih prekršaja, i situacija koje su za većinu evropskih zemalja apsolutno nezamislive, jedan slučaj je privukao posebnu pažnju.		Iako je u ovoj oblasti mnoštvo različitih prekršaja, i situacija koje su za većinu evropskih zemalja apsolutno nezamislive, jedan slučaj je privukao posebnu pažnju.
vre-5010643-008	vreme	5010643	vest	pol-drustvo	drustvo	8	16	https://vreme.com/drustvo/udruzenje-ekomorf-prodaje-se-privatna-vila-visnja-izgradjena-na-drzavnom-zemljistu/	U pitanju je „Vila Višnja“, ogromna kuća sa takođe velikim dvorištem, sakrivena iza visokih zidina, na istočnim padinama Milićevog brda.		U pitanju je „Vila Višnja“, ogromna kuća sa takođe velikim dvorištem, sakrivena iza visokih zidina, na istočnim padinama Milićevog brda.
vre-5010643-009	vreme	5010643	vest	pol-drustvo	drustvo	9	16	https://vreme.com/drustvo/udruzenje-ekomorf-prodaje-se-privatna-vila-visnja-izgradjena-na-drzavnom-zemljistu/	Vila je zidana na državnom zemljištu, korišćena u komercijalne svrhe poslednje skoro tri godine, tako da se može naći i na sajtu Airbnb kao vila za rentiranje.		Vila je zidana na državnom zemljištu, korišćena u komercijalne svrhe poslednje skoro tri godine, tako da se može naći i na sajtu Airbnb kao vila za rentiranje.
vre-5010643-010	vreme	5010643	vest	pol-drustvo	drustvo	10	16	https://vreme.com/drustvo/udruzenje-ekomorf-prodaje-se-privatna-vila-visnja-izgradjena-na-drzavnom-zemljistu/	Sredinom jula kuća je ponuđena na prodaju.		Sredinom jula kuća je ponuđena na prodaju.
vre-5006882-000	vreme	5006882	vest	pol-drustvo	drustvo	0	22	https://vreme.com/drustvo/turistilki-vauceri-penzioneri-prijava-uslovi/	Penzionerima će biti podeljeno 30.000 turističkih vaučera od kojih svaki vredi 10.000 dinara.		Penzionerima će biti podeljeno 30.000 turističkih vaučera od kojih svaki vredi 10.000 dinara.
vre-5006882-001	vreme	5006882	vest	pol-drustvo	drustvo	1	22	https://vreme.com/drustvo/turistilki-vauceri-penzioneri-prijava-uslovi/	Ali, ne mogu da ih dobiju svi penzioneri.		Ali, ne mogu da ih dobiju svi penzioneri.
vre-5006882-002	vreme	5006882	vest	pol-drustvo	drustvo	2	22	https://vreme.com/drustvo/turistilki-vauceri-penzioneri-prijava-uslovi/	Vlada Srbije usvojila je uredbu koja se odnosi na besplatne vaučere za odmor u Srbiji koja definiše načinu njihove dodele i korišćenje.		Vlada Srbije usvojila je uredbu koja se odnosi na besplatne vaučere za odmor u Srbiji koja definiše načinu njihove dodele i korišćenje.
vre-5006882-003	vreme	5006882	vest	pol-drustvo	drustvo	3	22	https://vreme.com/drustvo/turistilki-vauceri-penzioneri-prijava-uslovi/	Ova mera trebalo bi da podstakne i unapredi domaći turizma, saopštio je ministar finansija Siniša Mali na svom Instagram profilu.		Ova mera trebalo bi da podstakne i unapredi domaći turizma, saopštio je ministar finansija Siniša Mali na svom Instagram profilu.
vre-5006882-004	vreme	5006882	vest	pol-drustvo	drustvo	4	22	https://vreme.com/drustvo/turistilki-vauceri-penzioneri-prijava-uslovi/	I dodao da je to samo deo paketa mera pomoći koje je Vlada Srbije namenila građinama (tj. biračima), da njegova ukupna vrednost iznosi 600 miliona evra.		I dodao da je to samo deo paketa mera pomoći koje je Vlada Srbije namenila građinama (tj. biračima), da njegova ukupna vrednost iznosi 600 miliona evra.
vre-5006882-005	vreme	5006882	vest	pol-drustvo	drustvo	5	22	https://vreme.com/drustvo/turistilki-vauceri-penzioneri-prijava-uslovi/	Vaučeri su namenjeni penzionerima čija penzija ne prelazi 80.000 dinara.		Vaučeri su namenjeni penzionerima čija penzija ne prelazi 80.000 dinara.
vre-5006882-006	vreme	5006882	vest	pol-drustvo	drustvo	6	22	https://vreme.com/drustvo/turistilki-vauceri-penzioneri-prijava-uslovi/	Prijava će se obavljati na šalterima Pošte Srbije od ponedeljka, 3. avgusta.		Prijava će se obavljati na šalterima Pošte Srbije od ponedeljka, 3. avgusta.
vre-5006882-007	vreme	5006882	vest	pol-drustvo	drustvo	7	22	https://vreme.com/drustvo/turistilki-vauceri-penzioneri-prijava-uslovi/	Pre prijave potrebno je rezervisati smeštaj za boravak od najmanje pet noćenja koji mora da bude na zvaničnoj listi ugostiteljskih objekata Ministarstva turizma i omladine.		Pre prijave potrebno je rezervisati smeštaj za boravak od najmanje pet noćenja koji mora da bude na zvaničnoj listi ugostiteljskih objekata Ministarstva turizma i omladine.
vre-5005780-001	vreme	5005780	vest	pol-drustvo	drustvo	1	14	https://vreme.com/drustvo/olivera-zekic-informer-studio-b-mediji-tabloidi/	Zekić je na TV Informer istakla da ne očekuje izbor devetog člana Saveta REM-a jer je potrebno završiti izbore saveta nacionalnih manjina i njihovo konstituisanje.		Zekić je na TV Informer istakla da ne očekuje izbor devetog člana Saveta REM-a jer je potrebno završiti izbore saveta nacionalnih manjina i njihovo konstituisanje.
vre-5005780-002	vreme	5005780	vest	pol-drustvo	drustvo	2	14	https://vreme.com/drustvo/olivera-zekic-informer-studio-b-mediji-tabloidi/	Ona tvrdi da su veštačku podelu na nezavisne članove Saveta REM-a napravili mediji poput N1, Nova S, Radar i Danas, a ocenila je da želja svih da Savet REM-a bude konstruktivan.		Ona tvrdi da su veštačku podelu na nezavisne članove Saveta REM-a napravili mediji poput N1, Nova S, Radar i Danas, a ocenila je da želja svih da Savet REM-a bude konstruktivan.
vre-5005780-003	vreme	5005780	vest	pol-drustvo	drustvo	3	14	https://vreme.com/drustvo/olivera-zekic-informer-studio-b-mediji-tabloidi/	„Ako ne budu izabrani predsednik i zamenik predsednika Saveta REM na konstitutivnoj sednici u ponedeljak, dužnost predsedavajućeg će imati najstariji član, a to je Dubravka Valić Nedeljković“, rekla je Olivera Zekić.		„Ako ne budu izabrani predsednik i zamenik predsednika Saveta REM na konstitutivnoj sednici u ponedeljak, dužnost predsedavajućeg će imati najstariji član, a to je Dubravka Valić Nedeljković“, rekla je Olivera Zekić.
vre-5005780-004	vreme	5005780	vest	pol-drustvo	drustvo	4	14	https://vreme.com/drustvo/olivera-zekic-informer-studio-b-mediji-tabloidi/	Prema njenim rečima, pred Savetom REM-a je 360 elaborata za lokalne radio stanice za rešavanje, dodelu ili oduzimanje dozvole.		Prema njenim rečima, pred Savetom REM-a je 360 elaborata za lokalne radio stanice za rešavanje, dodelu ili oduzimanje dozvole.
vre-5005780-005	vreme	5005780	vest	pol-drustvo	drustvo	5	14	https://vreme.com/drustvo/olivera-zekic-informer-studio-b-mediji-tabloidi/	Zekić je ukazala da je 90 odsto prijava Savetu REM-a stiglo u vezi sa radom televizije Informer, a nekoliko ih je na račun TV Pink u vezi sa „Elitom“, te na račun Prve i B92, dok na rad TV Hepi nije bilo primedbi.		Zekić je ukazala da je 90 odsto prijava Savetu REM-a stiglo u vezi sa radom televizije Informer, a nekoliko ih je na račun TV Pink u vezi sa „Elitom“, te na račun Prve i B92, dok na rad TV Hepi nije bilo primedbi.
vre-5005780-006	vreme	5005780	vest	pol-drustvo	drustvo	6	14	https://vreme.com/drustvo/olivera-zekic-informer-studio-b-mediji-tabloidi/	„Ne da ste pod lupom, nego vi imate najviše prijava, pa biste mogli da spustite malo“, rekla je Olivera Zekić televiziji Informer.		„Ne da ste pod lupom, nego vi imate najviše prijava, pa biste mogli da spustite malo“, rekla je Olivera Zekić televiziji Informer.
vre-5005780-007	vreme	5005780	vest	pol-drustvo	drustvo	7	14	https://vreme.com/drustvo/olivera-zekic-informer-studio-b-mediji-tabloidi/	Ona je upozorila pružaoce medijskih usluga da plaćaju svoje obaveze REM-u, koji je pred bankrotom.		Ona je upozorila pružaoce medijskih usluga da plaćaju svoje obaveze REM-u, koji je pred bankrotom.
vre-5005780-008	vreme	5005780	vest	pol-drustvo	drustvo	8	14	https://vreme.com/drustvo/olivera-zekic-informer-studio-b-mediji-tabloidi/	„Pametnjakovići su mislili da ne moraju da plate jer nema Saveta REM-a”, navela je ona i istakla da je među najvećim dužnicima Studio B sa 27 miliona dinara.		„Pametnjakovići su mislili da ne moraju da plate jer nema Saveta REM-a”, navela je ona i istakla da je među najvećim dužnicima Studio B sa 27 miliona dinara.
pol-774641-005	politika	774641	vest	kultura	kultura	5	15	https://www.politika.rs/sr/clanak/774641/senzualnost-pisanja-u-dopunjenom-izdanju	Književni kritičar Marko Paovica ističe da se u ovim tekstovima otkriva pravo bogatstvo tematskih i žanrovskih ukrštanja, pri čemu svaki roman dobija novu dimenziju kroz naknadno autorovo tumačenje i samorefleksiju.		Književni kritičar Marko Paovica ističe da se u ovim tekstovima otkriva pravo bogatstvo tematskih i žanrovskih ukrštanja, pri čemu svaki roman dobija novu dimenziju kroz naknadno autorovo tumačenje i samorefleksiju.
pol-774641-006	politika	774641	vest	kultura	kultura	6	15	https://www.politika.rs/sr/clanak/774641/senzualnost-pisanja-u-dopunjenom-izdanju	Hronološki posmatrano, delo Petra Zeca prožima više različitih književnih tokova.		Hronološki posmatrano, delo Petra Zeca prožima više različitih književnih tokova.
pol-774641-007	politika	774641	vest	kultura	kultura	7	15	https://www.politika.rs/sr/clanak/774641/senzualnost-pisanja-u-dopunjenom-izdanju	U romanu „Otrovani Balkanom” dominiraju istorijski i metafikcijski elementi, „Sunce se rađa na istoku, a gde bi” spaja urbano i erotsko, dok „HiSterija” donosi preplitanje biografskog i metafikcijskog.		U romanu „Otrovani Balkanom” dominiraju istorijski i metafikcijski elementi, „Sunce se rađa na istoku, a gde bi” spaja urbano i erotsko, dok „HiSterija” donosi preplitanje biografskog i metafikcijskog.
pol-774641-008	politika	774641	vest	kultura	kultura	8	15	https://www.politika.rs/sr/clanak/774641/senzualnost-pisanja-u-dopunjenom-izdanju	U romanu „Čehov na zlatnom bregu” autor kombinuje biografsko, metafikcijsko i autofikcijsko, dok dela „Ples po užarenom pesku”, „Priča se da si u Vijetnamu”, „Povratak u Jerusalim” i „Budin zub” povezuju autobiografsko, autofikcijsko i putopisno iskustvo.		U romanu „Čehov na zlatnom bregu” autor kombinuje biografsko, metafikcijsko i autofikcijsko, dok dela „Ples po užarenom pesku”, „Priča se da si u Vijetnamu”, „Povratak u Jerusalim” i „Budin zub” povezuju autobiografsko, autofikcijsko i putopisno iskustvo.
pol-774641-009	politika	774641	vest	kultura	kultura	9	15	https://www.politika.rs/sr/clanak/774641/senzualnost-pisanja-u-dopunjenom-izdanju	Posebno mesto ima roman „Karantin udvoje”, u kojem se prepliću ljubavna, erotska i autobiografska nit.		Posebno mesto ima roman „Karantin udvoje”, u kojem se prepliću ljubavna, erotska i autobiografska nit.
pol-774641-010	politika	774641	vest	kultura	kultura	10	15	https://www.politika.rs/sr/clanak/774641/senzualnost-pisanja-u-dopunjenom-izdanju	Jedinstvenu vrednost knjige predstavlja autorovo promišljanje o Erosu stvaranja, koje se oslanja na filozofsku misao danskog mislioca Martinusa, prema kojoj senzualnost daleko prevazilazi usko shvaćenu seksualnost i obuhvata jedinstvo duhovnog, emotivnog i umetničkog iskustva.		Jedinstvenu vrednost knjige predstavlja autorovo promišljanje o Erosu stvaranja, koje se oslanja na filozofsku misao danskog mislioca Martinusa, prema kojoj senzualnost daleko prevazilazi usko shvaćenu seksualnost i obuhvata jedinstvo duhovnog, emotivnog i umetničkog iskustva.
pol-774641-011	politika	774641	vest	kultura	kultura	11	15	https://www.politika.rs/sr/clanak/774641/senzualnost-pisanja-u-dopunjenom-izdanju	Upravo u tom spoju duhovnosti i kreativnosti Petar Zec pronalazi suštinu književnog stvaralaštva.		Upravo u tom spoju duhovnosti i kreativnosti Petar Zec pronalazi suštinu književnog stvaralaštva.
pol-774641-012	politika	774641	vest	kultura	kultura	12	15	https://www.politika.rs/sr/clanak/774641/senzualnost-pisanja-u-dopunjenom-izdanju	Drugo, dopunjeno izdanje obogaćeno je novim esejima „Duh iz boce”, „Aladinova čarobna lampa” i „Iz Madrida pravo u raj”.		Drugo, dopunjeno izdanje obogaćeno je novim esejima „Duh iz boce”, „Aladinova čarobna lampa” i „Iz Madrida pravo u raj”.
pol-773910-000	politika	773910	vest	kultura	kultura	0	7	https://www.politika.rs/sr/clanak/773910/mirandolina-na-tvrdavi-mogren	Predstava „Mirandolina” rađena po motivima dela Karla Goldonija i Petera Turinija, u režiji i adaptaciji Tatjane Mandić Rigonat biće izvedena u ponedeljak uveče, 27. jula od 21 sat na tvrđavi Mogren, kao deo dramskog programa ovogodišnjeg, jubilarnom 40-desetog izdanja mediteranskog festivala „Grad teatar“ u Budvi.		Predstava „Mirandolina” rađena po motivima dela Karla Goldonija i Petera Turinija, u režiji i adaptaciji Tatjane Mandić Rigonat biće izvedena u ponedeljak uveče, 27. jula od 21 sat na tvrđavi Mogren, kao deo dramskog programa ovogodišnjeg, jubilarnom 40-desetog izdanja mediteranskog festivala „Grad teatar“ u Budvi.
pol-773910-001	politika	773910	vest	kultura	kultura	1	7	https://www.politika.rs/sr/clanak/773910/mirandolina-na-tvrdavi-mogren	Reč je nagrađivanoj predstavi Centra za kulturu Tivat.		Reč je nagrađivanoj predstavi Centra za kulturu Tivat.
pol-773910-002	politika	773910	vest	kultura	kultura	2	7	https://www.politika.rs/sr/clanak/773910/mirandolina-na-tvrdavi-mogren	Karlo Goldoni napisao je komediju „Krčmarica“ 1751. godine, a prvi put je odigrana 1753. u Veneciji.		Karlo Goldoni napisao je komediju „Krčmarica“ 1751. godine, a prvi put je odigrana 1753. u Veneciji.
pol-773910-003	politika	773910	vest	kultura	kultura	3	7	https://www.politika.rs/sr/clanak/773910/mirandolina-na-tvrdavi-mogren	Mirandolina od tada živi na pozorišnim scenama, nadigrava se sa muškarcima, bori za dostojanstvo i svoje mesto pod suncem.		Mirandolina od tada živi na pozorišnim scenama, nadigrava se sa muškarcima, bori za dostojanstvo i svoje mesto pod suncem.
pol-773910-004	politika	773910	vest	kultura	kultura	4	7	https://www.politika.rs/sr/clanak/773910/mirandolina-na-tvrdavi-mogren	Naslovnu junakinju tumači beogradska glumica Katarina Marković koja je za svoj scenski izraz dobila brojne esnafske nagrade.		Naslovnu junakinju tumači beogradska glumica Katarina Marković koja je za svoj scenski izraz dobila brojne esnafske nagrade.
pol-773910-005	politika	773910	vest	kultura	kultura	5	7	https://www.politika.rs/sr/clanak/773910/mirandolina-na-tvrdavi-mogren	U glumačkoj podeli su i: Vučić Perović, Lazar Dragojević , Goran Slavić, Goran Vujović, Lara Dragović i Julija Milačić Petrović Njegoš.		U glumačkoj podeli su i: Vučić Perović, Lazar Dragojević , Goran Slavić, Goran Vujović, Lara Dragović i Julija Milačić Petrović Njegoš.
pol-773910-006	politika	773910	vest	kultura	kultura	6	7	https://www.politika.rs/sr/clanak/773910/mirandolina-na-tvrdavi-mogren	Autorski tim pored rediteljke Tatjane Mandić Rigonat koja je zadužena za dramsku i jezičku adaptaciju teksta i izbor muzike, čine i: Stefan Savković, kostimografija, Vesna Popović, scenografija, Irena Popović Dragović, kompozicija i Slavka Nelević, koreografija.		Autorski tim pored rediteljke Tatjane Mandić Rigonat koja je zadužena za dramsku i jezičku adaptaciju teksta i izbor muzike, čine i: Stefan Savković, kostimografija, Vesna Popović, scenografija, Irena Popović Dragović, kompozicija i Slavka Nelević, koreografija.
pol-776155-002	politika	776155	vest	kultura	kultura	2	25	https://www.politika.rs/sr/clanak/776155/boj-dzordz-ne-ce-ponovo-igrati	Pesma „We Will Dance Again”, koja je objavljena 26. jula na mreži Iks, popularno rečeno, „zapalila je društvene mreže”.		Pesma „We Will Dance Again”, koja je objavljena 26. jula na mreži Iks, popularno rečeno, „zapalila je društvene mreže”.
pol-776155-003	politika	776155	vest	kultura	kultura	3	25	https://www.politika.rs/sr/clanak/776155/boj-dzordz-ne-ce-ponovo-igrati	Njenu objavu je videlo više od pet miliona ljudi i izazvala je poplavu komentara, od izraza zahvalnosti do oštrih kritika.		Njenu objavu je videlo više od pet miliona ljudi i izazvala je poplavu komentara, od izraza zahvalnosti do oštrih kritika.
pol-776155-004	politika	776155	vest	kultura	kultura	4	25	https://www.politika.rs/sr/clanak/776155/boj-dzordz-ne-ce-ponovo-igrati	Reklo bi se da je ipak bilo više osuda.		Reklo bi se da je ipak bilo više osuda.
pol-776155-005	politika	776155	vest	kultura	kultura	5	25	https://www.politika.rs/sr/clanak/776155/boj-dzordz-ne-ce-ponovo-igrati	Prema pisanju „Gardijana”, bilo je poziva na proteste ispred Paladijuma zbog njegovog nastupa.		Prema pisanju „Gardijana”, bilo je poziva na proteste ispred Paladijuma zbog njegovog nastupa.
pol-776155-006	politika	776155	vest	kultura	kultura	6	25	https://www.politika.rs/sr/clanak/776155/boj-dzordz-ne-ce-ponovo-igrati	Jedan od kolega Boja Džordža iz osamdesetih godina, Martin Ver, opisao je pesmu kao „otvoreno progenocidni, antipalestinski deo muzičke propagande” i rekao da bi Boj Džordž trebalo da se „stidi”.		Jedan od kolega Boja Džordža iz osamdesetih godina, Martin Ver, opisao je pesmu kao „otvoreno progenocidni, antipalestinski deo muzičke propagande” i rekao da bi Boj Džordž trebalo da se „stidi”.
pol-776155-007	politika	776155	vest	kultura	kultura	7	25	https://www.politika.rs/sr/clanak/776155/boj-dzordz-ne-ce-ponovo-igrati	Prethodno je, međutim, svojim kritičarima odgovorio na mreži „Iks” povodom svih kontroverzi koje je izazvala njegova pesma: „Nije važno šta ja mislim ili šta ti misliš.		Prethodno je, međutim, svojim kritičarima odgovorio na mreži „Iks” povodom svih kontroverzi koje je izazvala njegova pesma: „Nije važno šta ja mislim ili šta ti misliš.
pol-776155-008	politika	776155	vest	kultura	kultura	8	25	https://www.politika.rs/sr/clanak/776155/boj-dzordz-ne-ce-ponovo-igrati	Kada ćeš shvatiti da ne radiš NIŠTA?	Y	„Kada ćeš shvatiti da ne radiš NIŠTA?“
pol-776155-009	politika	776155	vest	kultura	kultura	9	25	https://www.politika.rs/sr/clanak/776155/boj-dzordz-ne-ce-ponovo-igrati	Čak se svađam i sa jevrejskim prijateljima.	Y	„Čak se svađam i sa jevrejskim prijateljima.“
pol-776920-000	politika	776920	vest	kultura	kultura	0	8	https://www.politika.rs/sr/clanak/776920/pocinje-65-dragacevski-sabor-trubaca-guca-od-veceras-prestonica-trube-i-tradicije	U Guči večeras počinje 65.		U Guči večeras počinje 65.
pol-776920-001	politika	776920	vest	kultura	kultura	1	8	https://www.politika.rs/sr/clanak/776920/pocinje-65-dragacevski-sabor-trubaca-guca-od-veceras-prestonica-trube-i-tradicije	Dragačevski sabor trubača, koji će do 9. avgusta okupiti trubačke orkestre iz Srbije, brojne posetioce i ljubitelje tradicionalne muzike, saopštio je Skymusic.		Dragačevski sabor trubača, koji će do 9. avgusta okupiti trubačke orkestre iz Srbije, brojne posetioce i ljubitelje tradicionalne muzike, saopštio je Skymusic.
pol-776920-002	politika	776920	vest	kultura	kultura	2	8	https://www.politika.rs/sr/clanak/776920/pocinje-65-dragacevski-sabor-trubaca-guca-od-veceras-prestonica-trube-i-tradicije	Ovogodišnji Sabor doneće koncerte, takmičenja trubačkih orkestara, kao i prateće kulturne programe posvećene tradiciji Dragačeva.		Ovogodišnji Sabor doneće koncerte, takmičenja trubačkih orkestara, kao i prateće kulturne programe posvećene tradiciji Dragačeva.
pol-776920-003	politika	776920	vest	kultura	kultura	3	8	https://www.politika.rs/sr/clanak/776920/pocinje-65-dragacevski-sabor-trubaca-guca-od-veceras-prestonica-trube-i-tradicije	Tokom tri festivalska dana posetioci će moći da čuju nastupe poznatih trubačkih sastava, među kojima su Bojan Ristić, Dejan Petrović Big Band, Boban Marković, Dejan Lazarević, Ekrem Mamutović i Dejan Jevđić.		Tokom tri festivalska dana posetioci će moći da čuju nastupe poznatih trubačkih sastava, među kojima su Bojan Ristić, Dejan Petrović Big Band, Boban Marković, Dejan Lazarević, Ekrem Mamutović i Dejan Jevđić.
pol-776920-004	politika	776920	vest	kultura	kultura	4	8	https://www.politika.rs/sr/clanak/776920/pocinje-65-dragacevski-sabor-trubaca-guca-od-veceras-prestonica-trube-i-tradicije	Centralni deo programa biće finalno takmičenje najboljih trubačkih orkestara Srbije, koje je zakazano za nedelju, kada će se ansambli nadmetati za priznanja Sabora i titulu najboljih u tradicionalnoj trubačkoj muzici.		Centralni deo programa biće finalno takmičenje najboljih trubačkih orkestara Srbije, koje je zakazano za nedelju, kada će se ansambli nadmetati za priznanja Sabora i titulu najboljih u tradicionalnoj trubačkoj muzici.
pol-776920-005	politika	776920	vest	kultura	kultura	5	8	https://www.politika.rs/sr/clanak/776920/pocinje-65-dragacevski-sabor-trubaca-guca-od-veceras-prestonica-trube-i-tradicije	"Pored muzičkog programa, Sabor će ponuditi i sadržaje posvećene običajima i kulturnom nasleđu, Ulicu starih zanata, nastupe folklornih ansambala, izložbe, izbor najboljeg zdravičara i program „Stara dragačevska svadba""."		"Pored muzičkog programa, Sabor će ponuditi i sadržaje posvećene običajima i kulturnom nasleđu, Ulicu starih zanata, nastupe folklornih ansambala, izložbe, izbor najboljeg zdravičara i program „Stara dragačevska svadba""."
pol-776920-006	politika	776920	vest	kultura	kultura	6	8	https://www.politika.rs/sr/clanak/776920/pocinje-65-dragacevski-sabor-trubaca-guca-od-veceras-prestonica-trube-i-tradicije	Poseban deo manifestacije čini i gastronomska ponuda, u kojoj će posetioci moći da probaju tradicionalna jela dragačevskog kraja, među kojima su pečenje, svadbarski kupus, domaći proizvodi, sir, kajmak i proja.		Poseban deo manifestacije čini i gastronomska ponuda, u kojoj će posetioci moći da probaju tradicionalna jela dragačevskog kraja, među kojima su pečenje, svadbarski kupus, domaći proizvodi, sir, kajmak i proja.
pol-776920-007	politika	776920	vest	kultura	kultura	7	8	https://www.politika.rs/sr/clanak/776920/pocinje-65-dragacevski-sabor-trubaca-guca-od-veceras-prestonica-trube-i-tradicije	Dragačevski sabor trubača u Guči održava se od 1961. godine i jedan je od najpoznatijih festivala posvećenih trubačkoj muzici i narodnom stvaralaštvu u Srbiji, prenosi Tanjug.		Dragačevski sabor trubača u Guči održava se od 1961. godine i jedan je od najpoznatijih festivala posvećenih trubačkoj muzici i narodnom stvaralaštvu u Srbiji, prenosi Tanjug.
pol-779307-000	politika	779307	vest	kultura	kultura	0	7	https://www.politika.rs/sr/clanak/779307/zan-klod-van-dam-poslao-poruku-srbiji-vidimo-se-25-avgusta-u-nisu	Proslavljeni belgijski glumac i jedna od najvećih zvezda akcionog filma Žan-Klod van Dam uputio je video-poruku publici u Srbiji i najavio svoj dolazak u Niš 25. avgusta, povodom Međunarodnog filmskog festivala.		Proslavljeni belgijski glumac i jedna od najvećih zvezda akcionog filma Žan-Klod van Dam uputio je video-poruku publici u Srbiji i najavio svoj dolazak u Niš 25. avgusta, povodom Međunarodnog filmskog festivala.
pol-779307-001	politika	779307	vest	kultura	kultura	1	7	https://www.politika.rs/sr/clanak/779307/zan-klod-van-dam-poslao-poruku-srbiji-vidimo-se-25-avgusta-u-nisu	Van Dam se svojim prepoznatljivim neposrednim stilom obratio publici, potvrđujući da će uskoro biti u Srbiji.		Van Dam se svojim prepoznatljivim neposrednim stilom obratio publici, potvrđujući da će uskoro biti u Srbiji.
pol-779307-002	politika	779307	vest	kultura	kultura	2	7	https://www.politika.rs/sr/clanak/779307/zan-klod-van-dam-poslao-poruku-srbiji-vidimo-se-25-avgusta-u-nisu	„Zdravo, ja sam Žan-Klod van Dam i vidimo se uskoro, 25. avgusta na Međunarodnom filmskom festivalu u Nišu, u Srbiji“, poručio je slavni glumac.		„Zdravo, ja sam Žan-Klod van Dam i vidimo se uskoro, 25. avgusta na Međunarodnom filmskom festivalu u Nišu, u Srbiji“, poručio je slavni glumac.
pol-779307-003	politika	779307	vest	kultura	kultura	3	7	https://www.politika.rs/sr/clanak/779307/zan-klod-van-dam-poslao-poruku-srbiji-vidimo-se-25-avgusta-u-nisu	Dolazak holivudske zvezde u Niš nesumnjivo će privući veliku pažnju publike, posebno poštovalaca njegovih filmova, uz koje su odrastale generacije gledalaca širom sveta.		Dolazak holivudske zvezde u Niš nesumnjivo će privući veliku pažnju publike, posebno poštovalaca njegovih filmova, uz koje su odrastale generacije gledalaca širom sveta.
pol-779307-004	politika	779307	vest	kultura	kultura	4	7	https://www.politika.rs/sr/clanak/779307/zan-klod-van-dam-poslao-poruku-srbiji-vidimo-se-25-avgusta-u-nisu	Žan-Klod van Dam proslavio se ulogama u akcionim filmovima i tokom višedecenijske karijere postao jedno od najprepoznatljivijih lica ovog žanra.		Žan-Klod van Dam proslavio se ulogama u akcionim filmovima i tokom višedecenijske karijere postao jedno od najprepoznatljivijih lica ovog žanra.
pol-779307-005	politika	779307	vest	kultura	kultura	5	7	https://www.politika.rs/sr/clanak/779307/zan-klod-van-dam-poslao-poruku-srbiji-vidimo-se-25-avgusta-u-nisu	Njegova poruka iz Italije sada je i zvanična najava susreta sa publikom u Srbiji – 25. avgusta u Nišu.		Njegova poruka iz Italije sada je i zvanična najava susreta sa publikom u Srbiji – 25. avgusta u Nišu.
pol-779307-006	politika	779307	vest	kultura	kultura	6	7	https://www.politika.rs/sr/clanak/779307/zan-klod-van-dam-poslao-poruku-srbiji-vidimo-se-25-avgusta-u-nisu	Video-poruku Žan-Kloda van Dama pogledajte u nastavku.		Video-poruku Žan-Kloda van Dama pogledajte u nastavku.
pol-783303-007	politika	783303	vest	kultura	kultura	7	19	https://www.politika.rs/sr/clanak/783303/izlozba-25-godina-nagrade-dimitrije-basicevic-mangelos-otvorena-u-galeriji-flu	Taj ju je ulog postavio kao važnu instituciju srpske savremene umetničke scene koja je jedno vreme čak bila i jedina koja je pratila i podržavala rad mladih umetnika kod nas.	Y	„Taj ju je ulog postavio kao važnu instituciju srpske savremene umetničke scene koja je jedno vreme čak bila i jedina koja je pratila i podržavala rad mladih umetnika kod nas.“
pol-783303-008	politika	783303	vest	kultura	kultura	8	19	https://www.politika.rs/sr/clanak/783303/izlozba-25-godina-nagrade-dimitrije-basicevic-mangelos-otvorena-u-galeriji-flu	Nadam se da ćemo uspeti da opstanemo i dalje i na taj način nastavimo podršku umetnicima koji preispituju utvrđene pozicije moći u umetnosti i nude nove poglede. ”	Y	„Nadam se da ćemo uspeti da opstanemo i dalje i na taj način nastavimo podršku umetnicima koji preispituju utvrđene pozicije moći u umetnosti i nude nove poglede. ”
pol-783303-009	politika	783303	vest	kultura	kultura	9	19	https://www.politika.rs/sr/clanak/783303/izlozba-25-godina-nagrade-dimitrije-basicevic-mangelos-otvorena-u-galeriji-flu	Mislim da je to velika i značajna stvar za nekoga ko pravi prve korake na umetničkoj sceni i voleo bih da dalje razvijamo edukativnu stranu programa i na taj način podržimo generacije umetnika i umetnica koje dolaze.”	Y	„Mislim da je to velika i značajna stvar za nekoga ko pravi prve korake na umetničkoj sceni i voleo bih da dalje razvijamo edukativnu stranu programa i na taj način podržimo generacije umetnika i umetnica koje dolaze.”
pol-783303-010	politika	783303	vest	kultura	kultura	10	19	https://www.politika.rs/sr/clanak/783303/izlozba-25-godina-nagrade-dimitrije-basicevic-mangelos-otvorena-u-galeriji-flu	Umetnik i profesor Vladimir Nikolić se obratio rečima: „Čestitam svim ljudima i organizacijama koje su vodile ovu nagradu.		Umetnik i profesor Vladimir Nikolić se obratio rečima: „Čestitam svim ljudima i organizacijama koje su vodile ovu nagradu.
pol-783303-011	politika	783303	vest	kultura	kultura	11	19	https://www.politika.rs/sr/clanak/783303/izlozba-25-godina-nagrade-dimitrije-basicevic-mangelos-otvorena-u-galeriji-flu	Nadam se da će potrajati još 25 godina, jer se sećam koliko je meni bilo značajno da otputujem u Njujork u tim godinama, sa željom da se bavim ovim poslom.	Y	„Nadam se da će potrajati još 25 godina, jer se sećam koliko je meni bilo značajno da otputujem u Njujork u tim godinama, sa željom da se bavim ovim poslom.“
pol-783303-012	politika	783303	vest	kultura	kultura	12	19	https://www.politika.rs/sr/clanak/783303/izlozba-25-godina-nagrade-dimitrije-basicevic-mangelos-otvorena-u-galeriji-flu	Mislim da se to ni danas nije promenilo, ne samo za umetnike iz Srbije, već i iz bilo kog dela sveta.”	Y	„Mislim da se to ni danas nije promenilo, ne samo za umetnike iz Srbije, već i iz bilo kog dela sveta.”
pol-783303-013	politika	783303	vest	kultura	kultura	13	19	https://www.politika.rs/sr/clanak/783303/izlozba-25-godina-nagrade-dimitrije-basicevic-mangelos-otvorena-u-galeriji-flu	Ova izložba objedinjuje pogled na značaj i doprinos ove Nagrade umetničkoj sceni Srbije sa pogledom na prakse umetnika dobitnika Nagrade i nudi dvadeset i pet različitih odgovora na isto pitanje: šta danas znači praviti umetnost koja pomera granice medija, jezika i mišljenja.		Ova izložba objedinjuje pogled na značaj i doprinos ove Nagrade umetničkoj sceni Srbije sa pogledom na prakse umetnika dobitnika Nagrade i nudi dvadeset i pet različitih odgovora na isto pitanje: šta danas znači praviti umetnost koja pomera granice medija, jezika i mišljenja.
pol-783303-014	politika	783303	vest	kultura	kultura	14	19	https://www.politika.rs/sr/clanak/783303/izlozba-25-godina-nagrade-dimitrije-basicevic-mangelos-otvorena-u-galeriji-flu	Na izložbi su predstavljeni radovi dobitnika i dobitnica koji, sagledani zajedno, iscrtavaju mapu jedne scene u stalnom preispitivanju sebe same.		Na izložbi su predstavljeni radovi dobitnika i dobitnica koji, sagledani zajedno, iscrtavaju mapu jedne scene u stalnom preispitivanju sebe same.
vre-4915192-001	vreme	4915192	vest	kultura	kultura	1	14	https://vreme.com/kultura/osterov-odgovor-na-pitanje-zasto-se-ubijamo/	„Geopoetika“ je ekskluzivni izdavač dela Pola Ostera za srpski jezik, do sad je objavila desetak njegovih romana, a nedavno je obnovila ugovor za nova izdanja dva, ranije objavljena njegova romana.		„Geopoetika“ je ekskluzivni izdavač dela Pola Ostera za srpski jezik, do sad je objavila desetak njegovih romana, a nedavno je obnovila ugovor za nova izdanja dva, ranije objavljena njegova romana.
vre-4915192-002	vreme	4915192	vest	kultura	kultura	2	14	https://vreme.com/kultura/osterov-odgovor-na-pitanje-zasto-se-ubijamo/	Pol Oster (1947–2024) je jedan od vodećih savremenih američkih pisaca.		Pol Oster (1947–2024) je jedan od vodećih savremenih američkih pisaca.
vre-4915192-003	vreme	4915192	vest	kultura	kultura	3	14	https://vreme.com/kultura/osterov-odgovor-na-pitanje-zasto-se-ubijamo/	Njegova dela su prevedena na više od 40 jezika, i deo je grupe najčitanijih pisaca na svetu.		Njegova dela su prevedena na više od 40 jezika, i deo je grupe najčitanijih pisaca na svetu.
vre-4915192-004	vreme	4915192	vest	kultura	kultura	4	14	https://vreme.com/kultura/osterov-odgovor-na-pitanje-zasto-se-ubijamo/	Slučaj je hteo da njegova knjiga „Nacija okupana krvlju“ bude objavljena nekako neposredno pred tragedije u Osnovnoj školi „Braća Ribnikar“ i u selima Dubona i Malo Orašje.		Slučaj je hteo da njegova knjiga „Nacija okupana krvlju“ bude objavljena nekako neposredno pred tragedije u Osnovnoj školi „Braća Ribnikar“ i u selima Dubona i Malo Orašje.
vre-4915192-005	vreme	4915192	vest	kultura	kultura	5	14	https://vreme.com/kultura/osterov-odgovor-na-pitanje-zasto-se-ubijamo/	Naime, u „Naciji okupanoj krvlju“, Oster priča o odnosu Amerikanaca prema vatrenom oružju, pokušavajući da odgovori na pitanje zbog čega su Sjedinjene Države zemlja sa najvećim brojem masovnih ubistava.		Naime, u „Naciji okupanoj krvlju“, Oster priča o odnosu Amerikanaca prema vatrenom oružju, pokušavajući da odgovori na pitanje zbog čega su Sjedinjene Države zemlja sa najvećim brojem masovnih ubistava.
vre-4915192-006	vreme	4915192	vest	kultura	kultura	6	14	https://vreme.com/kultura/osterov-odgovor-na-pitanje-zasto-se-ubijamo/	Opisuje niz slučajeva, masovna ubistva u školama i tržnim centrima na primer, ne bi li došao do odgovora.		Opisuje niz slučajeva, masovna ubistva u školama i tržnim centrima na primer, ne bi li došao do odgovora.
vre-4915192-007	vreme	4915192	vest	kultura	kultura	7	14	https://vreme.com/kultura/osterov-odgovor-na-pitanje-zasto-se-ubijamo/	Svaki navedeni tragični događaj ilustrovan je fotografijama Spensera Ostrandera, što izuzetno utiče na priču.		Svaki navedeni tragični događaj ilustrovan je fotografijama Spensera Ostrandera, što izuzetno utiče na priču.
vre-4915192-008	vreme	4915192	vest	kultura	kultura	8	14	https://vreme.com/kultura/osterov-odgovor-na-pitanje-zasto-se-ubijamo/	„Nacija okupana krvlju“ je esejistički tekst zasnovan i prožet memoarskom prozom.		„Nacija okupana krvlju“ je esejistički tekst zasnovan i prožet memoarskom prozom.
vre-4916591-004	vreme	4916591	vest	kultura	kultura	4	14	https://vreme.com/kultura/fotografije-nevidljivog-sveta-za-one-koji-ih-ne-vide/	Izložba je deo globalne inicijative poznate japanske kompanije foto-opreme Canon koja je zahvaljujući korišćenju novih tehnologija umetnost učinila dostupnom i slepim i slabovidim osobama.		Izložba je deo globalne inicijative poznate japanske kompanije foto-opreme Canon koja je zahvaljujući korišćenju novih tehnologija umetnost učinila dostupnom i slepim i slabovidim osobama.
vre-4916591-005	vreme	4916591	vest	kultura	kultura	5	14	https://vreme.com/kultura/fotografije-nevidljivog-sveta-za-one-koji-ih-ne-vide/	Izložba koristi reljefne otiske, zvučne opise i Brajevo pismo kako bi fotografija, medij koji je u suštini vizuelan, postala opipljiva čulima i dostupna svima.		Izložba koristi reljefne otiske, zvučne opise i Brajevo pismo kako bi fotografija, medij koji je u suštini vizuelan, postala opipljiva čulima i dostupna svima.
vre-4916591-006	vreme	4916591	vest	kultura	kultura	6	14	https://vreme.com/kultura/fotografije-nevidljivog-sveta-za-one-koji-ih-ne-vide/	„Nevidljivi svet“ deo je globalne inkluzivne inicijative World Unseen, čiji je cilj da umetnost učini dostupnom svima, a u Beograd stiže nakon što je obišla četrdesetak gradova po svetu.		„Nevidljivi svet“ deo je globalne inkluzivne inicijative World Unseen, čiji je cilj da umetnost učini dostupnom svima, a u Beograd stiže nakon što je obišla četrdesetak gradova po svetu.
vre-4916591-007	vreme	4916591	vest	kultura	kultura	7	14	https://vreme.com/kultura/fotografije-nevidljivog-sveta-za-one-koji-ih-ne-vide/	Ujedno, ovo je bio i poziv organizatora, Saveza slepih Srbije i Narodnog muzeja Srbije, da budemo otvoreni, da posmatramo bez vida, čujemo bez reči, da se povežemo dublje nego inače.		Ujedno, ovo je bio i poziv organizatora, Saveza slepih Srbije i Narodnog muzeja Srbije, da budemo otvoreni, da posmatramo bez vida, čujemo bez reči, da se povežemo dublje nego inače.
vre-4916591-008	vreme	4916591	vest	kultura	kultura	8	14	https://vreme.com/kultura/fotografije-nevidljivog-sveta-za-one-koji-ih-ne-vide/	„Kada se kaže slika, to automatski isključuje slepe.		„Kada se kaže slika, to automatski isključuje slepe.
vre-4916591-009	vreme	4916591	vest	kultura	kultura	9	14	https://vreme.com/kultura/fotografije-nevidljivog-sveta-za-one-koji-ih-ne-vide/	Međutim, slika se može opipati i doživeti na jedan autentičan način, što je u psihološkom smislu veoma važno.	Y	„Međutim, slika se može opipati i doživeti na jedan autentičan način, što je u psihološkom smislu veoma važno.“
vre-4916591-010	vreme	4916591	vest	kultura	kultura	10	14	https://vreme.com/kultura/fotografije-nevidljivog-sveta-za-one-koji-ih-ne-vide/	Mi smo uspeli da se izborimo sa našim hendikepom i sigurni smo da će izložba „Nevidljivi svet“ biti još jedan prozor u svet kad je u pitanju naša populacija“ naglasio je na otvaranju Milan Stošić, predsednik Saveza slepih Srbije.	Y	„Mi smo uspeli da se izborimo sa našim hendikepom i sigurni smo da će izložba „Nevidljivi svet“ biti još jedan prozor u svet kad je u pitanju naša populacija“ naglasio je na otvaranju Milan Stošić, predsednik Saveza slepih Srbije.“
vre-4916591-011	vreme	4916591	vest	kultura	kultura	11	14	https://vreme.com/kultura/fotografije-nevidljivog-sveta-za-one-koji-ih-ne-vide/	Predstavljeno je 12 fotografija svetski poznatih fotografa iz celog sveta, uključujući i srpsku fotografkinju Ivanu Todorović.		Predstavljeno je 12 fotografija svetski poznatih fotografa iz celog sveta, uključujući i srpsku fotografkinju Ivanu Todorović.
vre-4952328-008	vreme	4952328	vest	kultura	kultura	8	19	https://vreme.com/kultura/lex-specialis-je-izglasan-iako-postoji-studija-o-sanaciji-generalstaba/	Na zgradi B nedostaje jedna i po etaža u pogođenom delu i prekinut je i jedan od stubova, ali to može da se reši.	Y	„Na zgradi B nedostaje jedna i po etaža u pogođenom delu i prekinut je i jedan od stubova, ali to može da se reši.“
vre-4952328-009	vreme	4952328	vest	kultura	kultura	9	19	https://vreme.com/kultura/lex-specialis-je-izglasan-iako-postoji-studija-o-sanaciji-generalstaba/	Takođe, na mestu srušenog dela zgrade A bi bila napravljena nova konstrukcija i povezana sa preostalim delovima.	Y	„Takođe, na mestu srušenog dela zgrade A bi bila napravljena nova konstrukcija i povezana sa preostalim delovima.“
vre-4952328-010	vreme	4952328	vest	kultura	kultura	10	19	https://vreme.com/kultura/lex-specialis-je-izglasan-iako-postoji-studija-o-sanaciji-generalstaba/	Trebalo bi proveriti i šta je sa temeljima objekata, ali oni su verovatno dobri jer tu i nije bilo oštećenja od eksplozija“, rekao je Najdanović.	Y	„Trebalo bi proveriti i šta je sa temeljima objekata, ali oni su verovatno dobri jer tu i nije bilo oštećenja od eksplozija“, rekao je Najdanović.“
vre-4952328-011	vreme	4952328	vest	kultura	kultura	11	19	https://vreme.com/kultura/lex-specialis-je-izglasan-iako-postoji-studija-o-sanaciji-generalstaba/	Procenjuje da bi sanacija koštala nekoliko desetina miliona evra i kaže da to nije užasno skupo kao što kaže vlast.		Procenjuje da bi sanacija koštala nekoliko desetina miliona evra i kaže da to nije užasno skupo kao što kaže vlast.
vre-4952328-012	vreme	4952328	vest	kultura	kultura	12	19	https://vreme.com/kultura/lex-specialis-je-izglasan-iako-postoji-studija-o-sanaciji-generalstaba/	„Užasno skup je Nacionalni stadion“, kaže.		„Užasno skup je Nacionalni stadion“, kaže.
vre-4952328-013	vreme	4952328	vest	kultura	kultura	13	19	https://vreme.com/kultura/lex-specialis-je-izglasan-iako-postoji-studija-o-sanaciji-generalstaba/	Takođe i da bi „bila katastrofa da se sve to sruši.		Takođe i da bi „bila katastrofa da se sve to sruši.
vre-4952328-014	vreme	4952328	vest	kultura	kultura	14	19	https://vreme.com/kultura/lex-specialis-je-izglasan-iako-postoji-studija-o-sanaciji-generalstaba/	Ne mogu da shvatim da je to nekome palo na pamet“.	Y	„Ne mogu da shvatim da je to nekome palo na pamet“.“
vre-4952328-015	vreme	4952328	vest	kultura	kultura	15	19	https://vreme.com/kultura/lex-specialis-je-izglasan-iako-postoji-studija-o-sanaciji-generalstaba/	Ne zna se zašto Vlada Srbije koja je pre godinu dana odlučila da Generalštabu oduzme status kulturnog dobra, kao ni Skupština Srbije koja je juče donela zakon o njegovom rušenju, nisu uzele u obzir ovaj dokument Građevinskog fakulteta.		Ne zna se zašto Vlada Srbije koja je pre godinu dana odlučila da Generalštabu oduzme status kulturnog dobra, kao ni Skupština Srbije koja je juče donela zakon o njegovom rušenju, nisu uzele u obzir ovaj dokument Građevinskog fakulteta.
vre-4969017-005	vreme	4969017	vest	svet	mozaik	5	16	https://vreme.com/mozaik/penjanje-uzivo-ludilo-od-hepeninga-na-netfliksu/	To je ambicija koja je započela pre više od decenije i sada je nadomak ostvarenja.		To je ambicija koja je započela pre više od decenije i sada je nadomak ostvarenja.
vre-4969017-006	vreme	4969017	vest	svet	mozaik	6	16	https://vreme.com/mozaik/penjanje-uzivo-ludilo-od-hepeninga-na-netfliksu/	Četrdesetogodišnji Amerikanac Aleks Honold spada među najbolje penjače po stenama na svetu.		Četrdesetogodišnji Amerikanac Aleks Honold spada među najbolje penjače po stenama na svetu.
vre-4969017-007	vreme	4969017	vest	svet	mozaik	7	16	https://vreme.com/mozaik/penjanje-uzivo-ludilo-od-hepeninga-na-netfliksu/	„Mislim da sam se tokom godina navikao na strah.		„Mislim da sam se tokom godina navikao na strah.
vre-4969017-008	vreme	4969017	vest	svet	mozaik	8	16	https://vreme.com/mozaik/penjanje-uzivo-ludilo-od-hepeninga-na-netfliksu/	On je stalno prisutan deo penjanja“, kaže Honold u klipu koji se širi društvenim mrežama.	Y	„On je stalno prisutan deo penjanja“, kaže Honold u klipu koji se širi društvenim mrežama.“
vre-4969017-009	vreme	4969017	vest	svet	mozaik	9	16	https://vreme.com/mozaik/penjanje-uzivo-ludilo-od-hepeninga-na-netfliksu/	„Bez obzira na to koliko se dobro pripremiš, ponekad se stvari jednostavno dogode.		„Bez obzira na to koliko se dobro pripremiš, ponekad se stvari jednostavno dogode.
vre-4969017-010	vreme	4969017	vest	svet	mozaik	10	16	https://vreme.com/mozaik/penjanje-uzivo-ludilo-od-hepeninga-na-netfliksu/	Netfliks time prelazi granicu, jer „već i sam koncept i ambijent podstiču dinamiku voajerizma“, kaže za DW Klaudija Paganini.		Netfliks time prelazi granicu, jer „već i sam koncept i ambijent podstiču dinamiku voajerizma“, kaže za DW Klaudija Paganini.
vre-4969017-011	vreme	4969017	vest	svet	mozaik	11	16	https://vreme.com/mozaik/penjanje-uzivo-ludilo-od-hepeninga-na-netfliksu/	Austrijska filozofkinja i teološkinja predaje na Univerzitetu u Insbruku, a jedna od njenih oblasti istraživanja je medijska etika.		Austrijska filozofkinja i teološkinja predaje na Univerzitetu u Insbruku, a jedna od njenih oblasti istraživanja je medijska etika.
vre-4969017-012	vreme	4969017	vest	svet	mozaik	12	16	https://vreme.com/mozaik/penjanje-uzivo-ludilo-od-hepeninga-na-netfliksu/	„Smatram da je direktan prenos potencijalno smrtonosnog događaja problematičan, jer mediji time više ne samo da dokumentuju, komentarišu i tumače, nego i aktivno učestvuju u kreiranju tog događaja kao spektakla“, ističe naučnica.		„Smatram da je direktan prenos potencijalno smrtonosnog događaja problematičan, jer mediji time više ne samo da dokumentuju, komentarišu i tumače, nego i aktivno učestvuju u kreiranju tog događaja kao spektakla“, ističe naučnica.
vre-4994180-005	vreme	4994180	vest	kultura	kultura	5	16	https://vreme.com/kultura/vec-cetvrta-operska-premijera-narodnog-pozorista-ove-sezone/	Za to vreme, Drama Narodnog pozorišta dobila je samo jednu novu predstavu, kao i Balet.		Za to vreme, Drama Narodnog pozorišta dobila je samo jednu novu predstavu, kao i Balet.
vre-4994180-006	vreme	4994180	vest	kultura	kultura	6	16	https://vreme.com/kultura/vec-cetvrta-operska-premijera-narodnog-pozorista-ove-sezone/	Verovatno je u pitanju samo sticaj okolnosti, među koje ne treba ubrajati i činjenicu da je v.d. upravnik Narodnog pozorišta Dragoljub Bajić – član Opere.		Verovatno je u pitanju samo sticaj okolnosti, među koje ne treba ubrajati i činjenicu da je v.d. upravnik Narodnog pozorišta Dragoljub Bajić – član Opere.
vre-4994180-007	vreme	4994180	vest	kultura	kultura	7	16	https://vreme.com/kultura/vec-cetvrta-operska-premijera-narodnog-pozorista-ove-sezone/	Evgenije Onjegin je opera nastala po istoimenom Puškinovom romanu u stihovima.		Evgenije Onjegin je opera nastala po istoimenom Puškinovom romanu u stihovima.
vre-4994180-008	vreme	4994180	vest	kultura	kultura	8	16	https://vreme.com/kultura/vec-cetvrta-operska-premijera-narodnog-pozorista-ove-sezone/	Čajkovski ga je pretočio u raskošnu muzičku dramu, koja objedinjuje snažnu lirsku emociju i autorovu misao o nemoći čoveka da dosegne sreću za kojom žudi.		Čajkovski ga je pretočio u raskošnu muzičku dramu, koja objedinjuje snažnu lirsku emociju i autorovu misao o nemoći čoveka da dosegne sreću za kojom žudi.
vre-4994180-009	vreme	4994180	vest	kultura	kultura	9	16	https://vreme.com/kultura/vec-cetvrta-operska-premijera-narodnog-pozorista-ove-sezone/	Reditelj predstave u Narodnom pozorištu je Mario Pavle del Monako, kojem je ovo četvrta režija u Narodnom pozorištu.		Reditelj predstave u Narodnom pozorištu je Mario Pavle del Monako, kojem je ovo četvrta režija u Narodnom pozorištu.
vre-4994180-010	vreme	4994180	vest	kultura	kultura	10	16	https://vreme.com/kultura/vec-cetvrta-operska-premijera-narodnog-pozorista-ove-sezone/	Narodno pozorište je 1. oktobra počelo sezonu premijernom obnovom opere Đuzepa Verdija Bal pod maskama, koja pre toga godinama nije bila na repertoaru zbog nepoznatih razloga.		Narodno pozorište je 1. oktobra počelo sezonu premijernom obnovom opere Đuzepa Verdija Bal pod maskama, koja pre toga godinama nije bila na repertoaru zbog nepoznatih razloga.
vre-4994180-011	vreme	4994180	vest	kultura	kultura	11	16	https://vreme.com/kultura/vec-cetvrta-operska-premijera-narodnog-pozorista-ove-sezone/	Tu prvu verziju režirao je Božidar Đurović, a ovu obnovljenu Ivana Dragutinović Maričić.		Tu prvu verziju režirao je Božidar Đurović, a ovu obnovljenu Ivana Dragutinović Maričić.
vre-4994180-012	vreme	4994180	vest	kultura	kultura	12	16	https://vreme.com/kultura/vec-cetvrta-operska-premijera-narodnog-pozorista-ove-sezone/	Zatim je u februaru bila premijerna obnova Verdijevog Don Karlosa pod dirigentskom palicom gosta iz Španije maestra Serhija Alaponta, dok je režiju Mladena Sabljića obnovila Ivana Dragutinović Maričić.		Zatim je u februaru bila premijerna obnova Verdijevog Don Karlosa pod dirigentskom palicom gosta iz Španije maestra Serhija Alaponta, dok je režiju Mladena Sabljića obnovila Ivana Dragutinović Maričić.
vre-4982089-006	vreme	4982089	vest	kultura	kultura	6	23	https://vreme.com/kultura/bitef-bez-selektora-predstave-biraju-spasoje-z-milovanovic-i-clanovi-odbora/	Zato o selekciji ovogodišnjeg Bitefa odlučuje Odbor festivala.		Zato o selekciji ovogodišnjeg Bitefa odlučuje Odbor festivala.
vre-4982089-007	vreme	4982089	vest	kultura	kultura	7	23	https://vreme.com/kultura/bitef-bez-selektora-predstave-biraju-spasoje-z-milovanovic-i-clanovi-odbora/	Osim Spasoja Ž. Milovanovića koji je dramaturg i doskorašnji direktor Narodnog pozorišta u Nišu, i koji, kako kaže, „na sebe preuzima svu odgovornost“, tu su i Uroš Mijatović, direktor Bitef teatra Miloš Latinović, Ana Veljković i Srđan Obrenović iz Beogradskog dramskog pozorišta.		Osim Spasoja Ž. Milovanovića koji je dramaturg i doskorašnji direktor Narodnog pozorišta u Nišu, i koji, kako kaže, „na sebe preuzima svu odgovornost“, tu su i Uroš Mijatović, direktor Bitef teatra Miloš Latinović, Ana Veljković i Srđan Obrenović iz Beogradskog dramskog pozorišta.
vre-4982089-008	vreme	4982089	vest	kultura	kultura	8	23	https://vreme.com/kultura/bitef-bez-selektora-predstave-biraju-spasoje-z-milovanovic-i-clanovi-odbora/	Spasoje Ž. Milovanović ima selektorsko iskustvo u festivalu „Teatar na raskršću“, festivalu balkanskog teatra koji se održava u Nišu a koji je Milovanović inicirao.		Spasoje Ž. Milovanović ima selektorsko iskustvo u festivalu „Teatar na raskršću“, festivalu balkanskog teatra koji se održava u Nišu a koji je Milovanović inicirao.
vre-4982089-009	vreme	4982089	vest	kultura	kultura	9	23	https://vreme.com/kultura/bitef-bez-selektora-predstave-biraju-spasoje-z-milovanovic-i-clanovi-odbora/	„Imam dobar tim“, kaže na to Milovanović, i dodaje da je „predstava uvek predstava, samo se razlikuju u estetici“.		„Imam dobar tim“, kaže na to Milovanović, i dodaje da je „predstava uvek predstava, samo se razlikuju u estetici“.
vre-4982089-010	vreme	4982089	vest	kultura	kultura	10	23	https://vreme.com/kultura/bitef-bez-selektora-predstave-biraju-spasoje-z-milovanovic-i-clanovi-odbora/	Navodi da uveliko rade na sastavljanju programa i da očekuje da će ga objaviti polovinom aprila.		Navodi da uveliko rade na sastavljanju programa i da očekuje da će ga objaviti polovinom aprila.
vre-4982089-011	vreme	4982089	vest	kultura	kultura	11	23	https://vreme.com/kultura/bitef-bez-selektora-predstave-biraju-spasoje-z-milovanovic-i-clanovi-odbora/	„Dajemo maksimum u zadatim okolnostima“, dodaje.		„Dajemo maksimum u zadatim okolnostima“, dodaje.
vre-4982089-012	vreme	4982089	vest	kultura	kultura	12	23	https://vreme.com/kultura/bitef-bez-selektora-predstave-biraju-spasoje-z-milovanovic-i-clanovi-odbora/	Među tim zadatim okolnostima je budžet.		Među tim zadatim okolnostima je budžet.
vre-4982089-013	vreme	4982089	vest	kultura	kultura	13	23	https://vreme.com/kultura/bitef-bez-selektora-predstave-biraju-spasoje-z-milovanovic-i-clanovi-odbora/	Skupština grada je za ovogodišnji Bitef odvojila 20.000.000 dinara, što je premalo za program kakav se očekuje od Bitefa.		Skupština grada je za ovogodišnji Bitef odvojila 20.000.000 dinara, što je premalo za program kakav se očekuje od Bitefa.
vre-4971487-004	vreme	4971487	vest	kultura	kultura	4	21	https://vreme.com/kultura/zrenjanin-neupotrebljivi-i-izgoreli-domovi-kulture-prestonice-kulture/	Rekonstrukcija je predviđena planom razvoja kulture grada Zrenjanina za period od 2026. do 2030. godine.		Rekonstrukcija je predviđena planom razvoja kulture grada Zrenjanina za period od 2026. do 2030. godine.
vre-4971487-005	vreme	4971487	vest	kultura	kultura	5	21	https://vreme.com/kultura/zrenjanin-neupotrebljivi-i-izgoreli-domovi-kulture-prestonice-kulture/	Zgrada Doma kulture u Banatskom Despotovcu izgorela je u požaru 2021. godine.		Zgrada Doma kulture u Banatskom Despotovcu izgorela je u požaru 2021. godine.
vre-4971487-006	vreme	4971487	vest	kultura	kultura	6	21	https://vreme.com/kultura/zrenjanin-neupotrebljivi-i-izgoreli-domovi-kulture-prestonice-kulture/	Dom kulture u Tarašu nije rekonstruisan, jer se nalazi na parceli koja je u svojini Republike Srbije i pod sporom je od 2017. godine.		Dom kulture u Tarašu nije rekonstruisan, jer se nalazi na parceli koja je u svojini Republike Srbije i pod sporom je od 2017. godine.
vre-4971487-007	vreme	4971487	vest	kultura	kultura	7	21	https://vreme.com/kultura/zrenjanin-neupotrebljivi-i-izgoreli-domovi-kulture-prestonice-kulture/	Gradska uprava Zrenjanin nije vlasnik parcela na kojima se nalaze nekadašnji objekti domova kulture u Orlovatu i Ečki, dok je polovina objekta u Melencima u privatnoj svojini.		Gradska uprava Zrenjanin nije vlasnik parcela na kojima se nalaze nekadašnji objekti domova kulture u Orlovatu i Ečki, dok je polovina objekta u Melencima u privatnoj svojini.
vre-4971487-008	vreme	4971487	vest	kultura	kultura	8	21	https://vreme.com/kultura/zrenjanin-neupotrebljivi-i-izgoreli-domovi-kulture-prestonice-kulture/	Belo Blato se poslednjih godina razvija kao destinacija seoskog i gastro turizma, ali nema funkcionalan dom kulture.		Belo Blato se poslednjih godina razvija kao destinacija seoskog i gastro turizma, ali nema funkcionalan dom kulture.
vre-4971487-009	vreme	4971487	vest	kultura	kultura	9	21	https://vreme.com/kultura/zrenjanin-neupotrebljivi-i-izgoreli-domovi-kulture-prestonice-kulture/	Slična situacija je i u Elemiru.		Slična situacija je i u Elemiru.
vre-4971487-010	vreme	4971487	vest	kultura	kultura	10	21	https://vreme.com/kultura/zrenjanin-neupotrebljivi-i-izgoreli-domovi-kulture-prestonice-kulture/	Objekat u Orlovatu, koji je u vlasništvu tamošnje Crkvene opštine, koristilo je do novembra 2024. kulturno-umetničko društvo za svoje nastupe, a od tada nastupa tokom školske godine u fiskulturnoj sali škole, koja nema binu.		Objekat u Orlovatu, koji je u vlasništvu tamošnje Crkvene opštine, koristilo je do novembra 2024. kulturno-umetničko društvo za svoje nastupe, a od tada nastupa tokom školske godine u fiskulturnoj sali škole, koja nema binu.
vre-4971487-011	vreme	4971487	vest	kultura	kultura	11	21	https://vreme.com/kultura/zrenjanin-neupotrebljivi-i-izgoreli-domovi-kulture-prestonice-kulture/	KUD vežba u adaptiranom prostoru Vatrogasnog doma.		KUD vežba u adaptiranom prostoru Vatrogasnog doma.
vre-5015033-005	vreme	5015033	vest	sport	mozaik	5	33	https://vreme.com/mozaik/koliko-pobeda-nedostaje-kosarkasima-srbije-da-se-plasiraju-na-svetsko-prvenstvo-kosarka/	Srbiji su do kraja kvalifikacionog ciklusa ostale još četiri utakmice.		Srbiji su do kraja kvalifikacionog ciklusa ostale još četiri utakmice.
vre-5015033-006	vreme	5015033	vest	sport	mozaik	6	33	https://vreme.com/mozaik/koliko-pobeda-nedostaje-kosarkasima-srbije-da-se-plasiraju-na-svetsko-prvenstvo-kosarka/	Dve protiv Litvanije i po još jedna s Islandom i Italijom.		Dve protiv Litvanije i po još jedna s Islandom i Italijom.
vre-5015033-007	vreme	5015033	vest	sport	mozaik	7	33	https://vreme.com/mozaik/koliko-pobeda-nedostaje-kosarkasima-srbije-da-se-plasiraju-na-svetsko-prvenstvo-kosarka/	Kvalifikacioni sistem za Svetsko prvenstvo, koje se održava naredne godine u Dohi, sastoji se od dve faze.		Kvalifikacioni sistem za Svetsko prvenstvo, koje se održava naredne godine u Dohi, sastoji se od dve faze.
vre-5015033-008	vreme	5015033	vest	sport	mozaik	8	33	https://vreme.com/mozaik/koliko-pobeda-nedostaje-kosarkasima-srbije-da-se-plasiraju-na-svetsko-prvenstvo-kosarka/	Prve u kojoj postoje grupe od po četiri reprezentacije iz koje tri najbolje idu u drugu grupu, gde se spajaju s tri najbolje iz druge grupe.		Prve u kojoj postoje grupe od po četiri reprezentacije iz koje tri najbolje idu u drugu grupu, gde se spajaju s tri najbolje iz druge grupe.
vre-5015033-009	vreme	5015033	vest	sport	mozaik	9	33	https://vreme.com/mozaik/koliko-pobeda-nedostaje-kosarkasima-srbije-da-se-plasiraju-na-svetsko-prvenstvo-kosarka/	Iz druge faze na Mundobasket idu najbolje tri plasirane reprezentacije.		Iz druge faze na Mundobasket idu najbolje tri plasirane reprezentacije.
vre-5015033-010	vreme	5015033	vest	sport	mozaik	10	33	https://vreme.com/mozaik/koliko-pobeda-nedostaje-kosarkasima-srbije-da-se-plasiraju-na-svetsko-prvenstvo-kosarka/	Rezultati iz prve faze prenose se u drugu.		Rezultati iz prve faze prenose se u drugu.
vre-5015033-011	vreme	5015033	vest	sport	mozaik	11	33	https://vreme.com/mozaik/koliko-pobeda-nedostaje-kosarkasima-srbije-da-se-plasiraju-na-svetsko-prvenstvo-kosarka/	Srbija je tokom prve faze upisala četiri pobede, po dve protiv Bosne i Hercegovine (BiH) i Švajcarske, dok je dva puta savladana od Turske.		Srbija je tokom prve faze upisala četiri pobede, po dve protiv Bosne i Hercegovine (BiH) i Švajcarske, dok je dva puta savladana od Turske.
vre-5015033-012	vreme	5015033	vest	sport	mozaik	12	33	https://vreme.com/mozaik/koliko-pobeda-nedostaje-kosarkasima-srbije-da-se-plasiraju-na-svetsko-prvenstvo-kosarka/	Iz te kvalifikacione grupe u drugu fazu prošle su pored Srbije Turska i BiH.		Iz te kvalifikacione grupe u drugu fazu prošle su pored Srbije Turska i BiH.
pol-783067-000	politika	783067	vest	svet	Region	0	8	https://www.politika.rs/sr/clanak/783067/u-hrvatskoj-10-zarazenih-virusom-zapadnog-nila-sest-osoba-u-bolnici	Od 10 osoba zaraženih virusom Zapadnog Nila u Hrvatskoj, šest je hospitalizovano, zbog razvijene teže kliničke slike, informacije su iz Hrvatskog zavoda za javno zdravstvo, gde epidemiološku situaciju i dalje ocenjuju uobičajenom.		Od 10 osoba zaraženih virusom Zapadnog Nila u Hrvatskoj, šest je hospitalizovano, zbog razvijene teže kliničke slike, informacije su iz Hrvatskog zavoda za javno zdravstvo, gde epidemiološku situaciju i dalje ocenjuju uobičajenom.
pol-783067-001	politika	783067	vest	svet	Region	1	8	https://www.politika.rs/sr/clanak/783067/u-hrvatskoj-10-zarazenih-virusom-zapadnog-nila-sest-osoba-u-bolnici	Od deset prijavljenih infekcija, četiri su bile asimptomatske, odnosno zaražene osobe nisu imale simptome bolesti.		Od deset prijavljenih infekcija, četiri su bile asimptomatske, odnosno zaražene osobe nisu imale simptome bolesti.
pol-783067-002	politika	783067	vest	svet	Region	2	8	https://www.politika.rs/sr/clanak/783067/u-hrvatskoj-10-zarazenih-virusom-zapadnog-nila-sest-osoba-u-bolnici	Najviše prijava odnosi se na Zagreb i Zagrebačku županiju, ukupno pet.		Najviše prijava odnosi se na Zagreb i Zagrebačku županiju, ukupno pet.
pol-783067-003	politika	783067	vest	svet	Region	3	8	https://www.politika.rs/sr/clanak/783067/u-hrvatskoj-10-zarazenih-virusom-zapadnog-nila-sest-osoba-u-bolnici	Po dve su zabeležene u Krapinsko-zagorskoj i Osječko-baranjskoj županiji, a jedna u Koprivničko-križevačkoj, prenosi hrvatski RTL.		Po dve su zabeležene u Krapinsko-zagorskoj i Osječko-baranjskoj županiji, a jedna u Koprivničko-križevačkoj, prenosi hrvatski RTL.
pol-783067-004	politika	783067	vest	svet	Region	4	8	https://www.politika.rs/sr/clanak/783067/u-hrvatskoj-10-zarazenih-virusom-zapadnog-nila-sest-osoba-u-bolnici	Broj prijavljenih infekcija povećao se poslednjih dana.		Broj prijavljenih infekcija povećao se poslednjih dana.
pol-783067-005	politika	783067	vest	svet	Region	5	8	https://www.politika.rs/sr/clanak/783067/u-hrvatskoj-10-zarazenih-virusom-zapadnog-nila-sest-osoba-u-bolnici	HZJZ je 27. avgusta saopštio da je broj zaraženih tada bio šest, od kojih je troje hospitalizovano.		HZJZ je 27. avgusta saopštio da je broj zaraženih tada bio šest, od kojih je troje hospitalizovano.
pol-783067-006	politika	783067	vest	svet	Region	6	8	https://www.politika.rs/sr/clanak/783067/u-hrvatskoj-10-zarazenih-virusom-zapadnog-nila-sest-osoba-u-bolnici	Zaraza se, inače, prenosi prvenstveno ubodom zaraženog komarca i ne prenosi se uobičajenim kontaktom s obolelom osobom.		Zaraza se, inače, prenosi prvenstveno ubodom zaraženog komarca i ne prenosi se uobičajenim kontaktom s obolelom osobom.
pol-783067-007	politika	783067	vest	svet	Region	7	8	https://www.politika.rs/sr/clanak/783067/u-hrvatskoj-10-zarazenih-virusom-zapadnog-nila-sest-osoba-u-bolnici	Sezona aktivnosti komaraca najveća je tokom leta i rane jeseni.		Sezona aktivnosti komaraca najveća je tokom leta i rane jeseni.
pol-783363-000	politika	783363	vest	svet	Svet	0	7	https://www.politika.rs/sr/clanak/783363/hakabi-ne-postoji-plan-da-se-palestinci-nateraju-da-napuste-gazu	Američki ambasador u Izraelu Majk Hakabi izjavio je danas da ne postoji plan da se Palestinci primoraju da napuste Gazu, povodom toga što su dva izraelska ministra tokom ove nedelje iznela predloge za masovno uklanjanje Palestinaca sa te teritorije.		Američki ambasador u Izraelu Majk Hakabi izjavio je danas da ne postoji plan da se Palestinci primoraju da napuste Gazu, povodom toga što su dva izraelska ministra tokom ove nedelje iznela predloge za masovno uklanjanje Palestinaca sa te teritorije.
pol-783363-001	politika	783363	vest	svet	Svet	1	7	https://www.politika.rs/sr/clanak/783363/hakabi-ne-postoji-plan-da-se-palestinci-nateraju-da-napuste-gazu	„Mogu vam kategorično reći da nema plana Izraelaca da rasele ljude iz Gaze protiv njihove voljeˮ, rekao je Hakabi novinarima u Turmus Aji, palestinskom gradu na okupiranoj Zapadnoj obali, prenosi Rojters.		„Mogu vam kategorično reći da nema plana Izraelaca da rasele ljude iz Gaze protiv njihove voljeˮ, rekao je Hakabi novinarima u Turmus Aji, palestinskom gradu na okupiranoj Zapadnoj obali, prenosi Rojters.
pol-783363-002	politika	783363	vest	svet	Svet	2	7	https://www.politika.rs/sr/clanak/783363/hakabi-ne-postoji-plan-da-se-palestinci-nateraju-da-napuste-gazu	On je kazao da je otvorena mogućnost da „ako ljudi žele da odu, treba da imaju pravo da oduˮ.		On je kazao da je otvorena mogućnost da „ako ljudi žele da odu, treba da imaju pravo da oduˮ.
pol-783363-003	politika	783363	vest	svet	Svet	3	7	https://www.politika.rs/sr/clanak/783363/hakabi-ne-postoji-plan-da-se-palestinci-nateraju-da-napuste-gazu	„Zatvoriti ih na mestu gde ne žele da budu trebalo bi da bude apsolutna sramota.		„Zatvoriti ih na mestu gde ne žele da budu trebalo bi da bude apsolutna sramota.
pol-783363-004	politika	783363	vest	svet	Svet	4	7	https://www.politika.rs/sr/clanak/783363/hakabi-ne-postoji-plan-da-se-palestinci-nateraju-da-napuste-gazu	Niko ne sugeriše da će biti prisilnog raseljavanja.	Y	„Niko ne sugeriše da će biti prisilnog raseljavanja.“
pol-783363-005	politika	783363	vest	svet	Svet	5	7	https://www.politika.rs/sr/clanak/783363/hakabi-ne-postoji-plan-da-se-palestinci-nateraju-da-napuste-gazu	Ne poznajem nikoga ko to podržavaˮ, kazao je Hakabi.	Y	„Ne poznajem nikoga ko to podržavaˮ, kazao je Hakabi.“
pol-783363-006	politika	783363	vest	svet	Svet	6	7	https://www.politika.rs/sr/clanak/783363/hakabi-ne-postoji-plan-da-se-palestinci-nateraju-da-napuste-gazu	Izraelski ministar odbrane Izrael Kac rekao je pre tri dana da ne postoji „pravo rešenje za Gazuˮ na kraju bez ovog preseljenja stanovništva, dok je ministar bezbednosti Itamar Ben-Gvir nakon toga izložio sedmogodišnji plan za uklanjanje stanovništva Gaze kroz „dobrovoljnu emigracijuˮ, prenosi Tanjug.		Izraelski ministar odbrane Izrael Kac rekao je pre tri dana da ne postoji „pravo rešenje za Gazuˮ na kraju bez ovog preseljenja stanovništva, dok je ministar bezbednosti Itamar Ben-Gvir nakon toga izložio sedmogodišnji plan za uklanjanje stanovništva Gaze kroz „dobrovoljnu emigracijuˮ, prenosi Tanjug.
pol-783648-002	politika	783648	vest	svet	svet	2	10	https://www.politika.rs/sr/clanak/783648/premijer-poljske-samo-idioti-ili-izdajnici-kod-nas-mogu-da-se-raduju-trijumfu-afd-a	Malo ih se nakupilo u Konfederaciji i PiS-u“, napisao je Tusk.	Y	„Malo ih se nakupilo u Konfederaciji i PiS-u“, napisao je Tusk.“
pol-783648-003	politika	783648	vest	svet	svet	3	10	https://www.politika.rs/sr/clanak/783648/premijer-poljske-samo-idioti-ili-izdajnici-kod-nas-mogu-da-se-raduju-trijumfu-afd-a	W Polsce tylko idioci albo zdrajcy mogą się cieszyć z tryumfu AfD w Niemczech.		W Polsce tylko idioci albo zdrajcy mogą się cieszyć z tryumfu AfD w Niemczech.
pol-783648-004	politika	783648	vest	svet	svet	4	10	https://www.politika.rs/sr/clanak/783648/premijer-poljske-samo-idioti-ili-izdajnici-kod-nas-mogu-da-se-raduju-trijumfu-afd-a	Trochę się ich nazbierało w Konfederacjach i PiS.		Trochę się ich nazbierało w Konfederacjach i PiS.
pol-783648-005	politika	783648	vest	svet	svet	5	10	https://www.politika.rs/sr/clanak/783648/premijer-poljske-samo-idioti-ili-izdajnici-kod-nas-mogu-da-se-raduju-trijumfu-afd-a	Konfederacija je poljska desničarska, nacionalistička i evroskeptična politička formacija.		Konfederacija je poljska desničarska, nacionalistička i evroskeptična politička formacija.
pol-783648-006	politika	783648	vest	svet	svet	6	10	https://www.politika.rs/sr/clanak/783648/premijer-poljske-samo-idioti-ili-izdajnici-kod-nas-mogu-da-se-raduju-trijumfu-afd-a	PiS („Pravo i pravda“) je konzervativna i nacionalno orijentisana poljska opoziciona stranka koju je dugo predvodio Jaroslav Kačinjski.		PiS („Pravo i pravda“) je konzervativna i nacionalno orijentisana poljska opoziciona stranka koju je dugo predvodio Jaroslav Kačinjski.
pol-783648-007	politika	783648	vest	svet	svet	7	10	https://www.politika.rs/sr/clanak/783648/premijer-poljske-samo-idioti-ili-izdajnici-kod-nas-mogu-da-se-raduju-trijumfu-afd-a	AfD je, prema izlaznim anketama od večeras, osvojio 44,5 odsto glasova u pokrajini Saksonija-Anhalt, što predstavlja njen najbolji rezultat na pokrajinskim izborima i veliki udarac za vladajuću Hrišćansko-demokratsku uniju (CDU) kancelara Fridriha Merca.		AfD je, prema izlaznim anketama od večeras, osvojio 44,5 odsto glasova u pokrajini Saksonija-Anhalt, što predstavlja njen najbolji rezultat na pokrajinskim izborima i veliki udarac za vladajuću Hrišćansko-demokratsku uniju (CDU) kancelara Fridriha Merca.
pol-783648-008	politika	783648	vest	svet	svet	8	10	https://www.politika.rs/sr/clanak/783648/premijer-poljske-samo-idioti-ili-izdajnici-kod-nas-mogu-da-se-raduju-trijumfu-afd-a	Tusk je i ranije kritikovao AfD, posebno zbog stavova pojedinih njenih predstavnika prema Poljskoj.		Tusk je i ranije kritikovao AfD, posebno zbog stavova pojedinih njenih predstavnika prema Poljskoj.
pol-783648-009	politika	783648	vest	svet	svet	9	10	https://www.politika.rs/sr/clanak/783648/premijer-poljske-samo-idioti-ili-izdajnici-kod-nas-mogu-da-se-raduju-trijumfu-afd-a	Tusk je tada podsetio i na izjave predstavnika AfD-a o tome da je Poljska navodno „opljačkala Nemačku“ za njene teritorije.		Tusk je tada podsetio i na izjave predstavnika AfD-a o tome da je Poljska navodno „opljačkala Nemačku“ za njene teritorije.
vre-4957979-015	vreme	4957979	vest	svet	svet	15	62	https://vreme.com/svet/sta-rade-mocnici-dok-svet-ide-dodjavola/	Sa izumiranjem je suočeno oko milion životinjskih i biljnih vrsta.		Sa izumiranjem je suočeno oko milion životinjskih i biljnih vrsta.
vre-4957979-016	vreme	4957979	vest	svet	svet	16	62	https://vreme.com/svet/sta-rade-mocnici-dok-svet-ide-dodjavola/	Desetine i stotine već su iščezle tokom naših života, a da nismo ni želeli da to primetimo.		Desetine i stotine već su iščezle tokom naših života, a da nismo ni želeli da to primetimo.
vre-4957979-017	vreme	4957979	vest	svet	svet	17	62	https://vreme.com/svet/sta-rade-mocnici-dok-svet-ide-dodjavola/	Temperature okeana i mora oborile su sve rekorde od kako se mere 60 godina unazad.		Temperature okeana i mora oborile su sve rekorde od kako se mere 60 godina unazad.
vre-4957979-018	vreme	4957979	vest	svet	svet	18	62	https://vreme.com/svet/sta-rade-mocnici-dok-svet-ide-dodjavola/	U Dubrovniku je jula 2024. izmeren rekord Jadrana – 29,7 stepeni.		U Dubrovniku je jula 2024. izmeren rekord Jadrana – 29,7 stepeni.
vre-4957979-019	vreme	4957979	vest	svet	svet	19	62	https://vreme.com/svet/sta-rade-mocnici-dok-svet-ide-dodjavola/	Svaka druga morska kornjača ne može da preživi jer se naguta plastike.		Svaka druga morska kornjača ne može da preživi jer se naguta plastike.
vre-4957979-020	vreme	4957979	vest	svet	svet	20	62	https://vreme.com/svet/sta-rade-mocnici-dok-svet-ide-dodjavola/	U Italiji na tri tone ribe otkriju tonu plastike.		U Italiji na tri tone ribe otkriju tonu plastike.
vre-4957979-021	vreme	4957979	vest	svet	svet	21	62	https://vreme.com/svet/sta-rade-mocnici-dok-svet-ide-dodjavola/	Polovina australijskog Velikog koralnog grebena, najvećeg na svetu, već je mrtva.		Polovina australijskog Velikog koralnog grebena, najvećeg na svetu, već je mrtva.
vre-4957979-022	vreme	4957979	vest	svet	svet	22	62	https://vreme.com/svet/sta-rade-mocnici-dok-svet-ide-dodjavola/	Generalni sekretar UN Antonio Guteres upozorava na budućnost stalnog i sveprisutnog haosa nezamislivih razmera. “Kopamo vlastiti grob.		Generalni sekretar UN Antonio Guteres upozorava na budućnost stalnog i sveprisutnog haosa nezamislivih razmera. “Kopamo vlastiti grob.
vre-4975127-013	vreme	4975127	vest	svet	svet	13	23	https://vreme.com/svet/istorijska-odluka-vrhovni-sud-ukinuo-trampove-carine/	Nakon odluke vidno je bio potrešen, a u svom maniru je zapretio svojim drugim ovlašćenjima.		Nakon odluke vidno je bio potrešen, a u svom maniru je zapretio svojim drugim ovlašćenjima.
vre-4975127-014	vreme	4975127	vest	svet	svet	14	23	https://vreme.com/svet/istorijska-odluka-vrhovni-sud-ukinuo-trampove-carine/	„Mogu da uradim šta god želim, ali ne mogu da naplatim novac“, rekao je Tramp, dodajući da ima ovlašćenja da uvede embargo ili potpuno obustavi trgovinu sa pojedinim zemljama.		„Mogu da uradim šta god želim, ali ne mogu da naplatim novac“, rekao je Tramp, dodajući da ima ovlašćenja da uvede embargo ili potpuno obustavi trgovinu sa pojedinim zemljama.
vre-4975127-015	vreme	4975127	vest	svet	svet	15	23	https://vreme.com/svet/istorijska-odluka-vrhovni-sud-ukinuo-trampove-carine/	Sud je odmah napao da „podležu uticaju stranih interesa“.		Sud je odmah napao da „podležu uticaju stranih interesa“.
vre-4975127-016	vreme	4975127	vest	svet	svet	16	23	https://vreme.com/svet/istorijska-odluka-vrhovni-sud-ukinuo-trampove-carine/	Tramp je dodao da Sjedinjene Američke Države ne planiraju da vraćaju novac kompanijama zbog carina koje su prošle godine uvedene nizu stranih zemalja.		Tramp je dodao da Sjedinjene Američke Države ne planiraju da vraćaju novac kompanijama zbog carina koje su prošle godine uvedene nizu stranih zemalja.
vre-4975127-017	vreme	4975127	vest	svet	svet	17	23	https://vreme.com/svet/istorijska-odluka-vrhovni-sud-ukinuo-trampove-carine/	Povraćaji novca se očekuju jer će ga američki uvoznici, koji su plaćali carine tokom prošle godine dok je ova carinska politika bila na snazi, verovatno tražili od Američke agencije za carine i graničnu zaštitu.		Povraćaji novca se očekuju jer će ga američki uvoznici, koji su plaćali carine tokom prošle godine dok je ova carinska politika bila na snazi, verovatno tražili od Američke agencije za carine i graničnu zaštitu.
vre-4975127-018	vreme	4975127	vest	svet	svet	18	23	https://vreme.com/svet/istorijska-odluka-vrhovni-sud-ukinuo-trampove-carine/	Procenjuje se da bi Trampova administracija morala bi da vrati oko 150 milijardi dolara onima koje je „ilegalno“ ocarinila.		Procenjuje se da bi Trampova administracija morala bi da vrati oko 150 milijardi dolara onima koje je „ilegalno“ ocarinila.
vre-4975127-019	vreme	4975127	vest	svet	svet	19	23	https://vreme.com/svet/istorijska-odluka-vrhovni-sud-ukinuo-trampove-carine/	„Oni napišu ovu užasnu, pogrešnu odluku, potpuno pogrešnu.		„Oni napišu ovu užasnu, pogrešnu odluku, potpuno pogrešnu.
vre-4975127-020	vreme	4975127	vest	svet	svet	20	23	https://vreme.com/svet/istorijska-odluka-vrhovni-sud-ukinuo-trampove-carine/	Gotovo je kao da je nisu napisali pametni ljudi.	Y	„Gotovo je kao da je nisu napisali pametni ljudi.“
pol-779333-000	politika	779333	vest	hronika	hronika	0	7	https://www.politika.rs/sr/clanak/779333/u-knjazevcu-uhapsen-muskarac-koji-je-izazvao-pozar	Policija u Knjaževcu uhapsila je danas N. T. (61) iz okoline Knjaževca zbog sumnje da je spaljivao suvu travu nakon čega se vatra proširila na susednu parcelu i zahvatila objekat koji je u potpunosti izgoreo, kao i vinograd, motokultivator i druge radne mašine.		Policija u Knjaževcu uhapsila je danas N. T. (61) iz okoline Knjaževca zbog sumnje da je spaljivao suvu travu nakon čega se vatra proširila na susednu parcelu i zahvatila objekat koji je u potpunosti izgoreo, kao i vinograd, motokultivator i druge radne mašine.
pol-779333-001	politika	779333	vest	hronika	hronika	1	7	https://www.politika.rs/sr/clanak/779333/u-knjazevcu-uhapsen-muskarac-koji-je-izazvao-pozar	U saopštenju Policijske uprave Zaječar navodi se da su akciju hapšenja sproveli pripadnici Ministarstva unutrašnjih poslova, po nalogu Osnovnog javnog tužilaštva u Zaječaru.		U saopštenju Policijske uprave Zaječar navodi se da su akciju hapšenja sproveli pripadnici Ministarstva unutrašnjih poslova, po nalogu Osnovnog javnog tužilaštva u Zaječaru.
pol-779333-002	politika	779333	vest	hronika	hronika	2	7	https://www.politika.rs/sr/clanak/779333/u-knjazevcu-uhapsen-muskarac-koji-je-izazvao-pozar	Uhapšenom se na teret stavlja izvršenje krivičnog dela izazivanje opšte opasnosti.		Uhapšenom se na teret stavlja izvršenje krivičnog dela izazivanje opšte opasnosti.
pol-779333-003	politika	779333	vest	hronika	hronika	3	7	https://www.politika.rs/sr/clanak/779333/u-knjazevcu-uhapsen-muskarac-koji-je-izazvao-pozar	On se sumnjiči da je, juče, na svom imanju u okolini Knjaževca, spaljivao suvu travu, nakon čega se vatra proširila na susednu parcelu i zahvatila objekat koji je u potpunosti izgoreo, kao i vinograd, motokultivator i druge radne mašine.		On se sumnjiči da je, juče, na svom imanju u okolini Knjaževca, spaljivao suvu travu, nakon čega se vatra proširila na susednu parcelu i zahvatila objekat koji je u potpunosti izgoreo, kao i vinograd, motokultivator i druge radne mašine.
pol-779333-004	politika	779333	vest	hronika	hronika	4	7	https://www.politika.rs/sr/clanak/779333/u-knjazevcu-uhapsen-muskarac-koji-je-izazvao-pozar	Požar u kojem niko nije povređen ugasili su pripadnici Vatrogasno-spasilačkog odeljenja u Knjaževcu.		Požar u kojem niko nije povređen ugasili su pripadnici Vatrogasno-spasilačkog odeljenja u Knjaževcu.
pol-779333-005	politika	779333	vest	hronika	hronika	5	7	https://www.politika.rs/sr/clanak/779333/u-knjazevcu-uhapsen-muskarac-koji-je-izazvao-pozar	Osumnjičenom je određeno zadržavanje do 48 sati i on će, uz krivičnu prijavu, biti priveden tužilaštvu.		Osumnjičenom je određeno zadržavanje do 48 sati i on će, uz krivičnu prijavu, biti priveden tužilaštvu.
pol-779333-006	politika	779333	vest	hronika	hronika	6	7	https://www.politika.rs/sr/clanak/779333/u-knjazevcu-uhapsen-muskarac-koji-je-izazvao-pozar	Takođe, policijska uprava u Zaječaru apeluje na sve građane da budu odgovorni, poštuju zakon i budu veoma oprezni prilikom upotrebe otvorenog plamena, imajući u vidu toplotni talas, koji može dodatno doprineti porastu opasnosti od izazivanja i širenja požara na otvorenom prostoru.		Takođe, policijska uprava u Zaječaru apeluje na sve građane da budu odgovorni, poštuju zakon i budu veoma oprezni prilikom upotrebe otvorenog plamena, imajući u vidu toplotni talas, koji može dodatno doprineti porastu opasnosti od izazivanja i širenja požara na otvorenom prostoru.
pol-781838-000	politika	781838	vest	sport	sport	0	7	https://www.politika.rs/sr/clanak/781838/odbojkasice-srbije-protiv-hrvatske-za-cetvrtfinale-evropskog-prvenstva	Ženska odbojkaška reprezentacija Srbije igraće večeras od 19 časova u Brnu protiv selekcije Hrvatske u osmini finala Evropskog prvenstva.		Ženska odbojkaška reprezentacija Srbije igraće večeras od 19 časova u Brnu protiv selekcije Hrvatske u osmini finala Evropskog prvenstva.
pol-781838-001	politika	781838	vest	sport	sport	1	7	https://www.politika.rs/sr/clanak/781838/odbojkasice-srbije-protiv-hrvatske-za-cetvrtfinale-evropskog-prvenstva	Odbojkašice Srbije su zabeležile svih pet pobeda u grupnoj fazi kontinentalnog šampionata.		Odbojkašice Srbije su zabeležile svih pet pobeda u grupnoj fazi kontinentalnog šampionata.
pol-781838-002	politika	781838	vest	sport	sport	2	7	https://www.politika.rs/sr/clanak/781838/odbojkasice-srbije-protiv-hrvatske-za-cetvrtfinale-evropskog-prvenstva	Srbija je u grupi B osvojila prvo mesto sa 15 bodova uz samo jedan izgubljen set.		Srbija je u grupi B osvojila prvo mesto sa 15 bodova uz samo jedan izgubljen set.
pol-781838-003	politika	781838	vest	sport	sport	3	7	https://www.politika.rs/sr/clanak/781838/odbojkasice-srbije-protiv-hrvatske-za-cetvrtfinale-evropskog-prvenstva	Izabranice Zorana Terzića su u grupnoj fazi savladale Austriju (3:0), Češku (3:1), Bugarsku (3:0), Grčku (3:0) i Ukrajinu (3:0).		Izabranice Zorana Terzića su u grupnoj fazi savladale Austriju (3:0), Češku (3:1), Bugarsku (3:0), Grčku (3:0) i Ukrajinu (3:0).
pol-781838-004	politika	781838	vest	sport	sport	4	7	https://www.politika.rs/sr/clanak/781838/odbojkasice-srbije-protiv-hrvatske-za-cetvrtfinale-evropskog-prvenstva	Selekcija Hrvatske je osvojila četvrto mesto u grupi D sa dve pobede i tri poraza.		Selekcija Hrvatske je osvojila četvrto mesto u grupi D sa dve pobede i tri poraza.
pol-781838-005	politika	781838	vest	sport	sport	5	7	https://www.politika.rs/sr/clanak/781838/odbojkasice-srbije-protiv-hrvatske-za-cetvrtfinale-evropskog-prvenstva	Hrvatska je savladala Slovačku (3:2) i Crnu Goru (3:2), a poražena je od Italije (0:3), Francuske (0:3) i Švedske (2:3).		Hrvatska je savladala Slovačku (3:2) i Crnu Goru (3:2), a poražena je od Italije (0:3), Francuske (0:3) i Švedske (2:3).
pol-781838-006	politika	781838	vest	sport	sport	6	7	https://www.politika.rs/sr/clanak/781838/odbojkasice-srbije-protiv-hrvatske-za-cetvrtfinale-evropskog-prvenstva	Pobednik meča između Srbije i Hrvatske igraće u četvrtfinalu EP sa boljim iz duela između Francuske i Grčke, prenosi Tanjug.		Pobednik meča između Srbije i Hrvatske igraće u četvrtfinalu EP sa boljim iz duela između Francuske i Grčke, prenosi Tanjug.
pol-781011-000	politika	781011	vest	ekonomija	ekonomija	0	7	https://www.politika.rs/sr/clanak/781011/bitkoin-pao-za-jedan-odsto-na-67-100-evra-manji-obim-trgovine-kripto-valutama	Ukupan obim trgovine bitkoinima u poslednja 24 sata iznosi 27,89 milijardi evra, što je znatno manje u odnosu na juče.		Ukupan obim trgovine bitkoinima u poslednja 24 sata iznosi 27,89 milijardi evra, što je znatno manje u odnosu na juče.
pol-781011-001	politika	781011	vest	ekonomija	ekonomija	1	7	https://www.politika.rs/sr/clanak/781011/bitkoin-pao-za-jedan-odsto-na-67-100-evra-manji-obim-trgovine-kripto-valutama	Indeks straha i pohlepe (Fear and Greed Index) za bitkoin se danas nalazi na nivou 65 u kategoriji „pohlepaˮ, manje u odnosu na jučerašnjih 74 u istoj kategoriji.		Indeks straha i pohlepe (Fear and Greed Index) za bitkoin se danas nalazi na nivou 65 u kategoriji „pohlepaˮ, manje u odnosu na jučerašnjih 74 u istoj kategoriji.
pol-781011-002	politika	781011	vest	ekonomija	ekonomija	2	7	https://www.politika.rs/sr/clanak/781011/bitkoin-pao-za-jedan-odsto-na-67-100-evra-manji-obim-trgovine-kripto-valutama	Vrednost itirijuma (ETH) pala je danas za 0,82 odsto na 2.101,38 evra, a bajnens koina (BNB) porasla za 0,44 odsto na 600,28 evra.		Vrednost itirijuma (ETH) pala je danas za 0,82 odsto na 2.101,38 evra, a bajnens koina (BNB) porasla za 0,44 odsto na 600,28 evra.
pol-781011-003	politika	781011	vest	ekonomija	ekonomija	3	7	https://www.politika.rs/sr/clanak/781011/bitkoin-pao-za-jedan-odsto-na-67-100-evra-manji-obim-trgovine-kripto-valutama	Kriptovaluta solana (SOL) je pala za 1,81 odsto na 82,84 evra, a avalanš (AVAX) za 2,76 odsto na 6,27 evra.		Kriptovaluta solana (SOL) je pala za 1,81 odsto na 82,84 evra, a avalanš (AVAX) za 2,76 odsto na 6,27 evra.
pol-781011-004	politika	781011	vest	ekonomija	ekonomija	4	7	https://www.politika.rs/sr/clanak/781011/bitkoin-pao-za-jedan-odsto-na-67-100-evra-manji-obim-trgovine-kripto-valutama	Telegramova kriptovaluta gram (GRAM), koja je nedavno zamenila tonkoin na berzi, pala je za 4,01 odsto na 1,21 evro.		Telegramova kriptovaluta gram (GRAM), koja je nedavno zamenila tonkoin na berzi, pala je za 4,01 odsto na 1,21 evro.
pol-781011-005	politika	781011	vest	ekonomija	ekonomija	5	7	https://www.politika.rs/sr/clanak/781011/bitkoin-pao-za-jedan-odsto-na-67-100-evra-manji-obim-trgovine-kripto-valutama	Danas se najviše trguje bitkoinom, itirijumom i riplom (XRP).		Danas se najviše trguje bitkoinom, itirijumom i riplom (XRP).
pol-781011-006	politika	781011	vest	ekonomija	ekonomija	6	7	https://www.politika.rs/sr/clanak/781011/bitkoin-pao-za-jedan-odsto-na-67-100-evra-manji-obim-trgovine-kripto-valutama	Najveći rast trenutno beleže kriptovalute „BMTˮ, „EDENˮ i „BICOˮ, prenosi Tanjug.		Najveći rast trenutno beleže kriptovalute „BMTˮ, „EDENˮ i „BICOˮ, prenosi Tanjug.
